username,amount,reason,timestamp,date
mori2323,45,Phase 1: GPU,1788221859200,2026-09-01
ikaliayev,45,Phase 1: GPU,1788221859218,2026-09-01
shadowladyex,45,Phase 1: GPU,1788221859240,2026-09-01
lovegamesandthings00000,45,Phase 1: GPU,1788221859244,2026-09-01
snoopys030,45,Phase 1: GPU,1788221859258,2026-09-01
silent_luc,45,Phase 1: GPU,1788221859266,2026-09-01
dahhel,45,Phase 1: GPU,1788221859274,2026-09-01
lmbs00,45,Phase 1: GPU,1788221859285,2026-09-01
valase,45,Phase 1: GPU,1788221859306,2026-09-01
dahhel,65,Phase 2: CPU,1788222494494,2026-09-01
shadowladyex,65,Phase 2: CPU,1788222494500,2026-09-01
silent_luc,65,Phase 2: CPU,1788222494506,2026-09-01
snoopys030,65,Phase 2: CPU,1788222494526,2026-09-01
lovegamesandthings00000,65,Phase 2: CPU,1788222494542,2026-09-01
mori2323,65,Phase 2: CPU,1788222494551,2026-09-01
lmbs00,65,Phase 2: CPU,1788222494553,2026-09-01
ikaliayev,65,Phase 2: CPU,1788222494565,2026-09-01
valase,65,Phase 2: CPU,1788222494569,2026-09-01
mori2323,90,Phase 3: HDD,1788223173489,2026-09-01
lmbs00,90,Phase 3: HDD,1788223173498,2026-09-01
shadowladyex,90,Phase 3: HDD,1788223173505,2026-09-01
valase,90,Phase 3: HDD,1788223173508,2026-09-01
ikaliayev,90,Phase 3: HDD,1788223173517,2026-09-01
snoopys030,90,Phase 3: HDD,1788223173520,2026-09-01
silent_luc,90,Phase 3: HDD,1788223173524,2026-09-01
pika_gamy,90,Phase 3: HDD,1788223173530,2026-09-01
dahhel,90,Phase 3: HDD,1788223173532,2026-09-01
aswd002,90,Phase 3: HDD,1788223173544,2026-09-01
snoopys030,45,Phase 1: RAM,1788224422144,2026-09-01
shadowladyex,45,Phase 1: RAM,1788224422150,2026-09-01
pika_gamy,45,Phase 1: RAM,1788224422155,2026-09-01
silent_luc,45,Phase 1: RAM,1788224422173,2026-09-01
valase,45,Phase 1: RAM,1788224422178,2026-09-01
ikaliayev,45,Phase 1: RAM,1788224422204,2026-09-01
mori2323,45,Phase 1: RAM,1788224422246,2026-09-01
shadowladyex,65,Phase 2: CPU,1788224962221,2026-09-01
valase,65,Phase 2: CPU,1788224962228,2026-09-01
lmbs00,65,Phase 2: CPU,1788224962231,2026-09-01
thanossoul,65,Phase 2: CPU,1788224962237,2026-09-01
snoopys030,65,Phase 2: CPU,1788224962247,2026-09-01
silent_luc,65,Phase 2: CPU,1788224962277,2026-09-01
ikaliayev,65,Phase 2: CPU,1788224962279,2026-09-01
thanossoul,45,Phase 1: GPU,1788226349600,2026-09-01
lmbs00,45,Phase 1: GPU,1788226349610,2026-09-01
silent_luc,45,Phase 1: GPU,1788226349616,2026-09-01
valase,45,Phase 1: GPU,1788226349619,2026-09-01
mori2323,45,Phase 1: GPU,1788226349631,2026-09-01
pika_gamy,45,Phase 1: GPU,1788226349637,2026-09-01
madagascaradam,45,Phase 1: GPU,1788226349642,2026-09-01
shadowladyex,45,Phase 1: GPU,1788226349645,2026-09-01
ikaliayev,45,Phase 1: GPU,1788226349651,2026-09-01
snoopys030,45,Phase 1: GPU,1788226349654,2026-09-01
shadowladyex,65,Phase 2: RAM,1788227094729,2026-09-01
snoopys030,65,Phase 2: RAM,1788227094734,2026-09-01
mori2323,65,Phase 2: RAM,1788227094738,2026-09-01
valase,65,Phase 2: RAM,1788227094748,2026-09-01
aswd002,65,Phase 2: RAM,1788227094754,2026-09-01
thanossoul,65,Phase 2: RAM,1788227094767,2026-09-01
silent_luc,65,Phase 2: RAM,1788227094772,2026-09-01
ikaliayev,65,Phase 2: RAM,1788227094775,2026-09-01
lmbs00,65,Phase 2: RAM,1788227094779,2026-09-01
dahhel,65,Phase 2: RAM,1788227094783,2026-09-01
dahhel,90,Phase 3: HDD,1788227630710,2026-09-01
lmbs00,90,Phase 3: HDD,1788227630719,2026-09-01
snoopys030,90,Phase 3: HDD,1788227630722,2026-09-01
silent_luc,90,Phase 3: HDD,1788227630725,2026-09-01
valase,90,Phase 3: HDD,1788227630726,2026-09-01
madagascaradam,90,Phase 3: HDD,1788227630729,2026-09-01
thanossoul,90,Phase 3: HDD,1788227630752,2026-09-01
shadowladyex,90,Phase 3: HDD,1788227630756,2026-09-01
ikaliayev,90,Phase 3: HDD,1788227630762,2026-09-01
thanossoul,45,Phase 1: CPU,1788229273007,2026-09-01
shadowladyex,45,Phase 1: CPU,1788229273019,2026-09-01
snoopys030,45,Phase 1: CPU,1788229273023,2026-09-01
alyssrentori,45,Phase 1: CPU,1788229273042,2026-09-01
valase,45,Phase 1: CPU,1788229273045,2026-09-01
lmbs00,45,Phase 1: CPU,1788229273048,2026-09-01
ikaliayev,45,Phase 1: CPU,1788229273050,2026-09-01
mori2323,45,Phase 1: CPU,1788229273053,2026-09-01
lovegamesandthings00000,45,Phase 1: CPU,1788229273058,2026-09-01
aswd002,45,Phase 1: CPU,1788229273061,2026-09-01
dahhel,45,Phase 1: CPU,1788229273064,2026-09-01
madagascaradam,45,Phase 1: CPU,1788229273070,2026-09-01
shadowladyex,65,Phase 2: HDD,1788229858326,2026-09-01
dahhel,65,Phase 2: HDD,1788229858333,2026-09-01
slay_da_b,65,Phase 2: HDD,1788229858351,2026-09-01
mori2323,65,Phase 2: HDD,1788229858354,2026-09-01
ikaliayev,65,Phase 2: HDD,1788229858383,2026-09-01
thanossoul,65,Phase 2: HDD,1788229858399,2026-09-01
lmbs00,65,Phase 2: HDD,1788229858406,2026-09-01
mori2323,90,Phase 3: RAM,1788230333305,2026-09-01
thanossoul,90,Phase 3: RAM,1788230333311,2026-09-01
dahhel,90,Phase 3: RAM,1788230333316,2026-09-01
lmbs00,90,Phase 3: RAM,1788230333321,2026-09-01
shadowladyex,90,Phase 3: RAM,1788230333343,2026-09-01
ikaliayev,90,Phase 3: RAM,1788230333374,2026-09-01
snoopys030,90,Phase 3: RAM,1788230333390,2026-09-01
valase,90,Phase 3: RAM,1788230333410,2026-09-01
mori2323,45,Phase 1: GPU,1788231862338,2026-09-01
madagascaradam,45,Phase 1: GPU,1788231862354,2026-09-01
shadowladyex,45,Phase 1: GPU,1788231862357,2026-09-01
ikaliayev,45,Phase 1: GPU,1788231862375,2026-09-01
snoopys030,45,Phase 1: GPU,1788231862377,2026-09-01
valase,45,Phase 1: GPU,1788231862384,2026-09-01
dahhel,45,Phase 1: GPU,1788231862386,2026-09-01
slay_da_b,45,Phase 1: GPU,1788231862389,2026-09-01
lmbs00,45,Phase 1: GPU,1788231862395,2026-09-01
thanossoul,45,Phase 1: GPU,1788231862399,2026-09-01
xiaoxiao9313,45,Phase 1: GPU,1788231862404,2026-09-01
madagascaradam,65,Phase 2: RAM,1788232673940,2026-09-01
valase,65,Phase 2: RAM,1788232673955,2026-09-01
xiaoxiao9313,65,Phase 2: RAM,1788232673957,2026-09-01
lmbs00,65,Phase 2: RAM,1788232673960,2026-09-01
snoopys030,65,Phase 2: RAM,1788232673962,2026-09-01
dahhel,65,Phase 2: RAM,1788232673966,2026-09-01
mori2323,65,Phase 2: RAM,1788232673972,2026-09-01
shadowladyex,65,Phase 2: RAM,1788232673974,2026-09-01
ikaliayev,65,Phase 2: RAM,1788232673978,2026-09-01
player0451,65,Phase 2: RAM,1788232674017,2026-09-01
valase,90,Phase 3: HDD,1788233100121,2026-09-01
ikaliayev,90,Phase 3: HDD,1788233100157,2026-09-01
player0451,90,Phase 3: HDD,1788233100160,2026-09-01
dahhel,90,Phase 3: HDD,1788233100162,2026-09-01
snoopys030,90,Phase 3: HDD,1788233100166,2026-09-01
madagascaradam,90,Phase 3: HDD,1788233100168,2026-09-01
shadowladyex,90,Phase 3: HDD,1788233100170,2026-09-01
mori2323,90,Phase 3: HDD,1788233100178,2026-09-01
slay_da_b,45,Phase 1: RAM,1788234635160,2026-09-01
mori2323,45,Phase 1: RAM,1788234635171,2026-09-01
xiaoxiao9313,45,Phase 1: RAM,1788234635190,2026-09-01
ikaliayev,45,Phase 1: RAM,1788234635193,2026-09-01
valase,45,Phase 1: RAM,1788234635195,2026-09-01
dahhel,45,Phase 1: RAM,1788234635204,2026-09-01
alyssrentori,45,Phase 1: RAM,1788234635207,2026-09-01
snoopys030,45,Phase 1: RAM,1788234635210,2026-09-01
lmbs00,45,Phase 1: RAM,1788234635212,2026-09-01
shadowladyex,45,Phase 1: RAM,1788234635216,2026-09-01
xiaoxiao9313,65,Phase 2: HDD,1788235526644,2026-09-01
thanossoul,65,Phase 2: HDD,1788235526652,2026-09-01
valase,65,Phase 2: HDD,1788235526665,2026-09-01
mori2323,65,Phase 2: HDD,1788235526671,2026-09-01
ikaliayev,65,Phase 2: HDD,1788235526682,2026-09-01
lmbs00,65,Phase 2: HDD,1788235526688,2026-09-01
snoopys030,65,Phase 2: HDD,1788235526690,2026-09-01
player0451,65,Phase 2: HDD,1788235526692,2026-09-01
slay_da_b,65,Phase 2: HDD,1788235526747,2026-09-01
lovegamesandthings00000,65,Phase 2: HDD,1788235526759,2026-09-01
llucholba,65,Phase 2: HDD,1788235526766,2026-09-01
dahhel,65,Phase 2: HDD,1788235526768,2026-09-01
ikaliayev,90,Phase 3: CPU,1788236066652,2026-09-01
lmbs00,90,Phase 3: CPU,1788236066656,2026-09-01
valase,90,Phase 3: CPU,1788236066662,2026-09-01
xiaoxiao9313,90,Phase 3: CPU,1788236066670,2026-09-01
snoopys030,90,Phase 3: CPU,1788236066672,2026-09-01
dahhel,90,Phase 3: CPU,1788236066676,2026-09-01
mori2323,90,Phase 3: CPU,1788236066681,2026-09-01
aswd002,90,Phase 3: CPU,1788236066685,2026-09-01
lmbs00,120,Phase 4: GPU,1788236547621,2026-09-01
ikaliayev,120,Phase 4: GPU,1788236547626,2026-09-01
alburldador,120,Phase 4: GPU,1788236547632,2026-09-01
lovegamesandthings00000,120,Phase 4: GPU,1788236547639,2026-09-01
xiaoxiao9313,120,Phase 4: GPU,1788236547667,2026-09-01
llucholba,120,Phase 4: GPU,1788236547670,2026-09-01
dahhel,120,Phase 4: GPU,1788236547714,2026-09-01
valase,120,Phase 4: GPU,1788236547861,2026-09-01
valase,100,proStar bonus: all 4 phases,1788236548248,2026-09-01
ikaliayev,100,proStar bonus: all 4 phases,1788236548253,2026-09-01
lmbs00,100,proStar bonus: all 4 phases,1788236548257,2026-09-01
dahhel,100,proStar bonus: all 4 phases,1788236548277,2026-09-01
xiaoxiao9313,100,proStar bonus: all 4 phases,1788236548334,2026-09-01
ikaliayev,45,Phase 1: RAM,1788237512955,2026-09-01
alburldador,45,Phase 1: RAM,1788237512978,2026-09-01
thanossoul,45,Phase 1: RAM,1788237512980,2026-09-01
snoopys030,45,Phase 1: RAM,1788237512982,2026-09-01
llucholba,45,Phase 1: RAM,1788237512984,2026-09-01
valase,45,Phase 1: RAM,1788237512990,2026-09-01
xiaoxiao9313,45,Phase 1: RAM,1788237512992,2026-09-01
lmbs00,45,Phase 1: RAM,1788237512995,2026-09-01
dahhel,45,Phase 1: RAM,1788237512998,2026-09-01
alburldador,65,Phase 2: GPU,1788237978599,2026-09-01
lmbs00,65,Phase 2: GPU,1788237978617,2026-09-01
xiaoxiao9313,65,Phase 2: GPU,1788237978623,2026-09-01
thanossoul,65,Phase 2: GPU,1788237978626,2026-09-01
ikaliayev,65,Phase 2: GPU,1788237978628,2026-09-01
dahhel,65,Phase 2: GPU,1788237978632,2026-09-01
mori2323,65,Phase 2: GPU,1788237978635,2026-09-01
llucholba,90,Phase 3: HDD,1788238457576,2026-09-01
mori2323,90,Phase 3: HDD,1788238457579,2026-09-01
dahhel,90,Phase 3: HDD,1788238457589,2026-09-01
xiaoxiao9313,90,Phase 3: HDD,1788238457591,2026-09-01
lmbs00,90,Phase 3: HDD,1788238457594,2026-09-01
ikaliayev,90,Phase 3: HDD,1788238457601,2026-09-01
alburldador,90,Phase 3: HDD,1788238457648,2026-09-01
snoopys030,90,Phase 3: HDD,1788238457675,2026-09-01
alburldador,120,Phase 4: CPU,1788238949663,2026-09-01
snoopys030,120,Phase 4: CPU,1788238949666,2026-09-01
dahhel,120,Phase 4: CPU,1788238949668,2026-09-01
player0451,120,Phase 4: CPU,1788238949710,2026-09-01
slay_da_b,120,Phase 4: CPU,1788238949725,2026-09-01
aswd002,120,Phase 4: CPU,1788238949742,2026-09-01
mori2323,120,Phase 4: CPU,1788238949743,2026-09-01
xiaoxiao9313,120,Phase 4: CPU,1788238949746,2026-09-01
lmbs00,120,Phase 4: CPU,1788238949747,2026-09-01
ivanpetrov32,120,Phase 4: CPU,1788238949751,2026-09-01
ikaliayev,120,Phase 4: CPU,1788238949753,2026-09-01
ikaliayev,100,proStar bonus: all 4 phases,1788238950291,2026-09-01
alburldador,100,proStar bonus: all 4 phases,1788238950304,2026-09-01
lmbs00,100,proStar bonus: all 4 phases,1788238950312,2026-09-01
xiaoxiao9313,100,proStar bonus: all 4 phases,1788238950316,2026-09-01
dahhel,100,proStar bonus: all 4 phases,1788238950381,2026-09-01
dahhel,45,Phase 1: CPU,1788239850549,2026-09-01
snoopys030,45,Phase 1: CPU,1788239850557,2026-09-01
slay_da_b,45,Phase 1: CPU,1788239850563,2026-09-01
lmbs00,45,Phase 1: CPU,1788239850571,2026-09-01
mori2323,45,Phase 1: CPU,1788239850572,2026-09-01
puphik,45,Phase 1: CPU,1788239850576,2026-09-01
ikaliayev,45,Phase 1: CPU,1788239850586,2026-09-01
xiaoxiao9313,45,Phase 1: CPU,1788239850593,2026-09-01
xiaoxiao9313,65,Phase 2: RAM,1788240264508,2026-09-01
madagascaradam,65,Phase 2: RAM,1788240264514,2026-09-01
dahhel,65,Phase 2: RAM,1788240264536,2026-09-01
ivanpetrov32,65,Phase 2: RAM,1788240264545,2026-09-01
lmbs00,65,Phase 2: RAM,1788240264574,2026-09-01
ikaliayev,65,Phase 2: RAM,1788240264592,2026-09-01
xiaoxiao9313,90,Phase 3: GPU,1788240734551,2026-09-01
madagascaradam,90,Phase 3: GPU,1788240734563,2026-09-01
snoopys030,90,Phase 3: GPU,1788240734575,2026-09-01
lmbs00,90,Phase 3: GPU,1788240734583,2026-09-01
alburldador,90,Phase 3: GPU,1788240734586,2026-09-01
pika_gamy,90,Phase 3: GPU,1788240734591,2026-09-01
llucholba,90,Phase 3: GPU,1788240734593,2026-09-01
dahhel,90,Phase 3: GPU,1788240734605,2026-09-01
ikaliayev,90,Phase 3: GPU,1788240734607,2026-09-01
madagascaradam,45,Phase 1: HDD,1788242164223,2026-09-01
xiaoxiao9313,45,Phase 1: HDD,1788242164233,2026-09-01
dahhel,45,Phase 1: HDD,1788242164250,2026-09-01
mori2323,45,Phase 1: HDD,1788242164259,2026-09-01
ikaliayev,45,Phase 1: HDD,1788242164264,2026-09-01
snoopys030,45,Phase 1: HDD,1788242164269,2026-09-01
lmbs00,45,Phase 1: HDD,1788242164283,2026-09-01
ivanpetrov32,45,Phase 1: HDD,1788242164286,2026-09-01
pika_gamy,45,Phase 1: HDD,1788242164291,2026-09-01
aswd002,45,Phase 1: HDD,1788242164295,2026-09-01
alburldador,45,Phase 1: HDD,1788242164339,2026-09-01
xiaoxiao9313,65,Phase 2: CPU,1788242794284,2026-09-01
mori2323,65,Phase 2: CPU,1788242794289,2026-09-01
pika_gamy,65,Phase 2: CPU,1788242794296,2026-09-01
snoopys030,65,Phase 2: CPU,1788242794302,2026-09-01
lmbs00,65,Phase 2: CPU,1788242794305,2026-09-01
ivanpetrov32,65,Phase 2: CPU,1788242794312,2026-09-01
ikaliayev,65,Phase 2: CPU,1788242794321,2026-09-01
dahhel,65,Phase 2: CPU,1788242794326,2026-09-01
xiaoxiao9313,45,Phase 1: HDD,1788244187036,2026-09-01
ivanpetrov32,45,Phase 1: HDD,1788244187043,2026-09-01
ikaliayev,45,Phase 1: HDD,1788244187049,2026-09-01
lmbs00,45,Phase 1: HDD,1788244187054,2026-09-01
dahhel,45,Phase 1: HDD,1788244187059,2026-09-01
player0451,45,Phase 1: HDD,1788244187061,2026-09-01
slay_da_b,45,Phase 1: HDD,1788244187065,2026-09-01
mori2323,45,Phase 1: HDD,1788244187071,2026-09-01
snoopys030,45,Phase 1: HDD,1788244187088,2026-09-01
mori2323,45,Phase 1: RAM,1788245530670,2026-09-01
snoopys030,45,Phase 1: RAM,1788245530692,2026-09-01
ikaliayev,45,Phase 1: RAM,1788245530699,2026-09-01
dahhel,45,Phase 1: RAM,1788245530708,2026-09-01
alfims,45,Phase 1: RAM,1788245530723,2026-09-01
pika_gamy,45,Phase 1: GPU,1788247089433,2026-09-01
xiaoxiao9313,45,Phase 1: GPU,1788247089445,2026-09-01
snoopys030,45,Phase 1: GPU,1788247089451,2026-09-01
slay_da_b,45,Phase 1: GPU,1788247089460,2026-09-01
lmbs00,45,Phase 1: GPU,1788247089465,2026-09-01
mori2323,45,Phase 1: GPU,1788247089468,2026-09-01
ikaliayev,45,Phase 1: GPU,1788247089471,2026-09-01
alfims,45,Phase 1: GPU,1788247089493,2026-09-01
mori2323,65,Phase 2: HDD,1788247721312,2026-09-01
ikaliayev,65,Phase 2: HDD,1788247721316,2026-09-01
xiaoxiao9313,65,Phase 2: HDD,1788247721323,2026-09-01
snoopys030,65,Phase 2: HDD,1788247721358,2026-09-01
alexwifi42,65,Phase 2: HDD,1788247721373,2026-09-01
pika_gamy,65,Phase 2: HDD,1788247721377,2026-09-01
lmbs00,65,Phase 2: HDD,1788247721411,2026-09-01
snoopys030,90,Phase 3: CPU,1788248232390,2026-09-01
mori2323,90,Phase 3: CPU,1788248232396,2026-09-01
alexwifi42,90,Phase 3: CPU,1788248232406,2026-09-01
ikaliayev,90,Phase 3: CPU,1788248232412,2026-09-01
pika_gamy,90,Phase 3: CPU,1788248232417,2026-09-01
xiaoxiao9313,90,Phase 3: CPU,1788248232432,2026-09-01
lmbs00,90,Phase 3: CPU,1788248232434,2026-09-01
ikaliayev,45,Phase 1: HDD,1788249525181,2026-09-01
xiaoxiao9313,45,Phase 1: HDD,1788249525188,2026-09-01
alfims,45,Phase 1: HDD,1788249525201,2026-09-01
alexwifi42,45,Phase 1: HDD,1788249525214,2026-09-01
lmbs00,45,Phase 1: HDD,1788249525217,2026-09-01
ivanpetrov32,45,Phase 1: HDD,1788249525223,2026-09-01
mori2323,45,Phase 1: HDD,1788249525228,2026-09-01
xiaoxiao9313,65,Phase 2: CPU,1788250012083,2026-09-01
alexwifi42,65,Phase 2: CPU,1788250012095,2026-09-01
lmbs00,65,Phase 2: CPU,1788250012100,2026-09-01
ikaliayev,65,Phase 2: CPU,1788250012112,2026-09-01
ivanpetrov32,65,Phase 2: CPU,1788250012117,2026-09-01
ivanpetrov32,45,Phase 1: GPU,1788251060731,2026-09-01
mori2323,45,Phase 1: GPU,1788251060734,2026-09-01
xiaoxiao9313,45,Phase 1: GPU,1788251060889,2026-09-01
xiaoxiao9313,45,Phase 1: RAM,1788252376428,2026-09-01
lmbs00,45,Phase 1: RAM,1788252376439,2026-09-01
mori2323,45,Phase 1: RAM,1788252376447,2026-09-01
yurigiu,45,Phase 1: RAM,1788252376450,2026-09-01
xiaoxiao9313,65,Phase 2: HDD,1788252872482,2026-09-01
whitepai,65,Phase 2: HDD,1788252872484,2026-09-01
alexwifi42,65,Phase 2: HDD,1788252872509,2026-09-01
slay_da_b,65,Phase 2: HDD,1788252872542,2026-09-01
slay_da_b,90,Phase 3: CPU,1788253318477,2026-09-01
xiaoxiao9313,90,Phase 3: CPU,1788253318481,2026-09-01
snoopys030,90,Phase 3: CPU,1788253318485,2026-09-01
mori2323,90,Phase 3: CPU,1788253318489,2026-09-01
shadowladyex,90,Phase 3: CPU,1788253318494,2026-09-01
valase,90,Phase 3: CPU,1788253318501,2026-09-01
snoopys030,45,Phase 1: RAM,1788254510378,2026-09-01
xiaoxiao9313,45,Phase 1: RAM,1788254510386,2026-09-01
slay_da_b,45,Phase 1: RAM,1788254510388,2026-09-01
mori2323,45,Phase 1: RAM,1788254510391,2026-09-01
valase,45,Phase 1: RAM,1788254510395,2026-09-01
shadowladyex,45,Phase 1: RAM,1788254510427,2026-09-01
ivanpetrov32,65,Phase 2: CPU,1788254919232,2026-09-01
valase,65,Phase 2: CPU,1788254919239,2026-09-01
shadowladyex,65,Phase 2: CPU,1788254919242,2026-09-01
xiaoxiao9313,65,Phase 2: CPU,1788254919244,2026-09-01
mori2323,65,Phase 2: CPU,1788254919245,2026-09-01
snoopys030,45,Phase 1: RAM,1788256050007,2026-09-01
shadowladyex,45,Phase 1: RAM,1788256050010,2026-09-01
ivanpetrov32,45,Phase 1: RAM,1788256050015,2026-09-01
slay_da_b,45,Phase 1: RAM,1788256050037,2026-09-01
xiaoxiao9313,45,Phase 1: RAM,1788256050041,2026-09-01
snoopys030,45,Phase 1: HDD,1788257569761,2026-09-01
alburldador,45,Phase 1: HDD,1788257569789,2026-09-01
mori2323,45,Phase 1: HDD,1788257569792,2026-09-01
silent_luc,45,Phase 1: HDD,1788257569794,2026-09-01
shadowladyex,45,Phase 1: HDD,1788257569796,2026-09-01
ivanpetrov32,45,Phase 1: HDD,1788257569801,2026-09-01
puphik,45,Phase 1: HDD,1788257569803,2026-09-01
mori2323,65,Phase 2: GPU,1788258094648,2026-09-01
shadowladyex,65,Phase 2: GPU,1788258094662,2026-09-01
ivanpetrov32,65,Phase 2: GPU,1788258094666,2026-09-01
xiaoxiao9313,65,Phase 2: GPU,1788258094682,2026-09-01
silent_luc,65,Phase 2: GPU,1788258094707,2026-09-01
silent_luc,45,Phase 1: CPU,1788259345269,2026-09-01
pika_gamy,45,Phase 1: CPU,1788259345278,2026-09-01
shadowladyex,45,Phase 1: CPU,1788259345280,2026-09-01
ivanpetrov32,45,Phase 1: CPU,1788259345283,2026-09-01
xiaoxiao9313,45,Phase 1: CPU,1788259345285,2026-09-01
snoopys030,45,Phase 1: CPU,1788259345306,2026-09-01
mori2323,45,Phase 1: CPU,1788259345308,2026-09-01
aswd002,65,Phase 2: GPU,1788260238375,2026-09-01
pika_gamy,65,Phase 2: GPU,1788260238383,2026-09-01
alfims,65,Phase 2: GPU,1788260238386,2026-09-01
puphik,65,Phase 2: GPU,1788260238388,2026-09-01
snoopys030,65,Phase 2: GPU,1788260238400,2026-09-01
ivanpetrov32,65,Phase 2: GPU,1788260238402,2026-09-01
xiaoxiao9313,65,Phase 2: GPU,1788260238406,2026-09-01
mori2323,65,Phase 2: GPU,1788260238408,2026-09-01
shadowladyex,65,Phase 2: GPU,1788260238410,2026-09-01
yurigiu,65,Phase 2: GPU,1788260238414,2026-09-01
slay_da_b,65,Phase 2: GPU,1788260238425,2026-09-01
whitepai,45,Phase 1: CPU,1788261762464,2026-09-01
xiaoxiao9313,45,Phase 1: CPU,1788261762478,2026-09-01
mori2323,45,Phase 1: CPU,1788261762481,2026-09-01
slay_da_b,45,Phase 1: CPU,1788261762499,2026-09-01
alphonsoe,45,Phase 1: CPU,1788261762502,2026-09-01
shadowladyex,45,Phase 1: CPU,1788261762504,2026-09-01
lovegamesandthings00000,45,Phase 1: CPU,1788261762506,2026-09-01
alfims,45,Phase 1: CPU,1788261762508,2026-09-01
silent_luc,45,Phase 1: CPU,1788261762510,2026-09-01
ivanpetrov32,45,Phase 1: CPU,1788261762524,2026-09-01
snoopys030,45,Phase 1: CPU,1788261762541,2026-09-01
pika_gamy,45,Phase 1: CPU,1788261762566,2026-09-01
shadowladyex,45,Phase 1: GPU,1788263250224,2026-09-01
slay_da_b,45,Phase 1: GPU,1788263250240,2026-09-01
xiaoxiao9313,45,Phase 1: GPU,1788263250281,2026-09-01
snoopys030,45,Phase 1: GPU,1788263250394,2026-09-01
alphonsoe,45,Phase 1: GPU,1788263250399,2026-09-01
ivanpetrov32,45,Phase 1: GPU,1788263250410,2026-09-01
pika_gamy,45,Phase 1: GPU,1788263250445,2026-09-01
silent_luc,65,Phase 2: RAM,1788263712714,2026-09-01
xiaoxiao9313,65,Phase 2: RAM,1788263712721,2026-09-01
shadowladyex,65,Phase 2: RAM,1788263712781,2026-09-01
mori2323,65,Phase 2: RAM,1788263712830,2026-09-01
alphonsoe,65,Phase 2: RAM,1788263712836,2026-09-01
snoopys030,65,Phase 2: RAM,1788263712874,2026-09-01
ivanpetrov32,65,Phase 2: RAM,1788263713217,2026-09-01
xiaoxiao9313,45,Phase 1: CPU,1788264752419,2026-09-01
shadowladyex,45,Phase 1: CPU,1788264752439,2026-09-01
alphonsoe,45,Phase 1: CPU,1788264752512,2026-09-01
alphonsoe,65,Phase 2: HDD,1788265327461,2026-09-01
silent_luc,65,Phase 2: HDD,1788265327463,2026-09-01
xiaoxiao9313,65,Phase 2: HDD,1788265327466,2026-09-01
shadowladyex,65,Phase 2: HDD,1788265327471,2026-09-01
snoopys030,65,Phase 2: HDD,1788265327474,2026-09-01
lovegamesandthings00000,65,Phase 2: HDD,1788265327476,2026-09-01
pika_gamy,65,Phase 2: HDD,1788265327630,2026-09-01
alphonsoe,45,Phase 1: RAM,1788266483056,2026-09-01
shadowladyex,45,Phase 1: RAM,1788266483069,2026-09-01
pika_gamy,45,Phase 1: RAM,1788266483075,2026-09-01
slay_da_b,45,Phase 1: RAM,1788266483082,2026-09-01
cerebralx1,45,Phase 1: RAM,1788266483151,2026-09-01
madagascaradam,65,Phase 2: CPU,1788267096063,2026-09-01
silent_luc,65,Phase 2: CPU,1788267096068,2026-09-01
pika_gamy,65,Phase 2: CPU,1788267096078,2026-09-01
shadowladyex,65,Phase 2: CPU,1788267096097,2026-09-01
alexwifi42,65,Phase 2: CPU,1788267096102,2026-09-01
cerebralx1,65,Phase 2: CPU,1788267096108,2026-09-01
snoopys030,65,Phase 2: CPU,1788267096112,2026-09-01
alfims,90,Phase 3: GPU,1788267590094,2026-09-01
lovegamesandthings00000,90,Phase 3: GPU,1788267590102,2026-09-01
madagascaradam,90,Phase 3: GPU,1788267590115,2026-09-01
pika_gamy,90,Phase 3: GPU,1788267590140,2026-09-01
cerebralx1,90,Phase 3: GPU,1788267590143,2026-09-01
alphonsoe,90,Phase 3: GPU,1788267590158,2026-09-01
snoopys030,90,Phase 3: GPU,1788267590168,2026-09-01
cerebralx1,45,Phase 1: RAM,1788268786969,2026-09-01
snoopys030,45,Phase 1: RAM,1788268786971,2026-09-01
shadowladyex,45,Phase 1: RAM,1788268786973,2026-09-01
lovegamesandthings00000,45,Phase 1: RAM,1788268787025,2026-09-01
madagascaradam,45,Phase 1: RAM,1788268787035,2026-09-01
ivanpetrov32,45,Phase 1: RAM,1788268787080,2026-09-01
alexwifi42,45,Phase 1: RAM,1788268787089,2026-09-01
snoopys030,65,Phase 2: CPU,1788269503867,2026-09-01
ivanpetrov32,65,Phase 2: CPU,1788269503889,2026-09-01
alphonsoe,65,Phase 2: CPU,1788269503898,2026-09-01
pika_gamy,65,Phase 2: CPU,1788269503902,2026-09-01
shadowladyex,65,Phase 2: CPU,1788269503908,2026-09-01
cerebralx1,65,Phase 2: CPU,1788269503913,2026-09-01
slay_da_b,65,Phase 2: CPU,1788269503953,2026-09-01
yurigiu,65,Phase 2: CPU,1788269503957,2026-09-01
silent_luc,65,Phase 2: CPU,1788269503972,2026-09-01
lovegamesandthings00000,65,Phase 2: CPU,1788269503976,2026-09-01
ikaliayev,90,Phase 3: HDD,1788269979861,2026-09-01
cerebralx1,90,Phase 3: HDD,1788269979866,2026-09-01
xiaoxiao9313,90,Phase 3: HDD,1788269979878,2026-09-01
ivanpetrov32,90,Phase 3: HDD,1788269979880,2026-09-01
shadowladyex,90,Phase 3: HDD,1788269979884,2026-09-01
alphonsoe,90,Phase 3: HDD,1788269979886,2026-09-01
snoopys030,90,Phase 3: HDD,1788269979888,2026-09-01
lovegamesandthings00000,90,Phase 3: HDD,1788269979894,2026-09-01
snoopys030,45,Phase 1: CPU,1788271323709,2026-09-01
cerebralx1,45,Phase 1: CPU,1788271323720,2026-09-01
ivanpetrov32,45,Phase 1: CPU,1788271323726,2026-09-01
xiaoxiao9313,45,Phase 1: CPU,1788271323732,2026-09-01
shadowladyex,45,Phase 1: CPU,1788271323748,2026-09-01
alburldador,45,Phase 1: CPU,1788271323752,2026-09-01
alphonsoe,45,Phase 1: CPU,1788271323826,2026-09-01
ikaliayev,45,Phase 1: CPU,1788271323847,2026-09-01
silent_luc,45,Phase 1: CPU,1788271324159,2026-09-01
xiaoxiao9313,65,Phase 2: HDD,1788272258719,2026-09-01
silent_luc,65,Phase 2: HDD,1788272258734,2026-09-01
slay_da_b,65,Phase 2: HDD,1788272258737,2026-09-01
pika_gamy,65,Phase 2: HDD,1788272258751,2026-09-01
cerebralx1,65,Phase 2: HDD,1788272258753,2026-09-01
alphonsoe,65,Phase 2: HDD,1788272258758,2026-09-01
ivanpetrov32,65,Phase 2: HDD,1788272258760,2026-09-01
alfims,65,Phase 2: HDD,1788272258774,2026-09-01
player0451,65,Phase 2: HDD,1788272258779,2026-09-01
ikaliayev,65,Phase 2: HDD,1788272258782,2026-09-01
shadowladyex,65,Phase 2: HDD,1788272258787,2026-09-01
lovegamesandthings00000,65,Phase 2: HDD,1788272258859,2026-09-01
thanossoul,65,Phase 2: HDD,1788272258862,2026-09-01
ikaliayev,45,Phase 1: CPU,1788273501399,2026-09-01
ivanpetrov32,45,Phase 1: CPU,1788273501409,2026-09-01
thanossoul,45,Phase 1: CPU,1788273501416,2026-09-01
shadowladyex,45,Phase 1: CPU,1788273501419,2026-09-01
xiaoxiao9313,45,Phase 1: CPU,1788273501429,2026-09-01
silent_luc,45,Phase 1: CPU,1788273501432,2026-09-01
slay_da_b,45,Phase 1: CPU,1788273501480,2026-09-01
avin_novor,45,Phase 1: HDD,1788275130771,2026-09-01
xiaoxiao9313,45,Phase 1: HDD,1788275130799,2026-09-01
pika_gamy,45,Phase 1: HDD,1788275130806,2026-09-01
thanossoul,45,Phase 1: HDD,1788275130810,2026-09-01
lmbs00,45,Phase 1: HDD,1788275130815,2026-09-01
ivanpetrov32,45,Phase 1: HDD,1788275130859,2026-09-01
shadowladyex,45,Phase 1: HDD,1788275130879,2026-09-01
slay_da_b,45,Phase 1: HDD,1788275130884,2026-09-01
dahhel,45,Phase 1: HDD,1788275130889,2026-09-01
alphonsoe,45,Phase 1: HDD,1788275130988,2026-09-01
alexwifi42,65,Phase 2: GPU,1788275772077,2026-09-01
dahhel,65,Phase 2: GPU,1788275772089,2026-09-01
shadowladyex,65,Phase 2: GPU,1788275772102,2026-09-01
lmbs00,65,Phase 2: GPU,1788275772105,2026-09-01
pika_gamy,65,Phase 2: GPU,1788275772110,2026-09-01
xiaoxiao9313,65,Phase 2: GPU,1788275772116,2026-09-01
silent_luc,65,Phase 2: GPU,1788275772135,2026-09-01
ikaliayev,65,Phase 2: GPU,1788275772205,2026-09-01
alphonsoe,65,Phase 2: GPU,1788275772363,2026-09-01
shadowladyex,90,Phase 3: RAM,1788276580926,2026-09-01
dahhel,90,Phase 3: RAM,1788276580952,2026-09-01
slay_da_b,90,Phase 3: RAM,1788276580957,2026-09-01
silent_luc,90,Phase 3: RAM,1788276580960,2026-09-01
lillakra,90,Phase 3: RAM,1788276580970,2026-09-01
pika_gamy,90,Phase 3: RAM,1788276580976,2026-09-01
alexwifi42,90,Phase 3: RAM,1788276580979,2026-09-01
lmbs00,90,Phase 3: RAM,1788276580981,2026-09-01
xiaoxiao9313,90,Phase 3: RAM,1788276580997,2026-09-01
llucholba,90,Phase 3: RAM,1788276581011,2026-09-01
ikaliayev,90,Phase 3: RAM,1788276581024,2026-09-01
alphonsoe,90,Phase 3: RAM,1788276581041,2026-09-01
ivanpetrov32,90,Phase 3: RAM,1788276581064,2026-09-01
ikaliayev,45,Phase 1: GPU,1788277811636,2026-09-01
silent_luc,45,Phase 1: GPU,1788277811645,2026-09-01
slay_da_b,45,Phase 1: GPU,1788277811651,2026-09-01
thanossoul,45,Phase 1: GPU,1788277811657,2026-09-01
xiaoxiao9313,45,Phase 1: GPU,1788277811660,2026-09-01
lmbs00,45,Phase 1: GPU,1788277811668,2026-09-01
alphonsoe,45,Phase 1: GPU,1788277811675,2026-09-01
dahhel,45,Phase 1: GPU,1788277811811,2026-09-01
dahhel,65,Phase 2: HDD,1788278435580,2026-09-01
alphonsoe,65,Phase 2: HDD,1788278435600,2026-09-01
lovegamesandthings00000,65,Phase 2: HDD,1788278435605,2026-09-01
lillakra,65,Phase 2: HDD,1788278435610,2026-09-01
ikaliayev,65,Phase 2: HDD,1788278435632,2026-09-01
ivanpetrov32,65,Phase 2: HDD,1788278435635,2026-09-01
thanossoul,65,Phase 2: HDD,1788278435640,2026-09-01
silent_luc,65,Phase 2: HDD,1788278435644,2026-09-01
lmbs00,65,Phase 2: HDD,1788278435771,2026-09-01
xiaoxiao9313,65,Phase 2: HDD,1788278435772,2026-09-01
shadowladyex,65,Phase 2: HDD,1788278436012,2026-09-01
lillakra,45,Phase 1: GPU,1788279775370,2026-09-01
lovegamesandthings00000,45,Phase 1: GPU,1788279775377,2026-09-01
silent_luc,45,Phase 1: GPU,1788279775384,2026-09-01
lmbs00,45,Phase 1: GPU,1788279775413,2026-09-01
alburldador,45,Phase 1: GPU,1788279775422,2026-09-01
ikaliayev,45,Phase 1: GPU,1788279775424,2026-09-01
dahhel,45,Phase 1: GPU,1788279775432,2026-09-01
xiaoxiao9313,45,Phase 1: GPU,1788279775444,2026-09-01
pika_gamy,45,Phase 1: GPU,1788279775474,2026-09-01
xiaoxiao9313,65,Phase 2: HDD,1788280189156,2026-09-01
pika_gamy,65,Phase 2: HDD,1788280189165,2026-09-01
lovegamesandthings00000,65,Phase 2: HDD,1788280189167,2026-09-01
dahhel,65,Phase 2: HDD,1788280189218,2026-09-01
lillakra,65,Phase 2: HDD,1788280189227,2026-09-01
lmbs00,65,Phase 2: HDD,1788280189232,2026-09-01
ikaliayev,65,Phase 2: HDD,1788280189248,2026-09-01
lmbs00,45,Phase 1: CPU,1788281625542,2026-09-01
pika_gamy,45,Phase 1: CPU,1788281625557,2026-09-01
lovegamesandthings00000,45,Phase 1: CPU,1788281625560,2026-09-01
alfims,45,Phase 1: CPU,1788281625561,2026-09-01
dahhel,45,Phase 1: CPU,1788281625584,2026-09-01
thanossoul,45,Phase 1: CPU,1788281625588,2026-09-01
shadowladyex,45,Phase 1: CPU,1788281625591,2026-09-01
ikaliayev,45,Phase 1: CPU,1788281625593,2026-09-01
xiaoxiao9313,45,Phase 1: CPU,1788281625595,2026-09-01
alburldador,45,Phase 1: CPU,1788281625600,2026-09-01
lmbs00,65,Phase 2: HDD,1788282331922,2026-09-01
thanossoul,65,Phase 2: HDD,1788282331926,2026-09-01
dahhel,65,Phase 2: HDD,1788282331934,2026-09-01
alfims,65,Phase 2: HDD,1788282331936,2026-09-01
lovegamesandthings00000,65,Phase 2: HDD,1788282331941,2026-09-01
xiaoxiao9313,65,Phase 2: HDD,1788282331956,2026-09-01
shadowladyex,65,Phase 2: HDD,1788282332078,2026-09-01
ikaliayev,65,Phase 2: HDD,1788282332112,2026-09-01
pika_gamy,65,Phase 2: HDD,1788282332984,2026-09-01
alburldador,65,Phase 2: HDD,1788282332987,2026-09-01
alfims,90,Phase 3: GPU,1788282819994,2026-09-01
dahhel,90,Phase 3: GPU,1788282819996,2026-09-01
thanossoul,90,Phase 3: GPU,1788282820001,2026-09-01
xiaoxiao9313,90,Phase 3: GPU,1788282820008,2026-09-01
ikaliayev,90,Phase 3: GPU,1788282820010,2026-09-01
lillakra,90,Phase 3: GPU,1788282820022,2026-09-01
alburldador,90,Phase 3: GPU,1788282820024,2026-09-01
lmbs00,90,Phase 3: GPU,1788282820029,2026-09-01
pika_gamy,90,Phase 3: GPU,1788282820041,2026-09-01
lmbs00,45,Phase 1: CPU,1788284508702,2026-09-01
pika_gamy,45,Phase 1: CPU,1788284508721,2026-09-01
xiaoxiao9313,45,Phase 1: CPU,1788284508725,2026-09-01
ivanpetrov32,45,Phase 1: CPU,1788284508729,2026-09-01
shadowladyex,45,Phase 1: CPU,1788284508734,2026-09-01
ragnar175,45,Phase 1: CPU,1788284508736,2026-09-01
alburldador,45,Phase 1: CPU,1788284508760,2026-09-01
player0451,45,Phase 1: CPU,1788284508775,2026-09-01
lillakra,45,Phase 1: CPU,1788284508807,2026-09-01
silent_luc,45,Phase 1: CPU,1788284508821,2026-09-01
alfims,45,Phase 1: CPU,1788284508827,2026-09-01
dahhel,45,Phase 1: CPU,1788284508950,2026-09-01
ikaliayev,45,Phase 1: CPU,1788284508957,2026-09-01
shadowladyex,65,Phase 2: GPU,1788285000701,2026-09-01
pika_gamy,65,Phase 2: GPU,1788285000707,2026-09-01
xiaoxiao9313,65,Phase 2: GPU,1788285000713,2026-09-01
lillakra,65,Phase 2: GPU,1788285000719,2026-09-01
lmbs00,65,Phase 2: GPU,1788285000721,2026-09-01
ragnar175,65,Phase 2: GPU,1788285000745,2026-09-01
alburldador,65,Phase 2: GPU,1788285000750,2026-09-01
dahhel,65,Phase 2: GPU,1788285000758,2026-09-01
silent_luc,65,Phase 2: GPU,1788285000764,2026-09-01
ikaliayev,65,Phase 2: GPU,1788285000770,2026-09-01
xiaoxiao9313,90,Phase 3: HDD,1788285478550,2026-09-01
ragnar175,90,Phase 3: HDD,1788285478553,2026-09-01
dahhel,90,Phase 3: HDD,1788285478557,2026-09-01
thanossoul,90,Phase 3: HDD,1788285478584,2026-09-01
shadowladyex,90,Phase 3: HDD,1788285478587,2026-09-01
ikaliayev,90,Phase 3: HDD,1788285478592,2026-09-01
lillakra,90,Phase 3: HDD,1788285478594,2026-09-01
lmbs00,90,Phase 3: HDD,1788285478600,2026-09-01
alfims,90,Phase 3: HDD,1788285478606,2026-09-01
pika_gamy,90,Phase 3: HDD,1788285478701,2026-09-01
dahhel,45,Phase 1: GPU,1788286922540,2026-09-01
ivanpetrov32,45,Phase 1: GPU,1788286922556,2026-09-01
ikaliayev,45,Phase 1: GPU,1788286922581,2026-09-01
ragnar175,45,Phase 1: GPU,1788286922585,2026-09-01
pika_gamy,45,Phase 1: GPU,1788286922589,2026-09-01
alburldador,45,Phase 1: GPU,1788286922597,2026-09-01
shadowladyex,45,Phase 1: GPU,1788286922600,2026-09-01
xiaoxiao9313,45,Phase 1: GPU,1788286922607,2026-09-01
lovegamesandthings00000,45,Phase 1: GPU,1788286922632,2026-09-01
lillakra,45,Phase 1: GPU,1788286923316,2026-09-01
lmbs00,65,Phase 2: CPU,1788287622099,2026-09-01
pika_gamy,65,Phase 2: CPU,1788287622123,2026-09-01
shadowladyex,65,Phase 2: CPU,1788287622126,2026-09-01
dahhel,65,Phase 2: CPU,1788287622137,2026-09-01
ragnar175,65,Phase 2: CPU,1788287622143,2026-09-01
lillakra,65,Phase 2: CPU,1788287622146,2026-09-01
xiaoxiao9313,65,Phase 2: CPU,1788287622150,2026-09-01
ikaliayev,65,Phase 2: CPU,1788287622162,2026-09-01
alburldador,65,Phase 2: CPU,1788287622199,2026-09-01
ivanpetrov32,65,Phase 2: CPU,1788287622205,2026-09-01
ikaliayev,90,Phase 3: RAM,1788288077447,2026-09-01
lillakra,90,Phase 3: RAM,1788288077454,2026-09-01
shadowladyex,90,Phase 3: RAM,1788288077467,2026-09-01
dahhel,90,Phase 3: RAM,1788288077474,2026-09-01
lmbs00,90,Phase 3: RAM,1788288077509,2026-09-01
thanossoul,90,Phase 3: RAM,1788288077567,2026-09-01
alburldador,90,Phase 3: RAM,1788288077700,2026-09-01
ragnar175,90,Phase 3: RAM,1788288077969,2026-09-01
xiaoxiao9313,90,Phase 3: RAM,1788288077976,2026-09-01
pika_gamy,90,Phase 3: RAM,1788288078139,2026-09-01
pika_gamy,45,Phase 1: HDD,1788289342507,2026-09-01
ragnar175,45,Phase 1: HDD,1788289342522,2026-09-01
lillakra,45,Phase 1: HDD,1788289342527,2026-09-01
lmbs00,45,Phase 1: HDD,1788289342529,2026-09-01
ikaliayev,45,Phase 1: HDD,1788289342556,2026-09-01
ivanpetrov32,45,Phase 1: HDD,1788289342586,2026-09-01
alburldador,45,Phase 1: HDD,1788289342620,2026-09-01
ivanpetrov32,65,Phase 2: GPU,1788289930554,2026-09-01
ikaliayev,65,Phase 2: GPU,1788289930559,2026-09-01
xiaoxiao9313,65,Phase 2: GPU,1788289930567,2026-09-01
yurigiu,65,Phase 2: GPU,1788289930568,2026-09-01
pika_gamy,65,Phase 2: GPU,1788289930573,2026-09-01
lillakra,65,Phase 2: GPU,1788289930575,2026-09-01
lovegamesandthings00000,65,Phase 2: GPU,1788289930611,2026-09-01
thanossoul,65,Phase 2: GPU,1788289930621,2026-09-01
ragnar175,65,Phase 2: GPU,1788289930662,2026-09-01
alfims,45,Phase 1: GPU,1788291303055,2026-09-01
lillakra,45,Phase 1: GPU,1788291303070,2026-09-01
lmbs00,45,Phase 1: GPU,1788291303096,2026-09-01
pika_gamy,45,Phase 1: GPU,1788291303102,2026-09-01
ragnar175,45,Phase 1: GPU,1788291303110,2026-09-01
alburldador,45,Phase 1: GPU,1788291303126,2026-09-01
alexwifi42,45,Phase 1: GPU,1788291303188,2026-09-01
xiaoxiao9313,45,Phase 1: GPU,1788291303200,2026-09-01
ikaliayev,45,Phase 1: GPU,1788291303205,2026-09-01
dahhel,45,Phase 1: GPU,1788291303316,2026-09-01
lmbs00,65,Phase 2: HDD,1788292033022,2026-09-01
ikaliayev,65,Phase 2: HDD,1788292033027,2026-09-01
thanossoul,65,Phase 2: HDD,1788292033040,2026-09-01
valase,65,Phase 2: HDD,1788292033049,2026-09-01
alburldador,65,Phase 2: HDD,1788292033063,2026-09-01
pika_gamy,65,Phase 2: HDD,1788292033067,2026-09-01
alfims,65,Phase 2: HDD,1788292033070,2026-09-01
ragnar175,65,Phase 2: HDD,1788292033077,2026-09-01
dahhel,65,Phase 2: HDD,1788292033106,2026-09-01
silent_luc,65,Phase 2: HDD,1788292033118,2026-09-01
lillakra,65,Phase 2: HDD,1788292033319,2026-09-01
alfims,90,Phase 3: RAM,1788292667107,2026-09-01
ragnar175,90,Phase 3: RAM,1788292667112,2026-09-01
lillakra,90,Phase 3: RAM,1788292667114,2026-09-01
valase,90,Phase 3: RAM,1788292667118,2026-09-01
cerebralx1,90,Phase 3: RAM,1788292667119,2026-09-01
alburldador,90,Phase 3: RAM,1788292667131,2026-09-01
dahhel,90,Phase 3: RAM,1788292667134,2026-09-01
ikaliayev,90,Phase 3: RAM,1788292667136,2026-09-01
operacional_cae,90,Phase 3: RAM,1788292667138,2026-09-01
pika_gamy,90,Phase 3: RAM,1788292667142,2026-09-01
lovegamesandthings00000,90,Phase 3: RAM,1788292667166,2026-09-01
lmbs00,90,Phase 3: RAM,1788292667176,2026-09-01
ragnar175,45,Phase 1: HDD,1788294068064,2026-09-01
cerebralx1,45,Phase 1: HDD,1788294068074,2026-09-01
silent_luc,45,Phase 1: HDD,1788294068078,2026-09-01
lmbs00,45,Phase 1: HDD,1788294068083,2026-09-01
player0451,45,Phase 1: HDD,1788294068089,2026-09-01
ikaliayev,45,Phase 1: HDD,1788294068104,2026-09-01
valase,45,Phase 1: HDD,1788294068107,2026-09-01
ivanpetrov32,45,Phase 1: HDD,1788294068116,2026-09-01
pika_gamy,45,Phase 1: HDD,1788294068138,2026-09-01
dahhel,45,Phase 1: HDD,1788294068177,2026-09-01
mori2323,45,Phase 1: HDD,1788295692810,2026-09-01
lovegamesandthings00000,45,Phase 1: HDD,1788295692830,2026-09-01
ragnar175,45,Phase 1: HDD,1788295692833,2026-09-01
alexwifi42,45,Phase 1: HDD,1788295692839,2026-09-01
lmbs00,45,Phase 1: HDD,1788295692858,2026-09-01
valase,45,Phase 1: HDD,1788295692862,2026-09-01
pika_gamy,45,Phase 1: HDD,1788295692864,2026-09-01
ikaliayev,45,Phase 1: HDD,1788295692867,2026-09-01
cerebralx1,45,Phase 1: HDD,1788295692873,2026-09-01
alburldador,45,Phase 1: HDD,1788295692897,2026-09-01
dahhel,45,Phase 1: HDD,1788295692922,2026-09-01
alburldador,65,Phase 2: CPU,1788296424925,2026-09-01
ikaliayev,65,Phase 2: CPU,1788296424941,2026-09-01
pika_gamy,65,Phase 2: CPU,1788296424943,2026-09-01
valase,65,Phase 2: CPU,1788296424953,2026-09-01
ragnar175,65,Phase 2: CPU,1788296424962,2026-09-01
lovegamesandthings00000,65,Phase 2: CPU,1788296424971,2026-09-01
lmbs00,65,Phase 2: CPU,1788296424974,2026-09-01
alexwifi42,65,Phase 2: CPU,1788296424981,2026-09-01
mori2323,65,Phase 2: CPU,1788296424991,2026-09-01
dahhel,65,Phase 2: CPU,1788296425039,2026-09-01
silent_luc,65,Phase 2: CPU,1788296425053,2026-09-01
silent_luc,90,Phase 3: RAM,1788296872977,2026-09-01
lmbs00,90,Phase 3: RAM,1788296872979,2026-09-01
pika_gamy,90,Phase 3: RAM,1788296872987,2026-09-01
alfims,90,Phase 3: RAM,1788296872989,2026-09-01
valase,90,Phase 3: RAM,1788296872995,2026-09-01
dahhel,90,Phase 3: RAM,1788296872998,2026-09-01
ragnar175,90,Phase 3: RAM,1788296873004,2026-09-01
mori2323,90,Phase 3: RAM,1788296873012,2026-09-01
thanossoul,90,Phase 3: RAM,1788296873043,2026-09-01
lovegamesandthings00000,90,Phase 3: RAM,1788296873064,2026-09-01
valase,45,Phase 1: RAM,1788298247988,2026-09-01
pika_gamy,45,Phase 1: RAM,1788298247993,2026-09-01
dahhel,45,Phase 1: RAM,1788298248022,2026-09-01
lmbs00,45,Phase 1: RAM,1788298248036,2026-09-01
ikaliayev,45,Phase 1: RAM,1788298248044,2026-09-01
lovegamesandthings00000,45,Phase 1: RAM,1788298248054,2026-09-01
mori2323,45,Phase 1: RAM,1788298248063,2026-09-01
ragnar175,45,Phase 1: RAM,1788298248065,2026-09-01
player0451,45,Phase 1: RAM,1788298248069,2026-09-01
mori2323,65,Phase 2: HDD,1788299169238,2026-09-01
ikaliayev,65,Phase 2: HDD,1788299169254,2026-09-01
alyssrentori,65,Phase 2: HDD,1788299169258,2026-09-01
lmbs00,65,Phase 2: HDD,1788299169275,2026-09-01
silent_luc,65,Phase 2: HDD,1788299169279,2026-09-01
puphik,65,Phase 2: HDD,1788299169285,2026-09-01
operacional_cae,65,Phase 2: HDD,1788299169290,2026-09-01
ragnar175,65,Phase 2: HDD,1788299169293,2026-09-01
alexwifi42,65,Phase 2: HDD,1788299169297,2026-09-01
pika_gamy,65,Phase 2: HDD,1788299169318,2026-09-01
dahhel,65,Phase 2: HDD,1788299169326,2026-09-01
valase,65,Phase 2: HDD,1788299169344,2026-09-01
thanossoul,65,Phase 2: HDD,1788299169352,2026-09-01
ikaliayev,90,Phase 3: CPU,1788299750103,2026-09-01
lovegamesandthings00000,90,Phase 3: CPU,1788299750118,2026-09-01
mori2323,90,Phase 3: CPU,1788299750126,2026-09-01
madagascaradam,90,Phase 3: CPU,1788299750133,2026-09-01
operacional_cae,90,Phase 3: CPU,1788299750138,2026-09-01
lmbs00,90,Phase 3: CPU,1788299750161,2026-09-01
silent_luc,90,Phase 3: CPU,1788299750165,2026-09-01
alexwifi42,90,Phase 3: CPU,1788299750168,2026-09-01
ragnar175,90,Phase 3: CPU,1788299750173,2026-09-01
dahhel,90,Phase 3: CPU,1788299750177,2026-09-01
valase,90,Phase 3: CPU,1788299750183,2026-09-01
madagascaradam,45,Phase 1: RAM,1788301075667,2026-09-01
pika_gamy,45,Phase 1: RAM,1788301075674,2026-09-01
mori2323,45,Phase 1: RAM,1788301075703,2026-09-01
dahhel,45,Phase 1: RAM,1788301075705,2026-09-01
ikaliayev,45,Phase 1: RAM,1788301075712,2026-09-01
thanossoul,45,Phase 1: RAM,1788301075718,2026-09-01
lmbs00,45,Phase 1: RAM,1788301075729,2026-09-01
operacional_cae,45,Phase 1: RAM,1788301075738,2026-09-01
valase,45,Phase 1: RAM,1788301075750,2026-09-01
player0451,65,Phase 2: CPU,1788301849889,2026-09-01
operacional_cae,65,Phase 2: CPU,1788301849892,2026-09-01
lovegamesandthings00000,65,Phase 2: CPU,1788301849895,2026-09-01
dahhel,65,Phase 2: CPU,1788301849897,2026-09-01
ragnar175,65,Phase 2: CPU,1788301849899,2026-09-01
pika_gamy,65,Phase 2: CPU,1788301849901,2026-09-01
ikaliayev,65,Phase 2: CPU,1788301849904,2026-09-01
valase,65,Phase 2: CPU,1788301849911,2026-09-01
silent_luc,65,Phase 2: CPU,1788301849914,2026-09-01
thanossoul,65,Phase 2: CPU,1788301849920,2026-09-01
madagascaradam,65,Phase 2: CPU,1788301849922,2026-09-01
dahhel,45,Phase 1: CPU,1788303108446,2026-09-01
mori2323,45,Phase 1: CPU,1788303108453,2026-09-01
player0451,45,Phase 1: CPU,1788303108460,2026-09-01
llucholba,45,Phase 1: CPU,1788303108462,2026-09-01
thanossoul,45,Phase 1: CPU,1788303108468,2026-09-01
lmbs00,45,Phase 1: CPU,1788303108470,2026-09-01
ikaliayev,45,Phase 1: CPU,1788303108504,2026-09-01
mori2323,65,Phase 2: RAM,1788303663595,2026-09-01
ikaliayev,65,Phase 2: RAM,1788303663597,2026-09-01
shadowladyex,65,Phase 2: RAM,1788303663599,2026-09-01
dahhel,65,Phase 2: RAM,1788303663601,2026-09-01
valase,65,Phase 2: RAM,1788303663604,2026-09-01
pika_gamy,65,Phase 2: RAM,1788303663606,2026-09-01
lmbs00,65,Phase 2: RAM,1788303663608,2026-09-01
lovegamesandthings00000,65,Phase 2: RAM,1788303663610,2026-09-01
operacional_cae,90,Phase 3: GPU,1788304395466,2026-09-01
ragnar175,90,Phase 3: GPU,1788304395478,2026-09-01
llucholba,90,Phase 3: GPU,1788304395481,2026-09-01
mori2323,90,Phase 3: GPU,1788304395488,2026-09-01
lmbs00,90,Phase 3: GPU,1788304395490,2026-09-01
ikaliayev,90,Phase 3: GPU,1788304395492,2026-09-01
madagascaradam,90,Phase 3: GPU,1788304395500,2026-09-01
lovegamesandthings00000,90,Phase 3: GPU,1788304395502,2026-09-01
shadowladyex,90,Phase 3: GPU,1788304395506,2026-09-01
dahhel,90,Phase 3: GPU,1788304395511,2026-09-01
valase,90,Phase 3: GPU,1788304395513,2026-09-01
pika_gamy,90,Phase 3: GPU,1788304395517,2026-09-01
ragnar175,45,Phase 1: RAM,1788305697072,2026-09-01
shadowladyex,45,Phase 1: RAM,1788305697082,2026-09-01
madagascaradam,45,Phase 1: RAM,1788305697090,2026-09-01
mori2323,45,Phase 1: RAM,1788305697093,2026-09-01
lillakra,45,Phase 1: RAM,1788305697098,2026-09-01
pika_gamy,45,Phase 1: RAM,1788305697106,2026-09-01
dahhel,45,Phase 1: RAM,1788305697108,2026-09-01
valase,45,Phase 1: RAM,1788305697120,2026-09-01
lillakra,65,Phase 2: CPU,1788306261182,2026-09-01
dahhel,65,Phase 2: CPU,1788306261186,2026-09-01
pika_gamy,65,Phase 2: CPU,1788306261193,2026-09-01
ikaliayev,65,Phase 2: CPU,1788306261197,2026-09-01
player0451,65,Phase 2: CPU,1788306261201,2026-09-01
valase,65,Phase 2: CPU,1788306261233,2026-09-01
mori2323,65,Phase 2: CPU,1788306261244,2026-09-01
pika_gamy,90,Phase 3: GPU,1788306750090,2026-09-01
mori2323,90,Phase 3: GPU,1788306750093,2026-09-01
lmbs00,90,Phase 3: GPU,1788306750098,2026-09-01
ikaliayev,90,Phase 3: GPU,1788306750100,2026-09-01
silent_luc,90,Phase 3: GPU,1788306750108,2026-09-01
dahhel,90,Phase 3: GPU,1788306750110,2026-09-01
valase,90,Phase 3: GPU,1788306750116,2026-09-01
lillakra,90,Phase 3: GPU,1788306750143,2026-09-01
lovegamesandthings00000,90,Phase 3: GPU,1788306750149,2026-09-01
ikaliayev,45,Phase 1: CPU,1788308158293,2026-09-02
pika_gamy,45,Phase 1: CPU,1788308158321,2026-09-02
valase,45,Phase 1: CPU,1788308158339,2026-09-02
lmbs00,45,Phase 1: CPU,1788308158342,2026-09-02
silent_luc,45,Phase 1: CPU,1788308158347,2026-09-02
dahhel,45,Phase 1: CPU,1788308158356,2026-09-02
shadowladyex,45,Phase 1: CPU,1788308158389,2026-09-02
ragnar175,45,Phase 1: CPU,1788308158402,2026-09-02
mori2323,45,Phase 1: CPU,1788308158406,2026-09-02
mori2323,65,Phase 2: HDD,1788308835941,2026-09-02
ragnar175,65,Phase 2: HDD,1788308835950,2026-09-02
ikaliayev,65,Phase 2: HDD,1788308835956,2026-09-02
player0451,65,Phase 2: HDD,1788308835959,2026-09-02
shadowladyex,65,Phase 2: HDD,1788308835966,2026-09-02
dahhel,65,Phase 2: HDD,1788308835968,2026-09-02
lmbs00,65,Phase 2: HDD,1788308835971,2026-09-02
silent_luc,65,Phase 2: HDD,1788308835977,2026-09-02
pika_gamy,65,Phase 2: HDD,1788308835989,2026-09-02
valase,65,Phase 2: HDD,1788308835995,2026-09-02
dahhel,45,Phase 1: RAM,1788310259003,2026-09-02
silent_luc,45,Phase 1: RAM,1788310259029,2026-09-02
pika_gamy,45,Phase 1: RAM,1788310259032,2026-09-02
mori2323,45,Phase 1: RAM,1788310259036,2026-09-02
ikaliayev,45,Phase 1: RAM,1788310259045,2026-09-02
lmbs00,45,Phase 1: RAM,1788310259056,2026-09-02
valase,45,Phase 1: RAM,1788310259059,2026-09-02
lovegamesandthings00000,45,Phase 1: RAM,1788310259065,2026-09-02
player0451,45,Phase 1: RAM,1788310259088,2026-09-02
ragnar175,65,Phase 2: GPU,1788311054732,2026-09-02
lovegamesandthings00000,65,Phase 2: GPU,1788311054736,2026-09-02
shadowladyex,65,Phase 2: GPU,1788311054744,2026-09-02
mori2323,65,Phase 2: GPU,1788311054751,2026-09-02
lmbs00,65,Phase 2: GPU,1788311054755,2026-09-02
valase,65,Phase 2: GPU,1788311054767,2026-09-02
silent_luc,65,Phase 2: GPU,1788311054771,2026-09-02
ikaliayev,65,Phase 2: GPU,1788311054776,2026-09-02
pika_gamy,65,Phase 2: GPU,1788311054792,2026-09-02
dahhel,65,Phase 2: GPU,1788311054808,2026-09-02
player0451,90,Phase 3: CPU,1788311587675,2026-09-02
dahhel,90,Phase 3: CPU,1788311587685,2026-09-02
valase,90,Phase 3: CPU,1788311587690,2026-09-02
xiaoxiao9313,90,Phase 3: CPU,1788311587700,2026-09-02
lmbs00,90,Phase 3: CPU,1788311587702,2026-09-02
pika_gamy,90,Phase 3: CPU,1788311587707,2026-09-02
lovegamesandthings00000,90,Phase 3: CPU,1788311587713,2026-09-02
mori2323,90,Phase 3: CPU,1788311587716,2026-09-02
ikaliayev,90,Phase 3: CPU,1788311587722,2026-09-02
thanossoul,90,Phase 3: CPU,1788311587725,2026-09-02
xiaoxiao9313,120,Phase 4: HDD,1788312080752,2026-09-02
silent_luc,120,Phase 4: HDD,1788312080756,2026-09-02
thanossoul,120,Phase 4: HDD,1788312080766,2026-09-02
dahhel,120,Phase 4: HDD,1788312080771,2026-09-02
ragnar175,120,Phase 4: HDD,1788312080777,2026-09-02
mori2323,120,Phase 4: HDD,1788312080779,2026-09-02
madagascaradam,120,Phase 4: HDD,1788312080802,2026-09-02
ikaliayev,120,Phase 4: HDD,1788312080814,2026-09-02
shadowladyex,120,Phase 4: HDD,1788312080826,2026-09-02
pika_gamy,120,Phase 4: HDD,1788312080848,2026-09-02
lmbs00,120,Phase 4: HDD,1788312080858,2026-09-02
dahhel,100,proStar bonus: all 4 phases,1788312081562,2026-09-02
mori2323,100,proStar bonus: all 4 phases,1788312081569,2026-09-02
lmbs00,100,proStar bonus: all 4 phases,1788312081578,2026-09-02
pika_gamy,100,proStar bonus: all 4 phases,1788312081585,2026-09-02
ikaliayev,100,proStar bonus: all 4 phases,1788312081652,2026-09-02
ragnar175,45,Phase 1: CPU,1788313046222,2026-09-02
ikaliayev,45,Phase 1: CPU,1788313046237,2026-09-02
lmbs00,45,Phase 1: CPU,1788313046242,2026-09-02
silent_luc,45,Phase 1: CPU,1788313046258,2026-09-02
mori2323,45,Phase 1: CPU,1788313046261,2026-09-02
shadowladyex,45,Phase 1: CPU,1788313046266,2026-09-02
xiaoxiao9313,45,Phase 1: CPU,1788313046268,2026-09-02
pika_gamy,45,Phase 1: CPU,1788313046272,2026-09-02
dahhel,45,Phase 1: CPU,1788313046340,2026-09-02
thanossoul,45,Phase 1: HDD,1788314441526,2026-09-02
mori2323,45,Phase 1: HDD,1788314441551,2026-09-02
snoopys030,45,Phase 1: HDD,1788314441566,2026-09-02
lmbs00,45,Phase 1: HDD,1788314441582,2026-09-02
silent_luc,45,Phase 1: HDD,1788314441634,2026-09-02
ikaliayev,45,Phase 1: HDD,1788314441928,2026-09-02
ikaliayev,65,Phase 2: GPU,1788314879446,2026-09-02
shadowladyex,65,Phase 2: GPU,1788314879526,2026-09-02
lmbs00,65,Phase 2: GPU,1788314879529,2026-09-02
mori2323,65,Phase 2: GPU,1788314879536,2026-09-02
hopelessss_,65,Phase 2: GPU,1788314879541,2026-09-02
silent_luc,65,Phase 2: GPU,1788314879544,2026-09-02
shadowladyex,90,Phase 3: RAM,1788315370432,2026-09-02
mori2323,90,Phase 3: RAM,1788315370436,2026-09-02
lmbs00,90,Phase 3: RAM,1788315370442,2026-09-02
ragnar175,90,Phase 3: RAM,1788315370462,2026-09-02
thanossoul,90,Phase 3: RAM,1788315370474,2026-09-02
ikaliayev,90,Phase 3: RAM,1788315370478,2026-09-02
silent_luc,90,Phase 3: RAM,1788315370496,2026-09-02
hopelessss_,90,Phase 3: RAM,1788315370511,2026-09-02
snoopys030,45,Phase 1: CPU,1788316413299,2026-09-02
ikaliayev,45,Phase 1: CPU,1788316413302,2026-09-02
lmbs00,45,Phase 1: CPU,1788316413304,2026-09-02
mori2323,45,Phase 1: CPU,1788316413361,2026-09-02
ikaliayev,65,Phase 2: RAM,1788316828260,2026-09-02
slay_da_b,65,Phase 2: RAM,1788316828272,2026-09-02
lmbs00,65,Phase 2: RAM,1788316828277,2026-09-02
player0451,65,Phase 2: RAM,1788316828288,2026-09-02
mori2323,65,Phase 2: RAM,1788316828294,2026-09-02
xiaoxiao9313,45,Phase 1: RAM,1788318158264,2026-09-02
lmbs00,45,Phase 1: RAM,1788318158269,2026-09-02
ragnar175,45,Phase 1: RAM,1788318158277,2026-09-02
ikaliayev,45,Phase 1: RAM,1788318158287,2026-09-02
snoopys030,45,Phase 1: RAM,1788318158293,2026-09-02
pika_gamy,45,Phase 1: RAM,1788318158295,2026-09-02
mori2323,45,Phase 1: RAM,1788318158302,2026-09-02
ivanpetrov32,65,Phase 2: GPU,1788318876169,2026-09-02
madagascaradam,65,Phase 2: GPU,1788318876178,2026-09-02
lmbs00,65,Phase 2: GPU,1788318876185,2026-09-02
mori2323,65,Phase 2: GPU,1788318876189,2026-09-02
snoopys030,65,Phase 2: GPU,1788318876196,2026-09-02
lovegamesandthings00000,65,Phase 2: GPU,1788318876198,2026-09-02
ikaliayev,65,Phase 2: GPU,1788318876230,2026-09-02
shadowladyex,65,Phase 2: GPU,1788318876238,2026-09-02
lmbs00,90,Phase 3: CPU,1788319359241,2026-09-02
ikaliayev,90,Phase 3: CPU,1788319359245,2026-09-02
snoopys030,90,Phase 3: CPU,1788319359276,2026-09-02
thanossoul,90,Phase 3: CPU,1788319359286,2026-09-02
llucholba,90,Phase 3: CPU,1788319359305,2026-09-02
mori2323,90,Phase 3: CPU,1788319359571,2026-09-02
alfims,45,Phase 1: GPU,1788320835188,2026-09-02
snoopys030,45,Phase 1: GPU,1788320835204,2026-09-02
mori2323,45,Phase 1: GPU,1788320835209,2026-09-02
xiaoxiao9313,45,Phase 1: GPU,1788320835232,2026-09-02
slay_da_b,45,Phase 1: GPU,1788320835235,2026-09-02
lmbs00,45,Phase 1: GPU,1788320835237,2026-09-02
shadowladyex,45,Phase 1: GPU,1788320835241,2026-09-02
ikaliayev,45,Phase 1: GPU,1788320835244,2026-09-02
thanossoul,45,Phase 1: GPU,1788320835247,2026-09-02
llucholba,45,Phase 1: GPU,1788320835326,2026-09-02
alfims,65,Phase 2: CPU,1788321640991,2026-09-02
player0451,65,Phase 2: CPU,1788321640994,2026-09-02
lovegamesandthings00000,65,Phase 2: CPU,1788321641002,2026-09-02
slay_da_b,65,Phase 2: CPU,1788321641006,2026-09-02
mori2323,65,Phase 2: CPU,1788321641010,2026-09-02
thanossoul,65,Phase 2: CPU,1788321641124,2026-09-02
lmbs00,65,Phase 2: CPU,1788321641183,2026-09-02
snoopys030,65,Phase 2: CPU,1788321641202,2026-09-02
ikaliayev,65,Phase 2: CPU,1788321641222,2026-09-02
xiaoxiao9313,65,Phase 2: CPU,1788321641286,2026-09-02
ragnar175,65,Phase 2: CPU,1788321641351,2026-09-02
thanossoul,45,Phase 1: GPU,1788322831583,2026-09-02
shadowladyex,45,Phase 1: GPU,1788322831591,2026-09-02
ikaliayev,45,Phase 1: GPU,1788322831605,2026-09-02
lmbs00,45,Phase 1: GPU,1788322831609,2026-09-02
lovegamesandthings00000,45,Phase 1: GPU,1788322831618,2026-09-02
mori2323,45,Phase 1: GPU,1788322831626,2026-09-02
xiaoxiao9313,45,Phase 1: GPU,1788322831665,2026-09-02
xiaoxiao9313,65,Phase 2: RAM,1788323551634,2026-09-02
snoopys030,65,Phase 2: RAM,1788323551638,2026-09-02
llucholba,65,Phase 2: RAM,1788323551643,2026-09-02
alburldador,65,Phase 2: RAM,1788323551648,2026-09-02
ikaliayev,65,Phase 2: RAM,1788323551650,2026-09-02
mori2323,65,Phase 2: RAM,1788323551657,2026-09-02
shadowladyex,65,Phase 2: RAM,1788323551668,2026-09-02
thanossoul,65,Phase 2: RAM,1788323551683,2026-09-02
lmbs00,65,Phase 2: RAM,1788323551701,2026-09-02
alburldador,90,Phase 3: HDD,1788323985523,2026-09-02
mori2323,90,Phase 3: HDD,1788323985547,2026-09-02
shadowladyex,90,Phase 3: HDD,1788323985553,2026-09-02
slay_da_b,90,Phase 3: HDD,1788323985556,2026-09-02
ikaliayev,90,Phase 3: HDD,1788323985561,2026-09-02
xiaoxiao9313,90,Phase 3: HDD,1788323985565,2026-09-02
ivanpetrov32,90,Phase 3: HDD,1788323985588,2026-09-02
lmbs00,90,Phase 3: HDD,1788323985622,2026-09-02
alburldador,45,Phase 1: HDD,1788325158380,2026-09-02
ikaliayev,45,Phase 1: HDD,1788325158385,2026-09-02
xiaoxiao9313,45,Phase 1: HDD,1788325158393,2026-09-02
lmbs00,45,Phase 1: HDD,1788325158396,2026-09-02
mori2323,45,Phase 1: HDD,1788325158418,2026-09-02
shadowladyex,45,Phase 1: HDD,1788325158480,2026-09-02
llucholba,65,Phase 2: CPU,1788326077176,2026-09-02
mori2323,65,Phase 2: CPU,1788326077187,2026-09-02
ivanpetrov32,65,Phase 2: CPU,1788326077192,2026-09-02
shadowladyex,65,Phase 2: CPU,1788326077218,2026-09-02
madagascaradam,65,Phase 2: CPU,1788326077234,2026-09-02
ikaliayev,65,Phase 2: CPU,1788326077239,2026-09-02
slay_da_b,65,Phase 2: CPU,1788326077243,2026-09-02
snoopys030,65,Phase 2: CPU,1788326077245,2026-09-02
player0451,65,Phase 2: CPU,1788326077247,2026-09-02
lmbs00,65,Phase 2: CPU,1788326077250,2026-09-02
alfims,65,Phase 2: CPU,1788326077253,2026-09-02
alburldador,65,Phase 2: CPU,1788326077267,2026-09-02
xiaoxiao9313,65,Phase 2: CPU,1788326077268,2026-09-02
pika_gamy,65,Phase 2: CPU,1788326077274,2026-09-02
xiaoxiao9313,45,Phase 1: RAM,1788327255919,2026-09-02
lmbs00,45,Phase 1: RAM,1788327255932,2026-09-02
ikaliayev,45,Phase 1: RAM,1788327255935,2026-09-02
snoopys030,45,Phase 1: RAM,1788327255938,2026-09-02
mori2323,45,Phase 1: RAM,1788327255973,2026-09-02
alburldador,45,Phase 1: RAM,1788327256113,2026-09-02
madagascaradam,65,Phase 2: CPU,1788327900968,2026-09-02
mori2323,65,Phase 2: CPU,1788327900990,2026-09-02
ivanpetrov32,65,Phase 2: CPU,1788327900995,2026-09-02
xiaoxiao9313,65,Phase 2: CPU,1788327901007,2026-09-02
alfims,65,Phase 2: CPU,1788327901009,2026-09-02
pika_gamy,65,Phase 2: CPU,1788327901012,2026-09-02
lmbs00,65,Phase 2: CPU,1788327901019,2026-09-02
alburldador,65,Phase 2: CPU,1788327901023,2026-09-02
ikaliayev,65,Phase 2: CPU,1788327901026,2026-09-02
shadowladyex,45,Phase 1: RAM,1788329149455,2026-09-02
xiaoxiao9313,45,Phase 1: RAM,1788329149464,2026-09-02
mori2323,45,Phase 1: RAM,1788329149471,2026-09-02
lmbs00,45,Phase 1: RAM,1788329149475,2026-09-02
ragnar175,45,Phase 1: RAM,1788329149477,2026-09-02
snoopys030,45,Phase 1: RAM,1788329149486,2026-09-02
ikaliayev,45,Phase 1: RAM,1788329149515,2026-09-02
xiaoxiao9313,65,Phase 2: HDD,1788329587428,2026-09-02
ikaliayev,65,Phase 2: HDD,1788329587430,2026-09-02
mori2323,65,Phase 2: HDD,1788329587435,2026-09-02
alfims,65,Phase 2: HDD,1788329587439,2026-09-02
shadowladyex,65,Phase 2: HDD,1788329587444,2026-09-02
ikaliayev,45,Phase 1: HDD,1788331064127,2026-09-02
snoopys030,45,Phase 1: HDD,1788331064143,2026-09-02
ragnar175,45,Phase 1: HDD,1788331064162,2026-09-02
lmbs00,45,Phase 1: HDD,1788331064170,2026-09-02
mori2323,45,Phase 1: HDD,1788331064174,2026-09-02
shadowladyex,45,Phase 1: HDD,1788331064194,2026-09-02
xiaoxiao9313,45,Phase 1: HDD,1788331064196,2026-09-02
ivanpetrov32,45,Phase 1: HDD,1788331064201,2026-09-02
pika_gamy,45,Phase 1: HDD,1788331064204,2026-09-02
shadowladyex,65,Phase 2: GPU,1788331542966,2026-09-02
mori2323,65,Phase 2: GPU,1788331542974,2026-09-02
xiaoxiao9313,65,Phase 2: GPU,1788331542988,2026-09-02
pika_gamy,65,Phase 2: GPU,1788331543011,2026-09-02
llucholba,65,Phase 2: GPU,1788331543056,2026-09-02
mori2323,45,Phase 1: CPU,1788332616923,2026-09-02
shadowladyex,45,Phase 1: CPU,1788332616939,2026-09-02
xiaoxiao9313,45,Phase 1: CPU,1788332616960,2026-09-02
pika_gamy,65,Phase 2: GPU,1788333147629,2026-09-02
mori2323,65,Phase 2: GPU,1788333147636,2026-09-02
snoopys030,65,Phase 2: GPU,1788333147642,2026-09-02
valase,65,Phase 2: GPU,1788333147652,2026-09-02
ivanpetrov32,65,Phase 2: GPU,1788333147655,2026-09-02
xiaoxiao9313,65,Phase 2: GPU,1788333147677,2026-09-02
xiaoxiao9313,90,Phase 3: RAM,1788333555571,2026-09-02
alfims,90,Phase 3: RAM,1788333555575,2026-09-02
valase,90,Phase 3: RAM,1788333555578,2026-09-02
shadowladyex,90,Phase 3: RAM,1788333555582,2026-09-02
mori2323,90,Phase 3: RAM,1788333555603,2026-09-02
pika_gamy,90,Phase 3: RAM,1788333555637,2026-09-02
mori2323,45,Phase 1: RAM,1788334665438,2026-09-02
pika_gamy,45,Phase 1: RAM,1788334665447,2026-09-02
xiaoxiao9313,45,Phase 1: RAM,1788334665449,2026-09-02
yurigiu,45,Phase 1: RAM,1788334665451,2026-09-02
pika_gamy,65,Phase 2: HDD,1788335238232,2026-09-02
snoopys030,65,Phase 2: HDD,1788335238254,2026-09-02
xiaoxiao9313,65,Phase 2: HDD,1788335238260,2026-09-02
whitepai,65,Phase 2: HDD,1788335238262,2026-09-02
mori2323,65,Phase 2: HDD,1788335238270,2026-09-02
shadowladyex,65,Phase 2: HDD,1788335238284,2026-09-02
lovegamesandthings00000,45,Phase 1: RAM,1788336452981,2026-09-02
pika_gamy,45,Phase 1: RAM,1788336452985,2026-09-02
naoka_ueno,45,Phase 1: RAM,1788336452998,2026-09-02
shadowladyex,45,Phase 1: RAM,1788336453014,2026-09-02
slay_da_b,45,Phase 1: RAM,1788336453028,2026-09-02
mori2323,45,Phase 1: RAM,1788336453102,2026-09-02
whitepai,45,Phase 1: CPU,1788337902958,2026-09-02
mori2323,45,Phase 1: CPU,1788337902970,2026-09-02
xiaoxiao9313,45,Phase 1: CPU,1788337902983,2026-09-02
lovegamesandthings00000,45,Phase 1: CPU,1788337902986,2026-09-02
shadowladyex,45,Phase 1: CPU,1788337902988,2026-09-02
xiaoxiao9313,65,Phase 2: HDD,1788338383570,2026-09-02
slay_da_b,65,Phase 2: HDD,1788338383576,2026-09-02
mori2323,65,Phase 2: HDD,1788338383593,2026-09-02
whitepai,65,Phase 2: HDD,1788338383607,2026-09-02
shadowladyex,65,Phase 2: HDD,1788338383621,2026-09-02
ivanpetrov32,45,Phase 1: GPU,1788339475125,2026-09-02
mori2323,45,Phase 1: GPU,1788339475128,2026-09-02
shadowladyex,45,Phase 1: GPU,1788339475153,2026-09-02
xiaoxiao9313,45,Phase 1: GPU,1788339475162,2026-09-02
xiaoxiao9313,45,Phase 1: CPU,1788340790660,2026-09-02
whitepai,45,Phase 1: CPU,1788340790666,2026-09-02
snoopys030,45,Phase 1: CPU,1788340790756,2026-09-02
xiaoxiao9313,65,Phase 2: HDD,1788341256614,2026-09-02
naoka_ueno,65,Phase 2: HDD,1788341256620,2026-09-02
shadowladyex,65,Phase 2: HDD,1788341256625,2026-09-02
whitepai,65,Phase 2: HDD,1788341256627,2026-09-02
pika_gamy,65,Phase 2: HDD,1788341256630,2026-09-02
naoka_ueno,45,Phase 1: RAM,1788342364317,2026-09-02
xiaoxiao9313,45,Phase 1: RAM,1788342364321,2026-09-02
shadowladyex,45,Phase 1: RAM,1788342364341,2026-09-02
xiaoxiao9313,65,Phase 2: HDD,1788342925384,2026-09-02
naoka_ueno,65,Phase 2: HDD,1788342925387,2026-09-02
whitepai,65,Phase 2: HDD,1788342925396,2026-09-02
silent_luc,65,Phase 2: HDD,1788342925439,2026-09-02
snoopys030,65,Phase 2: HDD,1788342925467,2026-09-02
snoopys030,45,Phase 1: HDD,1788344102121,2026-09-02
alfims,45,Phase 1: HDD,1788344102127,2026-09-02
operacional_cae,45,Phase 1: HDD,1788344102136,2026-09-02
ivanpetrov32,45,Phase 1: HDD,1788344102230,2026-09-02
xiaoxiao9313,65,Phase 2: CPU,1788344784145,2026-09-02
alfims,65,Phase 2: CPU,1788344784150,2026-09-02
naoka_ueno,65,Phase 2: CPU,1788344784159,2026-09-02
ivanpetrov32,65,Phase 2: CPU,1788344784164,2026-09-02
silent_luc,65,Phase 2: CPU,1788344784167,2026-09-02
pika_gamy,65,Phase 2: CPU,1788344784171,2026-09-02
shadowladyex,65,Phase 2: CPU,1788344784175,2026-09-02
operacional_cae,65,Phase 2: CPU,1788344784177,2026-09-02
shadowladyex,45,Phase 1: GPU,1788346117923,2026-09-02
xiaoxiao9313,45,Phase 1: GPU,1788346117927,2026-09-02
silent_luc,45,Phase 1: GPU,1788346117932,2026-09-02
snoopys030,45,Phase 1: GPU,1788346117934,2026-09-02
puphik,45,Phase 1: GPU,1788346117936,2026-09-02
naoka_ueno,45,Phase 1: GPU,1788346117966,2026-09-02
pika_gamy,45,Phase 1: GPU,1788346118022,2026-09-02
naoka_ueno,45,Phase 1: RAM,1788348264387,2026-09-02
alphonsoe,45,Phase 1: RAM,1788348264393,2026-09-02
silent_luc,45,Phase 1: RAM,1788348264395,2026-09-02
snoopys030,45,Phase 1: RAM,1788348264397,2026-09-02
operacional_cae,45,Phase 1: RAM,1788348264399,2026-09-02
shadowladyex,45,Phase 1: RAM,1788348264407,2026-09-02
xiaoxiao9313,45,Phase 1: RAM,1788348264472,2026-09-02
xiaoxiao9313,65,Phase 2: GPU,1788348834261,2026-09-02
pika_gamy,65,Phase 2: GPU,1788348834272,2026-09-02
silent_luc,65,Phase 2: GPU,1788348834303,2026-09-02
alphonsoe,65,Phase 2: GPU,1788348834310,2026-09-02
shadowladyex,65,Phase 2: GPU,1788348834351,2026-09-02
snoopys030,65,Phase 2: GPU,1788348834359,2026-09-02
alphonsoe,45,Phase 1: RAM,1788350120942,2026-09-02
pika_gamy,45,Phase 1: RAM,1788350120952,2026-09-02
lovegamesandthings00000,45,Phase 1: RAM,1788350120957,2026-09-02
silent_luc,45,Phase 1: RAM,1788350120985,2026-09-02
whitepai,45,Phase 1: RAM,1788350121009,2026-09-02
xiaoxiao9313,45,Phase 1: RAM,1788350121206,2026-09-02
snoopys030,45,Phase 1: RAM,1788351532654,2026-09-02
alphonsoe,45,Phase 1: RAM,1788351532656,2026-09-02
xiaoxiao9313,45,Phase 1: RAM,1788351532661,2026-09-02
lovegamesandthings00000,45,Phase 1: RAM,1788351532669,2026-09-02
xiaoxiao9313,45,Phase 1: HDD,1788352914712,2026-09-02
silent_luc,45,Phase 1: HDD,1788352914732,2026-09-02
pika_gamy,45,Phase 1: HDD,1788352914735,2026-09-02
alfims,45,Phase 1: HDD,1788352914739,2026-09-02
snoopys030,45,Phase 1: HDD,1788352914765,2026-09-02
xiaoxiao9313,65,Phase 2: CPU,1788353424530,2026-09-02
alphonsoe,65,Phase 2: CPU,1788353424537,2026-09-02
alfims,65,Phase 2: CPU,1788353424543,2026-09-02
snoopys030,65,Phase 2: CPU,1788353424547,2026-09-02
madagascaradam,65,Phase 2: CPU,1788353424566,2026-09-02
silent_luc,65,Phase 2: CPU,1788353424608,2026-09-02
xiaoxiao9313,45,Phase 1: RAM,1788355145373,2026-09-02
madagascaradam,45,Phase 1: RAM,1788355145394,2026-09-02
silent_luc,45,Phase 1: RAM,1788355145401,2026-09-02
xiaoxiao9313,45,Phase 1: HDD,1788356400423,2026-09-02
ivanpetrov32,45,Phase 1: HDD,1788356400441,2026-09-02
dahhel,45,Phase 1: HDD,1788356400527,2026-09-02
operacional_cae,65,Phase 2: RAM,1788357087344,2026-09-02
dahhel,65,Phase 2: RAM,1788357087349,2026-09-02
snoopys030,65,Phase 2: RAM,1788357087360,2026-09-02
alphonsoe,65,Phase 2: RAM,1788357087362,2026-09-02
thanossoul,65,Phase 2: RAM,1788357087367,2026-09-02
alfims,65,Phase 2: RAM,1788357087370,2026-09-02
xiaoxiao9313,65,Phase 2: RAM,1788357087372,2026-09-02
ikaliayev,90,Phase 3: CPU,1788357671350,2026-09-02
xiaoxiao9313,90,Phase 3: CPU,1788357671362,2026-09-02
dahhel,90,Phase 3: CPU,1788357671373,2026-09-02
operacional_cae,90,Phase 3: CPU,1788357671377,2026-09-02
silent_luc,90,Phase 3: CPU,1788357671385,2026-09-02
alphonsoe,90,Phase 3: CPU,1788357671392,2026-09-02
lovegamesandthings00000,90,Phase 3: CPU,1788357671396,2026-09-02
alfims,45,Phase 1: GPU,1788358917034,2026-09-02
ikaliayev,45,Phase 1: GPU,1788358917040,2026-09-02
alphonsoe,45,Phase 1: GPU,1788358917047,2026-09-02
silent_luc,45,Phase 1: GPU,1788358917053,2026-09-02
operacional_cae,45,Phase 1: GPU,1788358917058,2026-09-02
pika_gamy,45,Phase 1: GPU,1788358917060,2026-09-02
dahhel,45,Phase 1: GPU,1788358917085,2026-09-02
silent_luc,65,Phase 2: RAM,1788359435970,2026-09-02
dahhel,65,Phase 2: RAM,1788359435978,2026-09-02
alphonsoe,65,Phase 2: RAM,1788359435987,2026-09-02
pika_gamy,65,Phase 2: RAM,1788359436053,2026-09-02
ikaliayev,65,Phase 2: RAM,1788359436063,2026-09-02
thanossoul,65,Phase 2: RAM,1788359436136,2026-09-02
pika_gamy,90,Phase 3: CPU,1788360059998,2026-09-02
player0451,90,Phase 3: CPU,1788360060006,2026-09-02
alphonsoe,90,Phase 3: CPU,1788360060039,2026-09-02
silent_luc,90,Phase 3: CPU,1788360060052,2026-09-02
xiaoxiao9313,90,Phase 3: CPU,1788360060058,2026-09-02
ivanpetrov32,90,Phase 3: CPU,1788360060063,2026-09-02
thanossoul,90,Phase 3: CPU,1788360060092,2026-09-02
dahhel,90,Phase 3: CPU,1788360060102,2026-09-02
ikaliayev,90,Phase 3: CPU,1788360060111,2026-09-02
xiaoxiao9313,45,Phase 1: RAM,1788361332719,2026-09-02
ivanpetrov32,45,Phase 1: RAM,1788361332737,2026-09-02
silent_luc,45,Phase 1: RAM,1788361332740,2026-09-02
dahhel,45,Phase 1: RAM,1788361332745,2026-09-02
pika_gamy,45,Phase 1: RAM,1788361332748,2026-09-02
alphonsoe,45,Phase 1: RAM,1788361332767,2026-09-02
alphonsoe,65,Phase 2: HDD,1788362108814,2026-09-02
lmbs00,65,Phase 2: HDD,1788362108824,2026-09-02
silent_luc,65,Phase 2: HDD,1788362108831,2026-09-02
ikaliayev,65,Phase 2: HDD,1788362108837,2026-09-02
alexwifi42,65,Phase 2: HDD,1788362108843,2026-09-02
player0451,65,Phase 2: HDD,1788362108878,2026-09-02
dahhel,65,Phase 2: HDD,1788362108911,2026-09-02
thanossoul,65,Phase 2: HDD,1788362108924,2026-09-02
pika_gamy,65,Phase 2: HDD,1788362108934,2026-09-02
lovegamesandthings00000,65,Phase 2: HDD,1788362109017,2026-09-02
xiaoxiao9313,65,Phase 2: HDD,1788362109022,2026-09-02
dahhel,90,Phase 3: GPU,1788362705784,2026-09-02
lillakra,90,Phase 3: GPU,1788362705798,2026-09-02
silent_luc,90,Phase 3: GPU,1788362705803,2026-09-02
pika_gamy,90,Phase 3: GPU,1788362705814,2026-09-02
lovegamesandthings00000,90,Phase 3: GPU,1788362705832,2026-09-02
ikaliayev,90,Phase 3: GPU,1788362705835,2026-09-02
thanossoul,90,Phase 3: GPU,1788362705837,2026-09-02
alexwifi42,90,Phase 3: GPU,1788362705843,2026-09-02
alphonsoe,90,Phase 3: GPU,1788362705929,2026-09-02
xiaoxiao9313,90,Phase 3: GPU,1788362705960,2026-09-02
cerebralx1,120,Phase 4: CPU,1788363136717,2026-09-02
dahhel,120,Phase 4: CPU,1788363136720,2026-09-02
xiaoxiao9313,120,Phase 4: CPU,1788363136739,2026-09-02
pika_gamy,120,Phase 4: CPU,1788363136750,2026-09-02
ivanpetrov32,120,Phase 4: CPU,1788363136754,2026-09-02
lmbs00,120,Phase 4: CPU,1788363136757,2026-09-02
slay_da_b,120,Phase 4: CPU,1788363136801,2026-09-02
ikaliayev,120,Phase 4: CPU,1788363136806,2026-09-02
ragnar175,120,Phase 4: CPU,1788363136833,2026-09-02
xiaoxiao9313,166,proStar bonus: all 4 phases,1788363137281,2026-09-02
dahhel,166,proStar bonus: all 4 phases,1788363137284,2026-09-02
pika_gamy,166,proStar bonus: all 4 phases,1788363137292,2026-09-02
dahhel,45,Phase 1: RAM,1788363977687,2026-09-02
cerebralx1,45,Phase 1: RAM,1788363977693,2026-09-02
alexwifi42,45,Phase 1: RAM,1788363977702,2026-09-02
thanossoul,45,Phase 1: RAM,1788363977742,2026-09-02
lovegamesandthings00000,45,Phase 1: RAM,1788363977752,2026-09-02
silent_luc,45,Phase 1: RAM,1788363977754,2026-09-02
ikaliayev,45,Phase 1: RAM,1788363977767,2026-09-02
alphonsoe,45,Phase 1: RAM,1788363977778,2026-09-02
ikaliayev,65,Phase 2: GPU,1788364432649,2026-09-02
ivanpetrov32,65,Phase 2: GPU,1788364432653,2026-09-02
xiaoxiao9313,65,Phase 2: GPU,1788364432656,2026-09-02
lillakra,65,Phase 2: GPU,1788364432668,2026-09-02
cerebralx1,65,Phase 2: GPU,1788364432680,2026-09-02
dahhel,65,Phase 2: GPU,1788364432693,2026-09-02
thanossoul,65,Phase 2: GPU,1788364432698,2026-09-02
ivanpetrov32,90,Phase 3: HDD,1788365160756,2026-09-02
lovegamesandthings00000,90,Phase 3: HDD,1788365160776,2026-09-02
lmbs00,90,Phase 3: HDD,1788365160782,2026-09-02
operacional_cae,90,Phase 3: HDD,1788365160787,2026-09-02
alphonsoe,90,Phase 3: HDD,1788365160790,2026-09-02
player0451,90,Phase 3: HDD,1788365160803,2026-09-02
thanossoul,90,Phase 3: HDD,1788365160807,2026-09-02
lillakra,90,Phase 3: HDD,1788365160814,2026-09-02
alexwifi42,90,Phase 3: HDD,1788365160816,2026-09-02
ikaliayev,90,Phase 3: HDD,1788365160826,2026-09-02
cerebralx1,90,Phase 3: HDD,1788365160873,2026-09-02
silent_luc,90,Phase 3: HDD,1788365160882,2026-09-02
xiaoxiao9313,90,Phase 3: HDD,1788365161270,2026-09-02
dahhel,90,Phase 3: HDD,1788365161577,2026-09-02
dahhel,45,Phase 1: HDD,1788366519332,2026-09-02
thanossoul,45,Phase 1: HDD,1788366519338,2026-09-02
ikaliayev,45,Phase 1: HDD,1788366519342,2026-09-02
lmbs00,45,Phase 1: HDD,1788366519357,2026-09-02
xiaoxiao9313,45,Phase 1: HDD,1788366519447,2026-09-02
silent_luc,45,Phase 1: HDD,1788366519459,2026-09-02
pika_gamy,45,Phase 1: HDD,1788366519462,2026-09-02
cerebralx1,45,Phase 1: HDD,1788366519466,2026-09-02
lovegamesandthings00000,45,Phase 1: HDD,1788366519583,2026-09-02
alyssrentori,65,Phase 2: CPU,1788367331361,2026-09-02
lovegamesandthings00000,65,Phase 2: CPU,1788367331366,2026-09-02
cerebralx1,65,Phase 2: CPU,1788367331368,2026-09-02
lmbs00,65,Phase 2: CPU,1788367331375,2026-09-02
operacional_cae,65,Phase 2: CPU,1788367331377,2026-09-02
silent_luc,65,Phase 2: CPU,1788367331380,2026-09-02
dahhel,65,Phase 2: CPU,1788367331385,2026-09-02
xiaoxiao9313,65,Phase 2: CPU,1788367331393,2026-09-02
alburldador,65,Phase 2: CPU,1788367331398,2026-09-02
thanossoul,65,Phase 2: CPU,1788367331403,2026-09-02
ikaliayev,65,Phase 2: CPU,1788367331409,2026-09-02
cerebralx1,90,Phase 3: RAM,1788367779324,2026-09-02
xiaoxiao9313,90,Phase 3: RAM,1788367779330,2026-09-02
ivanpetrov32,90,Phase 3: RAM,1788367779333,2026-09-02
silent_luc,90,Phase 3: RAM,1788367779335,2026-09-02
dahhel,90,Phase 3: RAM,1788367779343,2026-09-02
pika_gamy,90,Phase 3: RAM,1788367779345,2026-09-02
ikaliayev,90,Phase 3: RAM,1788367779351,2026-09-02
alburldador,90,Phase 3: RAM,1788367779373,2026-09-02
lmbs00,90,Phase 3: RAM,1788367779377,2026-09-02
silent_luc,45,Phase 1: RAM,1788369275625,2026-09-02
alburldador,45,Phase 1: RAM,1788369275644,2026-09-02
alexwifi42,45,Phase 1: RAM,1788369275652,2026-09-02
dahhel,45,Phase 1: RAM,1788369275657,2026-09-02
cerebralx1,45,Phase 1: RAM,1788369275663,2026-09-02
lmbs00,45,Phase 1: RAM,1788369275673,2026-09-02
player0451,45,Phase 1: RAM,1788369275675,2026-09-02
thanossoul,45,Phase 1: RAM,1788369275680,2026-09-02
ikaliayev,45,Phase 1: RAM,1788369275687,2026-09-02
ivanpetrov32,45,Phase 1: RAM,1788369275692,2026-09-02
xiaoxiao9313,45,Phase 1: RAM,1788369275694,2026-09-02
ragnar175,45,Phase 1: RAM,1788369275699,2026-09-02
ragnar175,65,Phase 2: CPU,1788369800173,2026-09-02
ikaliayev,65,Phase 2: CPU,1788369800183,2026-09-02
lovegamesandthings00000,65,Phase 2: CPU,1788369800188,2026-09-02
dahhel,65,Phase 2: CPU,1788369800199,2026-09-02
xiaoxiao9313,65,Phase 2: CPU,1788369800204,2026-09-02
alexwifi42,65,Phase 2: CPU,1788369800235,2026-09-02
lmbs00,65,Phase 2: CPU,1788369800331,2026-09-02
alexwifi42,45,Phase 1: GPU,1788370988720,2026-09-02
dahhel,45,Phase 1: GPU,1788370988733,2026-09-02
alburldador,45,Phase 1: GPU,1788370988736,2026-09-02
ikaliayev,45,Phase 1: GPU,1788370988742,2026-09-02
lovegamesandthings00000,45,Phase 1: GPU,1788370988755,2026-09-02
silent_luc,45,Phase 1: GPU,1788370988783,2026-09-02
xiaoxiao9313,45,Phase 1: GPU,1788370989125,2026-09-02
alburldador,65,Phase 2: HDD,1788371660034,2026-09-02
lmbs00,65,Phase 2: HDD,1788371660040,2026-09-02
xiaoxiao9313,65,Phase 2: HDD,1788371660044,2026-09-02
ikaliayev,65,Phase 2: HDD,1788371660050,2026-09-02
dahhel,65,Phase 2: HDD,1788371660053,2026-09-02
alexwifi42,65,Phase 2: HDD,1788371660061,2026-09-02
silent_luc,65,Phase 2: HDD,1788371660064,2026-09-02
lovegamesandthings00000,65,Phase 2: HDD,1788371660068,2026-09-02
thanossoul,65,Phase 2: HDD,1788371660073,2026-09-02
ragnar175,65,Phase 2: HDD,1788371660078,2026-09-02
ikaliayev,45,Phase 1: GPU,1788372739509,2026-09-02
hopelessss_,45,Phase 1: GPU,1788372739526,2026-09-02
xiaoxiao9313,45,Phase 1: GPU,1788372739543,2026-09-02
lmbs00,45,Phase 1: GPU,1788372739594,2026-09-02
silent_luc,65,Phase 2: RAM,1788373490405,2026-09-02
alburldador,65,Phase 2: RAM,1788373490417,2026-09-02
lmbs00,65,Phase 2: RAM,1788373490421,2026-09-02
alexwifi42,65,Phase 2: RAM,1788373490424,2026-09-02
xiaoxiao9313,65,Phase 2: RAM,1788373490428,2026-09-02
valase,65,Phase 2: RAM,1788373490431,2026-09-02
ikaliayev,65,Phase 2: RAM,1788373490433,2026-09-02
thanossoul,65,Phase 2: RAM,1788373490437,2026-09-02
dahhel,65,Phase 2: RAM,1788373490479,2026-09-02
hopelessss_,65,Phase 2: RAM,1788373490489,2026-09-02
ikaliayev,45,Phase 1: RAM,1788374985285,2026-09-02
lmbs00,45,Phase 1: RAM,1788374985295,2026-09-02
alexwifi42,45,Phase 1: RAM,1788374985309,2026-09-02
ivanpetrov32,45,Phase 1: RAM,1788374985317,2026-09-02
player0451,45,Phase 1: RAM,1788374985321,2026-09-02
hopelessss_,45,Phase 1: RAM,1788374985333,2026-09-02
alburldador,45,Phase 1: RAM,1788374985336,2026-09-02
pika_gamy,45,Phase 1: RAM,1788374985338,2026-09-02
dahhel,45,Phase 1: RAM,1788374985341,2026-09-02
alyssrentori,45,Phase 1: RAM,1788374985347,2026-09-02
thanossoul,45,Phase 1: RAM,1788374985350,2026-09-02
pika_gamy,65,Phase 2: CPU,1788375684265,2026-09-02
hopelessss_,65,Phase 2: CPU,1788375684275,2026-09-02
thanossoul,65,Phase 2: CPU,1788375684282,2026-09-02
silent_luc,65,Phase 2: CPU,1788375684286,2026-09-02
alfims,65,Phase 2: CPU,1788375684309,2026-09-02
lmbs00,65,Phase 2: CPU,1788375684315,2026-09-02
dahhel,65,Phase 2: CPU,1788375684320,2026-09-02
ikaliayev,65,Phase 2: CPU,1788375684323,2026-09-02
alexwifi42,65,Phase 2: CPU,1788375684355,2026-09-02
lmbs00,45,Phase 1: GPU,1788376858954,2026-09-02
ikaliayev,45,Phase 1: GPU,1788376858958,2026-09-02
thanossoul,45,Phase 1: GPU,1788376858964,2026-09-02
dahhel,45,Phase 1: GPU,1788376858971,2026-09-02
alfims,45,Phase 1: GPU,1788376858973,2026-09-02
alburldador,45,Phase 1: GPU,1788376858979,2026-09-02
ikaliayev,65,Phase 2: HDD,1788377479742,2026-09-02
valase,65,Phase 2: HDD,1788377479755,2026-09-02
lovegamesandthings00000,65,Phase 2: HDD,1788377479759,2026-09-02
hopelessss_,65,Phase 2: HDD,1788377479798,2026-09-02
pika_gamy,65,Phase 2: HDD,1788377479803,2026-09-02
ivanpetrov32,65,Phase 2: HDD,1788377479815,2026-09-02
lmbs00,65,Phase 2: HDD,1788377479826,2026-09-02
dahhel,65,Phase 2: HDD,1788377479830,2026-09-02
alexwifi42,65,Phase 2: HDD,1788377479833,2026-09-02
ikaliayev,90,Phase 3: RAM,1788377883023,2026-09-02
pika_gamy,90,Phase 3: RAM,1788377883027,2026-09-02
lmbs00,90,Phase 3: RAM,1788377883032,2026-09-02
alburldador,90,Phase 3: RAM,1788377883037,2026-09-02
hopelessss_,90,Phase 3: RAM,1788377883050,2026-09-02
thanossoul,90,Phase 3: RAM,1788377883070,2026-09-02
valase,90,Phase 3: RAM,1788377883073,2026-09-02
silent_luc,90,Phase 3: RAM,1788377883088,2026-09-02
alexwifi42,90,Phase 3: RAM,1788377883134,2026-09-02
ikaliayev,45,Phase 1: HDD,1788379928207,2026-09-02
mori2323,45,Phase 1: HDD,1788379928233,2026-09-02
pika_gamy,45,Phase 1: HDD,1788379928235,2026-09-02
thanossoul,45,Phase 1: HDD,1788379928238,2026-09-02
hopelessss_,45,Phase 1: HDD,1788379928239,2026-09-02
alburldador,45,Phase 1: HDD,1788379928296,2026-09-02
dahhel,45,Phase 1: HDD,1788379928304,2026-09-02
silent_luc,45,Phase 1: HDD,1788379928331,2026-09-02
lmbs00,45,Phase 1: HDD,1788379928425,2026-09-02
silent_luc,65,Phase 2: GPU,1788380733490,2026-09-02
dahhel,65,Phase 2: GPU,1788380733498,2026-09-02
valase,65,Phase 2: GPU,1788380733504,2026-09-02
lmbs00,65,Phase 2: GPU,1788380733510,2026-09-02
mori2323,65,Phase 2: GPU,1788380733520,2026-09-02
shadowladyex,65,Phase 2: GPU,1788380733524,2026-09-02
ikaliayev,65,Phase 2: GPU,1788380733527,2026-09-02
lovegamesandthings00000,65,Phase 2: GPU,1788380733529,2026-09-02
alburldador,65,Phase 2: GPU,1788380733531,2026-09-02
pika_gamy,65,Phase 2: GPU,1788380733541,2026-09-02
thanossoul,65,Phase 2: GPU,1788380733576,2026-09-02
lmbs00,90,Phase 3: RAM,1788381252533,2026-09-02
ikaliayev,90,Phase 3: RAM,1788381252540,2026-09-02
alburldador,90,Phase 3: RAM,1788381252544,2026-09-02
shadowladyex,90,Phase 3: RAM,1788381252566,2026-09-02
thanossoul,90,Phase 3: RAM,1788381252595,2026-09-02
pika_gamy,90,Phase 3: RAM,1788381252603,2026-09-02
mori2323,90,Phase 3: RAM,1788381252617,2026-09-02
dahhel,90,Phase 3: RAM,1788381252649,2026-09-02
silent_luc,90,Phase 3: RAM,1788381252739,2026-09-02
mori2323,45,Phase 1: GPU,1788382604085,2026-09-02
pika_gamy,45,Phase 1: GPU,1788382604089,2026-09-02
ikaliayev,45,Phase 1: GPU,1788382604096,2026-09-02
shadowladyex,45,Phase 1: GPU,1788382604104,2026-09-02
alburldador,45,Phase 1: GPU,1788382604105,2026-09-02
lmbs00,45,Phase 1: GPU,1788382604109,2026-09-02
dahhel,45,Phase 1: GPU,1788382604149,2026-09-02
valase,45,Phase 1: GPU,1788382604167,2026-09-02
lmbs00,90,Phase 3: CPU,1788383727147,2026-09-02
valase,90,Phase 3: CPU,1788383727156,2026-09-02
dahhel,90,Phase 3: CPU,1788383727166,2026-09-02
silent_luc,90,Phase 3: CPU,1788383727169,2026-09-02
shadowladyex,90,Phase 3: CPU,1788383727187,2026-09-02
mori2323,90,Phase 3: CPU,1788383727228,2026-09-02
alburldador,90,Phase 3: CPU,1788383727230,2026-09-02
operacional_cae,90,Phase 3: CPU,1788383727241,2026-09-02
thanossoul,90,Phase 3: CPU,1788383727245,2026-09-02
pika_gamy,90,Phase 3: CPU,1788383727287,2026-09-02
ikaliayev,90,Phase 3: CPU,1788383727435,2026-09-02
valase,45,Phase 1: RAM,1788384977881,2026-09-02
pika_gamy,45,Phase 1: RAM,1788384977884,2026-09-02
dahhel,45,Phase 1: RAM,1788384977889,2026-09-02
shadowladyex,45,Phase 1: RAM,1788384977917,2026-09-02
lmbs00,45,Phase 1: RAM,1788384977922,2026-09-02
madagascaradam,45,Phase 1: RAM,1788384977944,2026-09-02
mori2323,45,Phase 1: RAM,1788384977948,2026-09-02
silent_luc,45,Phase 1: RAM,1788384978146,2026-09-02
alexwifi42,65,Phase 2: HDD,1788385616740,2026-09-02
madagascaradam,65,Phase 2: HDD,1788385616744,2026-09-02
mori2323,65,Phase 2: HDD,1788385616749,2026-09-02
lmbs00,65,Phase 2: HDD,1788385616751,2026-09-02
pika_gamy,65,Phase 2: HDD,1788385616757,2026-09-02
ikaliayev,65,Phase 2: HDD,1788385616759,2026-09-02
shadowladyex,65,Phase 2: HDD,1788385616760,2026-09-02
dahhel,65,Phase 2: HDD,1788385616763,2026-09-02
pika_gamy,90,Phase 3: GPU,1788386089830,2026-09-02
alexwifi42,90,Phase 3: GPU,1788386089837,2026-09-02
operacional_cae,90,Phase 3: GPU,1788386089840,2026-09-02
lmbs00,90,Phase 3: GPU,1788386089845,2026-09-02
ikaliayev,90,Phase 3: GPU,1788386089848,2026-09-02
shadowladyex,90,Phase 3: GPU,1788386089863,2026-09-02
valase,90,Phase 3: GPU,1788386089896,2026-09-02
mori2323,90,Phase 3: GPU,1788386089902,2026-09-02
dahhel,90,Phase 3: GPU,1788386089904,2026-09-02
silent_luc,90,Phase 3: GPU,1788386089972,2026-09-02
ikaliayev,45,Phase 1: HDD,1788387557318,2026-09-02
pika_gamy,45,Phase 1: HDD,1788387557332,2026-09-02
shadowladyex,45,Phase 1: HDD,1788387557337,2026-09-02
thanossoul,45,Phase 1: HDD,1788387557340,2026-09-02
operacional_cae,45,Phase 1: HDD,1788387557344,2026-09-02
lovegamesandthings00000,45,Phase 1: HDD,1788387557346,2026-09-02
valase,45,Phase 1: HDD,1788387557357,2026-09-02
silent_luc,45,Phase 1: HDD,1788387557378,2026-09-02
dahhel,45,Phase 1: HDD,1788387557391,2026-09-02
lmbs00,45,Phase 1: HDD,1788387557397,2026-09-02
hopelessss_,45,Phase 1: CPU,1788389282485,2026-09-02
pika_gamy,45,Phase 1: CPU,1788389282502,2026-09-02
lmbs00,45,Phase 1: CPU,1788389282512,2026-09-02
player0451,45,Phase 1: CPU,1788389282515,2026-09-02
silent_luc,45,Phase 1: CPU,1788389282518,2026-09-02
dahhel,45,Phase 1: CPU,1788389282540,2026-09-02
shadowladyex,45,Phase 1: CPU,1788389282543,2026-09-02
ikaliayev,45,Phase 1: CPU,1788389282547,2026-09-02
mori2323,45,Phase 1: CPU,1788389282616,2026-09-02
snoopys030,45,Phase 1: CPU,1788389282622,2026-09-02
valase,45,Phase 1: CPU,1788389282642,2026-09-02
thanossoul,65,Phase 2: GPU,1788389973607,2026-09-02
lmbs00,65,Phase 2: GPU,1788389973611,2026-09-02
dahhel,65,Phase 2: GPU,1788389973615,2026-09-02
shadowladyex,65,Phase 2: GPU,1788389973638,2026-09-02
pika_gamy,65,Phase 2: GPU,1788389973657,2026-09-02
operacional_cae,65,Phase 2: GPU,1788389973670,2026-09-02
snoopys030,65,Phase 2: GPU,1788389973673,2026-09-02
valase,65,Phase 2: GPU,1788389973685,2026-09-02
ikaliayev,65,Phase 2: GPU,1788389973707,2026-09-02
mori2323,45,Phase 1: RAM,1788391374319,2026-09-02
valase,45,Phase 1: RAM,1788391374333,2026-09-02
snoopys030,45,Phase 1: RAM,1788391374348,2026-09-02
dahhel,45,Phase 1: RAM,1788391374354,2026-09-02
shadowladyex,45,Phase 1: RAM,1788391374359,2026-09-02
thanossoul,45,Phase 1: RAM,1788391374362,2026-09-02
hopelessss_,45,Phase 1: RAM,1788391374365,2026-09-02
lovegamesandthings00000,45,Phase 1: RAM,1788391374369,2026-09-02
ikaliayev,45,Phase 1: RAM,1788391374372,2026-09-02
dahhel,65,Phase 2: CPU,1788392086369,2026-09-02
hopelessss_,65,Phase 2: CPU,1788392086380,2026-09-02
thanossoul,65,Phase 2: CPU,1788392086397,2026-09-02
valase,65,Phase 2: CPU,1788392086406,2026-09-02
ikaliayev,65,Phase 2: CPU,1788392086411,2026-09-02
snoopys030,65,Phase 2: CPU,1788392086418,2026-09-02
silent_luc,65,Phase 2: CPU,1788392086422,2026-09-02
lmbs00,65,Phase 2: CPU,1788392086442,2026-09-02
mori2323,65,Phase 2: CPU,1788392086469,2026-09-02
shadowladyex,65,Phase 2: CPU,1788392086474,2026-09-02
mori2323,45,Phase 1: CPU,1788393492046,2026-09-02
shadowladyex,45,Phase 1: CPU,1788393492060,2026-09-02
snoopys030,45,Phase 1: CPU,1788393492088,2026-09-02
thanossoul,45,Phase 1: CPU,1788393492098,2026-09-02
valase,45,Phase 1: CPU,1788393492100,2026-09-02
silent_luc,45,Phase 1: CPU,1788393492107,2026-09-02
lmbs00,45,Phase 1: CPU,1788393492113,2026-09-02
dahhel,45,Phase 1: CPU,1788393492119,2026-09-02
ikaliayev,45,Phase 1: CPU,1788393492327,2026-09-02
dahhel,65,Phase 2: HDD,1788393957296,2026-09-03
mori2323,65,Phase 2: HDD,1788393957359,2026-09-03
valase,65,Phase 2: HDD,1788393957379,2026-09-03
shadowladyex,65,Phase 2: HDD,1788393957385,2026-09-03
thanossoul,65,Phase 2: HDD,1788393957387,2026-09-03
ikaliayev,65,Phase 2: HDD,1788393957389,2026-09-03
shadowladyex,45,Phase 1: GPU,1788395297672,2026-09-03
mori2323,45,Phase 1: GPU,1788395297680,2026-09-03
silent_luc,45,Phase 1: GPU,1788395297692,2026-09-03
snoopys030,45,Phase 1: GPU,1788395297704,2026-09-03
lmbs00,45,Phase 1: GPU,1788395297725,2026-09-03
valase,45,Phase 1: GPU,1788395297748,2026-09-03
ikaliayev,45,Phase 1: GPU,1788395297756,2026-09-03
dahhel,45,Phase 1: GPU,1788395297757,2026-09-03
shadowladyex,65,Phase 2: CPU,1788395943643,2026-09-03
snoopys030,65,Phase 2: CPU,1788395943645,2026-09-03
lmbs00,65,Phase 2: CPU,1788395943649,2026-09-03
dahhel,65,Phase 2: CPU,1788395943654,2026-09-03
silent_luc,65,Phase 2: CPU,1788395943656,2026-09-03
valase,65,Phase 2: CPU,1788395943658,2026-09-03
ikaliayev,65,Phase 2: CPU,1788395943662,2026-09-03
mori2323,65,Phase 2: CPU,1788395943684,2026-09-03
shadowladyex,90,Phase 3: HDD,1788396438687,2026-09-03
dahhel,90,Phase 3: HDD,1788396438691,2026-09-03
mori2323,90,Phase 3: HDD,1788396438693,2026-09-03
ikaliayev,90,Phase 3: HDD,1788396438700,2026-09-03
snoopys030,90,Phase 3: HDD,1788396438702,2026-09-03
silent_luc,90,Phase 3: HDD,1788396438705,2026-09-03
lmbs00,90,Phase 3: HDD,1788396438708,2026-09-03
valase,90,Phase 3: HDD,1788396438720,2026-09-03
ikaliayev,45,Phase 1: HDD,1788397655392,2026-09-03
lmbs00,45,Phase 1: HDD,1788397655395,2026-09-03
dahhel,45,Phase 1: HDD,1788397655399,2026-09-03
mori2323,45,Phase 1: HDD,1788397655401,2026-09-03
silent_luc,45,Phase 1: HDD,1788397655403,2026-09-03
shadowladyex,45,Phase 1: HDD,1788397655468,2026-09-03
ikaliayev,65,Phase 2: RAM,1788398120350,2026-09-03
shadowladyex,65,Phase 2: RAM,1788398120369,2026-09-03
mori2323,65,Phase 2: RAM,1788398120419,2026-09-03
dahhel,65,Phase 2: RAM,1788398120457,2026-09-03
silent_luc,65,Phase 2: RAM,1788398120468,2026-09-03
shadowladyex,90,Phase 3: GPU,1788398595303,2026-09-03
lmbs00,90,Phase 3: GPU,1788398595310,2026-09-03
ikaliayev,90,Phase 3: GPU,1788398595315,2026-09-03
pika_gamy,90,Phase 3: GPU,1788398595324,2026-09-03
dahhel,90,Phase 3: GPU,1788398595327,2026-09-03
mori2323,90,Phase 3: GPU,1788398595369,2026-09-03
thanossoul,90,Phase 3: GPU,1788398595382,2026-09-03
xiaoxiao9313,45,Phase 1: RAM,1788400043134,2026-09-03
thanossoul,45,Phase 1: RAM,1788400043149,2026-09-03
silent_luc,45,Phase 1: RAM,1788400043177,2026-09-03
lmbs00,45,Phase 1: RAM,1788400043181,2026-09-03
shadowladyex,45,Phase 1: RAM,1788400043187,2026-09-03
ikaliayev,45,Phase 1: RAM,1788400043210,2026-09-03
snoopys030,45,Phase 1: RAM,1788400043224,2026-09-03
dahhel,45,Phase 1: RAM,1788400043240,2026-09-03
mori2323,45,Phase 1: RAM,1788400043253,2026-09-03
silent_luc,65,Phase 2: GPU,1788400852766,2026-09-03
mori2323,65,Phase 2: GPU,1788400852774,2026-09-03
ikaliayev,65,Phase 2: GPU,1788400852780,2026-09-03
lmbs00,65,Phase 2: GPU,1788400852785,2026-09-03
snoopys030,65,Phase 2: GPU,1788400852793,2026-09-03
aswd002,65,Phase 2: GPU,1788400852795,2026-09-03
slay_da_b,65,Phase 2: GPU,1788400852799,2026-09-03
dahhel,65,Phase 2: GPU,1788400852806,2026-09-03
xiaoxiao9313,65,Phase 2: GPU,1788400852832,2026-09-03
shadowladyex,65,Phase 2: GPU,1788400852944,2026-09-03
shadowladyex,90,Phase 3: HDD,1788401340849,2026-09-03
mori2323,90,Phase 3: HDD,1788401340863,2026-09-03
dahhel,90,Phase 3: HDD,1788401340867,2026-09-03
silent_luc,90,Phase 3: HDD,1788401340876,2026-09-03
lmbs00,90,Phase 3: HDD,1788401340895,2026-09-03
ikaliayev,90,Phase 3: HDD,1788401340902,2026-09-03
xiaoxiao9313,90,Phase 3: HDD,1788401340909,2026-09-03
snoopys030,120,Phase 4: CPU,1788401807042,2026-09-03
slay_da_b,120,Phase 4: CPU,1788401807048,2026-09-03
shadowladyex,120,Phase 4: CPU,1788401807051,2026-09-03
silent_luc,120,Phase 4: CPU,1788401807057,2026-09-03
ikaliayev,120,Phase 4: CPU,1788401807063,2026-09-03
dahhel,120,Phase 4: CPU,1788401807065,2026-09-03
lmbs00,120,Phase 4: CPU,1788401807082,2026-09-03
xiaoxiao9313,120,Phase 4: CPU,1788401807085,2026-09-03
alyssrentori,120,Phase 4: CPU,1788401807091,2026-09-03
dahhel,83,proStar bonus: all 4 phases,1788401807552,2026-09-03
lmbs00,83,proStar bonus: all 4 phases,1788401807554,2026-09-03
xiaoxiao9313,83,proStar bonus: all 4 phases,1788401807561,2026-09-03
ikaliayev,83,proStar bonus: all 4 phases,1788401807567,2026-09-03
shadowladyex,83,proStar bonus: all 4 phases,1788401807571,2026-09-03
silent_luc,83,proStar bonus: all 4 phases,1788401807622,2026-09-03
dahhel,45,Phase 1: RAM,1788402707699,2026-09-03
lovegamesandthings00000,45,Phase 1: RAM,1788402707703,2026-09-03
shadowladyex,45,Phase 1: RAM,1788402707708,2026-09-03
lmbs00,45,Phase 1: RAM,1788402707714,2026-09-03
snoopys030,45,Phase 1: RAM,1788402707718,2026-09-03
madagascaradam,45,Phase 1: RAM,1788402707721,2026-09-03
ikaliayev,45,Phase 1: RAM,1788402707751,2026-09-03
slay_da_b,65,Phase 2: CPU,1788403252688,2026-09-03
xiaoxiao9313,65,Phase 2: CPU,1788403252694,2026-09-03
shadowladyex,65,Phase 2: CPU,1788403252703,2026-09-03
aswd002,65,Phase 2: CPU,1788403252736,2026-09-03
ikaliayev,65,Phase 2: CPU,1788403252738,2026-09-03
dahhel,65,Phase 2: CPU,1788403252741,2026-09-03
dahhel,90,Phase 3: GPU,1788403706739,2026-09-03
xiaoxiao9313,90,Phase 3: GPU,1788403706747,2026-09-03
lovegamesandthings00000,90,Phase 3: GPU,1788403706751,2026-09-03
ikaliayev,90,Phase 3: GPU,1788403706755,2026-09-03
lmbs00,90,Phase 3: GPU,1788403706765,2026-09-03
shadowladyex,90,Phase 3: GPU,1788403706767,2026-09-03
snoopys030,90,Phase 3: GPU,1788403706769,2026-09-03
dahhel,45,Phase 1: HDD,1788404870846,2026-09-03
xiaoxiao9313,45,Phase 1: HDD,1788404870861,2026-09-03
ikaliayev,45,Phase 1: HDD,1788404870868,2026-09-03
mori2323,45,Phase 1: HDD,1788404870874,2026-09-03
lmbs00,45,Phase 1: HDD,1788404870878,2026-09-03
shadowladyex,45,Phase 1: HDD,1788404870885,2026-09-03
dahhel,65,Phase 2: GPU,1788405401268,2026-09-03
xiaoxiao9313,65,Phase 2: GPU,1788405401295,2026-09-03
snoopys030,65,Phase 2: GPU,1788405401298,2026-09-03
llucholba,65,Phase 2: GPU,1788405401304,2026-09-03
ikaliayev,65,Phase 2: GPU,1788405401309,2026-09-03
mori2323,65,Phase 2: GPU,1788405401314,2026-09-03
mori2323,45,Phase 1: RAM,1788407083209,2026-09-03
dahhel,45,Phase 1: RAM,1788407083227,2026-09-03
lmbs00,45,Phase 1: RAM,1788407083230,2026-09-03
madagascaradam,45,Phase 1: RAM,1788407083233,2026-09-03
slay_da_b,45,Phase 1: RAM,1788407083242,2026-09-03
shadowladyex,45,Phase 1: RAM,1788407083246,2026-09-03
ikaliayev,45,Phase 1: RAM,1788407083266,2026-09-03
lovegamesandthings00000,45,Phase 1: RAM,1788407083272,2026-09-03
snoopys030,45,Phase 1: RAM,1788407083289,2026-09-03
ragnar175,45,Phase 1: RAM,1788407083292,2026-09-03
xiaoxiao9313,45,Phase 1: RAM,1788407083309,2026-09-03
llucholba,45,Phase 1: RAM,1788407083312,2026-09-03
thanossoul,45,Phase 1: RAM,1788407083317,2026-09-03
ivanpetrov32,65,Phase 2: GPU,1788407956848,2026-09-03
dahhel,65,Phase 2: GPU,1788407956857,2026-09-03
ikaliayev,65,Phase 2: GPU,1788407956860,2026-09-03
madagascaradam,65,Phase 2: GPU,1788407956873,2026-09-03
snoopys030,65,Phase 2: GPU,1788407956876,2026-09-03
shadowladyex,65,Phase 2: GPU,1788407956879,2026-09-03
ragnar175,65,Phase 2: GPU,1788407956884,2026-09-03
lmbs00,65,Phase 2: GPU,1788407956903,2026-09-03
mori2323,65,Phase 2: GPU,1788407956915,2026-09-03
xiaoxiao9313,65,Phase 2: GPU,1788407956936,2026-09-03
thanossoul,65,Phase 2: GPU,1788407956958,2026-09-03
slay_da_b,90,Phase 3: CPU,1788408816006,2026-09-03
llucholba,90,Phase 3: CPU,1788408816011,2026-09-03
puphik,90,Phase 3: CPU,1788408816014,2026-09-03
ivanpetrov32,90,Phase 3: CPU,1788408816099,2026-09-03
shadowladyex,90,Phase 3: CPU,1788408816102,2026-09-03
ragnar175,90,Phase 3: CPU,1788408816109,2026-09-03
madagascaradam,90,Phase 3: CPU,1788408816111,2026-09-03
xiaoxiao9313,90,Phase 3: CPU,1788408816120,2026-09-03
lmbs00,90,Phase 3: CPU,1788408816125,2026-09-03
dahhel,90,Phase 3: CPU,1788408816128,2026-09-03
lovegamesandthings00000,90,Phase 3: CPU,1788408816130,2026-09-03
mori2323,90,Phase 3: CPU,1788408816134,2026-09-03
ikaliayev,90,Phase 3: CPU,1788408816219,2026-09-03
ragnar175,120,Phase 4: HDD,1788409497802,2026-09-03
llucholba,120,Phase 4: HDD,1788409497810,2026-09-03
lmbs00,120,Phase 4: HDD,1788409497819,2026-09-03
mori2323,120,Phase 4: HDD,1788409497837,2026-09-03
madagascaradam,120,Phase 4: HDD,1788409497840,2026-09-03
shadowladyex,120,Phase 4: HDD,1788409497843,2026-09-03
alburldador,120,Phase 4: HDD,1788409497847,2026-09-03
ivanpetrov32,120,Phase 4: HDD,1788409497851,2026-09-03
xiaoxiao9313,120,Phase 4: HDD,1788409497853,2026-09-03
ikaliayev,120,Phase 4: HDD,1788409497856,2026-09-03
dahhel,120,Phase 4: HDD,1788409497869,2026-09-03
thanossoul,120,Phase 4: HDD,1788409497879,2026-09-03
snoopys030,120,Phase 4: HDD,1788409497882,2026-09-03
dahhel,62,proStar bonus: all 4 phases,1788409498391,2026-09-03
xiaoxiao9313,62,proStar bonus: all 4 phases,1788409498396,2026-09-03
lmbs00,62,proStar bonus: all 4 phases,1788409498402,2026-09-03
ragnar175,62,proStar bonus: all 4 phases,1788409498404,2026-09-03
mori2323,62,proStar bonus: all 4 phases,1788409498410,2026-09-03
ikaliayev,62,proStar bonus: all 4 phases,1788409498413,2026-09-03
madagascaradam,62,proStar bonus: all 4 phases,1788409498476,2026-09-03
shadowladyex,62,proStar bonus: all 4 phases,1788409498478,2026-09-03
mori2323,45,Phase 1: GPU,1788410398698,2026-09-03
xiaoxiao9313,45,Phase 1: GPU,1788410398760,2026-09-03
dahhel,45,Phase 1: GPU,1788410398766,2026-09-03
ikaliayev,45,Phase 1: GPU,1788410398770,2026-09-03
alburldador,45,Phase 1: GPU,1788410398776,2026-09-03
lmbs00,45,Phase 1: GPU,1788410398778,2026-09-03
llucholba,45,Phase 1: GPU,1788410398782,2026-09-03
thanossoul,45,Phase 1: GPU,1788410398813,2026-09-03
ikaliayev,65,Phase 2: RAM,1788410908655,2026-09-03
ivanpetrov32,65,Phase 2: RAM,1788410908668,2026-09-03
lmbs00,65,Phase 2: RAM,1788410908673,2026-09-03
xiaoxiao9313,65,Phase 2: RAM,1788410908686,2026-09-03
ragnar175,65,Phase 2: RAM,1788410908701,2026-09-03
alburldador,65,Phase 2: RAM,1788410908710,2026-09-03
mori2323,65,Phase 2: RAM,1788410908871,2026-09-03
mori2323,90,Phase 3: HDD,1788411476625,2026-09-03
lmbs00,90,Phase 3: HDD,1788411476634,2026-09-03
ivanpetrov32,90,Phase 3: HDD,1788411476636,2026-09-03
snoopys030,90,Phase 3: HDD,1788411476638,2026-09-03
lovegamesandthings00000,90,Phase 3: HDD,1788411476646,2026-09-03
ragnar175,90,Phase 3: HDD,1788411476654,2026-09-03
player0451,90,Phase 3: HDD,1788411476670,2026-09-03
xiaoxiao9313,90,Phase 3: HDD,1788411476675,2026-09-03
alburldador,90,Phase 3: HDD,1788411476677,2026-09-03
ikaliayev,90,Phase 3: HDD,1788411476682,2026-09-03
slay_da_b,90,Phase 3: HDD,1788411476697,2026-09-03
snoopys030,45,Phase 1: HDD,1788412817122,2026-09-03
lovegamesandthings00000,45,Phase 1: HDD,1788412817128,2026-09-03
slay_da_b,45,Phase 1: HDD,1788412817133,2026-09-03
lmbs00,45,Phase 1: HDD,1788412817135,2026-09-03
ikaliayev,45,Phase 1: HDD,1788412817142,2026-09-03
ivanpetrov32,45,Phase 1: HDD,1788412817144,2026-09-03
xiaoxiao9313,45,Phase 1: HDD,1788412817150,2026-09-03
mori2323,45,Phase 1: HDD,1788412817153,2026-09-03
mori2323,65,Phase 2: GPU,1788413330946,2026-09-03
ivanpetrov32,65,Phase 2: GPU,1788413330959,2026-09-03
xiaoxiao9313,65,Phase 2: GPU,1788413330969,2026-09-03
alburldador,65,Phase 2: GPU,1788413330973,2026-09-03
madagascaradam,65,Phase 2: GPU,1788413330977,2026-09-03
ikaliayev,65,Phase 2: GPU,1788413330980,2026-09-03
ivanpetrov32,90,Phase 3: RAM,1788413777137,2026-09-03
alburldador,90,Phase 3: RAM,1788413777151,2026-09-03
madagascaradam,90,Phase 3: RAM,1788413777155,2026-09-03
ikaliayev,90,Phase 3: RAM,1788413777201,2026-09-03
xiaoxiao9313,90,Phase 3: RAM,1788413777207,2026-09-03
mori2323,90,Phase 3: RAM,1788413777219,2026-09-03
pika_gamy,90,Phase 3: RAM,1788413777221,2026-09-03
lmbs00,90,Phase 3: RAM,1788413777227,2026-09-03
snoopys030,90,Phase 3: RAM,1788413777235,2026-09-03
pika_gamy,45,Phase 1: CPU,1788414953767,2026-09-03
mori2323,45,Phase 1: CPU,1788414953779,2026-09-03
lmbs00,45,Phase 1: CPU,1788414953785,2026-09-03
xiaoxiao9313,45,Phase 1: CPU,1788414953809,2026-09-03
ivanpetrov32,45,Phase 1: CPU,1788414953826,2026-09-03
ikaliayev,45,Phase 1: CPU,1788414953863,2026-09-03
ikaliayev,65,Phase 2: HDD,1788415599742,2026-09-03
pika_gamy,65,Phase 2: HDD,1788415599746,2026-09-03
player0451,65,Phase 2: HDD,1788415599755,2026-09-03
lmbs00,65,Phase 2: HDD,1788415599758,2026-09-03
snoopys030,65,Phase 2: HDD,1788415599762,2026-09-03
hopelessss_,65,Phase 2: HDD,1788415599767,2026-09-03
xiaoxiao9313,65,Phase 2: HDD,1788415599768,2026-09-03
mori2323,65,Phase 2: HDD,1788415599792,2026-09-03
slay_da_b,90,Phase 3: RAM,1788416019750,2026-09-03
ikaliayev,90,Phase 3: RAM,1788416019752,2026-09-03
mori2323,90,Phase 3: RAM,1788416019756,2026-09-03
snoopys030,90,Phase 3: RAM,1788416019759,2026-09-03
xiaoxiao9313,90,Phase 3: RAM,1788416019786,2026-09-03
lmbs00,90,Phase 3: RAM,1788416019803,2026-09-03
alfims,90,Phase 3: RAM,1788416019808,2026-09-03
pika_gamy,90,Phase 3: RAM,1788416019811,2026-09-03
mori2323,45,Phase 1: CPU,1788417355373,2026-09-03
ikaliayev,45,Phase 1: CPU,1788417355387,2026-09-03
snoopys030,45,Phase 1: CPU,1788417355396,2026-09-03
ivanpetrov32,45,Phase 1: CPU,1788417355398,2026-09-03
lmbs00,45,Phase 1: CPU,1788417355402,2026-09-03
xiaoxiao9313,45,Phase 1: CPU,1788417355404,2026-09-03
pika_gamy,45,Phase 1: CPU,1788417355406,2026-09-03
whitepai,45,Phase 1: RAM,1788418918453,2026-09-03
ivanpetrov32,45,Phase 1: RAM,1788418918475,2026-09-03
lmbs00,45,Phase 1: RAM,1788418918480,2026-09-03
mori2323,45,Phase 1: RAM,1788418918483,2026-09-03
snoopys030,45,Phase 1: RAM,1788418918488,2026-09-03
slay_da_b,45,Phase 1: RAM,1788418918495,2026-09-03
alfims,45,Phase 1: RAM,1788418918498,2026-09-03
ikaliayev,45,Phase 1: RAM,1788418918517,2026-09-03
mori2323,65,Phase 2: GPU,1788419558988,2026-09-03
ikaliayev,65,Phase 2: GPU,1788419558992,2026-09-03
hopelessss_,65,Phase 2: GPU,1788419558999,2026-09-03
slay_da_b,65,Phase 2: GPU,1788419559014,2026-09-03
alfims,65,Phase 2: GPU,1788419559016,2026-09-03
lmbs00,65,Phase 2: GPU,1788419559020,2026-09-03
ivanpetrov32,65,Phase 2: GPU,1788419559023,2026-09-03
snoopys030,65,Phase 2: GPU,1788419559099,2026-09-03
slay_da_b,90,Phase 3: HDD,1788420218928,2026-09-03
valase,90,Phase 3: HDD,1788420218936,2026-09-03
mori2323,90,Phase 3: HDD,1788420218948,2026-09-03
ivanpetrov32,90,Phase 3: HDD,1788420218952,2026-09-03
snoopys030,90,Phase 3: HDD,1788420218961,2026-09-03
ikaliayev,90,Phase 3: HDD,1788420218963,2026-09-03
whitepai,90,Phase 3: HDD,1788420218967,2026-09-03
lmbs00,90,Phase 3: HDD,1788420218969,2026-09-03
hopelessss_,90,Phase 3: HDD,1788420219006,2026-09-03
ivanpetrov32,45,Phase 1: HDD,1788421704593,2026-09-03
alfims,45,Phase 1: HDD,1788421704610,2026-09-03
snoopys030,45,Phase 1: HDD,1788421704613,2026-09-03
slay_da_b,45,Phase 1: HDD,1788421704629,2026-09-03
valase,45,Phase 1: HDD,1788421704633,2026-09-03
hopelessss_,45,Phase 1: HDD,1788421704636,2026-09-03
mori2323,45,Phase 1: HDD,1788421704647,2026-09-03
yurigiu,45,Phase 1: HDD,1788421704650,2026-09-03
ikaliayev,45,Phase 1: HDD,1788421704653,2026-09-03
lmbs00,45,Phase 1: HDD,1788421704660,2026-09-03
lmbs00,65,Phase 2: CPU,1788422240490,2026-09-03
ikaliayev,65,Phase 2: CPU,1788422240497,2026-09-03
snoopys030,65,Phase 2: CPU,1788422240511,2026-09-03
ivanpetrov32,65,Phase 2: CPU,1788422240554,2026-09-03
mori2323,65,Phase 2: CPU,1788422240586,2026-09-03
hopelessss_,65,Phase 2: CPU,1788422240588,2026-09-03
valase,90,Phase 3: RAM,1788422681455,2026-09-03
snoopys030,90,Phase 3: RAM,1788422681468,2026-09-03
ikaliayev,90,Phase 3: RAM,1788422681478,2026-09-03
xiaoxiao9313,90,Phase 3: RAM,1788422681494,2026-09-03
whitepai,90,Phase 3: RAM,1788422681523,2026-09-03
mori2323,90,Phase 3: RAM,1788422681551,2026-09-03
alfims,45,Phase 1: CPU,1788423903198,2026-09-03
snoopys030,45,Phase 1: CPU,1788423903203,2026-09-03
mori2323,45,Phase 1: CPU,1788423903205,2026-09-03
ikaliayev,45,Phase 1: CPU,1788423903207,2026-09-03
whitepai,45,Phase 1: CPU,1788423903209,2026-09-03
xiaoxiao9313,45,Phase 1: CPU,1788423903211,2026-09-03
valase,45,Phase 1: CPU,1788423903262,2026-09-03
mori2323,45,Phase 1: CPU,1788425210199,2026-09-03
ikaliayev,45,Phase 1: CPU,1788425210232,2026-09-03
valase,45,Phase 1: CPU,1788425210236,2026-09-03
xiaoxiao9313,45,Phase 1: CPU,1788425210303,2026-09-03
snoopys030,45,Phase 1: CPU,1788425210361,2026-09-03
snoopys030,65,Phase 2: RAM,1788425836543,2026-09-03
xiaoxiao9313,65,Phase 2: RAM,1788425836553,2026-09-03
ikaliayev,65,Phase 2: RAM,1788425836563,2026-09-03
hopelessss_,65,Phase 2: RAM,1788425836566,2026-09-03
alfims,65,Phase 2: RAM,1788425836571,2026-09-03
alexwifi42,65,Phase 2: RAM,1788425836579,2026-09-03
mori2323,65,Phase 2: RAM,1788425836585,2026-09-03
xiaoxiao9313,45,Phase 1: RAM,1788427051188,2026-09-03
pika_gamy,45,Phase 1: RAM,1788427051208,2026-09-03
snoopys030,45,Phase 1: RAM,1788427051214,2026-09-03
mori2323,45,Phase 1: RAM,1788427051223,2026-09-03
alexwifi42,45,Phase 1: RAM,1788427051254,2026-09-03
operacional_cae,45,Phase 1: RAM,1788427051272,2026-09-03
pika_gamy,65,Phase 2: GPU,1788427571226,2026-09-03
snoopys030,65,Phase 2: GPU,1788427571230,2026-09-03
mori2323,65,Phase 2: GPU,1788427571233,2026-09-03
xiaoxiao9313,65,Phase 2: GPU,1788427571366,2026-09-03
pika_gamy,45,Phase 1: RAM,1788428901989,2026-09-03
mori2323,45,Phase 1: RAM,1788428901999,2026-09-03
snoopys030,45,Phase 1: RAM,1788428902005,2026-09-03
puphik,45,Phase 1: RAM,1788428902009,2026-09-03
ivanpetrov32,45,Phase 1: RAM,1788428902014,2026-09-03
xiaoxiao9313,45,Phase 1: RAM,1788428902018,2026-09-03
alexwifi42,45,Phase 1: RAM,1788428902023,2026-09-03
alexwifi42,65,Phase 2: CPU,1788429608146,2026-09-03
silent_luc,65,Phase 2: CPU,1788429608156,2026-09-03
snoopys030,65,Phase 2: CPU,1788429608159,2026-09-03
puphik,65,Phase 2: CPU,1788429608166,2026-09-03
ivanpetrov32,65,Phase 2: CPU,1788429608177,2026-09-03
alfims,65,Phase 2: CPU,1788429608189,2026-09-03
mori2323,65,Phase 2: CPU,1788429608194,2026-09-03
slay_da_b,65,Phase 2: CPU,1788429608197,2026-09-03
pika_gamy,65,Phase 2: CPU,1788429608218,2026-09-03
xiaoxiao9313,65,Phase 2: CPU,1788429608223,2026-09-03
alburldador,45,Phase 1: RAM,1788430950822,2026-09-03
xiaoxiao9313,45,Phase 1: RAM,1788430950840,2026-09-03
ivanpetrov32,45,Phase 1: RAM,1788430950845,2026-09-03
alexwifi42,45,Phase 1: RAM,1788430950851,2026-09-03
silent_luc,45,Phase 1: RAM,1788430950857,2026-09-03
snoopys030,45,Phase 1: RAM,1788430950877,2026-09-03
mori2323,45,Phase 1: RAM,1788430950904,2026-09-03
silent_luc,65,Phase 2: GPU,1788431479833,2026-09-03
pika_gamy,65,Phase 2: GPU,1788431479835,2026-09-03
xiaoxiao9313,65,Phase 2: GPU,1788431479838,2026-09-03
mori2323,65,Phase 2: GPU,1788431479843,2026-09-03
snoopys030,65,Phase 2: GPU,1788431479850,2026-09-03
ivanpetrov32,65,Phase 2: GPU,1788431479871,2026-09-03
mori2323,45,Phase 1: CPU,1788432763506,2026-09-03
operacional_cae,45,Phase 1: CPU,1788432763516,2026-09-03
ivanpetrov32,45,Phase 1: CPU,1788432763521,2026-09-03
snoopys030,45,Phase 1: CPU,1788432763548,2026-09-03
pika_gamy,45,Phase 1: CPU,1788432763581,2026-09-03
xiaoxiao9313,45,Phase 1: CPU,1788432763585,2026-09-03
xiaoxiao9313,65,Phase 2: GPU,1788433257475,2026-09-03
snoopys030,65,Phase 2: GPU,1788433257490,2026-09-03
silent_luc,65,Phase 2: GPU,1788433257513,2026-09-03
pika_gamy,65,Phase 2: GPU,1788433257519,2026-09-03
slay_da_b,65,Phase 2: GPU,1788433257523,2026-09-03
ivanpetrov32,65,Phase 2: GPU,1788433257526,2026-09-03
pika_gamy,45,Phase 1: CPU,1788434611107,2026-09-03
hopelessss_,45,Phase 1: CPU,1788434611113,2026-09-03
ivanpetrov32,45,Phase 1: CPU,1788434611120,2026-09-03
snoopys030,45,Phase 1: CPU,1788434611123,2026-09-03
lovegamesandthings00000,45,Phase 1: CPU,1788434611127,2026-09-03
xiaoxiao9313,45,Phase 1: CPU,1788434611165,2026-09-03
silent_luc,45,Phase 1: CPU,1788434611174,2026-09-03
slay_da_b,45,Phase 1: CPU,1788434611254,2026-09-03
shadowladyex,45,Phase 1: CPU,1788434611312,2026-09-03
snoopys030,45,Phase 1: GPU,1788435914770,2026-09-03
xiaoxiao9313,45,Phase 1: GPU,1788435914775,2026-09-03
shadowladyex,45,Phase 1: GPU,1788435914788,2026-09-03
ivanpetrov32,45,Phase 1: GPU,1788435914808,2026-09-03
hopelessss_,65,Phase 2: CPU,1788436627724,2026-09-03
snoopys030,65,Phase 2: CPU,1788436627729,2026-09-03
mori2323,65,Phase 2: CPU,1788436627751,2026-09-03
yurigiu,65,Phase 2: CPU,1788436627772,2026-09-03
alexwifi42,65,Phase 2: CPU,1788436627780,2026-09-03
shadowladyex,65,Phase 2: CPU,1788436627784,2026-09-03
xiaoxiao9313,65,Phase 2: CPU,1788436627789,2026-09-03
silent_luc,65,Phase 2: CPU,1788436627802,2026-09-03
shadowladyex,90,Phase 3: HDD,1788437196834,2026-09-03
alphonsoe,90,Phase 3: HDD,1788437196903,2026-09-03
lovegamesandthings00000,90,Phase 3: HDD,1788437196905,2026-09-03
pika_gamy,90,Phase 3: HDD,1788437196907,2026-09-03
mori2323,90,Phase 3: HDD,1788437196912,2026-09-03
silent_luc,90,Phase 3: HDD,1788437196918,2026-09-03
xiaoxiao9313,90,Phase 3: HDD,1788437197024,2026-09-03
xiaoxiao9313,45,Phase 1: HDD,1788438619475,2026-09-03
silent_luc,45,Phase 1: HDD,1788438619487,2026-09-03
operacional_cae,45,Phase 1: HDD,1788438619497,2026-09-03
mori2323,45,Phase 1: HDD,1788438619506,2026-09-03
alfims,45,Phase 1: HDD,1788438619516,2026-09-03
shadowladyex,45,Phase 1: HDD,1788438619521,2026-09-03
ivanpetrov32,45,Phase 1: HDD,1788438619525,2026-09-03
snoopys030,45,Phase 1: HDD,1788438619530,2026-09-03
alphonsoe,45,Phase 1: HDD,1788438619533,2026-09-03
pika_gamy,45,Phase 1: HDD,1788438619537,2026-09-03
pika_gamy,65,Phase 2: GPU,1788439441452,2026-09-03
lovegamesandthings00000,65,Phase 2: GPU,1788439441455,2026-09-03
madagascaradam,65,Phase 2: GPU,1788439441460,2026-09-03
mori2323,65,Phase 2: GPU,1788439441477,2026-09-03
alfims,65,Phase 2: GPU,1788439441480,2026-09-03
xiaoxiao9313,65,Phase 2: GPU,1788439441482,2026-09-03
alphonsoe,65,Phase 2: GPU,1788439441484,2026-09-03
snoopys030,65,Phase 2: GPU,1788439441492,2026-09-03
operacional_cae,65,Phase 2: GPU,1788439441495,2026-09-03
ivanpetrov32,65,Phase 2: GPU,1788439441538,2026-09-03
shadowladyex,65,Phase 2: GPU,1788439441543,2026-09-03
alphonsoe,45,Phase 1: RAM,1788441492596,2026-09-03
xiaoxiao9313,45,Phase 1: RAM,1788441492623,2026-09-03
silent_luc,45,Phase 1: RAM,1788441492626,2026-09-03
ivanpetrov32,45,Phase 1: RAM,1788441492633,2026-09-03
madagascaradam,45,Phase 1: RAM,1788441492636,2026-09-03
snoopys030,45,Phase 1: RAM,1788441492641,2026-09-03
cerebralx1,45,Phase 1: RAM,1788441492644,2026-09-03
alexwifi42,45,Phase 1: RAM,1788441492647,2026-09-03
ivanpetrov32,65,Phase 2: GPU,1788442157911,2026-09-03
mori2323,65,Phase 2: GPU,1788442157924,2026-09-03
alphonsoe,65,Phase 2: GPU,1788442157938,2026-09-03
shadowladyex,65,Phase 2: GPU,1788442157943,2026-09-03
cerebralx1,65,Phase 2: GPU,1788442157947,2026-09-03
xiaoxiao9313,65,Phase 2: GPU,1788442157955,2026-09-03
thanossoul,65,Phase 2: GPU,1788442157963,2026-09-03
silent_luc,65,Phase 2: GPU,1788442158013,2026-09-03
ivanpetrov32,90,Phase 3: CPU,1788442761925,2026-09-03
shadowladyex,90,Phase 3: CPU,1788442761932,2026-09-03
alphonsoe,90,Phase 3: CPU,1788442761937,2026-09-03
thanossoul,90,Phase 3: CPU,1788442761946,2026-09-03
alfims,90,Phase 3: CPU,1788442761979,2026-09-03
xiaoxiao9313,90,Phase 3: CPU,1788442762015,2026-09-03
silent_luc,90,Phase 3: CPU,1788442762026,2026-09-03
mori2323,90,Phase 3: CPU,1788442762034,2026-09-03
cerebralx1,90,Phase 3: CPU,1788442762084,2026-09-03
snoopys030,45,Phase 1: GPU,1788443981847,2026-09-03
alphonsoe,45,Phase 1: GPU,1788443981850,2026-09-03
cerebralx1,45,Phase 1: GPU,1788443981856,2026-09-03
silent_luc,45,Phase 1: GPU,1788443981864,2026-09-03
mori2323,45,Phase 1: GPU,1788443981867,2026-09-03
xiaoxiao9313,45,Phase 1: GPU,1788443981889,2026-09-03
shadowladyex,45,Phase 1: GPU,1788443981945,2026-09-03
thanossoul,65,Phase 2: RAM,1788444544822,2026-09-03
shadowladyex,65,Phase 2: RAM,1788444544827,2026-09-03
silent_luc,65,Phase 2: RAM,1788444544833,2026-09-03
cerebralx1,65,Phase 2: RAM,1788444544844,2026-09-03
xiaoxiao9313,65,Phase 2: RAM,1788444544854,2026-09-03
mori2323,65,Phase 2: RAM,1788444544857,2026-09-03
ivanpetrov32,65,Phase 2: RAM,1788444544860,2026-09-03
ivanpetrov32,45,Phase 1: RAM,1788446539591,2026-09-03
alyssrentori,45,Phase 1: RAM,1788446539657,2026-09-03
thanossoul,45,Phase 1: RAM,1788446539672,2026-09-03
silent_luc,45,Phase 1: RAM,1788446539829,2026-09-03
lovegamesandthings00000,45,Phase 1: RAM,1788446539871,2026-09-03
alexwifi42,45,Phase 1: RAM,1788446539874,2026-09-03
cerebralx1,45,Phase 1: RAM,1788446540091,2026-09-03
pika_gamy,45,Phase 1: RAM,1788446540244,2026-09-03
pika_gamy,65,Phase 2: CPU,1788447227398,2026-09-03
player0451,65,Phase 2: CPU,1788447227401,2026-09-03
lmbs00,65,Phase 2: CPU,1788447227405,2026-09-03
shadowladyex,65,Phase 2: CPU,1788447227421,2026-09-03
alfims,65,Phase 2: CPU,1788447227425,2026-09-03
lovegamesandthings00000,65,Phase 2: CPU,1788447227436,2026-09-03
xiaoxiao9313,65,Phase 2: CPU,1788447227439,2026-09-03
cerebralx1,65,Phase 2: CPU,1788447227443,2026-09-03
shadowladyex,90,Phase 3: GPU,1788447781580,2026-09-03
ivanpetrov32,90,Phase 3: GPU,1788447781585,2026-09-03
silent_luc,90,Phase 3: GPU,1788447781639,2026-09-03
lmbs00,90,Phase 3: GPU,1788447781654,2026-09-03
lovegamesandthings00000,90,Phase 3: GPU,1788447781659,2026-09-03
thanossoul,90,Phase 3: GPU,1788447781665,2026-09-03
xiaoxiao9313,90,Phase 3: GPU,1788447781670,2026-09-03
pika_gamy,90,Phase 3: GPU,1788447781672,2026-09-03
cerebralx1,90,Phase 3: GPU,1788447781675,2026-09-03
alfims,120,Phase 4: HDD,1788448257495,2026-09-03
lmbs00,120,Phase 4: HDD,1788448257505,2026-09-03
xiaoxiao9313,120,Phase 4: HDD,1788448257511,2026-09-03
alphonsoe,120,Phase 4: HDD,1788448257518,2026-09-03
cerebralx1,120,Phase 4: HDD,1788448257527,2026-09-03
silent_luc,120,Phase 4: HDD,1788448257532,2026-09-03
lillakra,120,Phase 4: HDD,1788448257536,2026-09-03
ivanpetrov32,120,Phase 4: HDD,1788448257542,2026-09-03
shadowladyex,120,Phase 4: HDD,1788448257544,2026-09-03
pika_gamy,120,Phase 4: HDD,1788448257575,2026-09-03
pika_gamy,250,proStar bonus: all 4 phases,1788448258319,2026-09-03
cerebralx1,250,proStar bonus: all 4 phases,1788448258409,2026-09-03
ivanpetrov32,45,Phase 1: CPU,1788449464883,2026-09-03
xiaoxiao9313,45,Phase 1: CPU,1788449464919,2026-09-03
cerebralx1,45,Phase 1: CPU,1788449464925,2026-09-03
pika_gamy,45,Phase 1: CPU,1788449464929,2026-09-03
player0451,45,Phase 1: CPU,1788449464936,2026-09-03
silent_luc,45,Phase 1: CPU,1788449464947,2026-09-03
thanossoul,45,Phase 1: CPU,1788449464990,2026-09-03
dahhel,45,Phase 1: CPU,1788449464995,2026-09-03
shadowladyex,45,Phase 1: CPU,1788449465003,2026-09-03
alexwifi42,45,Phase 1: CPU,1788449465015,2026-09-03
lmbs00,45,Phase 1: CPU,1788449465019,2026-09-03
alphonsoe,45,Phase 1: CPU,1788449465022,2026-09-03
ikaliayev,45,Phase 1: CPU,1788449465028,2026-09-03
shadowladyex,65,Phase 2: RAM,1788450271318,2026-09-03
lovegamesandthings00000,65,Phase 2: RAM,1788450271329,2026-09-03
thanossoul,65,Phase 2: RAM,1788450271332,2026-09-03
ikaliayev,65,Phase 2: RAM,1788450271336,2026-09-03
cerebralx1,65,Phase 2: RAM,1788450271341,2026-09-03
pika_gamy,65,Phase 2: RAM,1788450271349,2026-09-03
hopelessss_,65,Phase 2: RAM,1788450271352,2026-09-03
dahhel,65,Phase 2: RAM,1788450271359,2026-09-03
xiaoxiao9313,65,Phase 2: RAM,1788450271367,2026-09-03
silent_luc,65,Phase 2: RAM,1788450271370,2026-09-03
lmbs00,65,Phase 2: RAM,1788450271375,2026-09-03
alfims,65,Phase 2: RAM,1788450271382,2026-09-03
ivanpetrov32,45,Phase 1: CPU,1788451655133,2026-09-03
alphonsoe,45,Phase 1: CPU,1788451655153,2026-09-03
shadowladyex,45,Phase 1: CPU,1788451655156,2026-09-03
cerebralx1,45,Phase 1: CPU,1788451655162,2026-09-03
dahhel,45,Phase 1: CPU,1788451655165,2026-09-03
thanossoul,45,Phase 1: CPU,1788451655167,2026-09-03
pika_gamy,45,Phase 1: CPU,1788451655177,2026-09-03
ikaliayev,45,Phase 1: CPU,1788451655183,2026-09-03
lmbs00,45,Phase 1: CPU,1788451655189,2026-09-03
hopelessss_,45,Phase 1: CPU,1788451655218,2026-09-03
xiaoxiao9313,45,Phase 1: CPU,1788451655275,2026-09-03
dahhel,65,Phase 2: HDD,1788452354069,2026-09-03
thanossoul,65,Phase 2: HDD,1788452354073,2026-09-03
xiaoxiao9313,65,Phase 2: HDD,1788452354084,2026-09-03
valase,65,Phase 2: HDD,1788452354089,2026-09-03
hopelessss_,65,Phase 2: HDD,1788452354104,2026-09-03
cerebralx1,65,Phase 2: HDD,1788452354113,2026-09-03
ikaliayev,65,Phase 2: HDD,1788452354116,2026-09-03
alburldador,65,Phase 2: HDD,1788452354120,2026-09-03
pika_gamy,65,Phase 2: HDD,1788452354127,2026-09-03
lmbs00,65,Phase 2: HDD,1788452354129,2026-09-03
shadowladyex,65,Phase 2: HDD,1788452354154,2026-09-03
alburldador,45,Phase 1: RAM,1788453887723,2026-09-03
cerebralx1,45,Phase 1: RAM,1788453887735,2026-09-03
pika_gamy,45,Phase 1: RAM,1788453887744,2026-09-03
thanossoul,45,Phase 1: RAM,1788453887748,2026-09-03
valase,45,Phase 1: RAM,1788453887750,2026-09-03
xiaoxiao9313,45,Phase 1: RAM,1788453887771,2026-09-03
dahhel,45,Phase 1: RAM,1788453887781,2026-09-03
shadowladyex,45,Phase 1: RAM,1788453887784,2026-09-03
ikaliayev,45,Phase 1: RAM,1788453887788,2026-09-03
hopelessss_,45,Phase 1: RAM,1788453887802,2026-09-03
lmbs00,45,Phase 1: RAM,1788453887809,2026-09-03
silent_luc,65,Phase 2: HDD,1788454701558,2026-09-03
lmbs00,65,Phase 2: HDD,1788454701568,2026-09-03
xiaoxiao9313,65,Phase 2: HDD,1788454701572,2026-09-03
alburldador,65,Phase 2: HDD,1788454701575,2026-09-03
ikaliayev,65,Phase 2: HDD,1788454701591,2026-09-03
thanossoul,65,Phase 2: HDD,1788454701594,2026-09-03
somemarblesfriday,65,Phase 2: HDD,1788454701609,2026-09-03
cerebralx1,65,Phase 2: HDD,1788454701611,2026-09-03
shadowladyex,65,Phase 2: HDD,1788454701621,2026-09-03
dahhel,65,Phase 2: HDD,1788454701627,2026-09-03
hopelessss_,65,Phase 2: HDD,1788454701635,2026-09-03
alyssrentori,90,Phase 3: CPU,1788455463637,2026-09-03
cerebralx1,90,Phase 3: CPU,1788455463643,2026-09-03
dahhel,90,Phase 3: CPU,1788455463658,2026-09-03
ivanpetrov32,90,Phase 3: CPU,1788455463669,2026-09-03
hopelessss_,90,Phase 3: CPU,1788455463688,2026-09-03
xiaoxiao9313,90,Phase 3: CPU,1788455463700,2026-09-03
alburldador,90,Phase 3: CPU,1788455463712,2026-09-03
lovegamesandthings00000,90,Phase 3: CPU,1788455463716,2026-09-03
player0451,90,Phase 3: CPU,1788455463738,2026-09-03
shadowladyex,90,Phase 3: CPU,1788455463742,2026-09-03
lmbs00,90,Phase 3: CPU,1788455463747,2026-09-03
ikaliayev,90,Phase 3: CPU,1788455463813,2026-09-03
alfims,90,Phase 3: CPU,1788455464084,2026-09-03
silent_luc,90,Phase 3: CPU,1788455464511,2026-09-03
dahhel,45,Phase 1: GPU,1788456578268,2026-09-03
ikaliayev,45,Phase 1: GPU,1788456578296,2026-09-03
ivanpetrov32,45,Phase 1: GPU,1788456578301,2026-09-03
xiaoxiao9313,45,Phase 1: GPU,1788456578305,2026-09-03
alburldador,45,Phase 1: GPU,1788456578311,2026-09-03
ikaliayev,65,Phase 2: RAM,1788457053255,2026-09-03
puphik,65,Phase 2: RAM,1788457053261,2026-09-03
dahhel,65,Phase 2: RAM,1788457053278,2026-09-03
shadowladyex,65,Phase 2: RAM,1788457053285,2026-09-03
alburldador,65,Phase 2: RAM,1788457053319,2026-09-03
xiaoxiao9313,65,Phase 2: RAM,1788457053326,2026-09-03
valase,65,Phase 2: RAM,1788457053355,2026-09-03
shadowladyex,45,Phase 1: GPU,1788458140025,2026-09-03
xiaoxiao9313,45,Phase 1: GPU,1788458140034,2026-09-03
alburldador,45,Phase 1: GPU,1788458140042,2026-09-03
valase,45,Phase 1: GPU,1788458140096,2026-09-03
dahhel,45,Phase 1: GPU,1788458140106,2026-09-03
ikaliayev,45,Phase 1: GPU,1788458140109,2026-09-03
pika_gamy,65,Phase 2: CPU,1788458644895,2026-09-03
xiaoxiao9313,65,Phase 2: CPU,1788458644919,2026-09-03
shadowladyex,65,Phase 2: CPU,1788458644924,2026-09-03
valase,65,Phase 2: CPU,1788458644948,2026-09-03
dahhel,65,Phase 2: CPU,1788458644952,2026-09-03
lovegamesandthings00000,65,Phase 2: CPU,1788458644995,2026-09-03
ikaliayev,65,Phase 2: CPU,1788458645497,2026-09-03
lmbs00,45,Phase 1: GPU,1788459902711,2026-09-03
ikaliayev,45,Phase 1: GPU,1788459902723,2026-09-03
dahhel,45,Phase 1: GPU,1788459902739,2026-09-03
valase,45,Phase 1: GPU,1788459902743,2026-09-03
shadowladyex,45,Phase 1: GPU,1788459902750,2026-09-03
pika_gamy,45,Phase 1: GPU,1788459902756,2026-09-03
alburldador,45,Phase 1: GPU,1788459902761,2026-09-03
shadowladyex,65,Phase 2: HDD,1788460549714,2026-09-03
lmbs00,65,Phase 2: HDD,1788460549728,2026-09-03
dahhel,65,Phase 2: HDD,1788460549760,2026-09-03
pika_gamy,65,Phase 2: HDD,1788460549783,2026-09-03
ikaliayev,65,Phase 2: HDD,1788460549795,2026-09-03
silent_luc,65,Phase 2: HDD,1788460549809,2026-09-03
thanossoul,65,Phase 2: HDD,1788460549824,2026-09-03
puphik,65,Phase 2: HDD,1788460549838,2026-09-03
hopelessss_,65,Phase 2: HDD,1788460549914,2026-09-03
lmbs00,90,Phase 3: RAM,1788461140753,2026-09-03
silent_luc,90,Phase 3: RAM,1788461140763,2026-09-03
shadowladyex,90,Phase 3: RAM,1788461140768,2026-09-03
valase,90,Phase 3: RAM,1788461140793,2026-09-03
alburldador,90,Phase 3: RAM,1788461140813,2026-09-03
alexwifi42,90,Phase 3: RAM,1788461140873,2026-09-03
ikaliayev,90,Phase 3: RAM,1788461140887,2026-09-03
dahhel,90,Phase 3: RAM,1788461140898,2026-09-03
thanossoul,90,Phase 3: RAM,1788461140992,2026-09-03
hopelessss_,90,Phase 3: RAM,1788461141071,2026-09-03
ivanpetrov32,45,Phase 1: RAM,1788462535270,2026-09-03
dahhel,45,Phase 1: RAM,1788462535278,2026-09-03
ikaliayev,45,Phase 1: RAM,1788462535283,2026-09-03
shadowladyex,45,Phase 1: RAM,1788462535287,2026-09-03
alburldador,45,Phase 1: RAM,1788462535289,2026-09-03
thanossoul,45,Phase 1: RAM,1788462535295,2026-09-03
valase,45,Phase 1: RAM,1788462535317,2026-09-03
lmbs00,45,Phase 1: RAM,1788462535319,2026-09-03
pika_gamy,45,Phase 1: RAM,1788462535332,2026-09-03
alburldador,65,Phase 2: GPU,1788463265196,2026-09-03
ikaliayev,65,Phase 2: GPU,1788463265201,2026-09-03
ivanpetrov32,65,Phase 2: GPU,1788463265204,2026-09-03
hopelessss_,65,Phase 2: GPU,1788463265216,2026-09-03
dahhel,65,Phase 2: GPU,1788463265237,2026-09-03
silent_luc,65,Phase 2: GPU,1788463265239,2026-09-03
shadowladyex,65,Phase 2: GPU,1788463265250,2026-09-03
thanossoul,65,Phase 2: GPU,1788463265264,2026-09-03
lmbs00,65,Phase 2: GPU,1788463265268,2026-09-03
pika_gamy,65,Phase 2: GPU,1788463265280,2026-09-03
valase,65,Phase 2: GPU,1788463265661,2026-09-03
pika_gamy,90,Phase 3: HDD,1788463747324,2026-09-03
ivanpetrov32,90,Phase 3: HDD,1788463747326,2026-09-03
silent_luc,90,Phase 3: HDD,1788463747328,2026-09-03
lmbs00,90,Phase 3: HDD,1788463747388,2026-09-03
dahhel,90,Phase 3: HDD,1788463747400,2026-09-03
ikaliayev,90,Phase 3: HDD,1788463747408,2026-09-03
hopelessss_,90,Phase 3: HDD,1788463747420,2026-09-03
shadowladyex,90,Phase 3: HDD,1788463747425,2026-09-03
valase,90,Phase 3: HDD,1788463747433,2026-09-03
ikaliayev,45,Phase 1: HDD,1788465278225,2026-09-03
hopelessss_,45,Phase 1: HDD,1788465278246,2026-09-03
lmbs00,45,Phase 1: HDD,1788465278249,2026-09-03
ivanpetrov32,45,Phase 1: HDD,1788465278279,2026-09-03
llucholba,45,Phase 1: HDD,1788465278284,2026-09-03
valase,45,Phase 1: HDD,1788465278296,2026-09-03
dahhel,45,Phase 1: HDD,1788465278304,2026-09-03
alexwifi42,45,Phase 1: HDD,1788465278308,2026-09-03
alburldador,45,Phase 1: HDD,1788465278329,2026-09-03
pika_gamy,45,Phase 1: HDD,1788465278339,2026-09-03
dahhel,65,Phase 2: RAM,1788465711915,2026-09-03
lmbs00,65,Phase 2: RAM,1788465711930,2026-09-03
player0451,65,Phase 2: RAM,1788465711951,2026-09-03
valase,65,Phase 2: RAM,1788465711965,2026-09-03
ikaliayev,65,Phase 2: RAM,1788465712016,2026-09-03
lmbs00,45,Phase 1: CPU,1788467065985,2026-09-03
ivanpetrov32,45,Phase 1: CPU,1788467065999,2026-09-03
pika_gamy,45,Phase 1: CPU,1788467066011,2026-09-03
thanossoul,45,Phase 1: CPU,1788467066020,2026-09-03
alburldador,45,Phase 1: CPU,1788467066027,2026-09-03
ikaliayev,45,Phase 1: CPU,1788467066032,2026-09-03
dahhel,45,Phase 1: CPU,1788467066038,2026-09-03
puphik,45,Phase 1: CPU,1788467066132,2026-09-03
valase,45,Phase 1: CPU,1788467066339,2026-09-03
dahhel,45,Phase 1: HDD,1788468404213,2026-09-03
ikaliayev,45,Phase 1: HDD,1788468404241,2026-09-03
pika_gamy,45,Phase 1: HDD,1788468404250,2026-09-03
valase,45,Phase 1: HDD,1788468404426,2026-09-03
thanossoul,45,Phase 1: CPU,1788470081774,2026-09-03
pika_gamy,45,Phase 1: CPU,1788470081785,2026-09-03
alyssrentori,45,Phase 1: CPU,1788470081788,2026-09-03
alburldador,45,Phase 1: CPU,1788470081811,2026-09-03
silent_luc,45,Phase 1: CPU,1788470081815,2026-09-03
dahhel,45,Phase 1: CPU,1788470081819,2026-09-03
valase,45,Phase 1: CPU,1788470081823,2026-09-03
ikaliayev,45,Phase 1: CPU,1788470081826,2026-09-03
lmbs00,45,Phase 1: CPU,1788470081830,2026-09-03
pika_gamy,65,Phase 2: GPU,1788470711926,2026-09-03
ikaliayev,65,Phase 2: GPU,1788470711944,2026-09-03
dahhel,65,Phase 2: GPU,1788470711959,2026-09-03
valase,65,Phase 2: GPU,1788470711975,2026-09-03
alburldador,65,Phase 2: GPU,1788470711992,2026-09-03
silent_luc,65,Phase 2: GPU,1788470712009,2026-09-03
lmbs00,65,Phase 2: GPU,1788470712589,2026-09-03
madagascaradam,90,Phase 3: RAM,1788471262708,2026-09-03
valase,90,Phase 3: RAM,1788471262720,2026-09-03
lmbs00,90,Phase 3: RAM,1788471262722,2026-09-03
alexwifi42,90,Phase 3: RAM,1788471262726,2026-09-03
llucholba,90,Phase 3: RAM,1788471262729,2026-09-03
lovegamesandthings00000,90,Phase 3: RAM,1788471262753,2026-09-03
pika_gamy,90,Phase 3: RAM,1788471262755,2026-09-03
ikaliayev,90,Phase 3: RAM,1788471262769,2026-09-03
dahhel,45,Phase 1: CPU,1788472421526,2026-09-03
valase,45,Phase 1: CPU,1788472421540,2026-09-03
lmbs00,45,Phase 1: CPU,1788472421545,2026-09-03
ikaliayev,45,Phase 1: CPU,1788472421549,2026-09-03
mori2323,45,Phase 1: CPU,1788472421555,2026-09-03
pika_gamy,45,Phase 1: CPU,1788472421559,2026-09-03
ikaliayev,65,Phase 2: HDD,1788472940419,2026-09-03
pika_gamy,65,Phase 2: HDD,1788472940452,2026-09-03
valase,65,Phase 2: HDD,1788472940454,2026-09-03
mori2323,65,Phase 2: HDD,1788472940457,2026-09-03
lmbs00,65,Phase 2: HDD,1788472940462,2026-09-03
dahhel,65,Phase 2: HDD,1788472940469,2026-09-03
alexwifi42,90,Phase 3: GPU,1788473444388,2026-09-03
lmbs00,90,Phase 3: GPU,1788473444390,2026-09-03
dahhel,90,Phase 3: GPU,1788473444396,2026-09-03
valase,90,Phase 3: GPU,1788473444400,2026-09-03
thanossoul,90,Phase 3: GPU,1788473444407,2026-09-03
pika_gamy,90,Phase 3: GPU,1788473444409,2026-09-03
ikaliayev,90,Phase 3: GPU,1788473444413,2026-09-03
mori2323,90,Phase 3: GPU,1788473444419,2026-09-03
pika_gamy,45,Phase 1: HDD,1788474543092,2026-09-03
dahhel,45,Phase 1: HDD,1788474543150,2026-09-03
lmbs00,45,Phase 1: HDD,1788474543153,2026-09-03
ikaliayev,45,Phase 1: HDD,1788474543227,2026-09-03
cerebralx1,45,Phase 1: HDD,1788474543283,2026-09-03
lmbs00,65,Phase 2: GPU,1788475338191,2026-09-03
thanossoul,65,Phase 2: GPU,1788475338193,2026-09-03
cerebralx1,65,Phase 2: GPU,1788475338198,2026-09-03
silent_luc,65,Phase 2: GPU,1788475338200,2026-09-03
ikaliayev,65,Phase 2: GPU,1788475338202,2026-09-03
llucholba,65,Phase 2: GPU,1788475338206,2026-09-03
pika_gamy,65,Phase 2: GPU,1788475338214,2026-09-03
madagascaradam,65,Phase 2: GPU,1788475338251,2026-09-03
dahhel,65,Phase 2: GPU,1788475338275,2026-09-03
valase,65,Phase 2: GPU,1788475338277,2026-09-03
snoopys030,90,Phase 3: RAM,1788476018130,2026-09-03
dahhel,90,Phase 3: RAM,1788476018136,2026-09-03
mori2323,90,Phase 3: RAM,1788476018140,2026-09-03
pika_gamy,90,Phase 3: RAM,1788476018154,2026-09-03
ikaliayev,90,Phase 3: RAM,1788476018160,2026-09-03
silent_luc,90,Phase 3: RAM,1788476018164,2026-09-03
lmbs00,90,Phase 3: RAM,1788476018169,2026-09-03
alexwifi42,90,Phase 3: RAM,1788476018171,2026-09-03
cerebralx1,90,Phase 3: RAM,1788476018194,2026-09-03
valase,90,Phase 3: RAM,1788476018210,2026-09-03
player0451,90,Phase 3: RAM,1788476018248,2026-09-03
dahhel,45,Phase 1: HDD,1788477233797,2026-09-03
mori2323,45,Phase 1: HDD,1788477233805,2026-09-03
pika_gamy,45,Phase 1: HDD,1788477233814,2026-09-03
snoopys030,45,Phase 1: HDD,1788477233842,2026-09-03
silent_luc,45,Phase 1: HDD,1788477233861,2026-09-03
thanossoul,45,Phase 1: HDD,1788477233874,2026-09-03
ikaliayev,45,Phase 1: HDD,1788477233893,2026-09-03
dahhel,65,Phase 2: GPU,1788478012647,2026-09-03
mori2323,65,Phase 2: GPU,1788478012662,2026-09-03
pika_gamy,65,Phase 2: GPU,1788478012666,2026-09-03
snoopys030,65,Phase 2: GPU,1788478012673,2026-09-03
valase,65,Phase 2: GPU,1788478012675,2026-09-03
ikaliayev,65,Phase 2: GPU,1788478012694,2026-09-03
thanossoul,65,Phase 2: GPU,1788478012700,2026-09-03
xiaoxiao9313,65,Phase 2: GPU,1788478012764,2026-09-03
silent_luc,65,Phase 2: GPU,1788478012774,2026-09-03
lmbs00,65,Phase 2: GPU,1788478012776,2026-09-03
pika_gamy,45,Phase 1: HDD,1788479256403,2026-09-03
dahhel,45,Phase 1: HDD,1788479256405,2026-09-03
madagascaradam,45,Phase 1: HDD,1788479256410,2026-09-03
lmbs00,45,Phase 1: HDD,1788479256414,2026-09-03
silent_luc,45,Phase 1: HDD,1788479256417,2026-09-03
ikaliayev,45,Phase 1: HDD,1788479256493,2026-09-03
mori2323,45,Phase 1: HDD,1788479256565,2026-09-03
dahhel,65,Phase 2: CPU,1788479798289,2026-09-03
silent_luc,65,Phase 2: CPU,1788479798304,2026-09-03
mori2323,65,Phase 2: CPU,1788479798308,2026-09-03
snoopys030,65,Phase 2: CPU,1788479798314,2026-09-03
ikaliayev,65,Phase 2: CPU,1788479798321,2026-09-03
lmbs00,65,Phase 2: CPU,1788479798327,2026-09-03
pika_gamy,65,Phase 2: CPU,1788479798488,2026-09-03
valase,65,Phase 2: CPU,1788479798491,2026-09-03
snoopys030,45,Phase 1: CPU,1788481321077,2026-09-04
pika_gamy,45,Phase 1: CPU,1788481321096,2026-09-04
silent_luc,45,Phase 1: CPU,1788481321105,2026-09-04
hopelessss_,45,Phase 1: CPU,1788481321108,2026-09-04
dahhel,45,Phase 1: CPU,1788481321116,2026-09-04
ikaliayev,45,Phase 1: CPU,1788481321126,2026-09-04
valase,45,Phase 1: CPU,1788481321129,2026-09-04
lmbs00,45,Phase 1: CPU,1788481321133,2026-09-04
mori2323,45,Phase 1: CPU,1788481321169,2026-09-04
player0451,45,Phase 1: CPU,1788481321186,2026-09-04
valase,65,Phase 2: RAM,1788481887114,2026-09-04
ikaliayev,65,Phase 2: RAM,1788481887130,2026-09-04
dahhel,65,Phase 2: RAM,1788481887134,2026-09-04
mori2323,65,Phase 2: RAM,1788481887140,2026-09-04
silent_luc,65,Phase 2: RAM,1788481887144,2026-09-04
lmbs00,65,Phase 2: RAM,1788481887169,2026-09-04
shadowladyex,90,Phase 3: GPU,1788482366071,2026-09-04
ikaliayev,90,Phase 3: GPU,1788482366077,2026-09-04
silent_luc,90,Phase 3: GPU,1788482366083,2026-09-04
dahhel,90,Phase 3: GPU,1788482366098,2026-09-04
snoopys030,90,Phase 3: GPU,1788482366099,2026-09-04
valase,90,Phase 3: GPU,1788482366105,2026-09-04
lmbs00,90,Phase 3: GPU,1788482366108,2026-09-04
silent_luc,120,Phase 4: HDD,1788482835202,2026-09-04
valase,120,Phase 4: HDD,1788482835206,2026-09-04
lmbs00,120,Phase 4: HDD,1788482835207,2026-09-04
dahhel,120,Phase 4: HDD,1788482835209,2026-09-04
ikaliayev,120,Phase 4: HDD,1788482835210,2026-09-04
shadowladyex,120,Phase 4: HDD,1788482835213,2026-09-04
madagascaradam,120,Phase 4: HDD,1788482835215,2026-09-04
hopelessss_,120,Phase 4: HDD,1788482835282,2026-09-04
snoopys030,120,Phase 4: HDD,1788482835287,2026-09-04
valase,100,proStar bonus: all 4 phases,1788482835751,2026-09-04
lmbs00,100,proStar bonus: all 4 phases,1788482835757,2026-09-04
silent_luc,100,proStar bonus: all 4 phases,1788482835773,2026-09-04
dahhel,100,proStar bonus: all 4 phases,1788482835779,2026-09-04
ikaliayev,100,proStar bonus: all 4 phases,1788482835834,2026-09-04
xiaoxiao9313,45,Phase 1: CPU,1788483924745,2026-09-04
dahhel,45,Phase 1: CPU,1788483924762,2026-09-04
lovegamesandthings00000,45,Phase 1: CPU,1788483924765,2026-09-04
snoopys030,45,Phase 1: CPU,1788483924769,2026-09-04
shadowladyex,45,Phase 1: CPU,1788483924782,2026-09-04
ikaliayev,45,Phase 1: CPU,1788483924788,2026-09-04
valase,45,Phase 1: CPU,1788483924798,2026-09-04
silent_luc,45,Phase 1: CPU,1788483924801,2026-09-04
lmbs00,45,Phase 1: CPU,1788483924822,2026-09-04
mori2323,45,Phase 1: CPU,1788483924860,2026-09-04
snoopys030,65,Phase 2: GPU,1788484468978,2026-09-04
dahhel,65,Phase 2: GPU,1788484468985,2026-09-04
hopelessss_,65,Phase 2: GPU,1788484469007,2026-09-04
ikaliayev,65,Phase 2: GPU,1788484469016,2026-09-04
lmbs00,65,Phase 2: GPU,1788484469019,2026-09-04
silent_luc,65,Phase 2: GPU,1788484469025,2026-09-04
valase,65,Phase 2: GPU,1788484469031,2026-09-04
avin_novor,90,Phase 3: RAM,1788485012874,2026-09-04
ikaliayev,90,Phase 3: RAM,1788485012878,2026-09-04
valase,90,Phase 3: RAM,1788485012882,2026-09-04
silent_luc,90,Phase 3: RAM,1788485012888,2026-09-04
xiaoxiao9313,90,Phase 3: RAM,1788485012893,2026-09-04
shadowladyex,90,Phase 3: RAM,1788485012902,2026-09-04
dahhel,90,Phase 3: RAM,1788485012914,2026-09-04
lmbs00,90,Phase 3: RAM,1788485012956,2026-09-04
lmbs00,120,Phase 4: HDD,1788485532042,2026-09-04
valase,120,Phase 4: HDD,1788485532045,2026-09-04
dahhel,120,Phase 4: HDD,1788485532062,2026-09-04
ikaliayev,120,Phase 4: HDD,1788485532069,2026-09-04
silent_luc,120,Phase 4: HDD,1788485532077,2026-09-04
xiaoxiao9313,120,Phase 4: HDD,1788485532082,2026-09-04
player0451,120,Phase 4: HDD,1788485532087,2026-09-04
shadowladyex,120,Phase 4: HDD,1788485532092,2026-09-04
snoopys030,120,Phase 4: HDD,1788485532119,2026-09-04
dahhel,100,proStar bonus: all 4 phases,1788485532607,2026-09-04
valase,100,proStar bonus: all 4 phases,1788485532612,2026-09-04
silent_luc,100,proStar bonus: all 4 phases,1788485532616,2026-09-04
ikaliayev,100,proStar bonus: all 4 phases,1788485532625,2026-09-04
lmbs00,100,proStar bonus: all 4 phases,1788485532633,2026-09-04
llucholba,45,Phase 1: HDD,1788486373408,2026-09-04
silent_luc,45,Phase 1: HDD,1788486373440,2026-09-04
ikaliayev,45,Phase 1: HDD,1788486373447,2026-09-04
lmbs00,45,Phase 1: HDD,1788486373450,2026-09-04
xiaoxiao9313,45,Phase 1: HDD,1788486373500,2026-09-04
shadowladyex,45,Phase 1: HDD,1788486373502,2026-09-04
snoopys030,45,Phase 1: HDD,1788486373658,2026-09-04
snoopys030,45,Phase 1: HDD,1788488095858,2026-09-04
avin_novor,45,Phase 1: HDD,1788488095870,2026-09-04
lovegamesandthings00000,45,Phase 1: HDD,1788488095885,2026-09-04
silent_luc,45,Phase 1: HDD,1788488095888,2026-09-04
shadowladyex,45,Phase 1: HDD,1788488095891,2026-09-04
lmbs00,45,Phase 1: HDD,1788488095895,2026-09-04
ikaliayev,45,Phase 1: HDD,1788488095898,2026-09-04
pika_gamy,45,Phase 1: HDD,1788488095902,2026-09-04
xiaoxiao9313,45,Phase 1: HDD,1788488095911,2026-09-04
llucholba,45,Phase 1: HDD,1788488095914,2026-09-04
ikaliayev,65,Phase 2: RAM,1788488804851,2026-09-04
mori2323,65,Phase 2: RAM,1788488804861,2026-09-04
slay_da_b,65,Phase 2: RAM,1788488804869,2026-09-04
shadowladyex,65,Phase 2: RAM,1788488804871,2026-09-04
thanossoul,65,Phase 2: RAM,1788488804884,2026-09-04
xiaoxiao9313,65,Phase 2: RAM,1788488804888,2026-09-04
snoopys030,65,Phase 2: RAM,1788488804895,2026-09-04
lmbs00,65,Phase 2: RAM,1788488804902,2026-09-04
dahhel,65,Phase 2: RAM,1788488804968,2026-09-04
mori2323,90,Phase 3: GPU,1788489309702,2026-09-04
dahhel,90,Phase 3: GPU,1788489309712,2026-09-04
lmbs00,90,Phase 3: GPU,1788489309716,2026-09-04
ikaliayev,90,Phase 3: GPU,1788489309718,2026-09-04
thanossoul,90,Phase 3: GPU,1788489309724,2026-09-04
madagascaradam,90,Phase 3: GPU,1788489309726,2026-09-04
lovegamesandthings00000,90,Phase 3: GPU,1788489309741,2026-09-04
shadowladyex,90,Phase 3: GPU,1788489309747,2026-09-04
ikaliayev,45,Phase 1: GPU,1788490547528,2026-09-04
mori2323,45,Phase 1: GPU,1788490547533,2026-09-04
lmbs00,45,Phase 1: GPU,1788490547537,2026-09-04
thanossoul,45,Phase 1: GPU,1788490547543,2026-09-04
shadowladyex,45,Phase 1: GPU,1788490547546,2026-09-04
dahhel,45,Phase 1: GPU,1788490547599,2026-09-04
mori2323,45,Phase 1: CPU,1788491971382,2026-09-04
ikaliayev,45,Phase 1: CPU,1788491971398,2026-09-04
snoopys030,45,Phase 1: CPU,1788491971410,2026-09-04
player0451,45,Phase 1: CPU,1788491971416,2026-09-04
dahhel,45,Phase 1: CPU,1788491971420,2026-09-04
lmbs00,45,Phase 1: CPU,1788491971428,2026-09-04
player0451,45,Phase 1: HDD,1788493492812,2026-09-04
lmbs00,45,Phase 1: HDD,1788493492839,2026-09-04
snoopys030,45,Phase 1: HDD,1788493492842,2026-09-04
shadowladyex,45,Phase 1: HDD,1788493492845,2026-09-04
ikaliayev,45,Phase 1: HDD,1788493492848,2026-09-04
dahhel,45,Phase 1: HDD,1788493492853,2026-09-04
mori2323,45,Phase 1: HDD,1788493492855,2026-09-04
thanossoul,65,Phase 2: CPU,1788494406829,2026-09-04
llucholba,65,Phase 2: CPU,1788494406840,2026-09-04
lovegamesandthings00000,65,Phase 2: CPU,1788494406850,2026-09-04
mori2323,65,Phase 2: CPU,1788494406852,2026-09-04
dahhel,65,Phase 2: CPU,1788494406859,2026-09-04
slay_da_b,65,Phase 2: CPU,1788494406865,2026-09-04
puphik,65,Phase 2: CPU,1788494406867,2026-09-04
shadowladyex,65,Phase 2: CPU,1788494406872,2026-09-04
lmbs00,65,Phase 2: CPU,1788494406878,2026-09-04
player0451,65,Phase 2: CPU,1788494406895,2026-09-04
ikaliayev,65,Phase 2: CPU,1788494406898,2026-09-04
snoopys030,65,Phase 2: CPU,1788494407004,2026-09-04
slay_da_b,90,Phase 3: RAM,1788494950626,2026-09-04
mori2323,90,Phase 3: RAM,1788494950630,2026-09-04
dahhel,90,Phase 3: RAM,1788494950638,2026-09-04
lmbs00,90,Phase 3: RAM,1788494950644,2026-09-04
thanossoul,90,Phase 3: RAM,1788494950650,2026-09-04
ikaliayev,90,Phase 3: RAM,1788494950656,2026-09-04
shadowladyex,90,Phase 3: RAM,1788494950678,2026-09-04
snoopys030,90,Phase 3: RAM,1788494950691,2026-09-04
llucholba,45,Phase 1: HDD,1788496652913,2026-09-04
thanossoul,45,Phase 1: HDD,1788496652930,2026-09-04
dahhel,45,Phase 1: HDD,1788496652932,2026-09-04
shadowladyex,45,Phase 1: HDD,1788496652935,2026-09-04
alburldador,45,Phase 1: HDD,1788496652942,2026-09-04
mori2323,45,Phase 1: HDD,1788496652946,2026-09-04
snoopys030,45,Phase 1: HDD,1788496652952,2026-09-04
madagascaradam,45,Phase 1: HDD,1788496652960,2026-09-04
lmbs00,45,Phase 1: HDD,1788496652966,2026-09-04
ikaliayev,45,Phase 1: HDD,1788496652973,2026-09-04
slay_da_b,45,Phase 1: HDD,1788496652976,2026-09-04
xiaoxiao9313,45,Phase 1: HDD,1788496653009,2026-09-04
ivanpetrov32,45,Phase 1: HDD,1788496653011,2026-09-04
thanossoul,65,Phase 2: RAM,1788497337116,2026-09-04
xiaoxiao9313,65,Phase 2: RAM,1788497337124,2026-09-04
ikaliayev,65,Phase 2: RAM,1788497337127,2026-09-04
alburldador,65,Phase 2: RAM,1788497337132,2026-09-04
lmbs00,65,Phase 2: RAM,1788497337142,2026-09-04
snoopys030,65,Phase 2: RAM,1788497337150,2026-09-04
ivanpetrov32,65,Phase 2: RAM,1788497337153,2026-09-04
dahhel,65,Phase 2: RAM,1788497337161,2026-09-04
mori2323,65,Phase 2: RAM,1788497337180,2026-09-04
thanossoul,90,Phase 3: CPU,1788498064058,2026-09-04
shadowladyex,90,Phase 3: CPU,1788498064072,2026-09-04
xiaoxiao9313,90,Phase 3: CPU,1788498064080,2026-09-04
lmbs00,90,Phase 3: CPU,1788498064097,2026-09-04
llucholba,90,Phase 3: CPU,1788498064102,2026-09-04
ikaliayev,90,Phase 3: CPU,1788498064112,2026-09-04
dahhel,90,Phase 3: CPU,1788498064115,2026-09-04
slay_da_b,90,Phase 3: CPU,1788498064119,2026-09-04
snoopys030,90,Phase 3: CPU,1788498064125,2026-09-04
alburldador,90,Phase 3: CPU,1788498064146,2026-09-04
mori2323,90,Phase 3: CPU,1788498064157,2026-09-04
ivanpetrov32,90,Phase 3: CPU,1788498064189,2026-09-04
snoopys030,45,Phase 1: GPU,1788499462382,2026-09-04
alburldador,45,Phase 1: GPU,1788499462403,2026-09-04
ivanpetrov32,45,Phase 1: GPU,1788499462415,2026-09-04
dahhel,45,Phase 1: GPU,1788499462420,2026-09-04
player0451,45,Phase 1: GPU,1788499462428,2026-09-04
lmbs00,45,Phase 1: GPU,1788499462434,2026-09-04
ikaliayev,45,Phase 1: GPU,1788499462436,2026-09-04
xiaoxiao9313,45,Phase 1: GPU,1788499462457,2026-09-04
mori2323,45,Phase 1: GPU,1788499462462,2026-09-04
alburldador,65,Phase 2: RAM,1788500363616,2026-09-04
ikaliayev,65,Phase 2: RAM,1788500363623,2026-09-04
ragnar175,65,Phase 2: RAM,1788500363635,2026-09-04
pika_gamy,65,Phase 2: RAM,1788500363639,2026-09-04
dahhel,65,Phase 2: RAM,1788500363641,2026-09-04
shadowladyex,65,Phase 2: RAM,1788500363649,2026-09-04
snoopys030,65,Phase 2: RAM,1788500363651,2026-09-04
mori2323,65,Phase 2: RAM,1788500363654,2026-09-04
lmbs00,65,Phase 2: RAM,1788500363659,2026-09-04
ivanpetrov32,65,Phase 2: RAM,1788500363661,2026-09-04
xiaoxiao9313,65,Phase 2: RAM,1788500363667,2026-09-04
alyssrentori,65,Phase 2: RAM,1788500363704,2026-09-04
slay_da_b,65,Phase 2: RAM,1788500363739,2026-09-04
mori2323,90,Phase 3: HDD,1788500974622,2026-09-04
slay_da_b,90,Phase 3: HDD,1788500974627,2026-09-04
player0451,90,Phase 3: HDD,1788500974708,2026-09-04
ivanpetrov32,90,Phase 3: HDD,1788500974712,2026-09-04
ikaliayev,90,Phase 3: HDD,1788500974713,2026-09-04
pika_gamy,90,Phase 3: HDD,1788500974722,2026-09-04
snoopys030,90,Phase 3: HDD,1788500974726,2026-09-04
xiaoxiao9313,90,Phase 3: HDD,1788500974728,2026-09-04
dahhel,90,Phase 3: HDD,1788500974729,2026-09-04
lmbs00,90,Phase 3: HDD,1788500974735,2026-09-04
ivanpetrov32,45,Phase 1: CPU,1788502068251,2026-09-04
xiaoxiao9313,45,Phase 1: CPU,1788502068255,2026-09-04
mori2323,45,Phase 1: CPU,1788502068278,2026-09-04
ikaliayev,45,Phase 1: CPU,1788502068297,2026-09-04
dahhel,45,Phase 1: CPU,1788502068332,2026-09-04
ivanpetrov32,65,Phase 2: RAM,1788502594266,2026-09-04
slay_da_b,65,Phase 2: RAM,1788502594278,2026-09-04
dahhel,65,Phase 2: RAM,1788502594281,2026-09-04
mori2323,65,Phase 2: RAM,1788502594288,2026-09-04
pika_gamy,65,Phase 2: RAM,1788502594294,2026-09-04
ikaliayev,65,Phase 2: RAM,1788502594308,2026-09-04
lmbs00,65,Phase 2: RAM,1788502594314,2026-09-04
xiaoxiao9313,65,Phase 2: RAM,1788502594319,2026-09-04
xiaoxiao9313,45,Phase 1: GPU,1788503748781,2026-09-04
madagascaradam,45,Phase 1: GPU,1788503748787,2026-09-04
ivanpetrov32,45,Phase 1: GPU,1788503748790,2026-09-04
mori2323,45,Phase 1: GPU,1788503748800,2026-09-04
ikaliayev,45,Phase 1: GPU,1788503748806,2026-09-04
lmbs00,45,Phase 1: GPU,1788503748867,2026-09-04
xiaoxiao9313,65,Phase 2: CPU,1788504153772,2026-09-04
ikaliayev,65,Phase 2: CPU,1788504153782,2026-09-04
ragnar175,65,Phase 2: CPU,1788504153785,2026-09-04
lmbs00,65,Phase 2: CPU,1788504153787,2026-09-04
mori2323,65,Phase 2: CPU,1788504153824,2026-09-04
snoopys030,65,Phase 2: CPU,1788504153835,2026-09-04
xiaoxiao9313,45,Phase 1: RAM,1788505339451,2026-09-04
ikaliayev,45,Phase 1: RAM,1788505339455,2026-09-04
lmbs00,45,Phase 1: RAM,1788505339458,2026-09-04
ivanpetrov32,45,Phase 1: RAM,1788505339464,2026-09-04
mori2323,45,Phase 1: RAM,1788505339467,2026-09-04
shadowladyex,45,Phase 1: RAM,1788505339488,2026-09-04
shadowladyex,65,Phase 2: GPU,1788505889432,2026-09-04
lmbs00,65,Phase 2: GPU,1788505889438,2026-09-04
xiaoxiao9313,65,Phase 2: GPU,1788505889448,2026-09-04
ikaliayev,65,Phase 2: GPU,1788505889454,2026-09-04
mori2323,65,Phase 2: GPU,1788505889470,2026-09-04
ivanpetrov32,45,Phase 1: GPU,1788507068068,2026-09-04
ikaliayev,45,Phase 1: GPU,1788507068085,2026-09-04
xiaoxiao9313,45,Phase 1: GPU,1788507068088,2026-09-04
shadowladyex,45,Phase 1: GPU,1788507068093,2026-09-04
mori2323,45,Phase 1: GPU,1788507068226,2026-09-04
mori2323,65,Phase 2: HDD,1788507563160,2026-09-04
ikaliayev,65,Phase 2: HDD,1788507563175,2026-09-04
shadowladyex,65,Phase 2: HDD,1788507563179,2026-09-04
xiaoxiao9313,65,Phase 2: HDD,1788507563201,2026-09-04
snoopys030,65,Phase 2: HDD,1788507563210,2026-09-04
xiaoxiao9313,90,Phase 3: CPU,1788508115967,2026-09-04
mori2323,90,Phase 3: CPU,1788508115976,2026-09-04
shadowladyex,90,Phase 3: CPU,1788508115986,2026-09-04
snoopys030,90,Phase 3: CPU,1788508115988,2026-09-04
ikaliayev,90,Phase 3: CPU,1788508115990,2026-09-04
slay_da_b,90,Phase 3: CPU,1788508116020,2026-09-04
hopelessss_,90,Phase 3: CPU,1788508116062,2026-09-04
snoopys030,45,Phase 1: CPU,1788509242687,2026-09-04
mori2323,45,Phase 1: CPU,1788509242692,2026-09-04
slay_da_b,45,Phase 1: CPU,1788509242701,2026-09-04
xiaoxiao9313,45,Phase 1: CPU,1788509242724,2026-09-04
snoopys030,65,Phase 2: HDD,1788509713622,2026-09-04
ivanpetrov32,65,Phase 2: HDD,1788509713650,2026-09-04
shadowladyex,65,Phase 2: HDD,1788509713657,2026-09-04
mori2323,65,Phase 2: HDD,1788509713659,2026-09-04
snoopys030,45,Phase 1: CPU,1788510883275,2026-09-04
mori2323,45,Phase 1: CPU,1788510883277,2026-09-04
hopelessss_,45,Phase 1: CPU,1788510883288,2026-09-04
whitepai,45,Phase 1: CPU,1788510883307,2026-09-04
slay_da_b,65,Phase 2: HDD,1788511451230,2026-09-04
whitepai,65,Phase 2: HDD,1788511451233,2026-09-04
hopelessss_,65,Phase 2: HDD,1788511451236,2026-09-04
mori2323,65,Phase 2: HDD,1788511451327,2026-09-04
xiaoxiao9313,65,Phase 2: HDD,1788511451349,2026-09-04
snoopys030,90,Phase 3: RAM,1788511935266,2026-09-04
ragnar175,90,Phase 3: RAM,1788511935270,2026-09-04
pika_gamy,90,Phase 3: RAM,1788511935277,2026-09-04
xiaoxiao9313,90,Phase 3: RAM,1788511935285,2026-09-04
mori2323,90,Phase 3: RAM,1788511935290,2026-09-04
xiaoxiao9313,45,Phase 1: GPU,1788512959825,2026-09-04
slay_da_b,45,Phase 1: GPU,1788512959827,2026-09-04
mori2323,45,Phase 1: GPU,1788512959842,2026-09-04
slay_da_b,45,Phase 1: CPU,1788514306448,2026-09-04
hopelessss_,45,Phase 1: CPU,1788514306451,2026-09-04
ivanpetrov32,45,Phase 1: CPU,1788514306469,2026-09-04
whitepai,45,Phase 1: CPU,1788514306476,2026-09-04
mori2323,45,Phase 1: RAM,1788515863474,2026-09-04
slay_da_b,45,Phase 1: RAM,1788515863491,2026-09-04
snoopys030,45,Phase 1: RAM,1788515863502,2026-09-04
ivanpetrov32,45,Phase 1: RAM,1788515863504,2026-09-04
pika_gamy,45,Phase 1: RAM,1788515863509,2026-09-04
operacional_cae,45,Phase 1: RAM,1788515863512,2026-09-04
silent_luc,45,Phase 1: RAM,1788515863515,2026-09-04
mori2323,65,Phase 2: HDD,1788516264102,2026-09-04
alexwifi42,65,Phase 2: HDD,1788516264110,2026-09-04
silent_luc,65,Phase 2: HDD,1788516264136,2026-09-04
ivanpetrov32,65,Phase 2: HDD,1788516264158,2026-09-04
hopelessss_,45,Phase 1: HDD,1788517784823,2026-09-04
slay_da_b,45,Phase 1: HDD,1788517784846,2026-09-04
whitepai,45,Phase 1: HDD,1788517784855,2026-09-04
alexwifi42,45,Phase 1: HDD,1788517784858,2026-09-04
silent_luc,45,Phase 1: HDD,1788517784861,2026-09-04
snoopys030,45,Phase 1: HDD,1788517784869,2026-09-04
pika_gamy,45,Phase 1: HDD,1788517784872,2026-09-04
mori2323,45,Phase 1: HDD,1788517784876,2026-09-04
xiaoxiao9313,45,Phase 1: HDD,1788517784878,2026-09-04
ragnar175,45,Phase 1: HDD,1788517784884,2026-09-04
hopelessss_,65,Phase 2: GPU,1788518432717,2026-09-04
pika_gamy,65,Phase 2: GPU,1788518432728,2026-09-04
xiaoxiao9313,65,Phase 2: GPU,1788518432732,2026-09-04
puphik,65,Phase 2: GPU,1788518432745,2026-09-04
mori2323,65,Phase 2: GPU,1788518432758,2026-09-04
alexwifi42,65,Phase 2: GPU,1788518432770,2026-09-04
silent_luc,65,Phase 2: GPU,1788518432782,2026-09-04
snoopys030,65,Phase 2: GPU,1788518432807,2026-09-04
xiaoxiao9313,45,Phase 1: HDD,1788519679305,2026-09-04
whitepai,45,Phase 1: HDD,1788519679311,2026-09-04
alexwifi42,45,Phase 1: HDD,1788519679319,2026-09-04
mori2323,45,Phase 1: HDD,1788519679322,2026-09-04
alphonsoe,45,Phase 1: HDD,1788519679329,2026-09-04
pika_gamy,45,Phase 1: HDD,1788519679351,2026-09-04
snoopys030,45,Phase 1: HDD,1788519679356,2026-09-04
slay_da_b,45,Phase 1: HDD,1788519679368,2026-09-04
alphonsoe,65,Phase 2: RAM,1788520357338,2026-09-04
ivanpetrov32,65,Phase 2: RAM,1788520357341,2026-09-04
snoopys030,65,Phase 2: RAM,1788520357343,2026-09-04
whitepai,65,Phase 2: RAM,1788520357432,2026-09-04
hopelessss_,65,Phase 2: RAM,1788520357435,2026-09-04
mori2323,65,Phase 2: RAM,1788520357437,2026-09-04
pika_gamy,65,Phase 2: RAM,1788520357440,2026-09-04
alexwifi42,65,Phase 2: RAM,1788520357448,2026-09-04
alphonsoe,45,Phase 1: RAM,1788521587989,2026-09-04
pika_gamy,45,Phase 1: RAM,1788521588003,2026-09-04
slay_da_b,45,Phase 1: RAM,1788521588011,2026-09-04
snoopys030,45,Phase 1: RAM,1788521588013,2026-09-04
mori2323,45,Phase 1: RAM,1788521588019,2026-09-04
ivanpetrov32,45,Phase 1: RAM,1788521588064,2026-09-04
xiaoxiao9313,45,Phase 1: RAM,1788521588087,2026-09-04
mori2323,65,Phase 2: HDD,1788522220046,2026-09-04
silent_luc,65,Phase 2: HDD,1788522220049,2026-09-04
alphonsoe,65,Phase 2: HDD,1788522220126,2026-09-04
hopelessss_,65,Phase 2: HDD,1788522220128,2026-09-04
snoopys030,65,Phase 2: HDD,1788522220135,2026-09-04
pika_gamy,65,Phase 2: HDD,1788522220137,2026-09-04
slay_da_b,65,Phase 2: HDD,1788522220140,2026-09-04
mori2323,90,Phase 3: CPU,1788522670935,2026-09-04
silent_luc,90,Phase 3: CPU,1788522670950,2026-09-04
slay_da_b,90,Phase 3: CPU,1788522670954,2026-09-04
alphonsoe,90,Phase 3: CPU,1788522670965,2026-09-04
xiaoxiao9313,90,Phase 3: CPU,1788522670971,2026-09-04
valase,90,Phase 3: CPU,1788522670977,2026-09-04
snoopys030,90,Phase 3: CPU,1788522670982,2026-09-04
hopelessss_,90,Phase 3: CPU,1788522671036,2026-09-04
xiaoxiao9313,45,Phase 1: RAM,1788523967627,2026-09-04
pika_gamy,45,Phase 1: RAM,1788523967635,2026-09-04
yurigiu,45,Phase 1: RAM,1788523967641,2026-09-04
alphonsoe,45,Phase 1: RAM,1788523967644,2026-09-04
operacional_cae,45,Phase 1: RAM,1788523967651,2026-09-04
silent_luc,45,Phase 1: RAM,1788523967653,2026-09-04
snoopys030,45,Phase 1: RAM,1788523967659,2026-09-04
mori2323,45,Phase 1: RAM,1788523967670,2026-09-04
alphonsoe,65,Phase 2: CPU,1788524479558,2026-09-04
pika_gamy,65,Phase 2: CPU,1788524479573,2026-09-04
mori2323,65,Phase 2: CPU,1788524479578,2026-09-04
snoopys030,65,Phase 2: CPU,1788524479632,2026-09-04
xiaoxiao9313,65,Phase 2: CPU,1788524479643,2026-09-04
pika_gamy,45,Phase 1: CPU,1788525506259,2026-09-04
alphonsoe,45,Phase 1: CPU,1788525506283,2026-09-04
mori2323,45,Phase 1: CPU,1788525506308,2026-09-04
shadowladyex,65,Phase 2: RAM,1788526084197,2026-09-04
pika_gamy,65,Phase 2: RAM,1788526084220,2026-09-04
snoopys030,65,Phase 2: RAM,1788526084225,2026-09-04
xiaoxiao9313,65,Phase 2: RAM,1788526084234,2026-09-04
slay_da_b,65,Phase 2: RAM,1788526084238,2026-09-04
silent_luc,65,Phase 2: RAM,1788526084274,2026-09-04
silent_luc,45,Phase 1: HDD,1788527207801,2026-09-04
alphonsoe,45,Phase 1: HDD,1788527207809,2026-09-04
snoopys030,45,Phase 1: HDD,1788527207812,2026-09-04
xiaoxiao9313,45,Phase 1: HDD,1788527207845,2026-09-04
xiaoxiao9313,65,Phase 2: RAM,1788527779701,2026-09-04
silent_luc,65,Phase 2: RAM,1788527779717,2026-09-04
ivanpetrov32,65,Phase 2: RAM,1788527779732,2026-09-04
snoopys030,65,Phase 2: RAM,1788527779743,2026-09-04
alphonsoe,65,Phase 2: RAM,1788527779767,2026-09-04
madagascaradam,65,Phase 2: RAM,1788527779771,2026-09-04
cerebralx1,65,Phase 2: RAM,1788527780208,2026-09-04
shadowladyex,45,Phase 1: RAM,1788529271240,2026-09-04
madagascaradam,45,Phase 1: RAM,1788529271256,2026-09-04
xiaoxiao9313,45,Phase 1: RAM,1788529271259,2026-09-04
alphonsoe,45,Phase 1: RAM,1788529271265,2026-09-04
alexwifi42,45,Phase 1: RAM,1788529271277,2026-09-04
snoopys030,45,Phase 1: RAM,1788529271281,2026-09-04
cerebralx1,45,Phase 1: RAM,1788529271287,2026-09-04
silent_luc,45,Phase 1: RAM,1788529271290,2026-09-04
ivanpetrov32,45,Phase 1: RAM,1788529271299,2026-09-04
mori2323,45,Phase 1: RAM,1788529271303,2026-09-04
operacional_cae,45,Phase 1: RAM,1788529271305,2026-09-04
xiaoxiao9313,65,Phase 2: HDD,1788529769406,2026-09-04
thanossoul,65,Phase 2: HDD,1788529769440,2026-09-04
mori2323,65,Phase 2: HDD,1788529769444,2026-09-04
cerebralx1,65,Phase 2: HDD,1788529769454,2026-09-04
alphonsoe,65,Phase 2: HDD,1788529769462,2026-09-04
alexwifi42,65,Phase 2: HDD,1788529769491,2026-09-04
alphonsoe,45,Phase 1: HDD,1788531025252,2026-09-04
silent_luc,45,Phase 1: HDD,1788531025272,2026-09-04
cerebralx1,45,Phase 1: HDD,1788531025279,2026-09-04
ivanpetrov32,45,Phase 1: HDD,1788531025299,2026-09-04
snoopys030,45,Phase 1: HDD,1788531025307,2026-09-04
mori2323,45,Phase 1: HDD,1788531025312,2026-09-04
xiaoxiao9313,45,Phase 1: HDD,1788531025317,2026-09-04
mori2323,65,Phase 2: CPU,1788531674246,2026-09-04
player0451,65,Phase 2: CPU,1788531674252,2026-09-04
silent_luc,65,Phase 2: CPU,1788531674258,2026-09-04
alphonsoe,65,Phase 2: CPU,1788531674266,2026-09-04
thanossoul,65,Phase 2: CPU,1788531674270,2026-09-04
madagascaradam,65,Phase 2: CPU,1788531674272,2026-09-04
yurigiu,65,Phase 2: CPU,1788531674278,2026-09-04
xiaoxiao9313,65,Phase 2: CPU,1788531674288,2026-09-04
alexwifi42,65,Phase 2: CPU,1788531674311,2026-09-04
xiaoxiao9313,45,Phase 1: GPU,1788532680797,2026-09-04
silent_luc,45,Phase 1: GPU,1788532680801,2026-09-04
alphonsoe,45,Phase 1: GPU,1788532680838,2026-09-04
slay_da_b,45,Phase 1: GPU,1788532680841,2026-09-04
lmbs00,65,Phase 2: HDD,1788533269870,2026-09-04
madagascaradam,65,Phase 2: HDD,1788533269881,2026-09-04
xiaoxiao9313,65,Phase 2: HDD,1788533269885,2026-09-04
mori2323,65,Phase 2: HDD,1788533269929,2026-09-04
thanossoul,65,Phase 2: HDD,1788533269939,2026-09-04
silent_luc,65,Phase 2: HDD,1788533269947,2026-09-04
alburldador,65,Phase 2: HDD,1788533269965,2026-09-04
lmbs00,45,Phase 1: RAM,1788534479325,2026-09-04
alphonsoe,45,Phase 1: RAM,1788534479356,2026-09-04
alexwifi42,45,Phase 1: RAM,1788534479370,2026-09-04
silent_luc,45,Phase 1: RAM,1788534479387,2026-09-04
lovegamesandthings00000,45,Phase 1: RAM,1788534479393,2026-09-04
xiaoxiao9313,45,Phase 1: RAM,1788534479458,2026-09-04
mori2323,45,Phase 1: RAM,1788534479483,2026-09-04
thanossoul,45,Phase 1: CPU,1788536790223,2026-09-04
madagascaradam,45,Phase 1: CPU,1788536790237,2026-09-04
mori2323,45,Phase 1: CPU,1788536790253,2026-09-04
xiaoxiao9313,45,Phase 1: CPU,1788536790256,2026-09-04
alphonsoe,45,Phase 1: CPU,1788536790263,2026-09-04
puphik,45,Phase 1: CPU,1788536790266,2026-09-04
ivanpetrov32,45,Phase 1: CPU,1788536790274,2026-09-04
silent_luc,45,Phase 1: CPU,1788536790277,2026-09-04
ikaliayev,45,Phase 1: CPU,1788536790281,2026-09-04
lmbs00,45,Phase 1: CPU,1788536790419,2026-09-04
alburldador,45,Phase 1: GPU,1788538256300,2026-09-04
xiaoxiao9313,45,Phase 1: GPU,1788538256313,2026-09-04
dahhel,45,Phase 1: GPU,1788538256320,2026-09-04
lmbs00,45,Phase 1: GPU,1788538256329,2026-09-04
ikaliayev,45,Phase 1: GPU,1788538256332,2026-09-04
alexwifi42,45,Phase 1: GPU,1788538256354,2026-09-04
ivanpetrov32,45,Phase 1: GPU,1788538256359,2026-09-04
lmbs00,65,Phase 2: HDD,1788538859263,2026-09-04
dahhel,65,Phase 2: HDD,1788538859268,2026-09-04
xiaoxiao9313,65,Phase 2: HDD,1788538859293,2026-09-04
thanossoul,65,Phase 2: HDD,1788538859301,2026-09-04
ikaliayev,65,Phase 2: HDD,1788538859304,2026-09-04
alburldador,65,Phase 2: HDD,1788538859308,2026-09-04
pika_gamy,65,Phase 2: HDD,1788538859325,2026-09-04
madagascaradam,65,Phase 2: HDD,1788538859358,2026-09-04
alburldador,90,Phase 3: CPU,1788539259181,2026-09-04
dahhel,90,Phase 3: CPU,1788539259199,2026-09-04
ivanpetrov32,90,Phase 3: CPU,1788539259205,2026-09-04
silent_luc,90,Phase 3: CPU,1788539259210,2026-09-04
yurigiu,90,Phase 3: CPU,1788539259215,2026-09-04
xiaoxiao9313,90,Phase 3: CPU,1788539259218,2026-09-04
pika_gamy,90,Phase 3: CPU,1788539259223,2026-09-04
ikaliayev,90,Phase 3: CPU,1788539259227,2026-09-04
lmbs00,90,Phase 3: CPU,1788539259283,2026-09-04
dahhel,45,Phase 1: RAM,1788540295959,2026-09-04
ikaliayev,45,Phase 1: RAM,1788540295962,2026-09-04
xiaoxiao9313,45,Phase 1: RAM,1788540295966,2026-09-04
alburldador,45,Phase 1: RAM,1788540295975,2026-09-04
ikaliayev,45,Phase 1: HDD,1788541820671,2026-09-04
xiaoxiao9313,45,Phase 1: HDD,1788541820687,2026-09-04
alburldador,45,Phase 1: HDD,1788541820697,2026-09-04
thanossoul,45,Phase 1: HDD,1788541820702,2026-09-04
dahhel,45,Phase 1: HDD,1788541820743,2026-09-04
pika_gamy,45,Phase 1: HDD,1788541820823,2026-09-04
ikaliayev,45,Phase 1: GPU,1788543400142,2026-09-04
lmbs00,45,Phase 1: GPU,1788543400156,2026-09-04
madagascaradam,45,Phase 1: GPU,1788543400159,2026-09-04
xiaoxiao9313,45,Phase 1: GPU,1788543400167,2026-09-04
pika_gamy,45,Phase 1: GPU,1788543400170,2026-09-04
hopelessss_,45,Phase 1: GPU,1788543400177,2026-09-04
alburldador,45,Phase 1: GPU,1788543400194,2026-09-04
dahhel,45,Phase 1: GPU,1788543400368,2026-09-04
xiaoxiao9313,65,Phase 2: HDD,1788544065162,2026-09-04
dahhel,65,Phase 2: HDD,1788544065173,2026-09-04
slay_da_b,65,Phase 2: HDD,1788544065179,2026-09-04
ivanpetrov32,65,Phase 2: HDD,1788544065205,2026-09-04
lmbs00,65,Phase 2: HDD,1788544065214,2026-09-04
alburldador,65,Phase 2: HDD,1788544065218,2026-09-04
pika_gamy,65,Phase 2: HDD,1788544065224,2026-09-04
ikaliayev,65,Phase 2: HDD,1788544065233,2026-09-04
ikaliayev,45,Phase 1: RAM,1788545126825,2026-09-04
player0451,45,Phase 1: RAM,1788545126841,2026-09-04
dahhel,45,Phase 1: RAM,1788545126852,2026-09-04
xiaoxiao9313,45,Phase 1: RAM,1788545126861,2026-09-04
pika_gamy,65,Phase 2: CPU,1788545532825,2026-09-04
ikaliayev,65,Phase 2: CPU,1788545532828,2026-09-04
dahhel,65,Phase 2: CPU,1788545532831,2026-09-04
alburldador,65,Phase 2: CPU,1788545532889,2026-09-04
xiaoxiao9313,65,Phase 2: CPU,1788545533059,2026-09-04
lmbs00,45,Phase 1: GPU,1788546837481,2026-09-04
valase,45,Phase 1: GPU,1788546837484,2026-09-04
thanossoul,45,Phase 1: GPU,1788546837504,2026-09-04
madagascaradam,45,Phase 1: GPU,1788546837516,2026-09-04
ikaliayev,45,Phase 1: GPU,1788546837521,2026-09-04
alburldador,45,Phase 1: GPU,1788546837534,2026-09-04
dahhel,45,Phase 1: GPU,1788546837545,2026-09-04
silent_luc,65,Phase 2: CPU,1788547447573,2026-09-04
dahhel,65,Phase 2: CPU,1788547447585,2026-09-04
lmbs00,65,Phase 2: CPU,1788547447632,2026-09-04
valase,65,Phase 2: CPU,1788547447634,2026-09-04
ikaliayev,65,Phase 2: CPU,1788547447663,2026-09-04
thanossoul,65,Phase 2: CPU,1788547447825,2026-09-04
lmbs00,90,Phase 3: RAM,1788548081447,2026-09-04
alexwifi42,90,Phase 3: RAM,1788548081452,2026-09-04
silent_luc,90,Phase 3: RAM,1788548081457,2026-09-04
valase,90,Phase 3: RAM,1788548081469,2026-09-04
dahhel,90,Phase 3: RAM,1788548081475,2026-09-04
ikaliayev,90,Phase 3: RAM,1788548081481,2026-09-04
madagascaradam,90,Phase 3: RAM,1788548081484,2026-09-04
alburldador,90,Phase 3: RAM,1788548081493,2026-09-04
dahhel,45,Phase 1: HDD,1788549209122,2026-09-04
ikaliayev,45,Phase 1: HDD,1788549209128,2026-09-04
silent_luc,45,Phase 1: HDD,1788549209134,2026-09-04
lmbs00,45,Phase 1: HDD,1788549209151,2026-09-04
alburldador,45,Phase 1: HDD,1788549209181,2026-09-04
lmbs00,65,Phase 2: GPU,1788549841143,2026-09-04
pika_gamy,65,Phase 2: GPU,1788549841150,2026-09-04
cerebralx1,65,Phase 2: GPU,1788549841152,2026-09-04
madagascaradam,65,Phase 2: GPU,1788549841175,2026-09-04
alburldador,65,Phase 2: GPU,1788549841225,2026-09-04
lovegamesandthings00000,65,Phase 2: GPU,1788549841233,2026-09-04
dahhel,65,Phase 2: GPU,1788549841422,2026-09-04
ikaliayev,65,Phase 2: GPU,1788549841424,2026-09-04
pika_gamy,90,Phase 3: CPU,1788550534153,2026-09-04
ikaliayev,90,Phase 3: CPU,1788550534163,2026-09-04
ivanpetrov32,90,Phase 3: CPU,1788550534168,2026-09-04
valase,90,Phase 3: CPU,1788550534177,2026-09-04
dahhel,90,Phase 3: CPU,1788550534183,2026-09-04
silent_luc,90,Phase 3: CPU,1788550534189,2026-09-04
cerebralx1,90,Phase 3: CPU,1788550534191,2026-09-04
lmbs00,90,Phase 3: CPU,1788550534195,2026-09-04
player0451,90,Phase 3: CPU,1788550534198,2026-09-04
alburldador,90,Phase 3: CPU,1788550534248,2026-09-04
cerebralx1,45,Phase 1: GPU,1788551882975,2026-09-04
madagascaradam,45,Phase 1: GPU,1788551883013,2026-09-04
alexwifi42,45,Phase 1: GPU,1788551883036,2026-09-04
ikaliayev,45,Phase 1: GPU,1788551883041,2026-09-04
dahhel,45,Phase 1: GPU,1788551883091,2026-09-04
alburldador,45,Phase 1: GPU,1788551883098,2026-09-04
lmbs00,45,Phase 1: GPU,1788551883139,2026-09-04
operacional_cae,45,Phase 1: GPU,1788551883638,2026-09-04
valase,45,Phase 1: GPU,1788551883642,2026-09-04
silent_luc,65,Phase 2: HDD,1788552507156,2026-09-04
thanossoul,65,Phase 2: HDD,1788552507164,2026-09-04
ivanpetrov32,65,Phase 2: HDD,1788552507166,2026-09-04
valase,65,Phase 2: HDD,1788552507171,2026-09-04
dahhel,65,Phase 2: HDD,1788552507178,2026-09-04
ikaliayev,65,Phase 2: HDD,1788552507180,2026-09-04
lmbs00,65,Phase 2: HDD,1788552507194,2026-09-04
cerebralx1,65,Phase 2: HDD,1788552507199,2026-09-04
shadowladyex,45,Phase 1: HDD,1788554070396,2026-09-04
puphik,45,Phase 1: HDD,1788554070423,2026-09-04
valase,45,Phase 1: HDD,1788554070426,2026-09-04
cerebralx1,45,Phase 1: HDD,1788554070429,2026-09-04
dahhel,45,Phase 1: HDD,1788554070433,2026-09-04
pika_gamy,45,Phase 1: HDD,1788554070435,2026-09-04
operacional_cae,45,Phase 1: HDD,1788554070438,2026-09-04
lmbs00,45,Phase 1: HDD,1788554070443,2026-09-04
player0451,45,Phase 1: HDD,1788554070448,2026-09-04
thanossoul,45,Phase 1: HDD,1788554070452,2026-09-04
silent_luc,45,Phase 1: HDD,1788554070455,2026-09-04
ikaliayev,45,Phase 1: HDD,1788554070476,2026-09-04
alburldador,45,Phase 1: HDD,1788554070485,2026-09-04
dahhel,65,Phase 2: RAM,1788554577652,2026-09-04
thanossoul,65,Phase 2: RAM,1788554577658,2026-09-04
lmbs00,65,Phase 2: RAM,1788554577682,2026-09-04
cerebralx1,65,Phase 2: RAM,1788554577685,2026-09-04
silent_luc,65,Phase 2: RAM,1788554577690,2026-09-04
valase,65,Phase 2: RAM,1788554577695,2026-09-04
shadowladyex,65,Phase 2: RAM,1788554577737,2026-09-04
cerebralx1,90,Phase 3: CPU,1788555131608,2026-09-04
lmbs00,90,Phase 3: CPU,1788555131612,2026-09-04
thanossoul,90,Phase 3: CPU,1788555131618,2026-09-04
ikaliayev,90,Phase 3: CPU,1788555131624,2026-09-04
whitepai,90,Phase 3: CPU,1788555131633,2026-09-04
alburldador,90,Phase 3: CPU,1788555131635,2026-09-04
dahhel,90,Phase 3: CPU,1788555131643,2026-09-04
valase,90,Phase 3: CPU,1788555131651,2026-09-04
shadowladyex,90,Phase 3: CPU,1788555131653,2026-09-04
silent_luc,90,Phase 3: CPU,1788555131714,2026-09-04
valase,45,Phase 1: GPU,1788556490314,2026-09-04
shadowladyex,45,Phase 1: GPU,1788556490327,2026-09-04
pika_gamy,45,Phase 1: GPU,1788556490333,2026-09-04
lmbs00,45,Phase 1: GPU,1788556490339,2026-09-04
cerebralx1,45,Phase 1: GPU,1788556490346,2026-09-04
silent_luc,45,Phase 1: GPU,1788556490361,2026-09-04
alburldador,45,Phase 1: GPU,1788556490368,2026-09-04
dahhel,45,Phase 1: GPU,1788556490382,2026-09-04
ikaliayev,45,Phase 1: GPU,1788556490385,2026-09-04
pika_gamy,65,Phase 2: CPU,1788557184332,2026-09-04
cerebralx1,65,Phase 2: CPU,1788557184341,2026-09-04
alburldador,65,Phase 2: CPU,1788557184344,2026-09-04
lmbs00,65,Phase 2: CPU,1788557184348,2026-09-04
silent_luc,65,Phase 2: CPU,1788557184350,2026-09-04
dahhel,65,Phase 2: CPU,1788557184379,2026-09-04
shadowladyex,65,Phase 2: CPU,1788557184385,2026-09-04
ikaliayev,65,Phase 2: CPU,1788557184389,2026-09-04
valase,65,Phase 2: CPU,1788557184408,2026-09-04
dahhel,45,Phase 1: GPU,1788558687096,2026-09-04
alexwifi42,45,Phase 1: GPU,1788558687113,2026-09-04
lmbs00,45,Phase 1: GPU,1788558687121,2026-09-04
ikaliayev,45,Phase 1: GPU,1788558687128,2026-09-04
valase,45,Phase 1: GPU,1788558687136,2026-09-04
silent_luc,45,Phase 1: GPU,1788558687147,2026-09-04
pika_gamy,45,Phase 1: GPU,1788558687149,2026-09-04
shadowladyex,45,Phase 1: GPU,1788558687156,2026-09-04
alburldador,45,Phase 1: GPU,1788558687170,2026-09-04
cerebralx1,45,Phase 1: GPU,1788558687177,2026-09-04
ikaliayev,65,Phase 2: CPU,1788559336839,2026-09-04
alburldador,65,Phase 2: CPU,1788559336852,2026-09-04
lmbs00,65,Phase 2: CPU,1788559336855,2026-09-04
dahhel,65,Phase 2: CPU,1788559336858,2026-09-04
shadowladyex,65,Phase 2: CPU,1788559336873,2026-09-04
valase,65,Phase 2: CPU,1788559336883,2026-09-04
pika_gamy,65,Phase 2: CPU,1788559336885,2026-09-04
cerebralx1,65,Phase 2: CPU,1788559336887,2026-09-04
ikaliayev,90,Phase 3: RAM,1788559878791,2026-09-04
lmbs00,90,Phase 3: RAM,1788559878793,2026-09-04
dahhel,90,Phase 3: RAM,1788559878803,2026-09-04
llucholba,90,Phase 3: RAM,1788559878806,2026-09-04
valase,90,Phase 3: RAM,1788559878815,2026-09-04
shadowladyex,90,Phase 3: RAM,1788559878820,2026-09-04
pika_gamy,90,Phase 3: RAM,1788559878855,2026-09-04
valase,45,Phase 1: CPU,1788561187379,2026-09-04
shadowladyex,45,Phase 1: CPU,1788561187387,2026-09-04
ikaliayev,45,Phase 1: CPU,1788561187390,2026-09-04
pika_gamy,45,Phase 1: CPU,1788561187396,2026-09-04
lmbs00,45,Phase 1: CPU,1788561187405,2026-09-04
alexwifi42,45,Phase 1: CPU,1788561187409,2026-09-04
dahhel,45,Phase 1: CPU,1788561187418,2026-09-04
silent_luc,45,Phase 1: CPU,1788561187432,2026-09-04
shadowladyex,65,Phase 2: GPU,1788561824372,2026-09-04
valase,65,Phase 2: GPU,1788561824378,2026-09-04
lmbs00,65,Phase 2: GPU,1788561824393,2026-09-04
dahhel,65,Phase 2: GPU,1788561824400,2026-09-04
pika_gamy,65,Phase 2: GPU,1788561824407,2026-09-04
silent_luc,65,Phase 2: GPU,1788561824414,2026-09-04
ikaliayev,65,Phase 2: GPU,1788561824417,2026-09-04
ikaliayev,45,Phase 1: RAM,1788562826065,2026-09-04
dahhel,45,Phase 1: RAM,1788562826084,2026-09-04
alexwifi42,45,Phase 1: RAM,1788562826090,2026-09-04
shadowladyex,45,Phase 1: RAM,1788562826105,2026-09-04
shadowladyex,45,Phase 1: HDD,1788564316977,2026-09-04
ikaliayev,45,Phase 1: HDD,1788564317015,2026-09-04
dahhel,45,Phase 1: HDD,1788564317018,2026-09-04
silent_luc,45,Phase 1: HDD,1788564317022,2026-09-04
lmbs00,45,Phase 1: HDD,1788564317027,2026-09-04
valase,45,Phase 1: HDD,1788564317031,2026-09-04
llucholba,45,Phase 1: HDD,1788564317099,2026-09-04
madagascaradam,65,Phase 2: RAM,1788565056840,2026-09-04
thanossoul,65,Phase 2: RAM,1788565056861,2026-09-04
lmbs00,65,Phase 2: RAM,1788565056875,2026-09-04
dahhel,65,Phase 2: RAM,1788565056880,2026-09-04
valase,65,Phase 2: RAM,1788565056883,2026-09-04
silent_luc,65,Phase 2: RAM,1788565056891,2026-09-04
pika_gamy,65,Phase 2: RAM,1788565056895,2026-09-04
shadowladyex,65,Phase 2: RAM,1788565056911,2026-09-04
ikaliayev,65,Phase 2: RAM,1788565056916,2026-09-04
thanossoul,90,Phase 3: CPU,1788565756152,2026-09-04
valase,90,Phase 3: CPU,1788565756187,2026-09-04
lmbs00,90,Phase 3: CPU,1788565756190,2026-09-04
llucholba,90,Phase 3: CPU,1788565756195,2026-09-04
shadowladyex,90,Phase 3: CPU,1788565756216,2026-09-04
snoopys030,90,Phase 3: CPU,1788565756230,2026-09-04
dahhel,90,Phase 3: CPU,1788565756238,2026-09-04
silent_luc,90,Phase 3: CPU,1788565756256,2026-09-04
pika_gamy,90,Phase 3: CPU,1788565756278,2026-09-04
ikaliayev,90,Phase 3: CPU,1788565756285,2026-09-04
thanossoul,120,Phase 4: GPU,1788566277840,2026-09-04
lovegamesandthings00000,120,Phase 4: GPU,1788566277851,2026-09-04
snoopys030,120,Phase 4: GPU,1788566277857,2026-09-04
mori2323,120,Phase 4: GPU,1788566277870,2026-09-04
silent_luc,120,Phase 4: GPU,1788566277879,2026-09-04
shadowladyex,120,Phase 4: GPU,1788566277881,2026-09-04
valase,120,Phase 4: GPU,1788566277887,2026-09-04
ikaliayev,120,Phase 4: GPU,1788566277914,2026-09-04
dahhel,120,Phase 4: GPU,1788566277955,2026-09-04
silent_luc,100,proStar bonus: all 4 phases,1788566278490,2026-09-04
shadowladyex,100,proStar bonus: all 4 phases,1788566278498,2026-09-04
ikaliayev,100,proStar bonus: all 4 phases,1788566278504,2026-09-04
valase,100,proStar bonus: all 4 phases,1788566278518,2026-09-04
dahhel,100,proStar bonus: all 4 phases,1788566278591,2026-09-04
ikaliayev,45,Phase 1: RAM,1788567364733,2026-09-05
mori2323,45,Phase 1: RAM,1788567364750,2026-09-05
thanossoul,45,Phase 1: RAM,1788567364754,2026-09-05
shadowladyex,45,Phase 1: RAM,1788567364757,2026-09-05
valase,45,Phase 1: RAM,1788567364761,2026-09-05
dahhel,45,Phase 1: RAM,1788567364769,2026-09-05
lmbs00,45,Phase 1: RAM,1788567364775,2026-09-05
pika_gamy,45,Phase 1: RAM,1788567364780,2026-09-05
silent_luc,45,Phase 1: RAM,1788567364785,2026-09-05
snoopys030,45,Phase 1: RAM,1788567364828,2026-09-05
ikaliayev,65,Phase 2: HDD,1788568041678,2026-09-05
dahhel,65,Phase 2: HDD,1788568041685,2026-09-05
mori2323,65,Phase 2: HDD,1788568041690,2026-09-05
valase,65,Phase 2: HDD,1788568041700,2026-09-05
lmbs00,65,Phase 2: HDD,1788568041706,2026-09-05
silent_luc,65,Phase 2: HDD,1788568041709,2026-09-05
pika_gamy,65,Phase 2: HDD,1788568041718,2026-09-05
shadowladyex,65,Phase 2: HDD,1788568041721,2026-09-05
pika_gamy,90,Phase 3: GPU,1788568447661,2026-09-05
dahhel,90,Phase 3: GPU,1788568447666,2026-09-05
shadowladyex,90,Phase 3: GPU,1788568447677,2026-09-05
lmbs00,90,Phase 3: GPU,1788568447688,2026-09-05
silent_luc,90,Phase 3: GPU,1788568447694,2026-09-05
mori2323,90,Phase 3: GPU,1788568447707,2026-09-05
ikaliayev,90,Phase 3: GPU,1788568447760,2026-09-05
snoopys030,45,Phase 1: CPU,1788569639725,2026-09-05
silent_luc,45,Phase 1: CPU,1788569639757,2026-09-05
dahhel,45,Phase 1: CPU,1788569639759,2026-09-05
ikaliayev,45,Phase 1: CPU,1788569639765,2026-09-05
mori2323,45,Phase 1: CPU,1788569639767,2026-09-05
shadowladyex,45,Phase 1: CPU,1788569639769,2026-09-05
lmbs00,45,Phase 1: CPU,1788569639772,2026-09-05
lovegamesandthings00000,65,Phase 2: GPU,1788570305759,2026-09-05
lmbs00,65,Phase 2: GPU,1788570305768,2026-09-05
valase,65,Phase 2: GPU,1788570305770,2026-09-05
snoopys030,65,Phase 2: GPU,1788570305778,2026-09-05
dahhel,65,Phase 2: GPU,1788570305779,2026-09-05
shadowladyex,65,Phase 2: GPU,1788570305781,2026-09-05
silent_luc,65,Phase 2: GPU,1788570305784,2026-09-05
ikaliayev,65,Phase 2: GPU,1788570305793,2026-09-05
mori2323,65,Phase 2: GPU,1788570305796,2026-09-05
lmbs00,45,Phase 1: GPU,1788571428259,2026-09-05
snoopys030,45,Phase 1: GPU,1788571428263,2026-09-05
mori2323,45,Phase 1: GPU,1788571428270,2026-09-05
shadowladyex,45,Phase 1: GPU,1788571428272,2026-09-05
dahhel,45,Phase 1: GPU,1788571428273,2026-09-05
ikaliayev,45,Phase 1: GPU,1788571428308,2026-09-05
hopelessss_,65,Phase 2: RAM,1788572095253,2026-09-05
valase,65,Phase 2: RAM,1788572095259,2026-09-05
snoopys030,65,Phase 2: RAM,1788572095262,2026-09-05
lmbs00,65,Phase 2: RAM,1788572095264,2026-09-05
dahhel,65,Phase 2: RAM,1788572095268,2026-09-05
ikaliayev,65,Phase 2: RAM,1788572095273,2026-09-05
silent_luc,65,Phase 2: RAM,1788572095275,2026-09-05
mori2323,65,Phase 2: RAM,1788572095286,2026-09-05
shadowladyex,65,Phase 2: RAM,1788572095306,2026-09-05
lmbs00,90,Phase 3: CPU,1788572511256,2026-09-05
mori2323,90,Phase 3: CPU,1788572511267,2026-09-05
valase,90,Phase 3: CPU,1788572511268,2026-09-05
dahhel,90,Phase 3: CPU,1788572511274,2026-09-05
hopelessss_,90,Phase 3: CPU,1788572511275,2026-09-05
shadowladyex,90,Phase 3: CPU,1788572511284,2026-09-05
ikaliayev,90,Phase 3: CPU,1788572511294,2026-09-05
silent_luc,90,Phase 3: CPU,1788572511322,2026-09-05
shadowladyex,45,Phase 1: HDD,1788573571177,2026-09-05
dahhel,45,Phase 1: HDD,1788573571188,2026-09-05
lmbs00,45,Phase 1: HDD,1788573571212,2026-09-05
dahhel,65,Phase 2: CPU,1788574055238,2026-09-05
shadowladyex,65,Phase 2: CPU,1788574055242,2026-09-05
lmbs00,65,Phase 2: CPU,1788574055247,2026-09-05
lovegamesandthings00000,65,Phase 2: CPU,1788574055249,2026-09-05
hopelessss_,65,Phase 2: CPU,1788574055261,2026-09-05
mori2323,45,Phase 1: GPU,1788575248804,2026-09-05
lmbs00,45,Phase 1: GPU,1788575248829,2026-09-05
shadowladyex,45,Phase 1: GPU,1788575248835,2026-09-05
silent_luc,45,Phase 1: GPU,1788575248841,2026-09-05
ikaliayev,45,Phase 1: GPU,1788575248844,2026-09-05
dahhel,45,Phase 1: GPU,1788575248943,2026-09-05
lmbs00,65,Phase 2: HDD,1788575817813,2026-09-05
dahhel,65,Phase 2: HDD,1788575817820,2026-09-05
shadowladyex,65,Phase 2: HDD,1788575817822,2026-09-05
snoopys030,65,Phase 2: HDD,1788575817846,2026-09-05
ikaliayev,65,Phase 2: HDD,1788575817850,2026-09-05
mori2323,45,Phase 1: CPU,1788577024489,2026-09-05
shadowladyex,45,Phase 1: CPU,1788577024491,2026-09-05
snoopys030,45,Phase 1: CPU,1788577024515,2026-09-05
ikaliayev,45,Phase 1: CPU,1788577024521,2026-09-05
dahhel,45,Phase 1: CPU,1788577024557,2026-09-05
dahhel,65,Phase 2: HDD,1788577615503,2026-09-05
thanossoul,65,Phase 2: HDD,1788577615509,2026-09-05
lmbs00,65,Phase 2: HDD,1788577615512,2026-09-05
shadowladyex,65,Phase 2: HDD,1788577615516,2026-09-05
mori2323,65,Phase 2: HDD,1788577615520,2026-09-05
ikaliayev,65,Phase 2: HDD,1788577615542,2026-09-05
slay_da_b,65,Phase 2: HDD,1788577615547,2026-09-05
player0451,45,Phase 1: RAM,1788579058345,2026-09-05
thanossoul,45,Phase 1: RAM,1788579058365,2026-09-05
lmbs00,45,Phase 1: RAM,1788579058367,2026-09-05
mori2323,45,Phase 1: RAM,1788579058371,2026-09-05
shadowladyex,45,Phase 1: RAM,1788579058379,2026-09-05
dahhel,45,Phase 1: RAM,1788579058381,2026-09-05
xiaoxiao9313,45,Phase 1: RAM,1788579058383,2026-09-05
ikaliayev,45,Phase 1: RAM,1788579058385,2026-09-05
slay_da_b,45,Phase 1: RAM,1788579058388,2026-09-05
xiaoxiao9313,65,Phase 2: CPU,1788579764066,2026-09-05
lmbs00,65,Phase 2: CPU,1788579764071,2026-09-05
player0451,65,Phase 2: CPU,1788579764080,2026-09-05
shadowladyex,65,Phase 2: CPU,1788579764087,2026-09-05
mori2323,65,Phase 2: CPU,1788579764090,2026-09-05
thanossoul,65,Phase 2: CPU,1788579764092,2026-09-05
snoopys030,65,Phase 2: CPU,1788579764094,2026-09-05
ikaliayev,65,Phase 2: CPU,1788579764106,2026-09-05
dahhel,65,Phase 2: CPU,1788579764109,2026-09-05
dahhel,90,Phase 3: GPU,1788580270099,2026-09-05
xiaoxiao9313,90,Phase 3: GPU,1788580270141,2026-09-05
thanossoul,90,Phase 3: GPU,1788580270149,2026-09-05
snoopys030,90,Phase 3: GPU,1788580270212,2026-09-05
lmbs00,90,Phase 3: GPU,1788580270219,2026-09-05
ikaliayev,90,Phase 3: GPU,1788580270288,2026-09-05
mori2323,90,Phase 3: GPU,1788580270337,2026-09-05
lmbs00,120,Phase 4: HDD,1788580791348,2026-09-05
mori2323,120,Phase 4: HDD,1788580791353,2026-09-05
lovegamesandthings00000,120,Phase 4: HDD,1788580791359,2026-09-05
slay_da_b,120,Phase 4: HDD,1788580791363,2026-09-05
dahhel,120,Phase 4: HDD,1788580791364,2026-09-05
shadowladyex,120,Phase 4: HDD,1788580791366,2026-09-05
xiaoxiao9313,120,Phase 4: HDD,1788580791368,2026-09-05
ikaliayev,120,Phase 4: HDD,1788580791379,2026-09-05
thanossoul,120,Phase 4: HDD,1788580791405,2026-09-05
xiaoxiao9313,83,proStar bonus: all 4 phases,1788580791790,2026-09-05
lmbs00,83,proStar bonus: all 4 phases,1788580791792,2026-09-05
dahhel,83,proStar bonus: all 4 phases,1788580791797,2026-09-05
mori2323,83,proStar bonus: all 4 phases,1788580791799,2026-09-05
ikaliayev,83,proStar bonus: all 4 phases,1788580791805,2026-09-05
thanossoul,83,proStar bonus: all 4 phases,1788580791886,2026-09-05
madagascaradam,45,Phase 1: CPU,1788581757391,2026-09-05
lmbs00,45,Phase 1: CPU,1788581757405,2026-09-05
shadowladyex,45,Phase 1: CPU,1788581757407,2026-09-05
mori2323,45,Phase 1: CPU,1788581757409,2026-09-05
ikaliayev,45,Phase 1: CPU,1788581757411,2026-09-05
dahhel,45,Phase 1: CPU,1788581757422,2026-09-05
xiaoxiao9313,45,Phase 1: CPU,1788581757434,2026-09-05
snoopys030,45,Phase 1: CPU,1788581757436,2026-09-05
xiaoxiao9313,65,Phase 2: RAM,1788582188339,2026-09-05
ikaliayev,65,Phase 2: RAM,1788582188358,2026-09-05
dahhel,65,Phase 2: RAM,1788582188381,2026-09-05
slay_da_b,65,Phase 2: RAM,1788582188392,2026-09-05
mori2323,65,Phase 2: RAM,1788582188397,2026-09-05
lmbs00,45,Phase 1: CPU,1788583386955,2026-09-05
slay_da_b,45,Phase 1: CPU,1788583386962,2026-09-05
player0451,45,Phase 1: CPU,1788583386963,2026-09-05
dahhel,45,Phase 1: CPU,1788583386967,2026-09-05
snoopys030,45,Phase 1: CPU,1788583386970,2026-09-05
ikaliayev,45,Phase 1: CPU,1788583386974,2026-09-05
snoopys030,65,Phase 2: GPU,1788583865126,2026-09-05
lmbs00,65,Phase 2: GPU,1788583865128,2026-09-05
mori2323,65,Phase 2: GPU,1788583865130,2026-09-05
dahhel,65,Phase 2: GPU,1788583865132,2026-09-05
ikaliayev,65,Phase 2: GPU,1788583865138,2026-09-05
slay_da_b,45,Phase 1: GPU,1788585461897,2026-09-05
ivanpetrov32,45,Phase 1: GPU,1788585461908,2026-09-05
player0451,45,Phase 1: GPU,1788585461911,2026-09-05
dahhel,45,Phase 1: GPU,1788585461920,2026-09-05
lmbs00,45,Phase 1: GPU,1788585461923,2026-09-05
snoopys030,45,Phase 1: GPU,1788585461927,2026-09-05
madagascaradam,45,Phase 1: GPU,1788585461929,2026-09-05
xiaoxiao9313,45,Phase 1: GPU,1788585461933,2026-09-05
ikaliayev,45,Phase 1: GPU,1788585461936,2026-09-05
alphonsoe,45,Phase 1: GPU,1788585461950,2026-09-05
ikaliayev,65,Phase 2: CPU,1788585993747,2026-09-05
lmbs00,65,Phase 2: CPU,1788585993762,2026-09-05
dahhel,65,Phase 2: CPU,1788585993774,2026-09-05
mori2323,65,Phase 2: CPU,1788585993781,2026-09-05
alphonsoe,65,Phase 2: CPU,1788585993789,2026-09-05
madagascaradam,65,Phase 2: CPU,1788585993817,2026-09-05
ikaliayev,90,Phase 3: HDD,1788586550770,2026-09-05
llucholba,90,Phase 3: HDD,1788586550789,2026-09-05
xiaoxiao9313,90,Phase 3: HDD,1788586550797,2026-09-05
mori2323,90,Phase 3: HDD,1788586550799,2026-09-05
alburldador,90,Phase 3: HDD,1788586550802,2026-09-05
shadowladyex,90,Phase 3: HDD,1788586550883,2026-09-05
alphonsoe,90,Phase 3: HDD,1788586550892,2026-09-05
dahhel,90,Phase 3: HDD,1788586550906,2026-09-05
slay_da_b,90,Phase 3: HDD,1788586550912,2026-09-05
shadowladyex,120,Phase 4: RAM,1788587113892,2026-09-05
madagascaradam,120,Phase 4: RAM,1788587113898,2026-09-05
dahhel,120,Phase 4: RAM,1788587113906,2026-09-05
lmbs00,120,Phase 4: RAM,1788587113909,2026-09-05
xiaoxiao9313,120,Phase 4: RAM,1788587113914,2026-09-05
alburldador,120,Phase 4: RAM,1788587113918,2026-09-05
alphonsoe,120,Phase 4: RAM,1788587113924,2026-09-05
ivanpetrov32,120,Phase 4: RAM,1788587113935,2026-09-05
mori2323,120,Phase 4: RAM,1788587113941,2026-09-05
ikaliayev,120,Phase 4: RAM,1788587114005,2026-09-05
snoopys030,120,Phase 4: RAM,1788587114031,2026-09-05
dahhel,166,proStar bonus: all 4 phases,1788587114488,2026-09-05
ikaliayev,166,proStar bonus: all 4 phases,1788587114496,2026-09-05
alphonsoe,166,proStar bonus: all 4 phases,1788587114508,2026-09-05
alburldador,45,Phase 1: RAM,1788588014830,2026-09-05
lmbs00,45,Phase 1: RAM,1788588014836,2026-09-05
xiaoxiao9313,45,Phase 1: RAM,1788588014842,2026-09-05
puphik,45,Phase 1: RAM,1788588014853,2026-09-05
ikaliayev,45,Phase 1: RAM,1788588014856,2026-09-05
alphonsoe,45,Phase 1: RAM,1788588014862,2026-09-05
ivanpetrov32,45,Phase 1: RAM,1788588014870,2026-09-05
mori2323,45,Phase 1: RAM,1788588014875,2026-09-05
mori2323,65,Phase 2: GPU,1788588595821,2026-09-05
ikaliayev,65,Phase 2: GPU,1788588595833,2026-09-05
ivanpetrov32,65,Phase 2: GPU,1788588595839,2026-09-05
slay_da_b,65,Phase 2: GPU,1788588595844,2026-09-05
snoopys030,65,Phase 2: GPU,1788588595850,2026-09-05
xiaoxiao9313,65,Phase 2: GPU,1788588595852,2026-09-05
alphonsoe,65,Phase 2: GPU,1788588595859,2026-09-05
lmbs00,65,Phase 2: GPU,1788588595861,2026-09-05
lmbs00,45,Phase 1: GPU,1788589956414,2026-09-05
alphonsoe,45,Phase 1: GPU,1788589956419,2026-09-05
ikaliayev,45,Phase 1: GPU,1788589956433,2026-09-05
xiaoxiao9313,45,Phase 1: GPU,1788589956439,2026-09-05
alburldador,45,Phase 1: GPU,1788589956445,2026-09-05
hopelessss_,45,Phase 1: GPU,1788589956448,2026-09-05
ivanpetrov32,45,Phase 1: GPU,1788589956454,2026-09-05
slay_da_b,45,Phase 1: GPU,1788589956468,2026-09-05
snoopys030,65,Phase 2: RAM,1788590445441,2026-09-05
hopelessss_,65,Phase 2: RAM,1788590445447,2026-09-05
alphonsoe,65,Phase 2: RAM,1788590445462,2026-09-05
xiaoxiao9313,65,Phase 2: RAM,1788590445467,2026-09-05
ikaliayev,65,Phase 2: RAM,1788590445473,2026-09-05
hopelessss_,90,Phase 3: CPU,1788590887393,2026-09-05
xiaoxiao9313,90,Phase 3: CPU,1788590887399,2026-09-05
alphonsoe,90,Phase 3: CPU,1788590887401,2026-09-05
mori2323,90,Phase 3: CPU,1788590887409,2026-09-05
alburldador,90,Phase 3: CPU,1788590887412,2026-09-05
ikaliayev,90,Phase 3: CPU,1788590887417,2026-09-05
lmbs00,90,Phase 3: CPU,1788590887430,2026-09-05
ivanpetrov32,45,Phase 1: GPU,1788592367066,2026-09-05
mori2323,45,Phase 1: GPU,1788592367077,2026-09-05
alphonsoe,45,Phase 1: GPU,1788592367089,2026-09-05
lmbs00,45,Phase 1: GPU,1788592367091,2026-09-05
xiaoxiao9313,45,Phase 1: GPU,1788592367094,2026-09-05
ikaliayev,45,Phase 1: GPU,1788592367109,2026-09-05
hopelessss_,45,Phase 1: GPU,1788592367114,2026-09-05
alburldador,45,Phase 1: GPU,1788592367117,2026-09-05
snoopys030,45,Phase 1: GPU,1788592367120,2026-09-05
pika_gamy,45,Phase 1: GPU,1788592367124,2026-09-05
snoopys030,65,Phase 2: RAM,1788592785149,2026-09-05
xiaoxiao9313,65,Phase 2: RAM,1788592785158,2026-09-05
hopelessss_,65,Phase 2: RAM,1788592785162,2026-09-05
mori2323,65,Phase 2: RAM,1788592785165,2026-09-05
ikaliayev,65,Phase 2: RAM,1788592785203,2026-09-05
snoopys030,90,Phase 3: HDD,1788593364141,2026-09-05
xiaoxiao9313,90,Phase 3: HDD,1788593364144,2026-09-05
ikaliayev,90,Phase 3: HDD,1788593364149,2026-09-05
alphonsoe,90,Phase 3: HDD,1788593364155,2026-09-05
pika_gamy,90,Phase 3: HDD,1788593364161,2026-09-05
alburldador,90,Phase 3: HDD,1788593364176,2026-09-05
lmbs00,90,Phase 3: HDD,1788593364179,2026-09-05
mori2323,90,Phase 3: HDD,1788593364182,2026-09-05
pika_gamy,120,Phase 4: CPU,1788593892308,2026-09-05
snoopys030,120,Phase 4: CPU,1788593892351,2026-09-05
lillakra,120,Phase 4: CPU,1788593892367,2026-09-05
ikaliayev,120,Phase 4: CPU,1788593892399,2026-09-05
lmbs00,120,Phase 4: CPU,1788593892404,2026-09-05
hopelessss_,120,Phase 4: CPU,1788593892408,2026-09-05
alburldador,120,Phase 4: CPU,1788593892410,2026-09-05
ivanpetrov32,120,Phase 4: CPU,1788593892417,2026-09-05
slay_da_b,120,Phase 4: CPU,1788593892420,2026-09-05
xiaoxiao9313,120,Phase 4: CPU,1788593892431,2026-09-05
mori2323,120,Phase 4: CPU,1788593892433,2026-09-05
snoopys030,125,proStar bonus: all 4 phases,1788593893127,2026-09-05
xiaoxiao9313,125,proStar bonus: all 4 phases,1788593893129,2026-09-05
mori2323,125,proStar bonus: all 4 phases,1788593893136,2026-09-05
ikaliayev,125,proStar bonus: all 4 phases,1788593893216,2026-09-05
pika_gamy,45,Phase 1: GPU,1788594856871,2026-09-05
alphonsoe,45,Phase 1: GPU,1788594856892,2026-09-05
hopelessss_,45,Phase 1: GPU,1788594856895,2026-09-05
ikaliayev,45,Phase 1: GPU,1788594856901,2026-09-05
mori2323,45,Phase 1: GPU,1788594856920,2026-09-05
lmbs00,45,Phase 1: GPU,1788594856931,2026-09-05
alburldador,45,Phase 1: GPU,1788594856934,2026-09-05
xiaoxiao9313,45,Phase 1: GPU,1788594856938,2026-09-05
xiaoxiao9313,65,Phase 2: CPU,1788595423106,2026-09-05
ikaliayev,65,Phase 2: CPU,1788595423109,2026-09-05
alphonsoe,65,Phase 2: CPU,1788595423114,2026-09-05
alburldador,65,Phase 2: CPU,1788595423124,2026-09-05
pika_gamy,65,Phase 2: CPU,1788595423128,2026-09-05
mori2323,65,Phase 2: CPU,1788595423169,2026-09-05
ikaliayev,45,Phase 1: CPU,1788596731799,2026-09-05
alburldador,45,Phase 1: CPU,1788596731809,2026-09-05
lmbs00,45,Phase 1: CPU,1788596731816,2026-09-05
xiaoxiao9313,45,Phase 1: CPU,1788596731819,2026-09-05
slay_da_b,45,Phase 1: CPU,1788596731825,2026-09-05
alphonsoe,45,Phase 1: CPU,1788596731830,2026-09-05
mori2323,45,Phase 1: CPU,1788596731850,2026-09-05
pika_gamy,45,Phase 1: CPU,1788596731879,2026-09-05
mori2323,65,Phase 2: GPU,1788597164930,2026-09-05
xiaoxiao9313,65,Phase 2: GPU,1788597164939,2026-09-05
pika_gamy,65,Phase 2: GPU,1788597164943,2026-09-05
ikaliayev,65,Phase 2: GPU,1788597164951,2026-09-05
ivanpetrov32,65,Phase 2: GPU,1788597164980,2026-09-05
ikaliayev,45,Phase 1: CPU,1788598210717,2026-09-05
xiaoxiao9313,45,Phase 1: CPU,1788598210722,2026-09-05
alburldador,45,Phase 1: CPU,1788598210725,2026-09-05
mori2323,65,Phase 2: HDD,1788598813747,2026-09-05
xiaoxiao9313,65,Phase 2: HDD,1788598813755,2026-09-05
pika_gamy,65,Phase 2: HDD,1788598813757,2026-09-05
snoopys030,65,Phase 2: HDD,1788598813760,2026-09-05
ikaliayev,65,Phase 2: HDD,1788598813765,2026-09-05
alburldador,65,Phase 2: HDD,1788598813784,2026-09-05
alphonsoe,65,Phase 2: HDD,1788598813840,2026-09-05
pika_gamy,45,Phase 1: CPU,1788600480281,2026-09-05
xiaoxiao9313,45,Phase 1: CPU,1788600480285,2026-09-05
alburldador,45,Phase 1: CPU,1788600480325,2026-09-05
mori2323,45,Phase 1: HDD,1788602220486,2026-09-05
alburldador,45,Phase 1: HDD,1788602220496,2026-09-05
xiaoxiao9313,45,Phase 1: HDD,1788602220514,2026-09-05
yurigiu,45,Phase 1: HDD,1788602220523,2026-09-05
shadowladyex,45,Phase 1: HDD,1788602220526,2026-09-05
pika_gamy,45,Phase 1: HDD,1788602220528,2026-09-05
silent_luc,45,Phase 1: HDD,1788602220534,2026-09-05
snoopys030,45,Phase 1: HDD,1788602220538,2026-09-05
ivanpetrov32,45,Phase 1: HDD,1788602220542,2026-09-05
alexwifi42,45,Phase 1: HDD,1788602220545,2026-09-05
alexwifi42,65,Phase 2: CPU,1788602787197,2026-09-05
xiaoxiao9313,65,Phase 2: CPU,1788602787206,2026-09-05
mori2323,65,Phase 2: CPU,1788602787208,2026-09-05
pika_gamy,65,Phase 2: CPU,1788602787214,2026-09-05
alburldador,65,Phase 2: CPU,1788602787220,2026-09-05
silent_luc,65,Phase 2: CPU,1788602787224,2026-09-05
alexwifi42,90,Phase 3: RAM,1788603315102,2026-09-05
xiaoxiao9313,90,Phase 3: RAM,1788603315114,2026-09-05
silent_luc,90,Phase 3: RAM,1788603315126,2026-09-05
ivanpetrov32,90,Phase 3: RAM,1788603315130,2026-09-05
pika_gamy,90,Phase 3: RAM,1788603315132,2026-09-05
mori2323,90,Phase 3: RAM,1788603315138,2026-09-05
alburldador,90,Phase 3: RAM,1788603315146,2026-09-05
snoopys030,120,Phase 4: GPU,1788603733182,2026-09-05
ivanpetrov32,120,Phase 4: GPU,1788603733189,2026-09-05
xiaoxiao9313,120,Phase 4: GPU,1788603733221,2026-09-05
pika_gamy,120,Phase 4: GPU,1788603733233,2026-09-05
mori2323,120,Phase 4: GPU,1788603733279,2026-09-05
alexwifi42,120,Phase 4: GPU,1788603733328,2026-09-05
alburldador,120,Phase 4: GPU,1788603733331,2026-09-05
xiaoxiao9313,100,proStar bonus: all 4 phases,1788603733830,2026-09-05
mori2323,100,proStar bonus: all 4 phases,1788603733842,2026-09-05
pika_gamy,100,proStar bonus: all 4 phases,1788603733845,2026-09-05
alburldador,100,proStar bonus: all 4 phases,1788603733851,2026-09-05
alexwifi42,100,proStar bonus: all 4 phases,1788603733854,2026-09-05
mori2323,45,Phase 1: GPU,1788604699490,2026-09-05
ivanpetrov32,45,Phase 1: GPU,1788604699519,2026-09-05
pika_gamy,45,Phase 1: GPU,1788604699522,2026-09-05
alburldador,45,Phase 1: GPU,1788604699525,2026-09-05
xiaoxiao9313,45,Phase 1: GPU,1788604699527,2026-09-05
snoopys030,45,Phase 1: GPU,1788604699530,2026-09-05
slay_da_b,45,Phase 1: GPU,1788604699536,2026-09-05
yurigiu,45,Phase 1: GPU,1788604699542,2026-09-05
pika_gamy,65,Phase 2: RAM,1788605110357,2026-09-05
ivanpetrov32,65,Phase 2: RAM,1788605110382,2026-09-05
alyssrentori,65,Phase 2: RAM,1788605110408,2026-09-05
mori2323,65,Phase 2: RAM,1788605110482,2026-09-05
lillakra,45,Phase 1: HDD,1788606194014,2026-09-05
xiaoxiao9313,45,Phase 1: HDD,1788606194018,2026-09-05
alburldador,45,Phase 1: HDD,1788606194020,2026-09-05
pika_gamy,45,Phase 1: HDD,1788606194028,2026-09-05
xiaoxiao9313,65,Phase 2: CPU,1788606831959,2026-09-05
shadowladyex,65,Phase 2: CPU,1788606831999,2026-09-05
silent_luc,65,Phase 2: CPU,1788606832003,2026-09-05
mori2323,65,Phase 2: CPU,1788606832011,2026-09-05
alburldador,65,Phase 2: CPU,1788606832028,2026-09-05
ivanpetrov32,65,Phase 2: CPU,1788606832155,2026-09-05
pika_gamy,65,Phase 2: CPU,1788606832159,2026-09-05
snoopys030,65,Phase 2: CPU,1788606832162,2026-09-05
snoopys030,45,Phase 1: HDD,1788608162905,2026-09-05
alburldador,45,Phase 1: HDD,1788608162913,2026-09-05
silent_luc,45,Phase 1: HDD,1788608162920,2026-09-05
pika_gamy,45,Phase 1: HDD,1788608162923,2026-09-05
xiaoxiao9313,45,Phase 1: HDD,1788608162930,2026-09-05
mori2323,45,Phase 1: HDD,1788608162935,2026-09-05
alphonsoe,45,Phase 1: HDD,1788608162942,2026-09-05
shadowladyex,45,Phase 1: HDD,1788608162961,2026-09-05
lovegamesandthings00000,65,Phase 2: GPU,1788608845968,2026-09-05
alburldador,65,Phase 2: GPU,1788608845995,2026-09-05
snoopys030,65,Phase 2: GPU,1788608845997,2026-09-05
pika_gamy,65,Phase 2: GPU,1788608846002,2026-09-05
puphik,65,Phase 2: GPU,1788608846014,2026-09-05
mori2323,65,Phase 2: GPU,1788608846016,2026-09-05
xiaoxiao9313,65,Phase 2: GPU,1788608846018,2026-09-05
lillakra,65,Phase 2: GPU,1788608846023,2026-09-05
silent_luc,90,Phase 3: RAM,1788609332871,2026-09-05
alexwifi42,90,Phase 3: RAM,1788609332887,2026-09-05
xiaoxiao9313,90,Phase 3: RAM,1788609332894,2026-09-05
shadowladyex,90,Phase 3: RAM,1788609332896,2026-09-05
pika_gamy,90,Phase 3: RAM,1788609332901,2026-09-05
alburldador,90,Phase 3: RAM,1788609332911,2026-09-05
mori2323,90,Phase 3: RAM,1788609333028,2026-09-05
shadowladyex,45,Phase 1: GPU,1788610570630,2026-09-05
alburldador,45,Phase 1: GPU,1788610570643,2026-09-05
pika_gamy,45,Phase 1: GPU,1788610570650,2026-09-05
xiaoxiao9313,45,Phase 1: GPU,1788610570658,2026-09-05
mori2323,45,Phase 1: GPU,1788610570693,2026-09-05
shadowladyex,65,Phase 2: CPU,1788611053717,2026-09-05
snoopys030,65,Phase 2: CPU,1788611053723,2026-09-05
silent_luc,65,Phase 2: CPU,1788611053735,2026-09-05
xiaoxiao9313,65,Phase 2: CPU,1788611053826,2026-09-05
pika_gamy,65,Phase 2: CPU,1788611053831,2026-09-05
alburldador,65,Phase 2: CPU,1788611053846,2026-09-05
silent_luc,45,Phase 1: RAM,1788612445417,2026-09-05
alburldador,45,Phase 1: RAM,1788612445420,2026-09-05
pika_gamy,45,Phase 1: RAM,1788612445422,2026-09-05
snoopys030,45,Phase 1: RAM,1788612445511,2026-09-05
xiaoxiao9313,45,Phase 1: RAM,1788612445515,2026-09-05
cerebralx1,45,Phase 1: RAM,1788612445518,2026-09-05
yurigiu,45,Phase 1: RAM,1788612445521,2026-09-05
shadowladyex,45,Phase 1: RAM,1788612445523,2026-09-05
pika_gamy,65,Phase 2: GPU,1788613077380,2026-09-05
slay_da_b,65,Phase 2: GPU,1788613077384,2026-09-05
cerebralx1,65,Phase 2: GPU,1788613077400,2026-09-05
xiaoxiao9313,65,Phase 2: GPU,1788613077403,2026-09-05
alburldador,65,Phase 2: GPU,1788613077408,2026-09-05
snoopys030,65,Phase 2: GPU,1788613077437,2026-09-05
shadowladyex,65,Phase 2: GPU,1788613077446,2026-09-05
xiaoxiao9313,45,Phase 1: HDD,1788614564483,2026-09-05
shadowladyex,45,Phase 1: HDD,1788614564503,2026-09-05
cerebralx1,45,Phase 1: HDD,1788614564509,2026-09-05
silent_luc,45,Phase 1: HDD,1788614564512,2026-09-05
pika_gamy,45,Phase 1: HDD,1788614564513,2026-09-05
alburldador,45,Phase 1: HDD,1788614564522,2026-09-05
alexwifi42,45,Phase 1: HDD,1788614564529,2026-09-05
lovegamesandthings00000,45,Phase 1: HDD,1788614564532,2026-09-05
valase,45,Phase 1: HDD,1788614564594,2026-09-05
snoopys030,45,Phase 1: HDD,1788614564602,2026-09-05
ivanpetrov32,65,Phase 2: CPU,1788615443923,2026-09-05
mori2323,65,Phase 2: CPU,1788615443934,2026-09-05
valase,65,Phase 2: CPU,1788615443938,2026-09-05
shadowladyex,65,Phase 2: CPU,1788615443944,2026-09-05
xiaoxiao9313,65,Phase 2: CPU,1788615443949,2026-09-05
pika_gamy,65,Phase 2: CPU,1788615443959,2026-09-05
thanossoul,65,Phase 2: CPU,1788615443961,2026-09-05
cerebralx1,65,Phase 2: CPU,1788615444050,2026-09-05
alexwifi42,65,Phase 2: CPU,1788615444061,2026-09-05
alburldador,65,Phase 2: CPU,1788615444063,2026-09-05
snoopys030,65,Phase 2: CPU,1788615444106,2026-09-05
valase,45,Phase 1: GPU,1788616875222,2026-09-05
cerebralx1,45,Phase 1: GPU,1788616875243,2026-09-05
xiaoxiao9313,45,Phase 1: GPU,1788616875259,2026-09-05
pika_gamy,45,Phase 1: GPU,1788616875263,2026-09-05
alexwifi42,45,Phase 1: GPU,1788616875273,2026-09-05
snoopys030,45,Phase 1: GPU,1788616875280,2026-09-05
mori2323,45,Phase 1: GPU,1788616875283,2026-09-05
alburldador,45,Phase 1: GPU,1788616875301,2026-09-05
thanossoul,45,Phase 1: GPU,1788616875322,2026-09-05
pika_gamy,65,Phase 2: CPU,1788617799228,2026-09-05
alburldador,65,Phase 2: CPU,1788617799248,2026-09-05
lovegamesandthings00000,65,Phase 2: CPU,1788617799251,2026-09-05
valase,65,Phase 2: CPU,1788617799258,2026-09-05
alphonsoe,65,Phase 2: CPU,1788617799277,2026-09-05
silent_luc,65,Phase 2: CPU,1788617799280,2026-09-05
calypso_ba,65,Phase 2: CPU,1788617799286,2026-09-05
xiaoxiao9313,65,Phase 2: CPU,1788617799292,2026-09-05
cerebralx1,65,Phase 2: CPU,1788617799294,2026-09-05
thanossoul,65,Phase 2: CPU,1788617799300,2026-09-05
mori2323,65,Phase 2: CPU,1788617799304,2026-09-05
madagascaradam,45,Phase 1: GPU,1788619099326,2026-09-05
mori2323,45,Phase 1: GPU,1788619099342,2026-09-05
cerebralx1,45,Phase 1: GPU,1788619099345,2026-09-05
valase,45,Phase 1: GPU,1788619099347,2026-09-05
alexwifi42,45,Phase 1: GPU,1788619099353,2026-09-05
alphonsoe,45,Phase 1: GPU,1788619099357,2026-09-05
ivanpetrov32,45,Phase 1: GPU,1788619099365,2026-09-05
pika_gamy,45,Phase 1: GPU,1788619099369,2026-09-05
thanossoul,45,Phase 1: GPU,1788619099418,2026-09-05
alphonsoe,65,Phase 2: CPU,1788619990377,2026-09-05
pika_gamy,65,Phase 2: CPU,1788619990380,2026-09-05
alburldador,65,Phase 2: CPU,1788619990445,2026-09-05
valase,65,Phase 2: CPU,1788619990460,2026-09-05
cerebralx1,65,Phase 2: CPU,1788619990463,2026-09-05
slay_da_b,65,Phase 2: CPU,1788619990470,2026-09-05
mori2323,65,Phase 2: CPU,1788619990477,2026-09-05
ivanpetrov32,65,Phase 2: CPU,1788619990478,2026-09-05
lmbs00,65,Phase 2: CPU,1788619990483,2026-09-05
madagascaradam,65,Phase 2: CPU,1788619990486,2026-09-05
thanossoul,65,Phase 2: CPU,1788619990487,2026-09-05
xiaoxiao9313,65,Phase 2: CPU,1788619990489,2026-09-05
alexwifi42,65,Phase 2: CPU,1788619990494,2026-09-05
thanossoul,90,Phase 3: RAM,1788620425344,2026-09-05
xiaoxiao9313,90,Phase 3: RAM,1788620425346,2026-09-05
lmbs00,90,Phase 3: RAM,1788620425356,2026-09-05
ivanpetrov32,90,Phase 3: RAM,1788620425360,2026-09-05
alburldador,90,Phase 3: RAM,1788620425363,2026-09-05
lovegamesandthings00000,90,Phase 3: RAM,1788620425372,2026-09-05
pika_gamy,90,Phase 3: RAM,1788620425381,2026-09-05
mori2323,90,Phase 3: RAM,1788620425383,2026-09-05
alexwifi42,45,Phase 1: GPU,1788621931307,2026-09-05
mori2323,45,Phase 1: GPU,1788621931318,2026-09-05
alphonsoe,45,Phase 1: GPU,1788621931339,2026-09-05
pika_gamy,45,Phase 1: GPU,1788621931371,2026-09-05
lmbs00,45,Phase 1: GPU,1788621931374,2026-09-05
alburldador,45,Phase 1: GPU,1788621931376,2026-09-05
xiaoxiao9313,45,Phase 1: GPU,1788621931378,2026-09-05
silent_luc,45,Phase 1: GPU,1788621931383,2026-09-05
valase,45,Phase 1: GPU,1788621931385,2026-09-05
dahhel,45,Phase 1: GPU,1788621931388,2026-09-05
ikaliayev,45,Phase 1: GPU,1788621931391,2026-09-05
lmbs00,65,Phase 2: CPU,1788622660803,2026-09-05
alexwifi42,65,Phase 2: CPU,1788622660821,2026-09-05
dahhel,65,Phase 2: CPU,1788622660827,2026-09-05
xiaoxiao9313,65,Phase 2: CPU,1788622660830,2026-09-05
ivanpetrov32,65,Phase 2: CPU,1788622660836,2026-09-05
alphonsoe,65,Phase 2: CPU,1788622660839,2026-09-05
alburldador,65,Phase 2: CPU,1788622660840,2026-09-05
silent_luc,65,Phase 2: CPU,1788622660845,2026-09-05
pika_gamy,65,Phase 2: CPU,1788622660856,2026-09-05
ikaliayev,65,Phase 2: CPU,1788622660887,2026-09-05
valase,90,Phase 3: RAM,1788623243874,2026-09-05
mori2323,90,Phase 3: RAM,1788623243890,2026-09-05
lmbs00,90,Phase 3: RAM,1788623243893,2026-09-05
ikaliayev,90,Phase 3: RAM,1788623243902,2026-09-05
alburldador,90,Phase 3: RAM,1788623243906,2026-09-05
xiaoxiao9313,90,Phase 3: RAM,1788623243908,2026-09-05
silent_luc,90,Phase 3: RAM,1788623243915,2026-09-05
alphonsoe,90,Phase 3: RAM,1788623243917,2026-09-05
ivanpetrov32,90,Phase 3: RAM,1788623243921,2026-09-05
pika_gamy,90,Phase 3: RAM,1788623243923,2026-09-05
thanossoul,90,Phase 3: RAM,1788623243949,2026-09-05
dahhel,90,Phase 3: RAM,1788623243951,2026-09-05
thanossoul,45,Phase 1: CPU,1788624606731,2026-09-05
xiaoxiao9313,45,Phase 1: CPU,1788624606743,2026-09-05
silent_luc,45,Phase 1: CPU,1788624606750,2026-09-05
pika_gamy,45,Phase 1: CPU,1788624606760,2026-09-05
valase,45,Phase 1: CPU,1788624606762,2026-09-05
dahhel,45,Phase 1: CPU,1788624606766,2026-09-05
ikaliayev,45,Phase 1: CPU,1788624606770,2026-09-05
lmbs00,45,Phase 1: CPU,1788624606787,2026-09-05
alphonsoe,45,Phase 1: CPU,1788624606794,2026-09-05
thanossoul,65,Phase 2: RAM,1788625123755,2026-09-05
valase,65,Phase 2: RAM,1788625123780,2026-09-05
dahhel,65,Phase 2: RAM,1788625123784,2026-09-05
ikaliayev,65,Phase 2: RAM,1788625123788,2026-09-05
pika_gamy,65,Phase 2: RAM,1788625123793,2026-09-05
lmbs00,65,Phase 2: RAM,1788625123797,2026-09-05
xiaoxiao9313,65,Phase 2: RAM,1788625123802,2026-09-05
dahhel,45,Phase 1: GPU,1788626646480,2026-09-05
pika_gamy,45,Phase 1: GPU,1788626646492,2026-09-05
lovegamesandthings00000,45,Phase 1: GPU,1788626646515,2026-09-05
thanossoul,45,Phase 1: GPU,1788626646519,2026-09-05
alexwifi42,45,Phase 1: GPU,1788626646524,2026-09-05
slay_da_b,45,Phase 1: GPU,1788626646526,2026-09-05
ikaliayev,45,Phase 1: GPU,1788626646529,2026-09-05
lmbs00,45,Phase 1: GPU,1788626646538,2026-09-05
silent_luc,45,Phase 1: GPU,1788626646542,2026-09-05
xiaoxiao9313,45,Phase 1: GPU,1788626646546,2026-09-05
alburldador,45,Phase 1: GPU,1788626646548,2026-09-05
alexwifi42,65,Phase 2: HDD,1788627381430,2026-09-05
xiaoxiao9313,65,Phase 2: HDD,1788627381435,2026-09-05
lmbs00,65,Phase 2: HDD,1788627381447,2026-09-05
thanossoul,65,Phase 2: HDD,1788627381449,2026-09-05
pika_gamy,65,Phase 2: HDD,1788627381462,2026-09-05
dahhel,65,Phase 2: HDD,1788627381469,2026-09-05
silent_luc,65,Phase 2: HDD,1788627381472,2026-09-05
alburldador,65,Phase 2: HDD,1788627381475,2026-09-05
ikaliayev,65,Phase 2: HDD,1788627381479,2026-09-05
valase,45,Phase 1: RAM,1788628965108,2026-09-05
dahhel,45,Phase 1: RAM,1788628965125,2026-09-05
ikaliayev,45,Phase 1: RAM,1788628965129,2026-09-05
silent_luc,45,Phase 1: RAM,1788628965138,2026-09-05
alburldador,45,Phase 1: RAM,1788628965140,2026-09-05
madagascaradam,45,Phase 1: RAM,1788628965148,2026-09-05
puphik,45,Phase 1: RAM,1788628965152,2026-09-05
player0451,45,Phase 1: RAM,1788628965165,2026-09-05
thanossoul,45,Phase 1: RAM,1788628965169,2026-09-05
lovegamesandthings00000,45,Phase 1: RAM,1788628965174,2026-09-05
pika_gamy,45,Phase 1: RAM,1788628965177,2026-09-05
alexwifi42,45,Phase 1: RAM,1788628965182,2026-09-05
lmbs00,45,Phase 1: RAM,1788628965205,2026-09-05
madagascaradam,65,Phase 2: CPU,1788629675936,2026-09-05
ivanpetrov32,65,Phase 2: CPU,1788629675951,2026-09-05
alburldador,65,Phase 2: CPU,1788629675955,2026-09-05
pika_gamy,65,Phase 2: CPU,1788629675968,2026-09-05
valase,65,Phase 2: CPU,1788629675970,2026-09-05
slay_da_b,65,Phase 2: CPU,1788629675974,2026-09-05
alexwifi42,65,Phase 2: CPU,1788629675976,2026-09-05
ikaliayev,65,Phase 2: CPU,1788629675979,2026-09-05
lmbs00,65,Phase 2: CPU,1788629675985,2026-09-05
dahhel,65,Phase 2: CPU,1788629676009,2026-09-05
dahhel,45,Phase 1: CPU,1788630988649,2026-09-05
alexwifi42,45,Phase 1: CPU,1788630988672,2026-09-05
alburldador,45,Phase 1: CPU,1788630988682,2026-09-05
valase,45,Phase 1: CPU,1788630988701,2026-09-05
madagascaradam,45,Phase 1: CPU,1788630988708,2026-09-05
pika_gamy,45,Phase 1: CPU,1788630988770,2026-09-05
lmbs00,45,Phase 1: CPU,1788630988789,2026-09-05
ikaliayev,45,Phase 1: CPU,1788630988877,2026-09-05
lovegamesandthings00000,45,Phase 1: CPU,1788630988881,2026-09-05
pika_gamy,65,Phase 2: RAM,1788631549711,2026-09-05
thanossoul,65,Phase 2: RAM,1788631549716,2026-09-05
valase,65,Phase 2: RAM,1788631549729,2026-09-05
alburldador,65,Phase 2: RAM,1788631549734,2026-09-05
lmbs00,65,Phase 2: RAM,1788631549737,2026-09-05
ikaliayev,65,Phase 2: RAM,1788631549739,2026-09-05
alexwifi42,65,Phase 2: RAM,1788631549793,2026-09-05
dahhel,65,Phase 2: RAM,1788631549815,2026-09-05
lmbs00,45,Phase 1: RAM,1788632910289,2026-09-05
valase,45,Phase 1: RAM,1788632910292,2026-09-05
ikaliayev,45,Phase 1: RAM,1788632910294,2026-09-05
silent_luc,45,Phase 1: RAM,1788632910296,2026-09-05
dahhel,45,Phase 1: RAM,1788632910383,2026-09-05
alburldador,45,Phase 1: RAM,1788632910387,2026-09-05
player0451,45,Phase 1: RAM,1788632910414,2026-09-05
alburldador,65,Phase 2: HDD,1788633418305,2026-09-05
dahhel,65,Phase 2: HDD,1788633418324,2026-09-05
pika_gamy,65,Phase 2: HDD,1788633418337,2026-09-05
valase,65,Phase 2: HDD,1788633418338,2026-09-05
ikaliayev,65,Phase 2: HDD,1788633418340,2026-09-05
lmbs00,65,Phase 2: HDD,1788633418345,2026-09-05
valase,45,Phase 1: GPU,1788634493102,2026-09-05
silent_luc,45,Phase 1: GPU,1788634493124,2026-09-05
lmbs00,45,Phase 1: GPU,1788634493126,2026-09-05
ikaliayev,45,Phase 1: GPU,1788634493190,2026-09-05
dahhel,45,Phase 1: GPU,1788634493199,2026-09-05
valase,65,Phase 2: CPU,1788634924175,2026-09-05
ikaliayev,65,Phase 2: CPU,1788634924184,2026-09-05
pika_gamy,65,Phase 2: CPU,1788634924275,2026-09-05
ivanpetrov32,65,Phase 2: CPU,1788634924323,2026-09-05
dahhel,65,Phase 2: CPU,1788634924387,2026-09-05
lmbs00,65,Phase 2: CPU,1788634924619,2026-09-05
alburldador,90,Phase 3: RAM,1788635425136,2026-09-05
ivanpetrov32,90,Phase 3: RAM,1788635425141,2026-09-05
valase,90,Phase 3: RAM,1788635425143,2026-09-05
pika_gamy,90,Phase 3: RAM,1788635425147,2026-09-05
dahhel,90,Phase 3: RAM,1788635425158,2026-09-05
silent_luc,90,Phase 3: RAM,1788635425179,2026-09-05
ikaliayev,90,Phase 3: RAM,1788635425258,2026-09-05
lmbs00,90,Phase 3: RAM,1788635425309,2026-09-05
ivanpetrov32,45,Phase 1: GPU,1788636771890,2026-09-05
ikaliayev,45,Phase 1: GPU,1788636771892,2026-09-05
valase,45,Phase 1: GPU,1788636771897,2026-09-05
hopelessss_,45,Phase 1: GPU,1788636771904,2026-09-05
silent_luc,45,Phase 1: GPU,1788636771909,2026-09-05
pika_gamy,45,Phase 1: GPU,1788636771911,2026-09-05
lmbs00,45,Phase 1: GPU,1788636771913,2026-09-05
alburldador,45,Phase 1: GPU,1788636771923,2026-09-05
dahhel,45,Phase 1: GPU,1788636772007,2026-09-05
operacional_cae,65,Phase 2: CPU,1788637524951,2026-09-05
alburldador,65,Phase 2: CPU,1788637524953,2026-09-05
silent_luc,65,Phase 2: CPU,1788637524961,2026-09-05
ikaliayev,65,Phase 2: CPU,1788637524963,2026-09-05
ivanpetrov32,65,Phase 2: CPU,1788637524965,2026-09-05
pika_gamy,65,Phase 2: CPU,1788637524969,2026-09-05
alexwifi42,65,Phase 2: CPU,1788637524976,2026-09-05
lovegamesandthings00000,65,Phase 2: CPU,1788637524978,2026-09-05
valase,65,Phase 2: CPU,1788637524984,2026-09-05
dahhel,65,Phase 2: CPU,1788637525002,2026-09-05
lmbs00,65,Phase 2: CPU,1788637525005,2026-09-05
hopelessss_,90,Phase 3: HDD,1788637937853,2026-09-05
ivanpetrov32,90,Phase 3: HDD,1788637937863,2026-09-05
dahhel,90,Phase 3: HDD,1788637937867,2026-09-05
alexwifi42,90,Phase 3: HDD,1788637937879,2026-09-05
alburldador,90,Phase 3: HDD,1788637937882,2026-09-05
ikaliayev,90,Phase 3: HDD,1788637937886,2026-09-05
valase,90,Phase 3: HDD,1788637937887,2026-09-05
lmbs00,90,Phase 3: HDD,1788637937915,2026-09-05
dahhel,45,Phase 1: HDD,1788639332282,2026-09-05
alburldador,45,Phase 1: HDD,1788639332287,2026-09-05
valase,45,Phase 1: HDD,1788639332342,2026-09-05
ikaliayev,45,Phase 1: HDD,1788639332350,2026-09-05
alexwifi42,45,Phase 1: HDD,1788639332367,2026-09-05
hopelessss_,45,Phase 1: HDD,1788639332370,2026-09-05
lmbs00,45,Phase 1: HDD,1788639332379,2026-09-05
silent_luc,45,Phase 1: HDD,1788639332385,2026-09-05
pika_gamy,45,Phase 1: HDD,1788639332472,2026-09-05
hopelessss_,65,Phase 2: CPU,1788639969285,2026-09-05
pika_gamy,65,Phase 2: CPU,1788639969289,2026-09-05
silent_luc,65,Phase 2: CPU,1788639969304,2026-09-05
valase,65,Phase 2: CPU,1788639969309,2026-09-05
dahhel,65,Phase 2: CPU,1788639969310,2026-09-05
ikaliayev,65,Phase 2: CPU,1788639969315,2026-09-05
alexwifi42,65,Phase 2: CPU,1788639969322,2026-09-05
lmbs00,65,Phase 2: CPU,1788639969327,2026-09-05
alburldador,65,Phase 2: CPU,1788639969338,2026-09-05
silent_luc,90,Phase 3: GPU,1788640447255,2026-09-05
alburldador,90,Phase 3: GPU,1788640447266,2026-09-05
dahhel,90,Phase 3: GPU,1788640447273,2026-09-05
pika_gamy,90,Phase 3: GPU,1788640447278,2026-09-05
alexwifi42,90,Phase 3: GPU,1788640447280,2026-09-05
operacional_cae,90,Phase 3: GPU,1788640447284,2026-09-05
ikaliayev,90,Phase 3: GPU,1788640447287,2026-09-05
valase,90,Phase 3: GPU,1788640447301,2026-09-05
alburldador,45,Phase 1: CPU,1788641703995,2026-09-05
ikaliayev,45,Phase 1: CPU,1788641703997,2026-09-05
dahhel,45,Phase 1: CPU,1788641704001,2026-09-05
lmbs00,45,Phase 1: CPU,1788641704013,2026-09-05
pika_gamy,45,Phase 1: CPU,1788641704019,2026-09-05
player0451,45,Phase 1: CPU,1788641704021,2026-09-05
valase,45,Phase 1: CPU,1788641704035,2026-09-05
silent_luc,45,Phase 1: CPU,1788641704070,2026-09-05
silent_luc,65,Phase 2: HDD,1788642348995,2026-09-05
valase,65,Phase 2: HDD,1788642349004,2026-09-05
madagascaradam,65,Phase 2: HDD,1788642349008,2026-09-05
pika_gamy,65,Phase 2: HDD,1788642349009,2026-09-05
dahhel,65,Phase 2: HDD,1788642349011,2026-09-05
shadowladyex,65,Phase 2: HDD,1788642349046,2026-09-05
ikaliayev,65,Phase 2: HDD,1788642349048,2026-09-05
player0451,65,Phase 2: HDD,1788642349055,2026-09-05
alburldador,65,Phase 2: HDD,1788642349138,2026-09-05
lmbs00,65,Phase 2: HDD,1788642349140,2026-09-05
player0451,90,Phase 3: GPU,1788642822333,2026-09-05
dahhel,90,Phase 3: GPU,1788642822339,2026-09-05
alburldador,90,Phase 3: GPU,1788642822341,2026-09-05
valase,90,Phase 3: GPU,1788642822345,2026-09-05
pika_gamy,90,Phase 3: GPU,1788642822347,2026-09-05
ikaliayev,90,Phase 3: GPU,1788642822351,2026-09-05
shadowladyex,90,Phase 3: GPU,1788642822362,2026-09-05
lmbs00,90,Phase 3: GPU,1788642822368,2026-09-05
alburldador,120,Phase 4: RAM,1788643303970,2026-09-05
dahhel,120,Phase 4: RAM,1788643304036,2026-09-05
pika_gamy,120,Phase 4: RAM,1788643304044,2026-09-05
shadowladyex,120,Phase 4: RAM,1788643304048,2026-09-05
thanossoul,120,Phase 4: RAM,1788643304056,2026-09-05
silent_luc,120,Phase 4: RAM,1788643304058,2026-09-05
valase,120,Phase 4: RAM,1788643304064,2026-09-05
lmbs00,120,Phase 4: RAM,1788643304066,2026-09-05
ikaliayev,120,Phase 4: RAM,1788643304068,2026-09-05
madagascaradam,120,Phase 4: RAM,1788643304078,2026-09-05
yurigiu,120,Phase 4: RAM,1788643304082,2026-09-05
pika_gamy,83,proStar bonus: all 4 phases,1788643304545,2026-09-05
alburldador,83,proStar bonus: all 4 phases,1788643304550,2026-09-05
ikaliayev,83,proStar bonus: all 4 phases,1788643304555,2026-09-05
valase,83,proStar bonus: all 4 phases,1788643304559,2026-09-05
lmbs00,83,proStar bonus: all 4 phases,1788643304629,2026-09-05
dahhel,83,proStar bonus: all 4 phases,1788643304639,2026-09-05
lmbs00,45,Phase 1: CPU,1788644391210,2026-09-05
ikaliayev,45,Phase 1: CPU,1788644391245,2026-09-05
silent_luc,45,Phase 1: CPU,1788644391248,2026-09-05
alburldador,45,Phase 1: CPU,1788644391255,2026-09-05
shadowladyex,45,Phase 1: CPU,1788644391258,2026-09-05
valase,45,Phase 1: CPU,1788644391263,2026-09-05
thanossoul,45,Phase 1: CPU,1788644391266,2026-09-05
madagascaradam,45,Phase 1: CPU,1788644391272,2026-09-05
dahhel,45,Phase 1: CPU,1788644391280,2026-09-05
whitepai,45,Phase 1: CPU,1788644391284,2026-09-05
pika_gamy,45,Phase 1: CPU,1788644391301,2026-09-05
valase,65,Phase 2: HDD,1788644966300,2026-09-05
shadowladyex,65,Phase 2: HDD,1788644966319,2026-09-05
alburldador,65,Phase 2: HDD,1788644966322,2026-09-05
lmbs00,65,Phase 2: HDD,1788644966324,2026-09-05
lovegamesandthings00000,65,Phase 2: HDD,1788644966328,2026-09-05
pika_gamy,65,Phase 2: HDD,1788644966331,2026-09-05
thanossoul,65,Phase 2: HDD,1788644966347,2026-09-05
ikaliayev,65,Phase 2: HDD,1788644966351,2026-09-05
dahhel,65,Phase 2: HDD,1788644966356,2026-09-05
ikaliayev,90,Phase 3: GPU,1788645426280,2026-09-05
pika_gamy,90,Phase 3: GPU,1788645426286,2026-09-05
valase,90,Phase 3: GPU,1788645426302,2026-09-05
alburldador,90,Phase 3: GPU,1788645426306,2026-09-05
lmbs00,90,Phase 3: GPU,1788645426309,2026-09-05
dahhel,90,Phase 3: GPU,1788645426315,2026-09-05
shadowladyex,90,Phase 3: GPU,1788645426478,2026-09-05
silent_luc,90,Phase 3: GPU,1788645426493,2026-09-05
lmbs00,45,Phase 1: GPU,1788646664998,2026-09-05
ikaliayev,45,Phase 1: GPU,1788646665013,2026-09-05
thanossoul,45,Phase 1: GPU,1788646665055,2026-09-05
dahhel,45,Phase 1: GPU,1788646665059,2026-09-05
valase,45,Phase 1: GPU,1788646665061,2026-09-05
shadowladyex,45,Phase 1: GPU,1788646665084,2026-09-05
lovegamesandthings00000,65,Phase 2: CPU,1788647273883,2026-09-05
shadowladyex,65,Phase 2: CPU,1788647273887,2026-09-05
dahhel,65,Phase 2: CPU,1788647273894,2026-09-05
ikaliayev,65,Phase 2: CPU,1788647273897,2026-09-05
valase,65,Phase 2: CPU,1788647273911,2026-09-05
thanossoul,65,Phase 2: CPU,1788647273914,2026-09-05
pika_gamy,65,Phase 2: CPU,1788647273920,2026-09-05
lmbs00,65,Phase 2: CPU,1788647273975,2026-09-05
dahhel,45,Phase 1: HDD,1788648767659,2026-09-05
lovegamesandthings00000,45,Phase 1: HDD,1788648767671,2026-09-05
alexwifi42,45,Phase 1: HDD,1788648767672,2026-09-05
llucholba,45,Phase 1: HDD,1788648767675,2026-09-05
pika_gamy,45,Phase 1: HDD,1788648767677,2026-09-05
player0451,45,Phase 1: HDD,1788648767693,2026-09-05
silent_luc,45,Phase 1: HDD,1788648767695,2026-09-05
valase,45,Phase 1: HDD,1788648767696,2026-09-05
lmbs00,45,Phase 1: HDD,1788648767698,2026-09-05
shadowladyex,45,Phase 1: HDD,1788648767702,2026-09-05
ikaliayev,45,Phase 1: HDD,1788648767708,2026-09-05
lmbs00,65,Phase 2: CPU,1788649230073,2026-09-05
hopelessss_,65,Phase 2: CPU,1788649230082,2026-09-05
shadowladyex,65,Phase 2: CPU,1788649230086,2026-09-05
valase,65,Phase 2: CPU,1788649230088,2026-09-05
ikaliayev,65,Phase 2: CPU,1788649230092,2026-09-05
dahhel,65,Phase 2: CPU,1788649230094,2026-09-05
shadowladyex,45,Phase 1: HDD,1788650547879,2026-09-05
hopelessss_,45,Phase 1: HDD,1788650547906,2026-09-05
dahhel,45,Phase 1: HDD,1788650547908,2026-09-05
pika_gamy,45,Phase 1: HDD,1788650547911,2026-09-05
silent_luc,45,Phase 1: HDD,1788650547916,2026-09-05
valase,45,Phase 1: HDD,1788650547918,2026-09-05
ikaliayev,45,Phase 1: HDD,1788650547922,2026-09-05
shadowladyex,65,Phase 2: CPU,1788650957879,2026-09-05
silent_luc,65,Phase 2: CPU,1788650957882,2026-09-05
valase,65,Phase 2: CPU,1788650957886,2026-09-05
lmbs00,65,Phase 2: CPU,1788650957888,2026-09-05
pika_gamy,65,Phase 2: CPU,1788650957932,2026-09-05
lmbs00,45,Phase 1: CPU,1788652226618,2026-09-05
lovegamesandthings00000,45,Phase 1: CPU,1788652226626,2026-09-05
shadowladyex,45,Phase 1: CPU,1788652226669,2026-09-05
dahhel,45,Phase 1: CPU,1788652226675,2026-09-05
valase,45,Phase 1: CPU,1788652226687,2026-09-05
silent_luc,45,Phase 1: CPU,1788652226699,2026-09-05
ikaliayev,45,Phase 1: CPU,1788652226707,2026-09-05
valase,65,Phase 2: RAM,1788652825143,2026-09-06
dahhel,65,Phase 2: RAM,1788652825184,2026-09-06
llucholba,65,Phase 2: RAM,1788652825188,2026-09-06
silent_luc,65,Phase 2: RAM,1788652825194,2026-09-06
lmbs00,65,Phase 2: RAM,1788652825203,2026-09-06
ikaliayev,65,Phase 2: RAM,1788652825209,2026-09-06
shadowladyex,65,Phase 2: RAM,1788652825308,2026-09-06
ikaliayev,90,Phase 3: GPU,1788653236543,2026-09-06
lmbs00,90,Phase 3: GPU,1788653236545,2026-09-06
silent_luc,90,Phase 3: GPU,1788653236561,2026-09-06
valase,90,Phase 3: GPU,1788653236569,2026-09-06
shadowladyex,90,Phase 3: GPU,1788653236608,2026-09-06
dahhel,90,Phase 3: GPU,1788653236629,2026-09-06
dahhel,120,Phase 4: HDD,1788653675651,2026-09-06
mori2323,120,Phase 4: HDD,1788653675655,2026-09-06
silent_luc,120,Phase 4: HDD,1788653675657,2026-09-06
valase,120,Phase 4: HDD,1788653675660,2026-09-06
lmbs00,120,Phase 4: HDD,1788653675672,2026-09-06
ikaliayev,120,Phase 4: HDD,1788653675679,2026-09-06
lovegamesandthings00000,120,Phase 4: HDD,1788653675697,2026-09-06
shadowladyex,120,Phase 4: HDD,1788653675701,2026-09-06
shadowladyex,83,proStar bonus: all 4 phases,1788653676081,2026-09-06
valase,83,proStar bonus: all 4 phases,1788653676089,2026-09-06
lmbs00,83,proStar bonus: all 4 phases,1788653676093,2026-09-06
ikaliayev,83,proStar bonus: all 4 phases,1788653676100,2026-09-06
dahhel,83,proStar bonus: all 4 phases,1788653676108,2026-09-06
silent_luc,83,proStar bonus: all 4 phases,1788653676190,2026-09-06
avin_novor,90,Phase 1: GPU,1788654881431,2026-09-06
silent_luc,90,Phase 1: GPU,1788654881440,2026-09-06
ikaliayev,90,Phase 1: GPU,1788654881441,2026-09-06
alyssrentori,90,Phase 1: GPU,1788654881452,2026-09-06
aswd002,90,Phase 1: GPU,1788654881457,2026-09-06
valase,90,Phase 1: GPU,1788654881459,2026-09-06
whitepai,90,Phase 1: GPU,1788654881461,2026-09-06
shadowladyex,90,Phase 1: GPU,1788654881462,2026-09-06
mori2323,90,Phase 1: GPU,1788654881465,2026-09-06
lmbs00,90,Phase 1: GPU,1788654881467,2026-09-06
dahhel,90,Phase 1: GPU,1788654881469,2026-09-06
snoopys030,90,Phase 1: GPU,1788654881475,2026-09-06
dahhel,130,Phase 2: CPU,1788655545839,2026-09-06
mori2323,130,Phase 2: CPU,1788655545847,2026-09-06
valase,130,Phase 2: CPU,1788655545851,2026-09-06
ikaliayev,130,Phase 2: CPU,1788655545857,2026-09-06
snoopys030,130,Phase 2: CPU,1788655545872,2026-09-06
lmbs00,130,Phase 2: CPU,1788655545876,2026-09-06
shadowladyex,130,Phase 2: CPU,1788655545938,2026-09-06
avin_novor,130,Phase 2: CPU,1788655545939,2026-09-06
shadowladyex,180,Phase 3: HDD,1788656082940,2026-09-06
silent_luc,180,Phase 3: HDD,1788656082943,2026-09-06
dahhel,180,Phase 3: HDD,1788656082946,2026-09-06
thanossoul,180,Phase 3: HDD,1788656082952,2026-09-06
lmbs00,180,Phase 3: HDD,1788656082955,2026-09-06
valase,180,Phase 3: HDD,1788656082958,2026-09-06
mori2323,180,Phase 3: HDD,1788656082962,2026-09-06
snoopys030,180,Phase 3: HDD,1788656082966,2026-09-06
ikaliayev,180,Phase 3: HDD,1788656082976,2026-09-06
lmbs00,240,Phase 4: RAM,1788656707800,2026-09-06
llucholba,240,Phase 4: RAM,1788656707802,2026-09-06
alyssrentori,240,Phase 4: RAM,1788656707807,2026-09-06
silent_luc,240,Phase 4: RAM,1788656707808,2026-09-06
shadowladyex,240,Phase 4: RAM,1788656707812,2026-09-06
snoopys030,240,Phase 4: RAM,1788656707818,2026-09-06
thanossoul,240,Phase 4: RAM,1788656707828,2026-09-06
dahhel,240,Phase 4: RAM,1788656707838,2026-09-06
valase,240,Phase 4: RAM,1788656707839,2026-09-06
mori2323,240,Phase 4: RAM,1788656707843,2026-09-06
ikaliayev,240,Phase 4: RAM,1788656707877,2026-09-06
valase,142,proStar bonus: all 4 phases,1788656708307,2026-09-06
shadowladyex,142,proStar bonus: all 4 phases,1788656708312,2026-09-06
ikaliayev,142,proStar bonus: all 4 phases,1788656708317,2026-09-06
mori2323,142,proStar bonus: all 4 phases,1788656708320,2026-09-06
snoopys030,142,proStar bonus: all 4 phases,1788656708322,2026-09-06
lmbs00,142,proStar bonus: all 4 phases,1788656708324,2026-09-06
dahhel,142,proStar bonus: all 4 phases,1788656708403,2026-09-06
snoopys030,90,Phase 1: GPU,1788657729204,2026-09-06
shadowladyex,90,Phase 1: GPU,1788657729217,2026-09-06
dahhel,90,Phase 1: GPU,1788657729219,2026-09-06
valase,90,Phase 1: GPU,1788657729222,2026-09-06
thanossoul,90,Phase 1: GPU,1788657729224,2026-09-06
ikaliayev,90,Phase 1: GPU,1788657729229,2026-09-06
lmbs00,90,Phase 1: GPU,1788657729233,2026-09-06
mori2323,90,Phase 1: GPU,1788657729237,2026-09-06
avin_novor,90,Phase 1: GPU,1788657729245,2026-09-06
silent_luc,90,Phase 1: GPU,1788657729271,2026-09-06
snoopys030,130,Phase 2: HDD,1788658460153,2026-09-06
ikaliayev,130,Phase 2: HDD,1788658460162,2026-09-06
mori2323,130,Phase 2: HDD,1788658460164,2026-09-06
thanossoul,130,Phase 2: HDD,1788658460170,2026-09-06
silent_luc,130,Phase 2: HDD,1788658460173,2026-09-06
pika_gamy,130,Phase 2: HDD,1788658460181,2026-09-06
valase,130,Phase 2: HDD,1788658460182,2026-09-06
dahhel,130,Phase 2: HDD,1788658460183,2026-09-06
lmbs00,130,Phase 2: HDD,1788658460185,2026-09-06
avin_novor,130,Phase 2: HDD,1788658460188,2026-09-06
shadowladyex,130,Phase 2: HDD,1788658460210,2026-09-06
lmbs00,180,Phase 3: CPU,1788659128116,2026-09-06
thanossoul,180,Phase 3: CPU,1788659128123,2026-09-06
valase,180,Phase 3: CPU,1788659128133,2026-09-06
snoopys030,180,Phase 3: CPU,1788659128283,2026-09-06
mori2323,180,Phase 3: CPU,1788659128285,2026-09-06
silent_luc,180,Phase 3: CPU,1788659128287,2026-09-06
pika_gamy,180,Phase 3: CPU,1788659128289,2026-09-06
ikaliayev,180,Phase 3: CPU,1788659128290,2026-09-06
dahhel,180,Phase 3: CPU,1788659128292,2026-09-06
hopelessss_,180,Phase 3: CPU,1788659128294,2026-09-06
shadowladyex,180,Phase 3: CPU,1788659128295,2026-09-06
avin_novor,180,Phase 3: CPU,1788659128296,2026-09-06
lmbs00,240,Phase 4: RAM,1788659592109,2026-09-06
shadowladyex,240,Phase 4: RAM,1788659592111,2026-09-06
avin_novor,240,Phase 4: RAM,1788659592117,2026-09-06
xiaoxiao9313,240,Phase 4: RAM,1788659592122,2026-09-06
thanossoul,240,Phase 4: RAM,1788659592130,2026-09-06
ikaliayev,240,Phase 4: RAM,1788659592133,2026-09-06
valase,240,Phase 4: RAM,1788659592141,2026-09-06
pika_gamy,240,Phase 4: RAM,1788659592155,2026-09-06
mori2323,240,Phase 4: RAM,1788659592176,2026-09-06
dahhel,240,Phase 4: RAM,1788659592182,2026-09-06
silent_luc,240,Phase 4: RAM,1788659592189,2026-09-06
thanossoul,110,proStar bonus: all 4 phases,1788659592691,2026-09-06
mori2323,110,proStar bonus: all 4 phases,1788659592693,2026-09-06
ikaliayev,110,proStar bonus: all 4 phases,1788659592705,2026-09-06
avin_novor,110,proStar bonus: all 4 phases,1788659592706,2026-09-06
shadowladyex,110,proStar bonus: all 4 phases,1788659592708,2026-09-06
silent_luc,110,proStar bonus: all 4 phases,1788659592709,2026-09-06
valase,110,proStar bonus: all 4 phases,1788659592710,2026-09-06
lmbs00,110,proStar bonus: all 4 phases,1788659592712,2026-09-06
dahhel,110,proStar bonus: all 4 phases,1788659592715,2026-09-06
shadowladyex,90,Phase 1: HDD,1788660797731,2026-09-06
silent_luc,90,Phase 1: HDD,1788660797741,2026-09-06
pika_gamy,90,Phase 1: HDD,1788660797748,2026-09-06
xiaoxiao9313,90,Phase 1: HDD,1788660797753,2026-09-06
valase,90,Phase 1: HDD,1788660797759,2026-09-06
snoopys030,90,Phase 1: HDD,1788660797760,2026-09-06
hopelessss_,90,Phase 1: HDD,1788660797762,2026-09-06
dahhel,90,Phase 1: HDD,1788660797769,2026-09-06
lmbs00,90,Phase 1: HDD,1788660797771,2026-09-06
mori2323,90,Phase 1: HDD,1788660797773,2026-09-06
ikaliayev,90,Phase 1: HDD,1788660797775,2026-09-06
thanossoul,90,Phase 1: HDD,1788660797779,2026-09-06
slay_da_b,90,Phase 1: HDD,1788660797781,2026-09-06
player0451,65,Phase 2: GPU,1788661778917,2026-09-06
thanossoul,65,Phase 2: GPU,1788661778933,2026-09-06
dahhel,65,Phase 2: GPU,1788661778935,2026-09-06
ikaliayev,65,Phase 2: GPU,1788661778938,2026-09-06
silent_luc,65,Phase 2: GPU,1788661778940,2026-09-06
shadowladyex,65,Phase 2: GPU,1788661778944,2026-09-06
snoopys030,65,Phase 2: GPU,1788661778946,2026-09-06
lmbs00,65,Phase 2: GPU,1788661778950,2026-09-06
pika_gamy,65,Phase 2: GPU,1788661778954,2026-09-06
valase,65,Phase 2: GPU,1788661778956,2026-09-06
llucholba,65,Phase 2: GPU,1788661778958,2026-09-06
xiaoxiao9313,65,Phase 2: GPU,1788661778960,2026-09-06
avin_novor,65,Phase 2: GPU,1788661778962,2026-09-06
hopelessss_,65,Phase 2: GPU,1788661778992,2026-09-06
mori2323,45,Phase 1: HDD,1788663108559,2026-09-06
snoopys030,45,Phase 1: HDD,1788663108563,2026-09-06
shadowladyex,45,Phase 1: HDD,1788663108567,2026-09-06
xiaoxiao9313,45,Phase 1: HDD,1788663108610,2026-09-06
lmbs00,45,Phase 1: HDD,1788663108628,2026-09-06
avin_novor,45,Phase 1: HDD,1788663108649,2026-09-06
dahhel,45,Phase 1: HDD,1788663108655,2026-09-06
pika_gamy,45,Phase 1: HDD,1788663108657,2026-09-06
ikaliayev,65,Phase 2: CPU,1788663693569,2026-09-06
snoopys030,65,Phase 2: CPU,1788663693581,2026-09-06
mori2323,65,Phase 2: CPU,1788663693586,2026-09-06
xiaoxiao9313,65,Phase 2: CPU,1788663693590,2026-09-06
avin_novor,65,Phase 2: CPU,1788663693597,2026-09-06
dahhel,65,Phase 2: CPU,1788663693600,2026-09-06
hopelessss_,65,Phase 2: CPU,1788663693604,2026-09-06
lmbs00,65,Phase 2: CPU,1788663693662,2026-09-06
shadowladyex,65,Phase 2: CPU,1788663693672,2026-09-06
snoopys030,45,Phase 1: HDD,1788665004191,2026-09-06
alyssrentori,45,Phase 1: HDD,1788665004195,2026-09-06
xiaoxiao9313,45,Phase 1: HDD,1788665004198,2026-09-06
hopelessss_,45,Phase 1: HDD,1788665004207,2026-09-06
lmbs00,45,Phase 1: HDD,1788665004219,2026-09-06
mori2323,45,Phase 1: HDD,1788665004228,2026-09-06
shadowladyex,45,Phase 1: HDD,1788665004243,2026-09-06
dahhel,45,Phase 1: HDD,1788665004339,2026-09-06
ikaliayev,45,Phase 1: HDD,1788665004382,2026-09-06
lmbs00,65,Phase 2: RAM,1788665602247,2026-09-06
dahhel,65,Phase 2: RAM,1788665602249,2026-09-06
xiaoxiao9313,65,Phase 2: RAM,1788665602250,2026-09-06
slay_da_b,65,Phase 2: RAM,1788665602252,2026-09-06
snoopys030,65,Phase 2: RAM,1788665602255,2026-09-06
mori2323,65,Phase 2: RAM,1788665602256,2026-09-06
shadowladyex,65,Phase 2: RAM,1788665602307,2026-09-06
hopelessss_,65,Phase 2: RAM,1788665602308,2026-09-06
thanossoul,65,Phase 2: RAM,1788665602318,2026-09-06
lmbs00,45,Phase 1: CPU,1788666966838,2026-09-06
xiaoxiao9313,45,Phase 1: CPU,1788666966842,2026-09-06
shadowladyex,45,Phase 1: CPU,1788666966850,2026-09-06
hopelessss_,45,Phase 1: CPU,1788666966854,2026-09-06
snoopys030,45,Phase 1: CPU,1788666966859,2026-09-06
dahhel,45,Phase 1: CPU,1788666966864,2026-09-06
ikaliayev,45,Phase 1: CPU,1788666966870,2026-09-06
thanossoul,45,Phase 1: CPU,1788666966885,2026-09-06
mori2323,45,Phase 1: CPU,1788666966926,2026-09-06
xiaoxiao9313,65,Phase 2: GPU,1788667666859,2026-09-06
lmbs00,65,Phase 2: GPU,1788667666863,2026-09-06
mori2323,65,Phase 2: GPU,1788667666864,2026-09-06
hopelessss_,65,Phase 2: GPU,1788667666871,2026-09-06
thanossoul,65,Phase 2: GPU,1788667666874,2026-09-06
snoopys030,65,Phase 2: GPU,1788667666886,2026-09-06
ikaliayev,65,Phase 2: GPU,1788667666908,2026-09-06
dahhel,65,Phase 2: GPU,1788667666922,2026-09-06
slay_da_b,65,Phase 2: GPU,1788667666937,2026-09-06
madagascaradam,90,Phase 3: RAM,1788668305964,2026-09-06
mori2323,90,Phase 3: RAM,1788668305966,2026-09-06
ikaliayev,90,Phase 3: RAM,1788668305968,2026-09-06
shadowladyex,90,Phase 3: RAM,1788668306034,2026-09-06
slay_da_b,90,Phase 3: RAM,1788668306038,2026-09-06
dahhel,90,Phase 3: RAM,1788668306040,2026-09-06
lmbs00,90,Phase 3: RAM,1788668306041,2026-09-06
snoopys030,90,Phase 3: RAM,1788668306043,2026-09-06
player0451,90,Phase 3: RAM,1788668306050,2026-09-06
xiaoxiao9313,90,Phase 3: RAM,1788668306053,2026-09-06
snoopys030,45,Phase 1: RAM,1788669676317,2026-09-06
madagascaradam,45,Phase 1: RAM,1788669676338,2026-09-06
dahhel,45,Phase 1: RAM,1788669676341,2026-09-06
ikaliayev,45,Phase 1: RAM,1788669676350,2026-09-06
alphonsoe,45,Phase 1: RAM,1788669676354,2026-09-06
hopelessss_,45,Phase 1: RAM,1788669676358,2026-09-06
player0451,45,Phase 1: RAM,1788669676365,2026-09-06
mori2323,45,Phase 1: RAM,1788669676368,2026-09-06
xiaoxiao9313,45,Phase 1: RAM,1788669676371,2026-09-06
lmbs00,45,Phase 1: RAM,1788669676374,2026-09-06
alphonsoe,45,Phase 1: CPU,1788671315696,2026-09-06
lmbs00,45,Phase 1: CPU,1788671315706,2026-09-06
dahhel,45,Phase 1: CPU,1788671315725,2026-09-06
ikaliayev,45,Phase 1: CPU,1788671315728,2026-09-06
mori2323,45,Phase 1: CPU,1788671315730,2026-09-06
hopelessss_,45,Phase 1: CPU,1788671315731,2026-09-06
xiaoxiao9313,45,Phase 1: CPU,1788671315733,2026-09-06
avin_novor,45,Phase 1: CPU,1788671315737,2026-09-06
slay_da_b,45,Phase 1: CPU,1788671315739,2026-09-06
hopelessss_,65,Phase 2: HDD,1788672251053,2026-09-06
xiaoxiao9313,65,Phase 2: HDD,1788672251060,2026-09-06
ivanpetrov32,65,Phase 2: HDD,1788672251070,2026-09-06
alphonsoe,65,Phase 2: HDD,1788672251072,2026-09-06
ikaliayev,65,Phase 2: HDD,1788672251074,2026-09-06
alburldador,65,Phase 2: HDD,1788672251076,2026-09-06
mori2323,65,Phase 2: HDD,1788672251080,2026-09-06
slay_da_b,65,Phase 2: HDD,1788672251082,2026-09-06
lmbs00,65,Phase 2: HDD,1788672251084,2026-09-06
snoopys030,65,Phase 2: HDD,1788672251086,2026-09-06
dahhel,65,Phase 2: HDD,1788672251089,2026-09-06
avin_novor,65,Phase 2: HDD,1788672251092,2026-09-06
hopelessss_,90,Phase 3: RAM,1788672820074,2026-09-06
madagascaradam,90,Phase 3: RAM,1788672820076,2026-09-06
alburldador,90,Phase 3: RAM,1788672820080,2026-09-06
dahhel,90,Phase 3: RAM,1788672820082,2026-09-06
ikaliayev,90,Phase 3: RAM,1788672820086,2026-09-06
xiaoxiao9313,90,Phase 3: RAM,1788672820089,2026-09-06
alphonsoe,90,Phase 3: RAM,1788672820101,2026-09-06
lmbs00,90,Phase 3: RAM,1788672820136,2026-09-06
alphonsoe,120,Phase 4: GPU,1788673370141,2026-09-06
ikaliayev,120,Phase 4: GPU,1788673370143,2026-09-06
alburldador,120,Phase 4: GPU,1788673370151,2026-09-06
lmbs00,120,Phase 4: GPU,1788673370161,2026-09-06
madagascaradam,120,Phase 4: GPU,1788673370163,2026-09-06
mori2323,120,Phase 4: GPU,1788673370164,2026-09-06
hopelessss_,120,Phase 4: GPU,1788673370214,2026-09-06
xiaoxiao9313,120,Phase 4: GPU,1788673370228,2026-09-06
dahhel,120,Phase 4: GPU,1788673370230,2026-09-06
slay_da_b,120,Phase 4: GPU,1788673370231,2026-09-06
ivanpetrov32,120,Phase 4: GPU,1788673370232,2026-09-06
lmbs00,83,proStar bonus: all 4 phases,1788673370786,2026-09-06
hopelessss_,83,proStar bonus: all 4 phases,1788673370793,2026-09-06
xiaoxiao9313,83,proStar bonus: all 4 phases,1788673370794,2026-09-06
ikaliayev,83,proStar bonus: all 4 phases,1788673370797,2026-09-06
dahhel,83,proStar bonus: all 4 phases,1788673370798,2026-09-06
alphonsoe,83,proStar bonus: all 4 phases,1788673370800,2026-09-06
mori2323,45,Phase 1: CPU,1788674575095,2026-09-06
player0451,45,Phase 1: CPU,1788674575109,2026-09-06
slay_da_b,45,Phase 1: CPU,1788674575111,2026-09-06
alphonsoe,45,Phase 1: CPU,1788674575119,2026-09-06
snoopys030,45,Phase 1: CPU,1788674575122,2026-09-06
ikaliayev,45,Phase 1: CPU,1788674575127,2026-09-06
ivanpetrov32,45,Phase 1: CPU,1788674575129,2026-09-06
lmbs00,45,Phase 1: CPU,1788674575130,2026-09-06
alburldador,45,Phase 1: CPU,1788674575133,2026-09-06
dahhel,45,Phase 1: CPU,1788674575136,2026-09-06
avin_novor,45,Phase 1: CPU,1788674575139,2026-09-06
shadowladyex,45,Phase 1: CPU,1788674575142,2026-09-06
xiaoxiao9313,45,Phase 1: CPU,1788674575328,2026-09-06
snoopys030,65,Phase 2: GPU,1788675417264,2026-09-06
xiaoxiao9313,65,Phase 2: GPU,1788675417269,2026-09-06
alburldador,65,Phase 2: GPU,1788675417272,2026-09-06
slay_da_b,65,Phase 2: GPU,1788675417277,2026-09-06
ikaliayev,65,Phase 2: GPU,1788675417279,2026-09-06
ivanpetrov32,65,Phase 2: GPU,1788675417281,2026-09-06
alphonsoe,65,Phase 2: GPU,1788675417288,2026-09-06
lmbs00,65,Phase 2: GPU,1788675417298,2026-09-06
mori2323,65,Phase 2: GPU,1788675417316,2026-09-06
dahhel,65,Phase 2: GPU,1788675417319,2026-09-06
shadowladyex,65,Phase 2: GPU,1788675417324,2026-09-06
avin_novor,90,Phase 3: HDD,1788675957287,2026-09-06
ikaliayev,90,Phase 3: HDD,1788675957300,2026-09-06
alphonsoe,90,Phase 3: HDD,1788675957302,2026-09-06
xiaoxiao9313,90,Phase 3: HDD,1788675957327,2026-09-06
lmbs00,90,Phase 3: HDD,1788675957334,2026-09-06
dahhel,90,Phase 3: HDD,1788675957336,2026-09-06
puphik,90,Phase 3: HDD,1788675957343,2026-09-06
mori2323,90,Phase 3: HDD,1788675957355,2026-09-06
alburldador,90,Phase 3: HDD,1788675957371,2026-09-06
dahhel,120,Phase 4: RAM,1788676595188,2026-09-06
alphonsoe,120,Phase 4: RAM,1788676595192,2026-09-06
ivanpetrov32,120,Phase 4: RAM,1788676595194,2026-09-06
avin_novor,120,Phase 4: RAM,1788676595199,2026-09-06
alburldador,120,Phase 4: RAM,1788676595200,2026-09-06
ikaliayev,120,Phase 4: RAM,1788676595203,2026-09-06
lmbs00,120,Phase 4: RAM,1788676595206,2026-09-06
mori2323,120,Phase 4: RAM,1788676595208,2026-09-06
xiaoxiao9313,120,Phase 4: RAM,1788676595209,2026-09-06
slay_da_b,120,Phase 4: RAM,1788676595212,2026-09-06
hopelessss_,120,Phase 4: RAM,1788676595242,2026-09-06
pika_gamy,120,Phase 4: RAM,1788676595249,2026-09-06
ikaliayev,71,proStar bonus: all 4 phases,1788676595671,2026-09-06
lmbs00,71,proStar bonus: all 4 phases,1788676595675,2026-09-06
alburldador,71,proStar bonus: all 4 phases,1788676595679,2026-09-06
xiaoxiao9313,71,proStar bonus: all 4 phases,1788676595685,2026-09-06
dahhel,71,proStar bonus: all 4 phases,1788676595716,2026-09-06
mori2323,71,proStar bonus: all 4 phases,1788676595719,2026-09-06
alphonsoe,71,proStar bonus: all 4 phases,1788676595728,2026-09-06
pika_gamy,45,Phase 1: RAM,1788677496330,2026-09-06
alburldador,45,Phase 1: RAM,1788677496336,2026-09-06
avin_novor,45,Phase 1: RAM,1788677496337,2026-09-06
mori2323,45,Phase 1: RAM,1788677496340,2026-09-06
lmbs00,45,Phase 1: RAM,1788677496350,2026-09-06
ikaliayev,45,Phase 1: RAM,1788677496361,2026-09-06
ivanpetrov32,45,Phase 1: RAM,1788677496365,2026-09-06
snoopys030,45,Phase 1: RAM,1788677496369,2026-09-06
ikaliayev,65,Phase 2: GPU,1788678137917,2026-09-06
mori2323,65,Phase 2: GPU,1788678137921,2026-09-06
ivanpetrov32,65,Phase 2: GPU,1788678137922,2026-09-06
avin_novor,65,Phase 2: GPU,1788678137927,2026-09-06
lmbs00,65,Phase 2: GPU,1788678137934,2026-09-06
alphonsoe,65,Phase 2: GPU,1788678137939,2026-09-06
pika_gamy,65,Phase 2: GPU,1788678137942,2026-09-06
snoopys030,65,Phase 2: GPU,1788678137982,2026-09-06
slay_da_b,45,Phase 1: RAM,1788679151939,2026-09-06
mori2323,45,Phase 1: RAM,1788679151965,2026-09-06
alburldador,45,Phase 1: RAM,1788679151985,2026-09-06
ikaliayev,45,Phase 1: RAM,1788679151988,2026-09-06
lmbs00,45,Phase 1: RAM,1788679152004,2026-09-06
alphonsoe,65,Phase 2: CPU,1788679554893,2026-09-06
ikaliayev,65,Phase 2: CPU,1788679554906,2026-09-06
alburldador,65,Phase 2: CPU,1788679554915,2026-09-06
lmbs00,65,Phase 2: CPU,1788679554917,2026-09-06
avin_novor,65,Phase 2: CPU,1788679554921,2026-09-06
mori2323,65,Phase 2: CPU,1788679554925,2026-09-06
snoopys030,45,Phase 1: HDD,1788680853718,2026-09-06
alphonsoe,45,Phase 1: HDD,1788680853722,2026-09-06
llucholba,45,Phase 1: HDD,1788680853723,2026-09-06
alburldador,45,Phase 1: HDD,1788680853727,2026-09-06
ikaliayev,45,Phase 1: HDD,1788680853730,2026-09-06
mori2323,45,Phase 1: HDD,1788680853731,2026-09-06
lmbs00,45,Phase 1: HDD,1788680853735,2026-09-06
hopelessss_,65,Phase 2: RAM,1788681689740,2026-09-06
alburldador,65,Phase 2: RAM,1788681689744,2026-09-06
alphonsoe,65,Phase 2: RAM,1788681689745,2026-09-06
avin_novor,65,Phase 2: RAM,1788681689750,2026-09-06
slay_da_b,65,Phase 2: RAM,1788681689757,2026-09-06
llucholba,65,Phase 2: RAM,1788681689760,2026-09-06
ikaliayev,65,Phase 2: RAM,1788681689769,2026-09-06
lmbs00,65,Phase 2: RAM,1788681689773,2026-09-06
mori2323,65,Phase 2: RAM,1788681689781,2026-09-06
lmbs00,90,Phase 3: CPU,1788682373750,2026-09-06
slay_da_b,90,Phase 3: CPU,1788682373755,2026-09-06
lillakra,90,Phase 3: CPU,1788682373757,2026-09-06
ikaliayev,90,Phase 3: CPU,1788682373760,2026-09-06
snoopys030,90,Phase 3: CPU,1788682373762,2026-09-06
alphonsoe,90,Phase 3: CPU,1788682373795,2026-09-06
alburldador,90,Phase 3: CPU,1788682373797,2026-09-06
mori2323,90,Phase 3: CPU,1788682373801,2026-09-06
alphonsoe,45,Phase 1: HDD,1788683640185,2026-09-06
ikaliayev,45,Phase 1: HDD,1788683640188,2026-09-06
snoopys030,45,Phase 1: HDD,1788683640231,2026-09-06
alburldador,45,Phase 1: HDD,1788683640263,2026-09-06
hopelessss_,45,Phase 1: HDD,1788683640290,2026-09-06
mori2323,45,Phase 1: HDD,1788683640293,2026-09-06
hopelessss_,65,Phase 2: CPU,1788684139190,2026-09-06
alburldador,65,Phase 2: CPU,1788684139193,2026-09-06
ikaliayev,65,Phase 2: CPU,1788684139199,2026-09-06
snoopys030,65,Phase 2: CPU,1788684139202,2026-09-06
mori2323,65,Phase 2: CPU,1788684139232,2026-09-06
mori2323,45,Phase 1: GPU,1788685550316,2026-09-06
ikaliayev,45,Phase 1: GPU,1788685550325,2026-09-06
alphonsoe,45,Phase 1: GPU,1788685550328,2026-09-06
alburldador,45,Phase 1: GPU,1788685550332,2026-09-06
hopelessss_,45,Phase 1: GPU,1788685550335,2026-09-06
valase,45,Phase 1: GPU,1788685550339,2026-09-06
ivanpetrov32,45,Phase 1: GPU,1788685550341,2026-09-06
yurigiu,45,Phase 1: GPU,1788685550345,2026-09-06
snoopys030,45,Phase 1: GPU,1788685550357,2026-09-06
ikaliayev,65,Phase 2: RAM,1788686008821,2026-09-06
snoopys030,65,Phase 2: RAM,1788686008834,2026-09-06
pika_gamy,65,Phase 2: RAM,1788686008841,2026-09-06
mori2323,65,Phase 2: RAM,1788686008855,2026-09-06
hopelessss_,65,Phase 2: RAM,1788686008879,2026-09-06
mori2323,45,Phase 1: CPU,1788687185418,2026-09-06
hopelessss_,45,Phase 1: CPU,1788687185421,2026-09-06
snoopys030,45,Phase 1: CPU,1788687185465,2026-09-06
alphonsoe,45,Phase 1: CPU,1788687185469,2026-09-06
ivanpetrov32,45,Phase 1: HDD,1788688605114,2026-09-06
snoopys030,45,Phase 1: HDD,1788688605119,2026-09-06
mori2323,45,Phase 1: HDD,1788688605128,2026-09-06
xiaoxiao9313,45,Phase 1: HDD,1788688605180,2026-09-06
yurigiu,45,Phase 1: CPU,1788690121326,2026-09-06
alburldador,45,Phase 1: CPU,1788690121337,2026-09-06
mori2323,45,Phase 1: CPU,1788690121340,2026-09-06
snoopys030,45,Phase 1: CPU,1788690121346,2026-09-06
ivanpetrov32,45,Phase 1: CPU,1788690121348,2026-09-06
silent_luc,45,Phase 1: CPU,1788690121373,2026-09-06
xiaoxiao9313,65,Phase 2: RAM,1788690631554,2026-09-06
mori2323,65,Phase 2: RAM,1788690631559,2026-09-06
pika_gamy,65,Phase 2: RAM,1788690631567,2026-09-06
snoopys030,65,Phase 2: RAM,1788690631573,2026-09-06
calypso_ba,65,Phase 2: RAM,1788690631576,2026-09-06
alburldador,65,Phase 2: RAM,1788690631591,2026-09-06
lovegamesandthings00000,45,Phase 1: GPU,1788691943407,2026-09-06
pika_gamy,45,Phase 1: GPU,1788691943412,2026-09-06
ivanpetrov32,45,Phase 1: GPU,1788691943422,2026-09-06
slay_da_b,45,Phase 1: GPU,1788691943434,2026-09-06
mori2323,45,Phase 1: GPU,1788691943454,2026-09-06
xiaoxiao9313,45,Phase 1: GPU,1788691943457,2026-09-06
alburldador,45,Phase 1: GPU,1788691943461,2026-09-06
pika_gamy,45,Phase 1: RAM,1788693665512,2026-09-06
yurigiu,45,Phase 1: RAM,1788693665523,2026-09-06
alburldador,45,Phase 1: RAM,1788693665541,2026-09-06
lovegamesandthings00000,45,Phase 1: RAM,1788693665544,2026-09-06
xiaoxiao9313,45,Phase 1: RAM,1788693665546,2026-09-06
shadowladyex,45,Phase 1: RAM,1788693665548,2026-09-06
mori2323,45,Phase 1: RAM,1788693665551,2026-09-06
lillakra,45,Phase 1: RAM,1788693665554,2026-09-06
snoopys030,45,Phase 1: RAM,1788693665557,2026-09-06
mori2323,65,Phase 2: CPU,1788694153042,2026-09-06
lillakra,65,Phase 2: CPU,1788694153044,2026-09-06
hopelessss_,65,Phase 2: CPU,1788694153057,2026-09-06
pika_gamy,65,Phase 2: CPU,1788694153062,2026-09-06
xiaoxiao9313,65,Phase 2: CPU,1788694153066,2026-09-06
silent_luc,65,Phase 2: CPU,1788694153097,2026-09-06
shadowladyex,180,Phase 3: GPU,1788694961044,2026-09-06
alexwifi42,180,Phase 3: GPU,1788694961064,2026-09-06
pika_gamy,180,Phase 3: GPU,1788694961070,2026-09-06
mori2323,180,Phase 3: GPU,1788694961077,2026-09-06
calypso_ba,180,Phase 3: GPU,1788694961086,2026-09-06
lillakra,180,Phase 3: GPU,1788694961088,2026-09-06
silent_luc,180,Phase 3: GPU,1788694961091,2026-09-06
hopelessss_,180,Phase 3: GPU,1788694961095,2026-09-06
snoopys030,180,Phase 3: GPU,1788694961097,2026-09-06
slay_da_b,180,Phase 3: GPU,1788694961098,2026-09-06
ivanpetrov32,180,Phase 3: GPU,1788694961100,2026-09-06
xiaoxiao9313,180,Phase 3: GPU,1788694961105,2026-09-06
alburldador,180,Phase 3: GPU,1788694961266,2026-09-06
alexwifi42,240,Phase 4: HDD,1788695409161,2026-09-06
xiaoxiao9313,240,Phase 4: HDD,1788695409165,2026-09-06
snoopys030,240,Phase 4: HDD,1788695409168,2026-09-06
silent_luc,240,Phase 4: HDD,1788695409172,2026-09-06
alburldador,240,Phase 4: HDD,1788695409176,2026-09-06
shadowladyex,240,Phase 4: HDD,1788695409179,2026-09-06
hopelessss_,240,Phase 4: HDD,1788695409188,2026-09-06
pika_gamy,240,Phase 4: HDD,1788695409210,2026-09-06
mori2323,240,Phase 4: HDD,1788695409217,2026-09-06
mori2323,332,proStar bonus: all 4 phases,1788695410015,2026-09-06
xiaoxiao9313,332,proStar bonus: all 4 phases,1788695410021,2026-09-06
pika_gamy,332,proStar bonus: all 4 phases,1788695410026,2026-09-06
dahhel,90,Phase 1: HDD,1788696794401,2026-09-06
lovegamesandthings00000,90,Phase 1: HDD,1788696794414,2026-09-06
hopelessss_,90,Phase 1: HDD,1788696794416,2026-09-06
alphonsoe,90,Phase 1: HDD,1788696794420,2026-09-06
xiaoxiao9313,90,Phase 1: HDD,1788696794428,2026-09-06
mori2323,90,Phase 1: HDD,1788696794430,2026-09-06
aswd002,90,Phase 1: HDD,1788696794431,2026-09-06
alexwifi42,90,Phase 1: HDD,1788696794437,2026-09-06
alyssrentori,90,Phase 1: HDD,1788696794440,2026-09-06
snoopys030,90,Phase 1: HDD,1788696794445,2026-09-06
lillakra,90,Phase 1: HDD,1788696794447,2026-09-06
pika_gamy,90,Phase 1: HDD,1788696794448,2026-09-06
shadowladyex,90,Phase 1: HDD,1788696794452,2026-09-06
silent_luc,90,Phase 1: HDD,1788696794454,2026-09-06
alburldador,90,Phase 1: HDD,1788696794455,2026-09-06
naoka_ueno,90,Phase 1: HDD,1788696794459,2026-09-06
mori2323,130,Phase 2: GPU,1788697560965,2026-09-06
alburldador,130,Phase 2: GPU,1788697560969,2026-09-06
alphonsoe,130,Phase 2: GPU,1788697560976,2026-09-06
shadowladyex,130,Phase 2: GPU,1788697560979,2026-09-06
silent_luc,130,Phase 2: GPU,1788697560984,2026-09-06
snoopys030,130,Phase 2: GPU,1788697560989,2026-09-06
aswd002,130,Phase 2: GPU,1788697560999,2026-09-06
naoka_ueno,130,Phase 2: GPU,1788697561032,2026-09-06
pika_gamy,130,Phase 2: GPU,1788697561042,2026-09-06
xiaoxiao9313,130,Phase 2: GPU,1788697561067,2026-09-06
lillakra,130,Phase 2: GPU,1788697561114,2026-09-06
dahhel,130,Phase 2: GPU,1788697561676,2026-09-06
dahhel,180,Phase 3: RAM,1788698109104,2026-09-06
mori2323,180,Phase 3: RAM,1788698109110,2026-09-06
alphonsoe,180,Phase 3: RAM,1788698109115,2026-09-06
shadowladyex,180,Phase 3: RAM,1788698109126,2026-09-06
pika_gamy,180,Phase 3: RAM,1788698109128,2026-09-06
aswd002,180,Phase 3: RAM,1788698109130,2026-09-06
xiaoxiao9313,180,Phase 3: RAM,1788698109142,2026-09-06
lillakra,180,Phase 3: RAM,1788698109187,2026-09-06
silent_luc,180,Phase 3: RAM,1788698109307,2026-09-06
alburldador,180,Phase 3: RAM,1788698109323,2026-09-06
snoopys030,180,Phase 3: RAM,1788698109325,2026-09-06
lillakra,240,Phase 4: CPU,1788698585079,2026-09-06
silent_luc,240,Phase 4: CPU,1788698585086,2026-09-06
pika_gamy,240,Phase 4: CPU,1788698585090,2026-09-06
naoka_ueno,240,Phase 4: CPU,1788698585099,2026-09-06
alburldador,240,Phase 4: CPU,1788698585101,2026-09-06
shadowladyex,240,Phase 4: CPU,1788698585108,2026-09-06
snoopys030,240,Phase 4: CPU,1788698585110,2026-09-06
xiaoxiao9313,240,Phase 4: CPU,1788698585113,2026-09-06
dahhel,240,Phase 4: CPU,1788698585115,2026-09-06
mori2323,240,Phase 4: CPU,1788698585130,2026-09-06
alphonsoe,240,Phase 4: CPU,1788698585142,2026-09-06
xiaoxiao9313,100,proStar bonus: all 4 phases,1788698585580,2026-09-06
lillakra,100,proStar bonus: all 4 phases,1788698585584,2026-09-06
mori2323,100,proStar bonus: all 4 phases,1788698585588,2026-09-06
alburldador,100,proStar bonus: all 4 phases,1788698585591,2026-09-06
silent_luc,100,proStar bonus: all 4 phases,1788698585594,2026-09-06
alphonsoe,100,proStar bonus: all 4 phases,1788698585596,2026-09-06
snoopys030,100,proStar bonus: all 4 phases,1788698585600,2026-09-06
shadowladyex,100,proStar bonus: all 4 phases,1788698585601,2026-09-06
pika_gamy,100,proStar bonus: all 4 phases,1788698585603,2026-09-06
dahhel,100,proStar bonus: all 4 phases,1788698585669,2026-09-06
xiaoxiao9313,90,Phase 1: GPU,1788699730752,2026-09-06
silent_luc,90,Phase 1: GPU,1788699730762,2026-09-06
shadowladyex,90,Phase 1: GPU,1788699730766,2026-09-06
pika_gamy,90,Phase 1: GPU,1788699730776,2026-09-06
mori2323,90,Phase 1: GPU,1788699730778,2026-09-06
alexwifi42,90,Phase 1: GPU,1788699730783,2026-09-06
alphonsoe,90,Phase 1: GPU,1788699730784,2026-09-06
dahhel,90,Phase 1: GPU,1788699730786,2026-09-06
lillakra,90,Phase 1: GPU,1788699730789,2026-09-06
snoopys030,90,Phase 1: GPU,1788699730792,2026-09-06
naoka_ueno,90,Phase 1: GPU,1788699730794,2026-09-06
aswd002,90,Phase 1: GPU,1788699730817,2026-09-06
ivanpetrov32,90,Phase 1: GPU,1788699730998,2026-09-06
silent_luc,65,Phase 2: CPU,1788700448013,2026-09-06
pika_gamy,65,Phase 2: CPU,1788700448028,2026-09-06
xiaoxiao9313,65,Phase 2: CPU,1788700448036,2026-09-06
alburldador,65,Phase 2: CPU,1788700448038,2026-09-06
dahhel,65,Phase 2: CPU,1788700448040,2026-09-06
snoopys030,65,Phase 2: CPU,1788700448045,2026-09-06
mori2323,65,Phase 2: CPU,1788700448049,2026-09-06
shadowladyex,65,Phase 2: CPU,1788700448053,2026-09-06
operacional_cae,65,Phase 2: CPU,1788700448056,2026-09-06
alphonsoe,65,Phase 2: CPU,1788700448074,2026-09-06
alexwifi42,65,Phase 2: CPU,1788700448085,2026-09-06
naoka_ueno,45,Phase 1: RAM,1788701885251,2026-09-06
pika_gamy,45,Phase 1: RAM,1788701885260,2026-09-06
thanossoul,45,Phase 1: RAM,1788701885277,2026-09-06
dahhel,45,Phase 1: RAM,1788701885279,2026-09-06
alphonsoe,45,Phase 1: RAM,1788701885280,2026-09-06
cerebralx1,45,Phase 1: RAM,1788701885282,2026-09-06
xiaoxiao9313,45,Phase 1: RAM,1788701885287,2026-09-06
shadowladyex,45,Phase 1: RAM,1788701885308,2026-09-06
mori2323,45,Phase 1: RAM,1788701885310,2026-09-06
silent_luc,45,Phase 1: RAM,1788701885324,2026-09-06
operacional_cae,45,Phase 1: RAM,1788701885384,2026-09-06
xiaoxiao9313,65,Phase 2: CPU,1788702528829,2026-09-06
operacional_cae,65,Phase 2: CPU,1788702528834,2026-09-06
dahhel,65,Phase 2: CPU,1788702528839,2026-09-06
pika_gamy,65,Phase 2: CPU,1788702528842,2026-09-06
naoka_ueno,65,Phase 2: CPU,1788702528852,2026-09-06
cerebralx1,65,Phase 2: CPU,1788702528867,2026-09-06
shadowladyex,65,Phase 2: CPU,1788702528884,2026-09-06
mori2323,65,Phase 2: CPU,1788702528889,2026-09-06
thanossoul,65,Phase 2: CPU,1788702528904,2026-09-06
dahhel,45,Phase 1: GPU,1788703871564,2026-09-06
naoka_ueno,45,Phase 1: GPU,1788703871567,2026-09-06
pika_gamy,45,Phase 1: GPU,1788703871570,2026-09-06
xiaoxiao9313,45,Phase 1: GPU,1788703871572,2026-09-06
alphonsoe,45,Phase 1: GPU,1788703871574,2026-09-06
shadowladyex,45,Phase 1: GPU,1788703871577,2026-09-06
mori2323,45,Phase 1: GPU,1788703871580,2026-09-06
silent_luc,45,Phase 1: GPU,1788703871593,2026-09-06
cerebralx1,45,Phase 1: GPU,1788703871645,2026-09-06
shadowladyex,65,Phase 2: CPU,1788704407557,2026-09-06
mori2323,65,Phase 2: CPU,1788704407561,2026-09-06
xiaoxiao9313,65,Phase 2: CPU,1788704407569,2026-09-06
cerebralx1,65,Phase 2: CPU,1788704407575,2026-09-06
dahhel,65,Phase 2: CPU,1788704407585,2026-09-06
naoka_ueno,65,Phase 2: CPU,1788704407587,2026-09-06
operacional_cae,65,Phase 2: CPU,1788704407603,2026-09-06
pika_gamy,65,Phase 2: CPU,1788704407628,2026-09-06
naoka_ueno,90,Phase 3: HDD,1788704890550,2026-09-06
xiaoxiao9313,90,Phase 3: HDD,1788704890551,2026-09-06
thanossoul,90,Phase 3: HDD,1788704890554,2026-09-06
shadowladyex,90,Phase 3: HDD,1788704890555,2026-09-06
pika_gamy,90,Phase 3: HDD,1788704890559,2026-09-06
cerebralx1,90,Phase 3: HDD,1788704890562,2026-09-06
snoopys030,90,Phase 3: HDD,1788704890568,2026-09-06
dahhel,90,Phase 3: HDD,1788704890574,2026-09-06
alphonsoe,90,Phase 3: HDD,1788704890602,2026-09-06
mori2323,90,Phase 3: HDD,1788704890604,2026-09-06
silent_luc,45,Phase 1: GPU,1788706353489,2026-09-06
ikaliayev,45,Phase 1: GPU,1788706353498,2026-09-06
xiaoxiao9313,45,Phase 1: GPU,1788706353507,2026-09-06
madagascaradam,45,Phase 1: GPU,1788706353510,2026-09-06
dahhel,45,Phase 1: GPU,1788706353511,2026-09-06
shadowladyex,45,Phase 1: GPU,1788706353514,2026-09-06
slay_da_b,45,Phase 1: GPU,1788706353515,2026-09-06
cerebralx1,45,Phase 1: GPU,1788706353517,2026-09-06
mori2323,45,Phase 1: GPU,1788706353518,2026-09-06
pika_gamy,45,Phase 1: GPU,1788706353525,2026-09-06
alburldador,45,Phase 1: GPU,1788706353526,2026-09-06
thanossoul,45,Phase 1: GPU,1788706353527,2026-09-06
dahhel,130,Phase 2: RAM,1788707465475,2026-09-06
alburldador,130,Phase 2: RAM,1788707465496,2026-09-06
player0451,130,Phase 2: RAM,1788707465498,2026-09-06
cerebralx1,130,Phase 2: RAM,1788707465502,2026-09-06
alphonsoe,130,Phase 2: RAM,1788707465505,2026-09-06
operacional_cae,130,Phase 2: RAM,1788707465507,2026-09-06
yurigiu,130,Phase 2: RAM,1788707465509,2026-09-06
shadowladyex,130,Phase 2: RAM,1788707465510,2026-09-06
ikaliayev,130,Phase 2: RAM,1788707465514,2026-09-06
mori2323,130,Phase 2: RAM,1788707465526,2026-09-06
lmbs00,130,Phase 2: RAM,1788707465528,2026-09-06
silent_luc,130,Phase 2: RAM,1788707465529,2026-09-06
aswd002,130,Phase 2: RAM,1788707465532,2026-09-06
alyssrentori,130,Phase 2: RAM,1788707465533,2026-09-06
thanossoul,130,Phase 2: RAM,1788707465535,2026-09-06
xiaoxiao9313,130,Phase 2: RAM,1788707465539,2026-09-06
pika_gamy,130,Phase 2: RAM,1788707465541,2026-09-06
alphonsoe,180,Phase 3: HDD,1788708009276,2026-09-06
dahhel,180,Phase 3: HDD,1788708009282,2026-09-06
xiaoxiao9313,180,Phase 3: HDD,1788708009283,2026-09-06
pika_gamy,180,Phase 3: HDD,1788708009286,2026-09-06
alburldador,180,Phase 3: HDD,1788708009287,2026-09-06
mori2323,180,Phase 3: HDD,1788708009295,2026-09-06
lovegamesandthings00000,180,Phase 3: HDD,1788708009315,2026-09-06
slay_da_b,180,Phase 3: HDD,1788708009317,2026-09-06
lmbs00,180,Phase 3: HDD,1788708009318,2026-09-06
thanossoul,180,Phase 3: HDD,1788708009319,2026-09-06
shadowladyex,180,Phase 3: HDD,1788708009325,2026-09-06
ikaliayev,180,Phase 3: HDD,1788708009359,2026-09-06
mori2323,90,Phase 1: GPU,1788709525988,2026-09-06
pika_gamy,90,Phase 1: GPU,1788709526001,2026-09-06
cerebralx1,90,Phase 1: GPU,1788709526004,2026-09-06
xiaoxiao9313,90,Phase 1: GPU,1788709526045,2026-09-06
lmbs00,90,Phase 1: GPU,1788709526048,2026-09-06
silent_luc,90,Phase 1: GPU,1788709526058,2026-09-06
ikaliayev,90,Phase 1: GPU,1788709526061,2026-09-06
alexwifi42,90,Phase 1: GPU,1788709526066,2026-09-06
dahhel,90,Phase 1: GPU,1788709526068,2026-09-06
shadowladyex,90,Phase 1: GPU,1788709526080,2026-09-06
yurigiu,90,Phase 1: GPU,1788709526085,2026-09-06
thanossoul,90,Phase 1: GPU,1788709526089,2026-09-06
alburldador,90,Phase 1: GPU,1788709526091,2026-09-06
lmbs00,130,Phase 2: HDD,1788710101984,2026-09-06
shadowladyex,130,Phase 2: HDD,1788710101989,2026-09-06
silent_luc,130,Phase 2: HDD,1788710101991,2026-09-06
mori2323,130,Phase 2: HDD,1788710101996,2026-09-06
lovegamesandthings00000,130,Phase 2: HDD,1788710102004,2026-09-06
ikaliayev,130,Phase 2: HDD,1788710102007,2026-09-06
xiaoxiao9313,130,Phase 2: HDD,1788710102012,2026-09-06
alburldador,130,Phase 2: HDD,1788710102014,2026-09-06
cerebralx1,130,Phase 2: HDD,1788710102016,2026-09-06
alexwifi42,130,Phase 2: HDD,1788710102021,2026-09-06
dahhel,130,Phase 2: HDD,1788710102027,2026-09-06
pika_gamy,130,Phase 2: HDD,1788710102072,2026-09-06
silent_luc,90,Phase 1: GPU,1788711431648,2026-09-06
ikaliayev,90,Phase 1: GPU,1788711431655,2026-09-06
xiaoxiao9313,90,Phase 1: GPU,1788711431670,2026-09-06
mori2323,90,Phase 1: GPU,1788711431778,2026-09-06
lmbs00,90,Phase 1: GPU,1788711431780,2026-09-06
alburldador,90,Phase 1: GPU,1788711431853,2026-09-06
dahhel,90,Phase 1: GPU,1788711431855,2026-09-06
cerebralx1,90,Phase 1: GPU,1788711431857,2026-09-06
shadowladyex,90,Phase 1: GPU,1788711431859,2026-09-06
pika_gamy,90,Phase 1: GPU,1788711431861,2026-09-06
shadowladyex,130,Phase 2: HDD,1788712182613,2026-09-06
pika_gamy,130,Phase 2: HDD,1788712182617,2026-09-06
player0451,130,Phase 2: HDD,1788712182622,2026-09-06
silent_luc,130,Phase 2: HDD,1788712182624,2026-09-06
alburldador,130,Phase 2: HDD,1788712182628,2026-09-06
ikaliayev,130,Phase 2: HDD,1788712182630,2026-09-06
cerebralx1,130,Phase 2: HDD,1788712182636,2026-09-06
thanossoul,130,Phase 2: HDD,1788712182642,2026-09-06
whitepai,130,Phase 2: HDD,1788712182646,2026-09-06
xiaoxiao9313,130,Phase 2: HDD,1788712182647,2026-09-06
lmbs00,130,Phase 2: HDD,1788712182669,2026-09-06
dahhel,130,Phase 2: HDD,1788712182678,2026-09-06
xiaoxiao9313,90,Phase 1: GPU,1788713894903,2026-09-06
cerebralx1,90,Phase 1: GPU,1788713894914,2026-09-06
player0451,90,Phase 1: GPU,1788713894921,2026-09-06
alexwifi42,90,Phase 1: GPU,1788713894933,2026-09-06
hopelessss_,90,Phase 1: GPU,1788713894935,2026-09-06
lmbs00,90,Phase 1: GPU,1788713894952,2026-09-06
shadowladyex,90,Phase 1: GPU,1788713894956,2026-09-06
mori2323,90,Phase 1: GPU,1788713894965,2026-09-06
ikaliayev,90,Phase 1: GPU,1788713894968,2026-09-06
thanossoul,90,Phase 1: GPU,1788713894971,2026-09-06
alburldador,90,Phase 1: GPU,1788713894990,2026-09-06
pika_gamy,90,Phase 1: GPU,1788713894994,2026-09-06
dahhel,90,Phase 1: GPU,1788713895009,2026-09-06
whitepai,90,Phase 1: GPU,1788713895018,2026-09-06
lmbs00,65,Phase 2: RAM,1788714727334,2026-09-06
shadowladyex,65,Phase 2: RAM,1788714727339,2026-09-06
alburldador,65,Phase 2: RAM,1788714727345,2026-09-06
alexwifi42,65,Phase 2: RAM,1788714727346,2026-09-06
mori2323,65,Phase 2: RAM,1788714727349,2026-09-06
pika_gamy,65,Phase 2: RAM,1788714727362,2026-09-06
thanossoul,65,Phase 2: RAM,1788714727365,2026-09-06
ikaliayev,65,Phase 2: RAM,1788714727370,2026-09-06
lovegamesandthings00000,65,Phase 2: RAM,1788714727372,2026-09-06
xiaoxiao9313,65,Phase 2: RAM,1788714727373,2026-09-06
cerebralx1,65,Phase 2: RAM,1788714727404,2026-09-06
dahhel,65,Phase 2: RAM,1788714727406,2026-09-06
ivanpetrov32,90,Phase 3: CPU,1788715634608,2026-09-06
ikaliayev,90,Phase 3: CPU,1788715634610,2026-09-06
pika_gamy,90,Phase 3: CPU,1788715634611,2026-09-06
cerebralx1,90,Phase 3: CPU,1788715634612,2026-09-06
hopelessss_,90,Phase 3: CPU,1788715634617,2026-09-06
thanossoul,90,Phase 3: CPU,1788715634618,2026-09-06
shadowladyex,90,Phase 3: CPU,1788715634620,2026-09-06
xiaoxiao9313,90,Phase 3: CPU,1788715634624,2026-09-06
lovegamesandthings00000,90,Phase 3: CPU,1788715634625,2026-09-06
mori2323,90,Phase 3: CPU,1788715634627,2026-09-06
alexwifi42,90,Phase 3: CPU,1788715634629,2026-09-06
alfims,90,Phase 3: CPU,1788715634634,2026-09-06
dahhel,90,Phase 3: CPU,1788715634666,2026-09-06
silent_luc,90,Phase 3: CPU,1788715634671,2026-09-06
alburldador,90,Phase 3: CPU,1788715634674,2026-09-06
lmbs00,90,Phase 3: CPU,1788715634719,2026-09-06
xiaoxiao9313,45,Phase 1: HDD,1788717075434,2026-09-06
alburldador,45,Phase 1: HDD,1788717075442,2026-09-06
lmbs00,45,Phase 1: HDD,1788717075446,2026-09-06
shadowladyex,45,Phase 1: HDD,1788717075447,2026-09-06
ikaliayev,45,Phase 1: HDD,1788717075449,2026-09-06
hopelessss_,45,Phase 1: HDD,1788717075452,2026-09-06
mori2323,45,Phase 1: HDD,1788717075457,2026-09-06
operacional_cae,45,Phase 1: HDD,1788717075459,2026-09-06
silent_luc,45,Phase 1: HDD,1788717075464,2026-09-06
alexwifi42,45,Phase 1: HDD,1788717075466,2026-09-06
pika_gamy,45,Phase 1: HDD,1788717075468,2026-09-06
whitepai,45,Phase 1: HDD,1788717075472,2026-09-06
xiaoxiao9313,65,Phase 2: RAM,1788717679965,2026-09-06
mori2323,65,Phase 2: RAM,1788717679984,2026-09-06
ivanpetrov32,65,Phase 2: RAM,1788717679990,2026-09-06
lmbs00,65,Phase 2: RAM,1788717679996,2026-09-06
hopelessss_,65,Phase 2: RAM,1788717680002,2026-09-06
shadowladyex,65,Phase 2: RAM,1788717680007,2026-09-06
ikaliayev,65,Phase 2: RAM,1788717680015,2026-09-06
pika_gamy,65,Phase 2: RAM,1788717680036,2026-09-06
avin_novor,65,Phase 2: RAM,1788717680039,2026-09-06
operacional_cae,65,Phase 2: RAM,1788717680041,2026-09-06
silent_luc,45,Phase 1: GPU,1788718743980,2026-09-06
ikaliayev,45,Phase 1: GPU,1788718743984,2026-09-06
dahhel,45,Phase 1: GPU,1788718743997,2026-09-06
xiaoxiao9313,45,Phase 1: GPU,1788718743998,2026-09-06
pika_gamy,45,Phase 1: GPU,1788718744000,2026-09-06
lmbs00,45,Phase 1: GPU,1788718744007,2026-09-06
avin_novor,65,Phase 2: RAM,1788719181882,2026-09-06
alburldador,65,Phase 2: RAM,1788719181887,2026-09-06
player0451,65,Phase 2: RAM,1788719181891,2026-09-06
lmbs00,65,Phase 2: RAM,1788719181892,2026-09-06
ikaliayev,65,Phase 2: RAM,1788719181894,2026-09-06
dahhel,65,Phase 2: RAM,1788719181905,2026-09-06
pika_gamy,65,Phase 2: RAM,1788719181922,2026-09-06
xiaoxiao9313,65,Phase 2: RAM,1788719181942,2026-09-06
dahhel,45,Phase 1: HDD,1788720272726,2026-09-06
silent_luc,45,Phase 1: HDD,1788720272737,2026-09-06
ivanpetrov32,45,Phase 1: HDD,1788720272749,2026-09-06
xiaoxiao9313,45,Phase 1: HDD,1788720272754,2026-09-06
ikaliayev,45,Phase 1: HDD,1788720272759,2026-09-06
pika_gamy,45,Phase 1: HDD,1788720272800,2026-09-06
slay_da_b,65,Phase 2: RAM,1788720775693,2026-09-06
dahhel,65,Phase 2: RAM,1788720775700,2026-09-06
lmbs00,65,Phase 2: RAM,1788720775703,2026-09-06
pika_gamy,65,Phase 2: RAM,1788720775707,2026-09-06
alexwifi42,65,Phase 2: RAM,1788720775718,2026-09-06
xiaoxiao9313,65,Phase 2: RAM,1788720775732,2026-09-06
ikaliayev,65,Phase 2: RAM,1788720775739,2026-09-06
alburldador,45,Phase 1: HDD,1788722051880,2026-09-06
ikaliayev,45,Phase 1: HDD,1788722051888,2026-09-06
xiaoxiao9313,45,Phase 1: HDD,1788722051892,2026-09-06
silent_luc,45,Phase 1: HDD,1788722051900,2026-09-06
dahhel,45,Phase 1: HDD,1788722051901,2026-09-06
pika_gamy,45,Phase 1: HDD,1788722051907,2026-09-06
ivanpetrov32,45,Phase 1: HDD,1788722051912,2026-09-06
alexwifi42,45,Phase 1: HDD,1788722051915,2026-09-06
lmbs00,45,Phase 1: HDD,1788722051942,2026-09-06
xiaoxiao9313,65,Phase 2: GPU,1788722486940,2026-09-06
dahhel,65,Phase 2: GPU,1788722486999,2026-09-06
lillakra,65,Phase 2: GPU,1788722487007,2026-09-06
ikaliayev,65,Phase 2: GPU,1788722487009,2026-09-06
madagascaradam,65,Phase 2: GPU,1788722487012,2026-09-06
lmbs00,65,Phase 2: GPU,1788722487016,2026-09-06
pika_gamy,65,Phase 2: GPU,1788722487018,2026-09-06
madagascaradam,45,Phase 1: RAM,1788723754669,2026-09-06
ikaliayev,45,Phase 1: RAM,1788723754677,2026-09-06
alburldador,45,Phase 1: RAM,1788723754679,2026-09-06
lmbs00,45,Phase 1: RAM,1788723754711,2026-09-06
silent_luc,45,Phase 1: RAM,1788723754717,2026-09-06
dahhel,45,Phase 1: RAM,1788723754719,2026-09-06
pika_gamy,45,Phase 1: RAM,1788723754722,2026-09-06
avin_novor,45,Phase 1: RAM,1788723754723,2026-09-06
alburldador,45,Phase 1: CPU,1788725423496,2026-09-06
silent_luc,45,Phase 1: CPU,1788725423517,2026-09-06
alexwifi42,45,Phase 1: CPU,1788725423519,2026-09-06
ikaliayev,45,Phase 1: CPU,1788725423521,2026-09-06
lmbs00,45,Phase 1: CPU,1788725423523,2026-09-06
thanossoul,45,Phase 1: CPU,1788725423525,2026-09-06
dahhel,45,Phase 1: CPU,1788725423526,2026-09-06
ivanpetrov32,45,Phase 1: CPU,1788725423532,2026-09-06
pika_gamy,45,Phase 1: CPU,1788725423534,2026-09-06
madagascaradam,45,Phase 1: CPU,1788725423536,2026-09-06
lmbs00,45,Phase 1: GPU,1788727006234,2026-09-06
silent_luc,45,Phase 1: GPU,1788727006242,2026-09-06
ikaliayev,45,Phase 1: GPU,1788727006245,2026-09-06
pika_gamy,45,Phase 1: GPU,1788727006252,2026-09-06
madagascaradam,45,Phase 1: GPU,1788727006253,2026-09-06
valase,45,Phase 1: GPU,1788727006257,2026-09-06
dahhel,45,Phase 1: GPU,1788727006262,2026-09-06
puphik,45,Phase 1: GPU,1788727006264,2026-09-06
valase,65,Phase 2: CPU,1788727409877,2026-09-06
puphik,65,Phase 2: CPU,1788727409879,2026-09-06
pika_gamy,65,Phase 2: CPU,1788727409884,2026-09-06
dahhel,65,Phase 2: CPU,1788727409888,2026-09-06
lmbs00,65,Phase 2: CPU,1788727409893,2026-09-06
ikaliayev,65,Phase 2: CPU,1788727409896,2026-09-06
thanossoul,45,Phase 1: RAM,1788728828360,2026-09-06
ikaliayev,45,Phase 1: RAM,1788728828366,2026-09-06
pika_gamy,45,Phase 1: RAM,1788728828399,2026-09-06
madagascaradam,45,Phase 1: RAM,1788728828404,2026-09-06
dahhel,45,Phase 1: RAM,1788728828419,2026-09-06
valase,45,Phase 1: RAM,1788728828427,2026-09-06
lmbs00,45,Phase 1: RAM,1788728828435,2026-09-06
silent_luc,45,Phase 1: RAM,1788728828497,2026-09-06
thanossoul,65,Phase 2: GPU,1788729464509,2026-09-06
dahhel,65,Phase 2: GPU,1788729464515,2026-09-06
madagascaradam,65,Phase 2: GPU,1788729464519,2026-09-06
alburldador,65,Phase 2: GPU,1788729464546,2026-09-06
silent_luc,65,Phase 2: GPU,1788729464550,2026-09-06
pika_gamy,65,Phase 2: GPU,1788729464552,2026-09-06
lmbs00,65,Phase 2: GPU,1788729464556,2026-09-06
ikaliayev,65,Phase 2: GPU,1788729464627,2026-09-06
pika_gamy,90,Phase 3: CPU,1788729935395,2026-09-06
dahhel,90,Phase 3: CPU,1788729935397,2026-09-06
thanossoul,90,Phase 3: CPU,1788729935402,2026-09-06
avin_novor,90,Phase 3: CPU,1788729935404,2026-09-06
ikaliayev,90,Phase 3: CPU,1788729935406,2026-09-06
operacional_cae,90,Phase 3: CPU,1788729935408,2026-09-06
lmbs00,90,Phase 3: CPU,1788729935410,2026-09-06
dahhel,45,Phase 1: CPU,1788731188072,2026-09-06
ikaliayev,45,Phase 1: CPU,1788731188077,2026-09-06
alburldador,45,Phase 1: CPU,1788731188088,2026-09-06
lmbs00,45,Phase 1: CPU,1788731188094,2026-09-06
thanossoul,45,Phase 1: CPU,1788731188097,2026-09-06
pika_gamy,45,Phase 1: CPU,1788731188099,2026-09-06
silent_luc,45,Phase 1: CPU,1788731188102,2026-09-06
silent_luc,65,Phase 2: GPU,1788731645908,2026-09-06
valase,65,Phase 2: GPU,1788731645914,2026-09-06
pika_gamy,65,Phase 2: GPU,1788731645917,2026-09-06
dahhel,65,Phase 2: GPU,1788731645921,2026-09-06
avin_novor,65,Phase 2: GPU,1788731645926,2026-09-06
ikaliayev,65,Phase 2: GPU,1788731645948,2026-09-06
pika_gamy,45,Phase 1: HDD,1788732881593,2026-09-06
silent_luc,45,Phase 1: HDD,1788732881596,2026-09-06
valase,45,Phase 1: HDD,1788732881600,2026-09-06
lmbs00,45,Phase 1: HDD,1788732881608,2026-09-06
ikaliayev,45,Phase 1: HDD,1788732881612,2026-09-06
alfims,45,Phase 1: HDD,1788732881628,2026-09-06
dahhel,45,Phase 1: HDD,1788732881635,2026-09-06
pika_gamy,65,Phase 2: CPU,1788733281596,2026-09-06
dahhel,65,Phase 2: CPU,1788733281607,2026-09-06
operacional_cae,65,Phase 2: CPU,1788733281618,2026-09-06
silent_luc,65,Phase 2: CPU,1788733281626,2026-09-06
ikaliayev,65,Phase 2: CPU,1788733281647,2026-09-06
lmbs00,65,Phase 2: CPU,1788733281662,2026-09-06
valase,45,Phase 1: RAM,1788734543138,2026-09-06
pika_gamy,45,Phase 1: RAM,1788734543140,2026-09-06
dahhel,45,Phase 1: RAM,1788734543148,2026-09-06
silent_luc,45,Phase 1: RAM,1788734543153,2026-09-06
ikaliayev,45,Phase 1: RAM,1788734543160,2026-09-06
operacional_cae,45,Phase 1: RAM,1788734543165,2026-09-06
avin_novor,45,Phase 1: RAM,1788734543178,2026-09-06
lmbs00,45,Phase 1: RAM,1788734543199,2026-09-06
dahhel,65,Phase 2: CPU,1788735052144,2026-09-06
ikaliayev,65,Phase 2: CPU,1788735052149,2026-09-06
silent_luc,65,Phase 2: CPU,1788735052150,2026-09-06
lmbs00,65,Phase 2: CPU,1788735052153,2026-09-06
valase,65,Phase 2: CPU,1788735052192,2026-09-06
dahhel,45,Phase 1: GPU,1788736411802,2026-09-06
hopelessss_,45,Phase 1: GPU,1788736411804,2026-09-06
ikaliayev,45,Phase 1: GPU,1788736411810,2026-09-06
pika_gamy,45,Phase 1: GPU,1788736411812,2026-09-06
lmbs00,45,Phase 1: GPU,1788736411819,2026-09-06
avin_novor,45,Phase 1: GPU,1788736411822,2026-09-06
silent_luc,45,Phase 1: GPU,1788736411825,2026-09-06
valase,45,Phase 1: GPU,1788736411826,2026-09-06
ikaliayev,65,Phase 2: HDD,1788736885737,2026-09-06
lovegamesandthings00000,65,Phase 2: HDD,1788736885741,2026-09-06
valase,65,Phase 2: HDD,1788736885744,2026-09-06
lmbs00,65,Phase 2: HDD,1788736885753,2026-09-06
dahhel,65,Phase 2: HDD,1788736885776,2026-09-06
shadowladyex,90,Phase 3: CPU,1788737362820,2026-09-06
dahhel,90,Phase 3: CPU,1788737362824,2026-09-06
avin_novor,90,Phase 3: CPU,1788737362827,2026-09-06
valase,90,Phase 3: CPU,1788737362837,2026-09-06
lmbs00,90,Phase 3: CPU,1788737362843,2026-09-06
pika_gamy,90,Phase 3: CPU,1788737362864,2026-09-06
avin_novor,45,Phase 1: RAM,1788738773326,2026-09-06
pika_gamy,45,Phase 1: RAM,1788738773328,2026-09-06
lmbs00,45,Phase 1: RAM,1788738773330,2026-09-06
dahhel,45,Phase 1: RAM,1788738773334,2026-09-06
silent_luc,45,Phase 1: RAM,1788738773347,2026-09-06
shadowladyex,45,Phase 1: RAM,1788738773380,2026-09-06
ikaliayev,45,Phase 1: RAM,1788738773383,2026-09-06
valase,45,Phase 1: RAM,1788738773390,2026-09-06
snoopys030,65,Phase 2: HDD,1788739521365,2026-09-07
operacional_cae,65,Phase 2: HDD,1788739521368,2026-09-07
avin_novor,65,Phase 2: HDD,1788739521372,2026-09-07
valase,65,Phase 2: HDD,1788739521378,2026-09-07
lmbs00,65,Phase 2: HDD,1788739521381,2026-09-07
ikaliayev,65,Phase 2: HDD,1788739521382,2026-09-07
dahhel,65,Phase 2: HDD,1788739521385,2026-09-07
pika_gamy,65,Phase 2: HDD,1788739521405,2026-09-07
shadowladyex,65,Phase 2: HDD,1788739521416,2026-09-07
pika_gamy,90,Phase 3: CPU,1788739946302,2026-09-07
valase,90,Phase 3: CPU,1788739946303,2026-09-07
hopelessss_,90,Phase 3: CPU,1788739946309,2026-09-07
dahhel,90,Phase 3: CPU,1788739946310,2026-09-07
ikaliayev,90,Phase 3: CPU,1788739946313,2026-09-07
lmbs00,90,Phase 3: CPU,1788739946316,2026-09-07
pika_gamy,120,Phase 4: GPU,1788740532309,2026-09-07
lmbs00,120,Phase 4: GPU,1788740532316,2026-09-07
ikaliayev,120,Phase 4: GPU,1788740532330,2026-09-07
operacional_cae,120,Phase 4: GPU,1788740532334,2026-09-07
valase,120,Phase 4: GPU,1788740532338,2026-09-07
shadowladyex,120,Phase 4: GPU,1788740532339,2026-09-07
dahhel,120,Phase 4: GPU,1788740532341,2026-09-07
silent_luc,120,Phase 4: GPU,1788740532347,2026-09-07
snoopys030,120,Phase 4: GPU,1788740532377,2026-09-07
alyssrentori,120,Phase 4: GPU,1788740532383,2026-09-07
valase,100,proStar bonus: all 4 phases,1788740532771,2026-09-07
ikaliayev,100,proStar bonus: all 4 phases,1788740532773,2026-09-07
pika_gamy,100,proStar bonus: all 4 phases,1788740532781,2026-09-07
dahhel,100,proStar bonus: all 4 phases,1788740532792,2026-09-07
lmbs00,100,proStar bonus: all 4 phases,1788740532859,2026-09-07
shadowladyex,45,Phase 1: HDD,1788741558014,2026-09-07
ikaliayev,45,Phase 1: HDD,1788741558023,2026-09-07
valase,45,Phase 1: HDD,1788741558031,2026-09-07
lmbs00,45,Phase 1: HDD,1788741558033,2026-09-07
silent_luc,45,Phase 1: HDD,1788741558035,2026-09-07
pika_gamy,45,Phase 1: HDD,1788741558041,2026-09-07
avin_novor,45,Phase 1: HDD,1788741558060,2026-09-07
snoopys030,45,Phase 1: HDD,1788741558065,2026-09-07
dahhel,45,Phase 1: HDD,1788741558071,2026-09-07
dahhel,65,Phase 2: GPU,1788742374241,2026-09-07
ikaliayev,65,Phase 2: GPU,1788742374245,2026-09-07
snoopys030,65,Phase 2: GPU,1788742374247,2026-09-07
shadowladyex,65,Phase 2: GPU,1788742374252,2026-09-07
mori2323,65,Phase 2: GPU,1788742374256,2026-09-07
avin_novor,65,Phase 2: GPU,1788742374258,2026-09-07
valase,65,Phase 2: GPU,1788742374262,2026-09-07
pika_gamy,65,Phase 2: GPU,1788742374270,2026-09-07
xiaoxiao9313,65,Phase 2: GPU,1788742374273,2026-09-07
lmbs00,65,Phase 2: GPU,1788742374282,2026-09-07
madagascaradam,65,Phase 2: GPU,1788742374305,2026-09-07
hopelessss_,65,Phase 2: GPU,1788742374315,2026-09-07
valase,90,Phase 3: CPU,1788743211383,2026-09-07
player0451,90,Phase 3: CPU,1788743211385,2026-09-07
madagascaradam,90,Phase 3: CPU,1788743211386,2026-09-07
silent_luc,90,Phase 3: CPU,1788743211400,2026-09-07
xiaoxiao9313,90,Phase 3: CPU,1788743211402,2026-09-07
pika_gamy,90,Phase 3: CPU,1788743211404,2026-09-07
puphik,90,Phase 3: CPU,1788743211407,2026-09-07
hopelessss_,90,Phase 3: CPU,1788743211408,2026-09-07
mori2323,90,Phase 3: CPU,1788743211410,2026-09-07
ikaliayev,90,Phase 3: CPU,1788743211412,2026-09-07
snoopys030,90,Phase 3: CPU,1788743211413,2026-09-07
dahhel,90,Phase 3: CPU,1788743211416,2026-09-07
shadowladyex,90,Phase 3: CPU,1788743211418,2026-09-07
lmbs00,90,Phase 3: CPU,1788743211529,2026-09-07
lmbs00,120,Phase 4: RAM,1788743687273,2026-09-07
shadowladyex,120,Phase 4: RAM,1788743687283,2026-09-07
snoopys030,120,Phase 4: RAM,1788743687285,2026-09-07
xiaoxiao9313,120,Phase 4: RAM,1788743687290,2026-09-07
ikaliayev,120,Phase 4: RAM,1788743687293,2026-09-07
dahhel,120,Phase 4: RAM,1788743687295,2026-09-07
silent_luc,120,Phase 4: RAM,1788743687306,2026-09-07
valase,120,Phase 4: RAM,1788743687309,2026-09-07
mori2323,120,Phase 4: RAM,1788743687320,2026-09-07
pika_gamy,120,Phase 4: RAM,1788743687348,2026-09-07
shadowladyex,71,proStar bonus: all 4 phases,1788743687730,2026-09-07
dahhel,71,proStar bonus: all 4 phases,1788743687732,2026-09-07
lmbs00,71,proStar bonus: all 4 phases,1788743687735,2026-09-07
pika_gamy,71,proStar bonus: all 4 phases,1788743687740,2026-09-07
valase,71,proStar bonus: all 4 phases,1788743687748,2026-09-07
ikaliayev,71,proStar bonus: all 4 phases,1788743687751,2026-09-07
snoopys030,71,proStar bonus: all 4 phases,1788743687753,2026-09-07
mori2323,45,Phase 1: CPU,1788744774231,2026-09-07
ikaliayev,45,Phase 1: CPU,1788744774259,2026-09-07
shadowladyex,45,Phase 1: CPU,1788744774264,2026-09-07
lmbs00,45,Phase 1: CPU,1788744774269,2026-09-07
xiaoxiao9313,45,Phase 1: CPU,1788744774273,2026-09-07
pika_gamy,45,Phase 1: CPU,1788744774275,2026-09-07
silent_luc,45,Phase 1: CPU,1788744774277,2026-09-07
valase,45,Phase 1: CPU,1788744774287,2026-09-07
avin_novor,45,Phase 1: CPU,1788744774290,2026-09-07
dahhel,45,Phase 1: CPU,1788744774292,2026-09-07
snoopys030,45,Phase 1: CPU,1788744774301,2026-09-07
madagascaradam,65,Phase 2: HDD,1788745549912,2026-09-07
pika_gamy,65,Phase 2: HDD,1788745549921,2026-09-07
ikaliayev,65,Phase 2: HDD,1788745549928,2026-09-07
xiaoxiao9313,65,Phase 2: HDD,1788745549930,2026-09-07
mori2323,65,Phase 2: HDD,1788745549932,2026-09-07
dahhel,65,Phase 2: HDD,1788745549945,2026-09-07
thanossoul,65,Phase 2: HDD,1788745549966,2026-09-07
silent_luc,65,Phase 2: HDD,1788745549976,2026-09-07
shadowladyex,65,Phase 2: HDD,1788745549980,2026-09-07
valase,65,Phase 2: HDD,1788745549989,2026-09-07
lmbs00,65,Phase 2: HDD,1788745549999,2026-09-07
thanossoul,90,Phase 3: RAM,1788746058907,2026-09-07
pika_gamy,90,Phase 3: RAM,1788746058909,2026-09-07
shadowladyex,90,Phase 3: RAM,1788746058917,2026-09-07
madagascaradam,90,Phase 3: RAM,1788746058922,2026-09-07
lmbs00,90,Phase 3: RAM,1788746058923,2026-09-07
xiaoxiao9313,90,Phase 3: RAM,1788746058925,2026-09-07
valase,90,Phase 3: RAM,1788746058929,2026-09-07
dahhel,90,Phase 3: RAM,1788746058946,2026-09-07
mori2323,90,Phase 3: RAM,1788746058970,2026-09-07
lovegamesandthings00000,45,Phase 1: CPU,1788747621189,2026-09-07
shadowladyex,45,Phase 1: CPU,1788747621211,2026-09-07
dahhel,45,Phase 1: CPU,1788747621213,2026-09-07
silent_luc,45,Phase 1: CPU,1788747621223,2026-09-07
madagascaradam,45,Phase 1: CPU,1788747621225,2026-09-07
mori2323,45,Phase 1: CPU,1788747621226,2026-09-07
valase,45,Phase 1: CPU,1788747621231,2026-09-07
thanossoul,45,Phase 1: CPU,1788747621235,2026-09-07
ikaliayev,45,Phase 1: CPU,1788747621242,2026-09-07
xiaoxiao9313,45,Phase 1: CPU,1788747621246,2026-09-07
slay_da_b,45,Phase 1: CPU,1788747621262,2026-09-07
snoopys030,45,Phase 1: CPU,1788747621264,2026-09-07
shadowladyex,65,Phase 2: GPU,1788748172609,2026-09-07
silent_luc,65,Phase 2: GPU,1788748172615,2026-09-07
valase,65,Phase 2: GPU,1788748172618,2026-09-07
xiaoxiao9313,65,Phase 2: GPU,1788748172620,2026-09-07
thanossoul,65,Phase 2: GPU,1788748172624,2026-09-07
lmbs00,65,Phase 2: GPU,1788748172628,2026-09-07
snoopys030,65,Phase 2: GPU,1788748172645,2026-09-07
ikaliayev,65,Phase 2: GPU,1788748172694,2026-09-07
lmbs00,45,Phase 1: CPU,1788749583255,2026-09-07
snoopys030,45,Phase 1: CPU,1788749583302,2026-09-07
valase,45,Phase 1: CPU,1788749583307,2026-09-07
xiaoxiao9313,45,Phase 1: CPU,1788749583312,2026-09-07
slay_da_b,45,Phase 1: CPU,1788749583314,2026-09-07
shadowladyex,45,Phase 1: CPU,1788749583320,2026-09-07
avin_novor,45,Phase 1: CPU,1788749583325,2026-09-07
thanossoul,45,Phase 1: CPU,1788749583330,2026-09-07
ikaliayev,45,Phase 1: CPU,1788749583331,2026-09-07
thanossoul,65,Phase 2: GPU,1788750080257,2026-09-07
ikaliayev,65,Phase 2: GPU,1788750080267,2026-09-07
shadowladyex,65,Phase 2: GPU,1788750080279,2026-09-07
lmbs00,65,Phase 2: GPU,1788750080284,2026-09-07
xiaoxiao9313,65,Phase 2: GPU,1788750080292,2026-09-07
ikaliayev,90,Phase 3: RAM,1788750516204,2026-09-07
mori2323,90,Phase 3: RAM,1788750516211,2026-09-07
snoopys030,90,Phase 3: RAM,1788750516217,2026-09-07
thanossoul,90,Phase 3: RAM,1788750516220,2026-09-07
avin_novor,90,Phase 3: RAM,1788750516228,2026-09-07
shadowladyex,90,Phase 3: RAM,1788750516232,2026-09-07
player0451,90,Phase 3: RAM,1788750516242,2026-09-07
xiaoxiao9313,90,Phase 3: RAM,1788750516271,2026-09-07
shadowladyex,45,Phase 1: RAM,1788751670847,2026-09-07
xiaoxiao9313,45,Phase 1: RAM,1788751670856,2026-09-07
lmbs00,45,Phase 1: RAM,1788751670858,2026-09-07
ikaliayev,45,Phase 1: RAM,1788751670864,2026-09-07
mori2323,45,Phase 1: RAM,1788751670867,2026-09-07
ivanpetrov32,45,Phase 1: RAM,1788751670940,2026-09-07
mori2323,65,Phase 2: GPU,1788752290899,2026-09-07
avin_novor,65,Phase 2: GPU,1788752290908,2026-09-07
thanossoul,65,Phase 2: GPU,1788752290913,2026-09-07
xiaoxiao9313,65,Phase 2: GPU,1788752290914,2026-09-07
ikaliayev,65,Phase 2: GPU,1788752290918,2026-09-07
shadowladyex,65,Phase 2: GPU,1788752290957,2026-09-07
ivanpetrov32,65,Phase 2: GPU,1788752290966,2026-09-07
lmbs00,65,Phase 2: GPU,1788752290977,2026-09-07
shadowladyex,90,Phase 3: HDD,1788752715792,2026-09-07
thanossoul,90,Phase 3: HDD,1788752715803,2026-09-07
ivanpetrov32,90,Phase 3: HDD,1788752715805,2026-09-07
xiaoxiao9313,90,Phase 3: HDD,1788752715807,2026-09-07
snoopys030,90,Phase 3: HDD,1788752715811,2026-09-07
ikaliayev,90,Phase 3: HDD,1788752715824,2026-09-07
lmbs00,90,Phase 3: HDD,1788752715831,2026-09-07
mori2323,90,Phase 3: HDD,1788752715835,2026-09-07
mori2323,45,Phase 1: RAM,1788754093633,2026-09-07
lmbs00,45,Phase 1: RAM,1788754093640,2026-09-07
shadowladyex,45,Phase 1: RAM,1788754093647,2026-09-07
ikaliayev,45,Phase 1: RAM,1788754093651,2026-09-07
madagascaradam,45,Phase 1: RAM,1788754093658,2026-09-07
xiaoxiao9313,45,Phase 1: RAM,1788754093660,2026-09-07
ivanpetrov32,45,Phase 1: RAM,1788754093674,2026-09-07
snoopys030,45,Phase 1: RAM,1788754093701,2026-09-07
lmbs00,65,Phase 2: CPU,1788754936593,2026-09-07
xiaoxiao9313,65,Phase 2: CPU,1788754936595,2026-09-07
shadowladyex,65,Phase 2: CPU,1788754936599,2026-09-07
madagascaradam,65,Phase 2: CPU,1788754936600,2026-09-07
snoopys030,65,Phase 2: CPU,1788754936607,2026-09-07
llucholba,65,Phase 2: CPU,1788754936609,2026-09-07
hopelessss_,65,Phase 2: CPU,1788754936618,2026-09-07
alburldador,65,Phase 2: CPU,1788754936624,2026-09-07
ivanpetrov32,65,Phase 2: CPU,1788754936647,2026-09-07
ikaliayev,65,Phase 2: CPU,1788754936660,2026-09-07
mori2323,65,Phase 2: CPU,1788754936684,2026-09-07
mori2323,90,Phase 3: HDD,1788755492630,2026-09-07
xiaoxiao9313,90,Phase 3: HDD,1788755492636,2026-09-07
lmbs00,90,Phase 3: HDD,1788755492638,2026-09-07
alburldador,90,Phase 3: HDD,1788755492644,2026-09-07
snoopys030,90,Phase 3: HDD,1788755492654,2026-09-07
shadowladyex,90,Phase 3: HDD,1788755492675,2026-09-07
ikaliayev,90,Phase 3: HDD,1788755492678,2026-09-07
ikaliayev,45,Phase 1: GPU,1788756786235,2026-09-07
snoopys030,45,Phase 1: GPU,1788756786242,2026-09-07
lmbs00,45,Phase 1: GPU,1788756786256,2026-09-07
alburldador,45,Phase 1: GPU,1788756786260,2026-09-07
ivanpetrov32,45,Phase 1: GPU,1788756786262,2026-09-07
shadowladyex,45,Phase 1: GPU,1788756786270,2026-09-07
mori2323,45,Phase 1: GPU,1788756786276,2026-09-07
alfims,65,Phase 2: CPU,1788757582291,2026-09-07
ivanpetrov32,65,Phase 2: CPU,1788757582293,2026-09-07
mori2323,65,Phase 2: CPU,1788757582298,2026-09-07
player0451,65,Phase 2: CPU,1788757582301,2026-09-07
snoopys030,65,Phase 2: CPU,1788757582312,2026-09-07
shadowladyex,65,Phase 2: CPU,1788757582313,2026-09-07
lmbs00,65,Phase 2: CPU,1788757582317,2026-09-07
slay_da_b,65,Phase 2: CPU,1788757582324,2026-09-07
ikaliayev,65,Phase 2: CPU,1788757582326,2026-09-07
alburldador,65,Phase 2: CPU,1788757582327,2026-09-07
darkranx,65,Phase 2: CPU,1788757582329,2026-09-07
snoopys030,90,Phase 3: HDD,1788758091260,2026-09-07
ikaliayev,90,Phase 3: HDD,1788758091271,2026-09-07
mori2323,90,Phase 3: HDD,1788758091276,2026-09-07
shadowladyex,90,Phase 3: HDD,1788758091282,2026-09-07
slay_da_b,90,Phase 3: HDD,1788758091284,2026-09-07
darkranx,90,Phase 3: HDD,1788758091303,2026-09-07
lmbs00,90,Phase 3: HDD,1788758091323,2026-09-07
alburldador,45,Phase 1: RAM,1788759656977,2026-09-07
shadowladyex,45,Phase 1: RAM,1788759656996,2026-09-07
snoopys030,45,Phase 1: RAM,1788759657004,2026-09-07
mori2323,45,Phase 1: RAM,1788759657008,2026-09-07
lmbs00,45,Phase 1: RAM,1788759657011,2026-09-07
slay_da_b,45,Phase 1: RAM,1788759657014,2026-09-07
ivanpetrov32,45,Phase 1: RAM,1788759657016,2026-09-07
hopelessss_,45,Phase 1: RAM,1788759657061,2026-09-07
alfims,45,Phase 1: RAM,1788759657066,2026-09-07
xiaoxiao9313,45,Phase 1: RAM,1788759657087,2026-09-07
calypso_ba,45,Phase 1: RAM,1788759657116,2026-09-07
ikaliayev,45,Phase 1: RAM,1788759657129,2026-09-07
xiaoxiao9313,65,Phase 2: GPU,1788760371930,2026-09-07
alburldador,65,Phase 2: GPU,1788760371933,2026-09-07
snoopys030,65,Phase 2: GPU,1788760371944,2026-09-07
ikaliayev,65,Phase 2: GPU,1788760371948,2026-09-07
ivanpetrov32,65,Phase 2: GPU,1788760371950,2026-09-07
mori2323,65,Phase 2: GPU,1788760371952,2026-09-07
ragnar175,65,Phase 2: GPU,1788760371956,2026-09-07
madagascaradam,65,Phase 2: GPU,1788760371962,2026-09-07
shadowladyex,65,Phase 2: GPU,1788760371969,2026-09-07
hopelessss_,65,Phase 2: GPU,1788760371972,2026-09-07
lmbs00,65,Phase 2: GPU,1788760371998,2026-09-07
slay_da_b,90,Phase 3: CPU,1788760949917,2026-09-07
ivanpetrov32,90,Phase 3: CPU,1788760949923,2026-09-07
xiaoxiao9313,90,Phase 3: CPU,1788760949926,2026-09-07
hopelessss_,90,Phase 3: CPU,1788760949930,2026-09-07
madagascaradam,90,Phase 3: CPU,1788760949931,2026-09-07
ragnar175,90,Phase 3: CPU,1788760949933,2026-09-07
ikaliayev,90,Phase 3: CPU,1788760949934,2026-09-07
mori2323,90,Phase 3: CPU,1788760949951,2026-09-07
lmbs00,90,Phase 3: CPU,1788760949985,2026-09-07
shadowladyex,90,Phase 3: CPU,1788760950004,2026-09-07
xiaoxiao9313,45,Phase 1: HDD,1788762005797,2026-09-07
ikaliayev,45,Phase 1: HDD,1788762005814,2026-09-07
lmbs00,45,Phase 1: HDD,1788762005827,2026-09-07
mori2323,45,Phase 1: HDD,1788762005842,2026-09-07
mori2323,65,Phase 2: CPU,1788762460808,2026-09-07
xiaoxiao9313,65,Phase 2: CPU,1788762460816,2026-09-07
snoopys030,65,Phase 2: CPU,1788762460829,2026-09-07
lmbs00,65,Phase 2: CPU,1788762460834,2026-09-07
ragnar175,65,Phase 2: CPU,1788762460847,2026-09-07
ikaliayev,65,Phase 2: CPU,1788762460853,2026-09-07
snoopys030,45,Phase 1: HDD,1788763792430,2026-09-07
lmbs00,45,Phase 1: HDD,1788763792447,2026-09-07
xiaoxiao9313,45,Phase 1: HDD,1788763792453,2026-09-07
mori2323,45,Phase 1: HDD,1788763792459,2026-09-07
ikaliayev,45,Phase 1: HDD,1788763792463,2026-09-07
madagascaradam,45,Phase 1: HDD,1788763792472,2026-09-07
shadowladyex,45,Phase 1: HDD,1788763792480,2026-09-07
alfims,45,Phase 1: HDD,1788763792497,2026-09-07
darkranx,45,Phase 1: HDD,1788763792501,2026-09-07
xiaoxiao9313,65,Phase 2: CPU,1788764295422,2026-09-07
mori2323,65,Phase 2: CPU,1788764295426,2026-09-07
ikaliayev,65,Phase 2: CPU,1788764295430,2026-09-07
lmbs00,65,Phase 2: CPU,1788764295456,2026-09-07
snoopys030,65,Phase 2: CPU,1788764295476,2026-09-07
shadowladyex,65,Phase 2: CPU,1788764295496,2026-09-07
whitepai,45,Phase 1: HDD,1788765661320,2026-09-07
alfims,45,Phase 1: HDD,1788765661329,2026-09-07
pika_gamy,45,Phase 1: HDD,1788765661342,2026-09-07
xiaoxiao9313,45,Phase 1: HDD,1788765661347,2026-09-07
hopelessss_,45,Phase 1: HDD,1788765661351,2026-09-07
ikaliayev,45,Phase 1: HDD,1788765661356,2026-09-07
avin_novor,45,Phase 1: HDD,1788765661358,2026-09-07
snoopys030,45,Phase 1: HDD,1788765661363,2026-09-07
lmbs00,45,Phase 1: HDD,1788765661367,2026-09-07
mori2323,45,Phase 1: HDD,1788765661405,2026-09-07
yurigiu,65,Phase 2: RAM,1788766436156,2026-09-07
hopelessss_,65,Phase 2: RAM,1788766436173,2026-09-07
lmbs00,65,Phase 2: RAM,1788766436188,2026-09-07
alfims,65,Phase 2: RAM,1788766436208,2026-09-07
darkranx,65,Phase 2: RAM,1788766436224,2026-09-07
snoopys030,65,Phase 2: RAM,1788766436231,2026-09-07
xiaoxiao9313,65,Phase 2: RAM,1788766436234,2026-09-07
pika_gamy,65,Phase 2: RAM,1788766436238,2026-09-07
ikaliayev,65,Phase 2: RAM,1788766436240,2026-09-07
whitepai,65,Phase 2: RAM,1788766436244,2026-09-07
mori2323,65,Phase 2: RAM,1788766436245,2026-09-07
hopelessss_,45,Phase 1: HDD,1788767770713,2026-09-07
mori2323,45,Phase 1: HDD,1788767770715,2026-09-07
ikaliayev,45,Phase 1: HDD,1788767770716,2026-09-07
whitepai,45,Phase 1: HDD,1788767770723,2026-09-07
xiaoxiao9313,45,Phase 1: HDD,1788767770726,2026-09-07
avin_novor,45,Phase 1: HDD,1788767770735,2026-09-07
valase,45,Phase 1: HDD,1788767770738,2026-09-07
pika_gamy,45,Phase 1: HDD,1788767770743,2026-09-07
hopelessss_,65,Phase 2: RAM,1788768452629,2026-09-07
xiaoxiao9313,65,Phase 2: RAM,1788768452634,2026-09-07
thanossoul,65,Phase 2: RAM,1788768452640,2026-09-07
mori2323,65,Phase 2: RAM,1788768452644,2026-09-07
slay_da_b,65,Phase 2: RAM,1788768452646,2026-09-07
ikaliayev,65,Phase 2: RAM,1788768452648,2026-09-07
snoopys030,65,Phase 2: RAM,1788768452651,2026-09-07
pika_gamy,65,Phase 2: RAM,1788768452657,2026-09-07
avin_novor,65,Phase 2: RAM,1788768452697,2026-09-07
hopelessss_,45,Phase 1: RAM,1788769566285,2026-09-07
alfims,45,Phase 1: RAM,1788769566291,2026-09-07
xiaoxiao9313,45,Phase 1: RAM,1788769566302,2026-09-07
mori2323,45,Phase 1: RAM,1788769566308,2026-09-07
ikaliayev,45,Phase 1: RAM,1788769566338,2026-09-07
whitepai,65,Phase 2: HDD,1788769980228,2026-09-07
snoopys030,65,Phase 2: HDD,1788769980231,2026-09-07
hopelessss_,65,Phase 2: HDD,1788769980240,2026-09-07
xiaoxiao9313,65,Phase 2: HDD,1788769980277,2026-09-07
mori2323,65,Phase 2: HDD,1788769980351,2026-09-07
ikaliayev,65,Phase 2: HDD,1788769980374,2026-09-07
snoopys030,45,Phase 1: RAM,1788771226760,2026-09-07
ivanpetrov32,45,Phase 1: RAM,1788771226764,2026-09-07
thanossoul,45,Phase 1: RAM,1788771226765,2026-09-07
whitepai,45,Phase 1: RAM,1788771226769,2026-09-07
mori2323,45,Phase 1: RAM,1788771226772,2026-09-07
xiaoxiao9313,45,Phase 1: RAM,1788771226831,2026-09-07
ikaliayev,45,Phase 1: RAM,1788771226855,2026-09-07
thanossoul,65,Phase 2: CPU,1788771681791,2026-09-07
xiaoxiao9313,65,Phase 2: CPU,1788771681794,2026-09-07
ivanpetrov32,65,Phase 2: CPU,1788771681798,2026-09-07
shadowladyex,65,Phase 2: CPU,1788771681820,2026-09-07
snoopys030,65,Phase 2: CPU,1788771681828,2026-09-07
pika_gamy,65,Phase 2: CPU,1788771681838,2026-09-07
ikaliayev,45,Phase 1: GPU,1788773033502,2026-09-07
thanossoul,45,Phase 1: GPU,1788773033508,2026-09-07
xiaoxiao9313,45,Phase 1: GPU,1788773033509,2026-09-07
snoopys030,45,Phase 1: GPU,1788773033512,2026-09-07
alfims,45,Phase 1: GPU,1788773033513,2026-09-07
mori2323,45,Phase 1: GPU,1788773033517,2026-09-07
pika_gamy,45,Phase 1: GPU,1788773033518,2026-09-07
shadowladyex,45,Phase 1: GPU,1788773033520,2026-09-07
ivanpetrov32,65,Phase 2: HDD,1788773808632,2026-09-07
puphik,65,Phase 2: HDD,1788773808634,2026-09-07
xiaoxiao9313,65,Phase 2: HDD,1788773808639,2026-09-07
pika_gamy,65,Phase 2: HDD,1788773808641,2026-09-07
snoopys030,65,Phase 2: HDD,1788773808642,2026-09-07
mori2323,65,Phase 2: HDD,1788773808646,2026-09-07
ikaliayev,65,Phase 2: HDD,1788773808649,2026-09-07
slay_da_b,65,Phase 2: HDD,1788773808651,2026-09-07
llucholba,65,Phase 2: HDD,1788773808729,2026-09-07
shadowladyex,65,Phase 2: HDD,1788773808731,2026-09-07
ivanpetrov32,90,Phase 3: RAM,1788774261490,2026-09-07
xiaoxiao9313,90,Phase 3: RAM,1788774261509,2026-09-07
shadowladyex,90,Phase 3: RAM,1788774261512,2026-09-07
darkranx,90,Phase 3: RAM,1788774261514,2026-09-07
puphik,90,Phase 3: RAM,1788774261524,2026-09-07
mori2323,90,Phase 3: RAM,1788774261529,2026-09-07
pika_gamy,90,Phase 3: RAM,1788774261531,2026-09-07
thanossoul,90,Phase 3: RAM,1788774261594,2026-09-07
ikaliayev,45,Phase 1: GPU,1788775573432,2026-09-07
alfims,45,Phase 1: GPU,1788775573437,2026-09-07
pika_gamy,45,Phase 1: GPU,1788775573442,2026-09-07
thanossoul,45,Phase 1: GPU,1788775573444,2026-09-07
slay_da_b,45,Phase 1: GPU,1788775573449,2026-09-07
xiaoxiao9313,45,Phase 1: GPU,1788775573454,2026-09-07
mori2323,45,Phase 1: GPU,1788775573458,2026-09-07
shadowladyex,45,Phase 1: GPU,1788775573479,2026-09-07
ivanpetrov32,45,Phase 1: GPU,1788775573483,2026-09-07
snoopys030,65,Phase 2: RAM,1788776225416,2026-09-07
whitepai,65,Phase 2: RAM,1788776225425,2026-09-07
mori2323,65,Phase 2: RAM,1788776225426,2026-09-07
ikaliayev,65,Phase 2: RAM,1788776225432,2026-09-07
xiaoxiao9313,65,Phase 2: RAM,1788776225437,2026-09-07
puphik,65,Phase 2: RAM,1788776225441,2026-09-07
pika_gamy,65,Phase 2: RAM,1788776225468,2026-09-07
silent_luc,65,Phase 2: RAM,1788776225480,2026-09-07
shadowladyex,65,Phase 2: RAM,1788776225495,2026-09-07
snoopys030,45,Phase 1: CPU,1788777728028,2026-09-07
xiaoxiao9313,45,Phase 1: CPU,1788777728048,2026-09-07
whitepai,45,Phase 1: CPU,1788777728050,2026-09-07
lovegamesandthings00000,45,Phase 1: CPU,1788777728057,2026-09-07
ivanpetrov32,45,Phase 1: CPU,1788777728059,2026-09-07
hopelessss_,45,Phase 1: CPU,1788777728063,2026-09-07
pika_gamy,45,Phase 1: CPU,1788777728077,2026-09-07
mori2323,45,Phase 1: CPU,1788777728083,2026-09-07
silent_luc,45,Phase 1: CPU,1788777728111,2026-09-07
ikaliayev,45,Phase 1: CPU,1788777728113,2026-09-07
yurigiu,45,Phase 1: CPU,1788777728133,2026-09-07
xiaoxiao9313,65,Phase 2: RAM,1788778539709,2026-09-07
hopelessss_,65,Phase 2: RAM,1788778539722,2026-09-07
alphonsoe,65,Phase 2: RAM,1788778539724,2026-09-07
whitepai,65,Phase 2: RAM,1788778539726,2026-09-07
mori2323,65,Phase 2: RAM,1788778539735,2026-09-07
pika_gamy,65,Phase 2: RAM,1788778539737,2026-09-07
lovegamesandthings00000,65,Phase 2: RAM,1788778539740,2026-09-07
slay_da_b,65,Phase 2: RAM,1788778539741,2026-09-07
thanossoul,65,Phase 2: RAM,1788778539744,2026-09-07
ikaliayev,65,Phase 2: RAM,1788778539746,2026-09-07
shadowladyex,65,Phase 2: RAM,1788778539754,2026-09-07
ivanpetrov32,45,Phase 1: RAM,1788779963015,2026-09-07
silent_luc,45,Phase 1: RAM,1788779963028,2026-09-07
snoopys030,45,Phase 1: RAM,1788779963030,2026-09-07
hopelessss_,45,Phase 1: RAM,1788779963034,2026-09-07
pika_gamy,45,Phase 1: RAM,1788779963036,2026-09-07
lovegamesandthings00000,45,Phase 1: RAM,1788779963040,2026-09-07
mori2323,45,Phase 1: RAM,1788779963045,2026-09-07
shadowladyex,45,Phase 1: RAM,1788779963048,2026-09-07
xiaoxiao9313,45,Phase 1: RAM,1788779963053,2026-09-07
alphonsoe,45,Phase 1: RAM,1788779963056,2026-09-07
whitepai,45,Phase 1: RAM,1788779963068,2026-09-07
shadowladyex,65,Phase 2: HDD,1788780592762,2026-09-07
mori2323,65,Phase 2: HDD,1788780592766,2026-09-07
ivanpetrov32,65,Phase 2: HDD,1788780592769,2026-09-07
silent_luc,65,Phase 2: HDD,1788780592773,2026-09-07
xiaoxiao9313,65,Phase 2: HDD,1788780592776,2026-09-07
hopelessss_,65,Phase 2: HDD,1788780592786,2026-09-07
alphonsoe,65,Phase 2: HDD,1788780592801,2026-09-07
lovegamesandthings00000,65,Phase 2: HDD,1788780592805,2026-09-07
snoopys030,65,Phase 2: HDD,1788780592809,2026-09-07
xiaoxiao9313,45,Phase 1: GPU,1788781826424,2026-09-07
snoopys030,45,Phase 1: GPU,1788781826427,2026-09-07
mori2323,45,Phase 1: GPU,1788781826430,2026-09-07
ivanpetrov32,45,Phase 1: GPU,1788781826441,2026-09-07
alphonsoe,45,Phase 1: GPU,1788781826442,2026-09-07
silent_luc,45,Phase 1: GPU,1788781826539,2026-09-07
alphonsoe,65,Phase 2: HDD,1788782351426,2026-09-07
pika_gamy,65,Phase 2: HDD,1788782351431,2026-09-07
mori2323,65,Phase 2: HDD,1788782351434,2026-09-07
xiaoxiao9313,65,Phase 2: HDD,1788782351435,2026-09-07
whitepai,65,Phase 2: HDD,1788782351438,2026-09-07
snoopys030,65,Phase 2: HDD,1788782351441,2026-09-07
hopelessss_,65,Phase 2: HDD,1788782351445,2026-09-07
ivanpetrov32,65,Phase 2: HDD,1788782351447,2026-09-07
pika_gamy,45,Phase 1: GPU,1788783576172,2026-09-07
mori2323,45,Phase 1: GPU,1788783576179,2026-09-07
shadowladyex,45,Phase 1: GPU,1788783576192,2026-09-07
alphonsoe,45,Phase 1: GPU,1788783576196,2026-09-07
hopelessss_,45,Phase 1: GPU,1788783576201,2026-09-07
xiaoxiao9313,45,Phase 1: GPU,1788783576398,2026-09-07
silent_luc,65,Phase 2: CPU,1788784469142,2026-09-07
ivanpetrov32,65,Phase 2: CPU,1788784469145,2026-09-07
alfims,65,Phase 2: CPU,1788784469152,2026-09-07
cerebralx1,65,Phase 2: CPU,1788784469155,2026-09-07
xiaoxiao9313,65,Phase 2: CPU,1788784469159,2026-09-07
thanossoul,65,Phase 2: CPU,1788784469163,2026-09-07
mori2323,65,Phase 2: CPU,1788784469167,2026-09-07
snoopys030,65,Phase 2: CPU,1788784469176,2026-09-07
pika_gamy,65,Phase 2: CPU,1788784469202,2026-09-07
shadowladyex,65,Phase 2: CPU,1788784469210,2026-09-07
alphonsoe,65,Phase 2: CPU,1788784469213,2026-09-07
hopelessss_,65,Phase 2: CPU,1788784469244,2026-09-07
pika_gamy,45,Phase 1: CPU,1788785504700,2026-09-07
silent_luc,45,Phase 1: CPU,1788785504717,2026-09-07
shadowladyex,45,Phase 1: CPU,1788785504722,2026-09-07
alphonsoe,45,Phase 1: CPU,1788785504726,2026-09-07
hopelessss_,65,Phase 2: HDD,1788785955728,2026-09-07
shadowladyex,65,Phase 2: HDD,1788785955748,2026-09-07
snoopys030,65,Phase 2: HDD,1788785955764,2026-09-07
cerebralx1,65,Phase 2: HDD,1788785955769,2026-09-07
xiaoxiao9313,65,Phase 2: HDD,1788785955775,2026-09-07
alphonsoe,90,Phase 3: RAM,1788786539740,2026-09-07
silent_luc,90,Phase 3: RAM,1788786539749,2026-09-07
snoopys030,90,Phase 3: RAM,1788786539754,2026-09-07
yurigiu,90,Phase 3: RAM,1788786539761,2026-09-07
operacional_cae,90,Phase 3: RAM,1788786539770,2026-09-07
cerebralx1,90,Phase 3: RAM,1788786539772,2026-09-07
xiaoxiao9313,90,Phase 3: RAM,1788786539775,2026-09-07
mori2323,90,Phase 3: RAM,1788786539779,2026-09-07
shadowladyex,90,Phase 3: RAM,1788786539780,2026-09-07
alexwifi42,90,Phase 3: RAM,1788786539971,2026-09-07
cerebralx1,45,Phase 1: HDD,1788787611381,2026-09-07
shadowladyex,45,Phase 1: HDD,1788787611399,2026-09-07
thanossoul,45,Phase 1: HDD,1788787611419,2026-09-07
mori2323,45,Phase 1: HDD,1788787611433,2026-09-07
operacional_cae,65,Phase 2: GPU,1788788155375,2026-09-07
mori2323,65,Phase 2: GPU,1788788155386,2026-09-07
snoopys030,65,Phase 2: GPU,1788788155387,2026-09-07
ivanpetrov32,65,Phase 2: GPU,1788788155390,2026-09-07
cerebralx1,65,Phase 2: GPU,1788788155395,2026-09-07
hopelessss_,65,Phase 2: GPU,1788788155400,2026-09-07
shadowladyex,65,Phase 2: GPU,1788788155402,2026-09-07
alexwifi42,90,Phase 3: CPU,1788788633336,2026-09-07
lovegamesandthings00000,90,Phase 3: CPU,1788788633340,2026-09-07
xiaoxiao9313,90,Phase 3: CPU,1788788633342,2026-09-07
snoopys030,90,Phase 3: CPU,1788788633346,2026-09-07
hopelessss_,90,Phase 3: CPU,1788788633358,2026-09-07
shadowladyex,90,Phase 3: CPU,1788788633359,2026-09-07
cerebralx1,90,Phase 3: CPU,1788788633366,2026-09-07
thanossoul,90,Phase 3: CPU,1788788633370,2026-09-07
alphonsoe,90,Phase 3: CPU,1788788633389,2026-09-07
mori2323,90,Phase 3: CPU,1788788633393,2026-09-07
lovegamesandthings00000,45,Phase 1: CPU,1788789921070,2026-09-07
mori2323,45,Phase 1: CPU,1788789921073,2026-09-07
alphonsoe,45,Phase 1: CPU,1788789921076,2026-09-07
shadowladyex,45,Phase 1: CPU,1788789921089,2026-09-07
xiaoxiao9313,45,Phase 1: CPU,1788789921131,2026-09-07
hopelessss_,45,Phase 1: CPU,1788789921170,2026-09-07
snoopys030,45,Phase 1: CPU,1788789921175,2026-09-07
silent_luc,65,Phase 2: RAM,1788790553063,2026-09-07
alphonsoe,65,Phase 2: RAM,1788790553065,2026-09-07
hopelessss_,65,Phase 2: RAM,1788790553082,2026-09-07
mori2323,65,Phase 2: RAM,1788790553085,2026-09-07
thanossoul,65,Phase 2: RAM,1788790553104,2026-09-07
snoopys030,65,Phase 2: RAM,1788790553108,2026-09-07
shadowladyex,65,Phase 2: RAM,1788790553112,2026-09-07
xiaoxiao9313,65,Phase 2: RAM,1788790553117,2026-09-07
silent_luc,45,Phase 1: HDD,1788791757714,2026-09-07
shadowladyex,45,Phase 1: HDD,1788791757736,2026-09-07
mori2323,45,Phase 1: HDD,1788791757739,2026-09-07
valase,45,Phase 1: HDD,1788791757742,2026-09-07
xiaoxiao9313,45,Phase 1: HDD,1788791757749,2026-09-07
alphonsoe,45,Phase 1: HDD,1788791757751,2026-09-07
alphonsoe,65,Phase 2: GPU,1788792483719,2026-09-07
xiaoxiao9313,65,Phase 2: GPU,1788792483725,2026-09-07
shadowladyex,65,Phase 2: GPU,1788792483728,2026-09-07
hopelessss_,65,Phase 2: GPU,1788792483729,2026-09-07
alfims,65,Phase 2: GPU,1788792483734,2026-09-07
mori2323,65,Phase 2: GPU,1788792483748,2026-09-07
pika_gamy,65,Phase 2: GPU,1788792483751,2026-09-07
silent_luc,65,Phase 2: GPU,1788792483757,2026-09-07
valase,65,Phase 2: GPU,1788792483762,2026-09-07
thanossoul,65,Phase 2: GPU,1788792483767,2026-09-07
hopelessss_,90,Phase 3: CPU,1788793075624,2026-09-07
xiaoxiao9313,90,Phase 3: CPU,1788793075635,2026-09-07
lmbs00,90,Phase 3: CPU,1788793075637,2026-09-07
operacional_cae,90,Phase 3: CPU,1788793075641,2026-09-07
valase,90,Phase 3: CPU,1788793075645,2026-09-07
shadowladyex,90,Phase 3: CPU,1788793075647,2026-09-07
madagascaradam,90,Phase 3: CPU,1788793075658,2026-09-07
thanossoul,90,Phase 3: CPU,1788793075660,2026-09-07
mori2323,90,Phase 3: CPU,1788793075661,2026-09-07
alphonsoe,90,Phase 3: CPU,1788793075665,2026-09-07
pika_gamy,90,Phase 3: CPU,1788793075667,2026-09-07
silent_luc,45,Phase 1: GPU,1788794519903,2026-09-07
xiaoxiao9313,45,Phase 1: GPU,1788794519921,2026-09-07
shadowladyex,45,Phase 1: GPU,1788794519928,2026-09-07
puphik,45,Phase 1: GPU,1788794519930,2026-09-07
hopelessss_,45,Phase 1: GPU,1788794519935,2026-09-07
mori2323,45,Phase 1: GPU,1788794519939,2026-09-07
dahhel,45,Phase 1: GPU,1788794519953,2026-09-07
madagascaradam,45,Phase 1: GPU,1788794520666,2026-09-07
lmbs00,45,Phase 1: GPU,1788794520673,2026-09-07
valase,45,Phase 1: GPU,1788794520698,2026-09-07
pika_gamy,45,Phase 1: GPU,1788794520890,2026-09-07
mori2323,65,Phase 2: CPU,1788795044386,2026-09-07
silent_luc,65,Phase 2: CPU,1788795044399,2026-09-07
alphonsoe,65,Phase 2: CPU,1788795044401,2026-09-07
dahhel,65,Phase 2: CPU,1788795044419,2026-09-07
pika_gamy,65,Phase 2: CPU,1788795044457,2026-09-07
valase,65,Phase 2: CPU,1788795044467,2026-09-07
hopelessss_,65,Phase 2: CPU,1788795044473,2026-09-07
xiaoxiao9313,65,Phase 2: CPU,1788795044507,2026-09-07
xiaoxiao9313,45,Phase 1: CPU,1788796655176,2026-09-07
hopelessss_,45,Phase 1: CPU,1788796655188,2026-09-07
lovegamesandthings00000,45,Phase 1: CPU,1788796655190,2026-09-07
alburldador,45,Phase 1: CPU,1788796655197,2026-09-07
silent_luc,45,Phase 1: CPU,1788796655199,2026-09-07
lmbs00,45,Phase 1: CPU,1788796655201,2026-09-07
ivanpetrov32,45,Phase 1: CPU,1788796655210,2026-09-07
player0451,45,Phase 1: CPU,1788796655212,2026-09-07
ikaliayev,45,Phase 1: CPU,1788796655216,2026-09-07
dahhel,45,Phase 1: CPU,1788796655218,2026-09-07
valase,45,Phase 1: CPU,1788796655220,2026-09-07
mori2323,45,Phase 1: CPU,1788796655248,2026-09-07
pika_gamy,45,Phase 1: CPU,1788796655314,2026-09-07
lovegamesandthings00000,65,Phase 2: HDD,1788797464204,2026-09-07
xiaoxiao9313,65,Phase 2: HDD,1788797464211,2026-09-07
cerebralx1,65,Phase 2: HDD,1788797464227,2026-09-07
pika_gamy,65,Phase 2: HDD,1788797464230,2026-09-07
dahhel,65,Phase 2: HDD,1788797464232,2026-09-07
valase,65,Phase 2: HDD,1788797464237,2026-09-07
alburldador,65,Phase 2: HDD,1788797464240,2026-09-07
silent_luc,65,Phase 2: HDD,1788797464259,2026-09-07
ikaliayev,65,Phase 2: HDD,1788797464262,2026-09-07
lmbs00,65,Phase 2: HDD,1788797464269,2026-09-07
hopelessss_,65,Phase 2: HDD,1788797464270,2026-09-07
dahhel,90,Phase 3: RAM,1788797870187,2026-09-07
hopelessss_,90,Phase 3: RAM,1788797870189,2026-09-07
valase,90,Phase 3: RAM,1788797870203,2026-09-07
player0451,90,Phase 3: RAM,1788797870207,2026-09-07
ikaliayev,90,Phase 3: RAM,1788797870214,2026-09-07
thanossoul,90,Phase 3: RAM,1788797870246,2026-09-07
lmbs00,90,Phase 3: RAM,1788797870267,2026-09-07
pika_gamy,90,Phase 3: RAM,1788797870278,2026-09-07
xiaoxiao9313,90,Phase 3: RAM,1788797870282,2026-09-07
silent_luc,45,Phase 1: GPU,1788799303095,2026-09-07
xiaoxiao9313,45,Phase 1: GPU,1788799303108,2026-09-07
lmbs00,45,Phase 1: GPU,1788799303125,2026-09-07
hopelessss_,45,Phase 1: GPU,1788799303127,2026-09-07
madagascaradam,45,Phase 1: GPU,1788799303131,2026-09-07
ivanpetrov32,45,Phase 1: GPU,1788799303138,2026-09-07
alburldador,45,Phase 1: GPU,1788799303149,2026-09-07
ikaliayev,45,Phase 1: GPU,1788799303155,2026-09-07
valase,45,Phase 1: GPU,1788799303244,2026-09-07
dahhel,45,Phase 1: GPU,1788799303247,2026-09-07
madagascaradam,65,Phase 2: RAM,1788800065997,2026-09-07
lmbs00,65,Phase 2: RAM,1788800066001,2026-09-07
hopelessss_,65,Phase 2: RAM,1788800066013,2026-09-07
ivanpetrov32,65,Phase 2: RAM,1788800066033,2026-09-07
pika_gamy,65,Phase 2: RAM,1788800066042,2026-09-07
valase,65,Phase 2: RAM,1788800066051,2026-09-07
ikaliayev,65,Phase 2: RAM,1788800066057,2026-09-07
xiaoxiao9313,65,Phase 2: RAM,1788800066058,2026-09-07
alexwifi42,65,Phase 2: RAM,1788800066060,2026-09-07
alburldador,65,Phase 2: RAM,1788800066063,2026-09-07
thanossoul,65,Phase 2: RAM,1788800066071,2026-09-07
dahhel,65,Phase 2: RAM,1788800066110,2026-09-07
ikaliayev,45,Phase 1: CPU,1788801580302,2026-09-07
alexwifi42,45,Phase 1: CPU,1788801580320,2026-09-07
slay_da_b,45,Phase 1: CPU,1788801580323,2026-09-07
xiaoxiao9313,45,Phase 1: CPU,1788801580325,2026-09-07
alburldador,45,Phase 1: CPU,1788801580329,2026-09-07
thanossoul,45,Phase 1: CPU,1788801580336,2026-09-07
dahhel,45,Phase 1: CPU,1788801580339,2026-09-07
lmbs00,45,Phase 1: CPU,1788801580341,2026-09-07
madagascaradam,45,Phase 1: CPU,1788801580343,2026-09-07
calypso_ba,45,Phase 1: CPU,1788801580350,2026-09-07
pika_gamy,45,Phase 1: CPU,1788801580352,2026-09-07
alfims,45,Phase 1: CPU,1788801580353,2026-09-07
alburldador,65,Phase 2: RAM,1788802195679,2026-09-07
madagascaradam,65,Phase 2: RAM,1788802195683,2026-09-07
alexwifi42,65,Phase 2: RAM,1788802195686,2026-09-07
lmbs00,65,Phase 2: RAM,1788802195688,2026-09-07
dahhel,65,Phase 2: RAM,1788802195692,2026-09-07
ikaliayev,65,Phase 2: RAM,1788802195698,2026-09-07
pika_gamy,65,Phase 2: RAM,1788802195708,2026-09-07
player0451,65,Phase 2: RAM,1788802195713,2026-09-07
xiaoxiao9313,65,Phase 2: RAM,1788802195741,2026-09-07
ikaliayev,45,Phase 1: GPU,1788803483368,2026-09-07
lmbs00,45,Phase 1: GPU,1788803483372,2026-09-07
xiaoxiao9313,45,Phase 1: GPU,1788803483383,2026-09-07
slay_da_b,45,Phase 1: GPU,1788803483384,2026-09-07
thanossoul,45,Phase 1: GPU,1788803483390,2026-09-07
ivanpetrov32,45,Phase 1: GPU,1788803483391,2026-09-07
dahhel,45,Phase 1: GPU,1788803483395,2026-09-07
lmbs00,65,Phase 2: HDD,1788804115300,2026-09-07
alburldador,65,Phase 2: HDD,1788804115343,2026-09-07
thanossoul,65,Phase 2: HDD,1788804115346,2026-09-07
valase,65,Phase 2: HDD,1788804115349,2026-09-07
yurigiu,65,Phase 2: HDD,1788804115351,2026-09-07
hopelessss_,65,Phase 2: HDD,1788804115354,2026-09-07
dahhel,65,Phase 2: HDD,1788804115357,2026-09-07
xiaoxiao9313,65,Phase 2: HDD,1788804115362,2026-09-07
lovegamesandthings00000,65,Phase 2: HDD,1788804115383,2026-09-07
xiaoxiao9313,45,Phase 1: HDD,1788805616297,2026-09-07
silent_luc,45,Phase 1: HDD,1788805616309,2026-09-07
puphik,45,Phase 1: HDD,1788805616314,2026-09-07
valase,45,Phase 1: HDD,1788805616316,2026-09-07
lmbs00,45,Phase 1: HDD,1788805616326,2026-09-07
pika_gamy,45,Phase 1: HDD,1788805616329,2026-09-07
ikaliayev,45,Phase 1: HDD,1788805616330,2026-09-07
alburldador,45,Phase 1: HDD,1788805616336,2026-09-07
dahhel,45,Phase 1: HDD,1788805616343,2026-09-07
ivanpetrov32,45,Phase 1: HDD,1788805616348,2026-09-07
hopelessss_,45,Phase 1: HDD,1788805616352,2026-09-07
pika_gamy,65,Phase 2: RAM,1788806153946,2026-09-07
hopelessss_,65,Phase 2: RAM,1788806153951,2026-09-07
xiaoxiao9313,65,Phase 2: RAM,1788806153973,2026-09-07
lmbs00,65,Phase 2: RAM,1788806153976,2026-09-07
valase,65,Phase 2: RAM,1788806153982,2026-09-07
dahhel,65,Phase 2: RAM,1788806153984,2026-09-07
ikaliayev,65,Phase 2: RAM,1788806154002,2026-09-07
ivanpetrov32,65,Phase 2: RAM,1788806154063,2026-09-07
alburldador,45,Phase 1: HDD,1788807457508,2026-09-07
ikaliayev,45,Phase 1: HDD,1788807457537,2026-09-07
lmbs00,45,Phase 1: HDD,1788807457541,2026-09-07
xiaoxiao9313,45,Phase 1: HDD,1788807457543,2026-09-07
silent_luc,45,Phase 1: HDD,1788807457552,2026-09-07
dahhel,45,Phase 1: HDD,1788807457556,2026-09-07
player0451,45,Phase 1: HDD,1788807457577,2026-09-07
valase,45,Phase 1: HDD,1788807457596,2026-09-07
ikaliayev,65,Phase 2: RAM,1788808187474,2026-09-07
madagascaradam,65,Phase 2: RAM,1788808187513,2026-09-07
valase,65,Phase 2: RAM,1788808187517,2026-09-07
xiaoxiao9313,65,Phase 2: RAM,1788808187520,2026-09-07
thanossoul,65,Phase 2: RAM,1788808187525,2026-09-07
hopelessss_,65,Phase 2: RAM,1788808187526,2026-09-07
lmbs00,65,Phase 2: RAM,1788808187529,2026-09-07
puphik,65,Phase 2: RAM,1788808187531,2026-09-07
silent_luc,65,Phase 2: RAM,1788808187535,2026-09-07
dahhel,65,Phase 2: RAM,1788808187538,2026-09-07
lmbs00,90,Phase 3: CPU,1788808855535,2026-09-07
hopelessss_,90,Phase 3: CPU,1788808855540,2026-09-07
ivanpetrov32,90,Phase 3: CPU,1788808855546,2026-09-07
pika_gamy,90,Phase 3: CPU,1788808855550,2026-09-07
dahhel,90,Phase 3: CPU,1788808855558,2026-09-07
silent_luc,90,Phase 3: CPU,1788808855562,2026-09-07
xiaoxiao9313,90,Phase 3: CPU,1788808855570,2026-09-07
puphik,90,Phase 3: CPU,1788808855589,2026-09-07
valase,90,Phase 3: CPU,1788808855596,2026-09-07
alburldador,90,Phase 3: CPU,1788808855597,2026-09-07
ikaliayev,90,Phase 3: CPU,1788808855598,2026-09-07
thanossoul,90,Phase 3: CPU,1788808855602,2026-09-07
alexwifi42,90,Phase 3: CPU,1788808855607,2026-09-07
pika_gamy,45,Phase 1: RAM,1788810351500,2026-09-07
operacional_cae,45,Phase 1: RAM,1788810351509,2026-09-07
silent_luc,45,Phase 1: RAM,1788810351511,2026-09-07
ikaliayev,45,Phase 1: RAM,1788810351525,2026-09-07
cerebralx1,45,Phase 1: RAM,1788810351527,2026-09-07
dahhel,45,Phase 1: RAM,1788810351530,2026-09-07
valase,45,Phase 1: RAM,1788810351533,2026-09-07
thanossoul,45,Phase 1: RAM,1788810351573,2026-09-07
ivanpetrov32,45,Phase 1: RAM,1788810351576,2026-09-07
lmbs00,45,Phase 1: RAM,1788810351583,2026-09-07
alburldador,45,Phase 1: RAM,1788810351614,2026-09-07
cerebralx1,65,Phase 2: CPU,1788811075082,2026-09-07
player0451,65,Phase 2: CPU,1788811075092,2026-09-07
silent_luc,65,Phase 2: CPU,1788811075094,2026-09-07
ivanpetrov32,65,Phase 2: CPU,1788811075096,2026-09-07
louis_of_apshai,65,Phase 2: CPU,1788811075102,2026-09-07
valase,65,Phase 2: CPU,1788811075104,2026-09-07
pika_gamy,65,Phase 2: CPU,1788811075105,2026-09-07
alfims,65,Phase 2: CPU,1788811075109,2026-09-07
dahhel,65,Phase 2: CPU,1788811075112,2026-09-07
ikaliayev,65,Phase 2: CPU,1788811075114,2026-09-07
lmbs00,65,Phase 2: CPU,1788811075118,2026-09-07
valase,45,Phase 1: HDD,1788812254774,2026-09-07
lmbs00,45,Phase 1: HDD,1788812254776,2026-09-07
dahhel,45,Phase 1: HDD,1788812254789,2026-09-07
cerebralx1,45,Phase 1: HDD,1788812254792,2026-09-07
pika_gamy,45,Phase 1: HDD,1788812254852,2026-09-07
ikaliayev,45,Phase 1: HDD,1788812254860,2026-09-07
madagascaradam,45,Phase 1: CPU,1788813995167,2026-09-07
louis_of_apshai,45,Phase 1: CPU,1788813995186,2026-09-07
cerebralx1,45,Phase 1: CPU,1788813995191,2026-09-07
avin_novor,45,Phase 1: CPU,1788813995196,2026-09-07
ikaliayev,45,Phase 1: CPU,1788813995199,2026-09-07
dahhel,45,Phase 1: CPU,1788813995206,2026-09-07
pika_gamy,45,Phase 1: CPU,1788813995222,2026-09-07
valase,45,Phase 1: CPU,1788813995229,2026-09-07
alburldador,45,Phase 1: CPU,1788813995238,2026-09-07
silent_luc,45,Phase 1: CPU,1788813995261,2026-09-07
lmbs00,45,Phase 1: CPU,1788813995264,2026-09-07
llucholba,45,Phase 1: CPU,1788813995269,2026-09-07
dahhel,45,Phase 1: RAM,1788815607239,2026-09-07
operacional_cae,45,Phase 1: RAM,1788815607248,2026-09-07
valase,45,Phase 1: RAM,1788815607258,2026-09-07
alexwifi42,45,Phase 1: RAM,1788815607260,2026-09-07
pika_gamy,45,Phase 1: RAM,1788815607262,2026-09-07
silent_luc,45,Phase 1: RAM,1788815607266,2026-09-07
lmbs00,45,Phase 1: RAM,1788815607269,2026-09-07
ikaliayev,45,Phase 1: RAM,1788815607280,2026-09-07
lovegamesandthings00000,45,Phase 1: RAM,1788815607353,2026-09-07
lmbs00,65,Phase 2: GPU,1788816192118,2026-09-07
llucholba,65,Phase 2: GPU,1788816192128,2026-09-07
avin_novor,65,Phase 2: GPU,1788816192137,2026-09-07
valase,65,Phase 2: GPU,1788816192139,2026-09-07
ikaliayev,65,Phase 2: GPU,1788816192147,2026-09-07
dahhel,65,Phase 2: GPU,1788816192151,2026-09-07
pika_gamy,65,Phase 2: GPU,1788816192156,2026-09-07
silent_luc,65,Phase 2: GPU,1788816192186,2026-09-07
valase,45,Phase 1: HDD,1788817422818,2026-09-07
somemarblesfriday,45,Phase 1: HDD,1788817422830,2026-09-07
ikaliayev,45,Phase 1: HDD,1788817422836,2026-09-07
shadowladyex,45,Phase 1: HDD,1788817422839,2026-09-07
dahhel,45,Phase 1: HDD,1788817422849,2026-09-07
lmbs00,45,Phase 1: HDD,1788817422851,2026-09-07
pika_gamy,45,Phase 1: HDD,1788817422865,2026-09-07
valase,65,Phase 2: CPU,1788818137885,2026-09-07
lovegamesandthings00000,65,Phase 2: CPU,1788818137890,2026-09-07
pika_gamy,65,Phase 2: CPU,1788818137897,2026-09-07
operacional_cae,65,Phase 2: CPU,1788818137898,2026-09-07
dahhel,65,Phase 2: CPU,1788818137904,2026-09-07
ikaliayev,65,Phase 2: CPU,1788818137909,2026-09-07
alexwifi42,65,Phase 2: CPU,1788818137911,2026-09-07
lmbs00,65,Phase 2: CPU,1788818137922,2026-09-07
somemarblesfriday,65,Phase 2: CPU,1788818137925,2026-09-07
shadowladyex,65,Phase 2: CPU,1788818137929,2026-09-07
operacional_cae,45,Phase 1: GPU,1788819563943,2026-09-07
valase,45,Phase 1: GPU,1788819563953,2026-09-07
avin_novor,45,Phase 1: GPU,1788819563961,2026-09-07
thanossoul,45,Phase 1: GPU,1788819563964,2026-09-07
somemarblesfriday,45,Phase 1: GPU,1788819563978,2026-09-07
ikaliayev,45,Phase 1: GPU,1788819563985,2026-09-07
silent_luc,45,Phase 1: GPU,1788819563987,2026-09-07
dahhel,45,Phase 1: GPU,1788819563991,2026-09-07
shadowladyex,45,Phase 1: GPU,1788819563996,2026-09-07
lmbs00,45,Phase 1: GPU,1788819564019,2026-09-07
pika_gamy,45,Phase 1: GPU,1788819564056,2026-09-07
somemarblesfriday,65,Phase 2: CPU,1788820152514,2026-09-07
shadowladyex,65,Phase 2: CPU,1788820152530,2026-09-07
alexwifi42,65,Phase 2: CPU,1788820152535,2026-09-07
avin_novor,65,Phase 2: CPU,1788820152537,2026-09-07
pika_gamy,65,Phase 2: CPU,1788820152543,2026-09-07
dahhel,65,Phase 2: CPU,1788820152545,2026-09-07
lmbs00,65,Phase 2: CPU,1788820152561,2026-09-07
valase,65,Phase 2: CPU,1788820152563,2026-09-07
snoopys030,45,Phase 1: GPU,1788821663832,2026-09-07
ikaliayev,45,Phase 1: GPU,1788821663842,2026-09-07
avin_novor,45,Phase 1: GPU,1788821663848,2026-09-07
lovegamesandthings00000,45,Phase 1: GPU,1788821663851,2026-09-07
somemarblesfriday,45,Phase 1: GPU,1788821663858,2026-09-07
dahhel,45,Phase 1: GPU,1788821663861,2026-09-07
shadowladyex,45,Phase 1: GPU,1788821663868,2026-09-07
alyssrentori,45,Phase 1: GPU,1788821663888,2026-09-07
silent_luc,45,Phase 1: GPU,1788821663903,2026-09-07
pika_gamy,45,Phase 1: GPU,1788821663935,2026-09-07
lmbs00,45,Phase 1: GPU,1788821663937,2026-09-07
valase,45,Phase 1: GPU,1788821663945,2026-09-07
snoopys030,65,Phase 2: HDD,1788822456060,2026-09-07
hopelessss_,65,Phase 2: HDD,1788822456068,2026-09-07
dahhel,65,Phase 2: HDD,1788822456075,2026-09-07
silent_luc,65,Phase 2: HDD,1788822456094,2026-09-07
somemarblesfriday,65,Phase 2: HDD,1788822456098,2026-09-07
avin_novor,65,Phase 2: HDD,1788822456103,2026-09-07
valase,65,Phase 2: HDD,1788822456106,2026-09-07
ikaliayev,65,Phase 2: HDD,1788822456110,2026-09-07
lmbs00,65,Phase 2: HDD,1788822456121,2026-09-07
shadowladyex,65,Phase 2: HDD,1788822456122,2026-09-07
snoopys030,90,Phase 3: CPU,1788823041122,2026-09-07
lovegamesandthings00000,90,Phase 3: CPU,1788823041134,2026-09-07
hopelessss_,90,Phase 3: CPU,1788823041139,2026-09-07
shadowladyex,90,Phase 3: CPU,1788823041140,2026-09-07
player0451,90,Phase 3: CPU,1788823041149,2026-09-07
ikaliayev,90,Phase 3: CPU,1788823041153,2026-09-07
dahhel,90,Phase 3: CPU,1788823041155,2026-09-07
lmbs00,90,Phase 3: CPU,1788823041156,2026-09-07
valase,90,Phase 3: CPU,1788823041161,2026-09-07
silent_luc,90,Phase 3: CPU,1788823041165,2026-09-07
pika_gamy,45,Phase 1: HDD,1788824336794,2026-09-07
dahhel,45,Phase 1: HDD,1788824336796,2026-09-07
valase,45,Phase 1: HDD,1788824336798,2026-09-07
madagascaradam,45,Phase 1: HDD,1788824336811,2026-09-07
silent_luc,45,Phase 1: HDD,1788824336813,2026-09-07
ikaliayev,45,Phase 1: HDD,1788824336815,2026-09-07
shadowladyex,45,Phase 1: HDD,1788824336818,2026-09-07
lmbs00,45,Phase 1: HDD,1788824336882,2026-09-07
pika_gamy,65,Phase 2: GPU,1788824898886,2026-09-07
shadowladyex,65,Phase 2: GPU,1788824898893,2026-09-07
snoopys030,65,Phase 2: GPU,1788824898900,2026-09-07
ikaliayev,65,Phase 2: GPU,1788824898906,2026-09-07
silent_luc,65,Phase 2: GPU,1788824898908,2026-09-07
valase,65,Phase 2: GPU,1788824898912,2026-09-07
hopelessss_,65,Phase 2: GPU,1788824898915,2026-09-07
dahhel,65,Phase 2: GPU,1788824898917,2026-09-07
dahhel,45,Phase 1: CPU,1788826316264,2026-09-08
snoopys030,45,Phase 1: CPU,1788826316280,2026-09-08
valase,45,Phase 1: CPU,1788826316290,2026-09-08
shadowladyex,45,Phase 1: CPU,1788826316293,2026-09-08
hopelessss_,45,Phase 1: CPU,1788826316295,2026-09-08
lmbs00,45,Phase 1: CPU,1788826316302,2026-09-08
pika_gamy,45,Phase 1: CPU,1788826316304,2026-09-08
ikaliayev,45,Phase 1: CPU,1788826316306,2026-09-08
silent_luc,45,Phase 1: CPU,1788826316319,2026-09-08
hopelessss_,65,Phase 2: GPU,1788826986538,2026-09-08
dahhel,65,Phase 2: GPU,1788826986543,2026-09-08
snoopys030,65,Phase 2: GPU,1788826986550,2026-09-08
pika_gamy,65,Phase 2: GPU,1788826986560,2026-09-08
lmbs00,65,Phase 2: GPU,1788826986563,2026-09-08
ikaliayev,65,Phase 2: GPU,1788826986566,2026-09-08
silent_luc,65,Phase 2: GPU,1788826986570,2026-09-08
shadowladyex,65,Phase 2: GPU,1788826986576,2026-09-08
valase,65,Phase 2: GPU,1788826986582,2026-09-08
lovegamesandthings00000,90,Phase 3: HDD,1788827459475,2026-09-08
lmbs00,90,Phase 3: HDD,1788827459476,2026-09-08
hopelessss_,90,Phase 3: HDD,1788827459481,2026-09-08
ikaliayev,90,Phase 3: HDD,1788827459482,2026-09-08
shadowladyex,90,Phase 3: HDD,1788827459486,2026-09-08
silent_luc,90,Phase 3: HDD,1788827459491,2026-09-08
dahhel,90,Phase 3: HDD,1788827459493,2026-09-08
hopelessss_,45,Phase 1: HDD,1788828797251,2026-09-08
shadowladyex,45,Phase 1: HDD,1788828797257,2026-09-08
valase,45,Phase 1: HDD,1788828797261,2026-09-08
snoopys030,45,Phase 1: HDD,1788828797276,2026-09-08
lovegamesandthings00000,45,Phase 1: HDD,1788828797292,2026-09-08
mori2323,45,Phase 1: HDD,1788828797364,2026-09-08
lmbs00,45,Phase 1: HDD,1788828797372,2026-09-08
shadowladyex,65,Phase 2: CPU,1788829500282,2026-09-08
valase,65,Phase 2: CPU,1788829500286,2026-09-08
lmbs00,65,Phase 2: CPU,1788829500287,2026-09-08
ikaliayev,65,Phase 2: CPU,1788829500292,2026-09-08
snoopys030,65,Phase 2: CPU,1788829500297,2026-09-08
dahhel,65,Phase 2: CPU,1788829500304,2026-09-08
mori2323,65,Phase 2: CPU,1788829500306,2026-09-08
silent_luc,65,Phase 2: CPU,1788829500313,2026-09-08
lovegamesandthings00000,65,Phase 2: CPU,1788829500316,2026-09-08
mori2323,90,Phase 3: GPU,1788830081263,2026-09-08
lmbs00,90,Phase 3: GPU,1788830081265,2026-09-08
avin_novor,90,Phase 3: GPU,1788830081269,2026-09-08
snoopys030,90,Phase 3: GPU,1788830081275,2026-09-08
hopelessss_,90,Phase 3: GPU,1788830081288,2026-09-08
valase,90,Phase 3: GPU,1788830081293,2026-09-08
shadowladyex,90,Phase 3: GPU,1788830081303,2026-09-08
ikaliayev,90,Phase 3: GPU,1788830081315,2026-09-08
silent_luc,90,Phase 3: GPU,1788830081317,2026-09-08
shadowladyex,45,Phase 1: GPU,1788831411696,2026-09-08
ikaliayev,45,Phase 1: GPU,1788831411702,2026-09-08
valase,45,Phase 1: GPU,1788831411712,2026-09-08
lmbs00,45,Phase 1: GPU,1788831411715,2026-09-08
avin_novor,45,Phase 1: GPU,1788831411716,2026-09-08
snoopys030,45,Phase 1: GPU,1788831411720,2026-09-08
dahhel,45,Phase 1: GPU,1788831411723,2026-09-08
silent_luc,45,Phase 1: GPU,1788831411732,2026-09-08
lmbs00,65,Phase 2: CPU,1788832206822,2026-09-08
lovegamesandthings00000,65,Phase 2: CPU,1788832206829,2026-09-08
hopelessss_,65,Phase 2: CPU,1788832206833,2026-09-08
player0451,65,Phase 2: CPU,1788832206835,2026-09-08
avin_novor,65,Phase 2: CPU,1788832206839,2026-09-08
ikaliayev,65,Phase 2: CPU,1788832206840,2026-09-08
valase,65,Phase 2: CPU,1788832206853,2026-09-08
silent_luc,65,Phase 2: CPU,1788832206857,2026-09-08
dahhel,65,Phase 2: CPU,1788832206867,2026-09-08
shadowladyex,65,Phase 2: CPU,1788832206869,2026-09-08
lmbs00,90,Phase 3: HDD,1788832704701,2026-09-08
mori2323,90,Phase 3: HDD,1788832704703,2026-09-08
dahhel,90,Phase 3: HDD,1788832704705,2026-09-08
valase,90,Phase 3: HDD,1788832704794,2026-09-08
silent_luc,90,Phase 3: HDD,1788832704797,2026-09-08
snoopys030,90,Phase 3: HDD,1788832704798,2026-09-08
shadowladyex,45,Phase 1: GPU,1788833872549,2026-09-08
ikaliayev,45,Phase 1: GPU,1788833872550,2026-09-08
dahhel,45,Phase 1: GPU,1788833872552,2026-09-08
lmbs00,45,Phase 1: GPU,1788833872556,2026-09-08
mori2323,45,Phase 1: GPU,1788833872557,2026-09-08
dahhel,65,Phase 2: HDD,1788834399404,2026-09-08
ikaliayev,65,Phase 2: HDD,1788834399425,2026-09-08
llucholba,65,Phase 2: HDD,1788834399430,2026-09-08
mori2323,65,Phase 2: HDD,1788834399435,2026-09-08
lmbs00,65,Phase 2: HDD,1788834399474,2026-09-08
ikaliayev,90,Phase 3: RAM,1788834921514,2026-09-08
shadowladyex,90,Phase 3: RAM,1788834921520,2026-09-08
mori2323,90,Phase 3: RAM,1788834921524,2026-09-08
dahhel,90,Phase 3: RAM,1788834921551,2026-09-08
snoopys030,90,Phase 3: RAM,1788834921565,2026-09-08
lmbs00,90,Phase 3: RAM,1788834921585,2026-09-08
llucholba,90,Phase 3: RAM,1788834921608,2026-09-08
mori2323,45,Phase 1: RAM,1788836122222,2026-09-08
ikaliayev,45,Phase 1: RAM,1788836122235,2026-09-08
dahhel,45,Phase 1: RAM,1788836122238,2026-09-08
lmbs00,45,Phase 1: RAM,1788836122241,2026-09-08
snoopys030,45,Phase 1: RAM,1788836122245,2026-09-08
shadowladyex,45,Phase 1: RAM,1788836122280,2026-09-08
slay_da_b,65,Phase 2: CPU,1788836672151,2026-09-08
dahhel,65,Phase 2: CPU,1788836672164,2026-09-08
ikaliayev,65,Phase 2: CPU,1788836672175,2026-09-08
xiaoxiao9313,65,Phase 2: CPU,1788836672181,2026-09-08
lmbs00,65,Phase 2: CPU,1788836672190,2026-09-08
mori2323,65,Phase 2: CPU,1788836672203,2026-09-08
dahhel,45,Phase 1: RAM,1788838021757,2026-09-08
slay_da_b,45,Phase 1: RAM,1788838021762,2026-09-08
shadowladyex,45,Phase 1: RAM,1788838021768,2026-09-08
avin_novor,45,Phase 1: RAM,1788838021769,2026-09-08
ikaliayev,45,Phase 1: RAM,1788838021772,2026-09-08
xiaoxiao9313,45,Phase 1: RAM,1788838021778,2026-09-08
lmbs00,45,Phase 1: RAM,1788838021790,2026-09-08
mori2323,45,Phase 1: RAM,1788838021855,2026-09-08
madagascaradam,65,Phase 2: CPU,1788838780878,2026-09-08
lmbs00,65,Phase 2: CPU,1788838780882,2026-09-08
snoopys030,65,Phase 2: CPU,1788838780893,2026-09-08
dahhel,65,Phase 2: CPU,1788838780897,2026-09-08
avin_novor,65,Phase 2: CPU,1788838780899,2026-09-08
xiaoxiao9313,65,Phase 2: CPU,1788838780903,2026-09-08
mori2323,65,Phase 2: CPU,1788838780907,2026-09-08
ikaliayev,65,Phase 2: CPU,1788838780922,2026-09-08
madagascaradam,90,Phase 3: GPU,1788839456788,2026-09-08
snoopys030,90,Phase 3: GPU,1788839456792,2026-09-08
mori2323,90,Phase 3: GPU,1788839456796,2026-09-08
slay_da_b,90,Phase 3: GPU,1788839456798,2026-09-08
xiaoxiao9313,90,Phase 3: GPU,1788839456800,2026-09-08
dahhel,90,Phase 3: GPU,1788839456812,2026-09-08
avin_novor,90,Phase 3: GPU,1788839456818,2026-09-08
ikaliayev,90,Phase 3: GPU,1788839456819,2026-09-08
lmbs00,90,Phase 3: GPU,1788839456841,2026-09-08
shadowladyex,45,Phase 1: RAM,1788840750491,2026-09-08
xiaoxiao9313,45,Phase 1: RAM,1788840750502,2026-09-08
mori2323,45,Phase 1: RAM,1788840750504,2026-09-08
dahhel,45,Phase 1: RAM,1788840750506,2026-09-08
ikaliayev,45,Phase 1: RAM,1788840750516,2026-09-08
lmbs00,45,Phase 1: RAM,1788840750606,2026-09-08
xiaoxiao9313,65,Phase 2: GPU,1788841395516,2026-09-08
ivanpetrov32,65,Phase 2: GPU,1788841395518,2026-09-08
dahhel,65,Phase 2: GPU,1788841395526,2026-09-08
alburldador,65,Phase 2: GPU,1788841395527,2026-09-08
mori2323,65,Phase 2: GPU,1788841395529,2026-09-08
lmbs00,65,Phase 2: GPU,1788841395533,2026-09-08
puphik,65,Phase 2: GPU,1788841395622,2026-09-08
dahhel,90,Phase 3: CPU,1788842096565,2026-09-08
ikaliayev,90,Phase 3: CPU,1788842096572,2026-09-08
xiaoxiao9313,90,Phase 3: CPU,1788842096575,2026-09-08
lmbs00,90,Phase 3: CPU,1788842096581,2026-09-08
player0451,90,Phase 3: CPU,1788842096588,2026-09-08
mori2323,90,Phase 3: CPU,1788842096593,2026-09-08
shadowladyex,90,Phase 3: CPU,1788842096598,2026-09-08
ivanpetrov32,90,Phase 3: CPU,1788842096600,2026-09-08
alburldador,90,Phase 3: CPU,1788842096606,2026-09-08
puphik,90,Phase 3: CPU,1788842096627,2026-09-08
lovegamesandthings00000,90,Phase 3: CPU,1788842096661,2026-09-08
dahhel,120,Phase 4: HDD,1788842659501,2026-09-08
ivanpetrov32,120,Phase 4: HDD,1788842659505,2026-09-08
alyssrentori,120,Phase 4: HDD,1788842659506,2026-09-08
ikaliayev,120,Phase 4: HDD,1788842659520,2026-09-08
lmbs00,120,Phase 4: HDD,1788842659523,2026-09-08
xiaoxiao9313,120,Phase 4: HDD,1788842659529,2026-09-08
mori2323,120,Phase 4: HDD,1788842659535,2026-09-08
snoopys030,120,Phase 4: HDD,1788842659538,2026-09-08
alburldador,120,Phase 4: HDD,1788842659640,2026-09-08
xiaoxiao9313,125,proStar bonus: all 4 phases,1788842660122,2026-09-08
dahhel,125,proStar bonus: all 4 phases,1788842660126,2026-09-08
mori2323,125,proStar bonus: all 4 phases,1788842660134,2026-09-08
lmbs00,125,proStar bonus: all 4 phases,1788842660141,2026-09-08
mori2323,45,Phase 1: CPU,1788843745023,2026-09-08
xiaoxiao9313,45,Phase 1: CPU,1788843745038,2026-09-08
lmbs00,45,Phase 1: CPU,1788843745045,2026-09-08
ivanpetrov32,45,Phase 1: CPU,1788843745054,2026-09-08
snoopys030,45,Phase 1: CPU,1788843745057,2026-09-08
slay_da_b,45,Phase 1: CPU,1788843745062,2026-09-08
alburldador,45,Phase 1: CPU,1788843745065,2026-09-08
shadowladyex,45,Phase 1: CPU,1788843745073,2026-09-08
ikaliayev,45,Phase 1: CPU,1788843745078,2026-09-08
darkranx,45,Phase 1: CPU,1788843745085,2026-09-08
dahhel,45,Phase 1: CPU,1788843745121,2026-09-08
avin_novor,65,Phase 2: GPU,1788844389575,2026-09-08
dahhel,65,Phase 2: GPU,1788844389592,2026-09-08
snoopys030,65,Phase 2: GPU,1788844389597,2026-09-08
mori2323,65,Phase 2: GPU,1788844389602,2026-09-08
darkranx,65,Phase 2: GPU,1788844389604,2026-09-08
shadowladyex,65,Phase 2: GPU,1788844389610,2026-09-08
ikaliayev,65,Phase 2: GPU,1788844389613,2026-09-08
lmbs00,65,Phase 2: GPU,1788844389614,2026-09-08
alburldador,65,Phase 2: GPU,1788844389670,2026-09-08
xiaoxiao9313,65,Phase 2: GPU,1788844389709,2026-09-08
ikaliayev,45,Phase 1: HDD,1788846104718,2026-09-08
hopelessss_,45,Phase 1: HDD,1788846104732,2026-09-08
avin_novor,45,Phase 1: HDD,1788846104765,2026-09-08
darkranx,45,Phase 1: HDD,1788846104768,2026-09-08
dahhel,45,Phase 1: HDD,1788846104770,2026-09-08
snoopys030,45,Phase 1: HDD,1788846104771,2026-09-08
xiaoxiao9313,45,Phase 1: HDD,1788846104773,2026-09-08
alburldador,45,Phase 1: HDD,1788846104776,2026-09-08
shadowladyex,45,Phase 1: HDD,1788846104778,2026-09-08
ivanpetrov32,45,Phase 1: HDD,1788846104780,2026-09-08
alfims,45,Phase 1: HDD,1788846104785,2026-09-08
mori2323,45,Phase 1: HDD,1788846104786,2026-09-08
lmbs00,45,Phase 1: HDD,1788846104788,2026-09-08
llucholba,45,Phase 1: HDD,1788846104790,2026-09-08
mori2323,65,Phase 2: CPU,1788846967222,2026-09-08
dahhel,65,Phase 2: CPU,1788846967228,2026-09-08
darkranx,65,Phase 2: CPU,1788846967231,2026-09-08
alfims,65,Phase 2: CPU,1788846967248,2026-09-08
shadowladyex,65,Phase 2: CPU,1788846967250,2026-09-08
pika_gamy,65,Phase 2: CPU,1788846967252,2026-09-08
xiaoxiao9313,65,Phase 2: CPU,1788846967256,2026-09-08
lmbs00,65,Phase 2: CPU,1788846967260,2026-09-08
snoopys030,65,Phase 2: CPU,1788846967264,2026-09-08
alburldador,65,Phase 2: CPU,1788846967267,2026-09-08
ivanpetrov32,65,Phase 2: CPU,1788846967270,2026-09-08
avin_novor,65,Phase 2: CPU,1788846967279,2026-09-08
ikaliayev,65,Phase 2: CPU,1788846967290,2026-09-08
lmbs00,45,Phase 1: CPU,1788848340373,2026-09-08
ikaliayev,45,Phase 1: CPU,1788848340385,2026-09-08
alfims,45,Phase 1: CPU,1788848340387,2026-09-08
shadowladyex,45,Phase 1: CPU,1788848340392,2026-09-08
llucholba,45,Phase 1: CPU,1788848340397,2026-09-08
mori2323,45,Phase 1: CPU,1788848340404,2026-09-08
xiaoxiao9313,45,Phase 1: CPU,1788848340409,2026-09-08
ivanpetrov32,45,Phase 1: CPU,1788848340416,2026-09-08
dahhel,45,Phase 1: CPU,1788848340421,2026-09-08
pika_gamy,45,Phase 1: CPU,1788848340431,2026-09-08
xiaoxiao9313,65,Phase 2: GPU,1788848906890,2026-09-08
snoopys030,65,Phase 2: GPU,1788848906901,2026-09-08
dahhel,65,Phase 2: GPU,1788848906908,2026-09-08
shadowladyex,65,Phase 2: GPU,1788848906912,2026-09-08
ikaliayev,65,Phase 2: GPU,1788848906915,2026-09-08
ivanpetrov32,65,Phase 2: GPU,1788848906926,2026-09-08
alfims,65,Phase 2: GPU,1788848906943,2026-09-08
lmbs00,65,Phase 2: GPU,1788848906969,2026-09-08
lmbs00,45,Phase 1: RAM,1788850261583,2026-09-08
ikaliayev,45,Phase 1: RAM,1788850261588,2026-09-08
pika_gamy,45,Phase 1: RAM,1788850261592,2026-09-08
xiaoxiao9313,45,Phase 1: RAM,1788850261601,2026-09-08
mori2323,45,Phase 1: RAM,1788850261602,2026-09-08
snoopys030,45,Phase 1: RAM,1788850261604,2026-09-08
slay_da_b,45,Phase 1: RAM,1788850261608,2026-09-08
ivanpetrov32,45,Phase 1: RAM,1788850261633,2026-09-08
mori2323,65,Phase 2: CPU,1788850753588,2026-09-08
lmbs00,65,Phase 2: CPU,1788850753594,2026-09-08
shadowladyex,65,Phase 2: CPU,1788850753600,2026-09-08
ikaliayev,65,Phase 2: CPU,1788850753605,2026-09-08
pika_gamy,65,Phase 2: CPU,1788850753636,2026-09-08
lmbs00,45,Phase 1: CPU,1788851928239,2026-09-08
ikaliayev,45,Phase 1: CPU,1788851928243,2026-09-08
mori2323,45,Phase 1: CPU,1788851928244,2026-09-08
shadowladyex,45,Phase 1: CPU,1788851928248,2026-09-08
ivanpetrov32,45,Phase 1: CPU,1788851928289,2026-09-08
snoopys030,65,Phase 2: HDD,1788852628295,2026-09-08
lmbs00,65,Phase 2: HDD,1788852628298,2026-09-08
mori2323,65,Phase 2: HDD,1788852628314,2026-09-08
shadowladyex,65,Phase 2: HDD,1788852628322,2026-09-08
ikaliayev,65,Phase 2: HDD,1788852628367,2026-09-08
ivanpetrov32,65,Phase 2: HDD,1788852628387,2026-09-08
whitepai,65,Phase 2: HDD,1788852628394,2026-09-08
darkranx,65,Phase 2: HDD,1788852628409,2026-09-08
mori2323,45,Phase 1: RAM,1788853801285,2026-09-08
snoopys030,45,Phase 1: RAM,1788853801296,2026-09-08
ikaliayev,45,Phase 1: RAM,1788853801300,2026-09-08
llucholba,45,Phase 1: RAM,1788853801304,2026-09-08
shadowladyex,45,Phase 1: RAM,1788853801312,2026-09-08
whitepai,45,Phase 1: RAM,1788853801326,2026-09-08
valase,45,Phase 1: CPU,1788855398925,2026-09-08
snoopys030,45,Phase 1: CPU,1788855398946,2026-09-08
ikaliayev,45,Phase 1: CPU,1788855398949,2026-09-08
mori2323,45,Phase 1: CPU,1788855398951,2026-09-08
whitepai,45,Phase 1: CPU,1788855398953,2026-09-08
thanossoul,45,Phase 1: CPU,1788855398958,2026-09-08
shadowladyex,45,Phase 1: CPU,1788855398960,2026-09-08
xiaoxiao9313,65,Phase 2: RAM,1788856154945,2026-09-08
thanossoul,65,Phase 2: RAM,1788856154950,2026-09-08
snoopys030,65,Phase 2: RAM,1788856154954,2026-09-08
whitepai,65,Phase 2: RAM,1788856154957,2026-09-08
darkranx,65,Phase 2: RAM,1788856154960,2026-09-08
mori2323,65,Phase 2: RAM,1788856154967,2026-09-08
ikaliayev,65,Phase 2: RAM,1788856154969,2026-09-08
shadowladyex,65,Phase 2: RAM,1788856154973,2026-09-08
valase,65,Phase 2: RAM,1788856154990,2026-09-08
whitepai,45,Phase 1: RAM,1788857319698,2026-09-08
shadowladyex,45,Phase 1: RAM,1788857319702,2026-09-08
xiaoxiao9313,45,Phase 1: RAM,1788857319711,2026-09-08
mori2323,45,Phase 1: RAM,1788857319715,2026-09-08
snoopys030,45,Phase 1: RAM,1788857319759,2026-09-08
ivanpetrov32,65,Phase 2: CPU,1788857813761,2026-09-08
shadowladyex,65,Phase 2: CPU,1788857813763,2026-09-08
mori2323,65,Phase 2: CPU,1788857813830,2026-09-08
xiaoxiao9313,65,Phase 2: CPU,1788857813834,2026-09-08
thanossoul,90,Phase 3: HDD,1788858225648,2026-09-08
mori2323,90,Phase 3: HDD,1788858225653,2026-09-08
slay_da_b,90,Phase 3: HDD,1788858225659,2026-09-08
aswd002,90,Phase 3: HDD,1788858225667,2026-09-08
shadowladyex,90,Phase 3: HDD,1788858225733,2026-09-08
xiaoxiao9313,90,Phase 3: HDD,1788858225751,2026-09-08
xiaoxiao9313,45,Phase 1: RAM,1788859298649,2026-09-08
whitepai,45,Phase 1: RAM,1788859298657,2026-09-08
shadowladyex,45,Phase 1: RAM,1788859298662,2026-09-08
shadowladyex,65,Phase 2: HDD,1788860065569,2026-09-08
mori2323,65,Phase 2: HDD,1788860065576,2026-09-08
aswd002,65,Phase 2: HDD,1788860065584,2026-09-08
thanossoul,65,Phase 2: HDD,1788860065588,2026-09-08
ivanpetrov32,65,Phase 2: HDD,1788860065590,2026-09-08
yurigiu,65,Phase 2: HDD,1788860065592,2026-09-08
xiaoxiao9313,65,Phase 2: HDD,1788860065595,2026-09-08
operacional_cae,65,Phase 2: HDD,1788860065598,2026-09-08
whitepai,65,Phase 2: HDD,1788860065601,2026-09-08
pika_gamy,65,Phase 2: HDD,1788860065645,2026-09-08
snoopys030,65,Phase 2: HDD,1788860065676,2026-09-08
slay_da_b,45,Phase 1: CPU,1788861561324,2026-09-08
xiaoxiao9313,45,Phase 1: CPU,1788861561335,2026-09-08
whitepai,45,Phase 1: CPU,1788861561342,2026-09-08
thanossoul,45,Phase 1: CPU,1788861561344,2026-09-08
shadowladyex,45,Phase 1: CPU,1788861561346,2026-09-08
silent_luc,45,Phase 1: CPU,1788861561350,2026-09-08
snoopys030,45,Phase 1: CPU,1788861561355,2026-09-08
mori2323,45,Phase 1: CPU,1788861561358,2026-09-08
pika_gamy,45,Phase 1: CPU,1788861561362,2026-09-08
alexwifi42,45,Phase 1: CPU,1788861561364,2026-09-08
alfims,45,Phase 1: CPU,1788861561365,2026-09-08
operacional_cae,65,Phase 2: RAM,1788862085344,2026-09-08
silent_luc,65,Phase 2: RAM,1788862085348,2026-09-08
shadowladyex,65,Phase 2: RAM,1788862085354,2026-09-08
pika_gamy,65,Phase 2: RAM,1788862085356,2026-09-08
whitepai,65,Phase 2: RAM,1788862085358,2026-09-08
mori2323,65,Phase 2: RAM,1788862085359,2026-09-08
xiaoxiao9313,45,Phase 1: GPU,1788863098010,2026-09-08
shadowladyex,45,Phase 1: GPU,1788863098013,2026-09-08
snoopys030,45,Phase 1: GPU,1788863098017,2026-09-08
puphik,45,Phase 1: GPU,1788863098037,2026-09-08
pika_gamy,45,Phase 1: GPU,1788863098041,2026-09-08
shadowladyex,45,Phase 1: GPU,1788864776551,2026-09-08
thanossoul,45,Phase 1: GPU,1788864776569,2026-09-08
operacional_cae,45,Phase 1: GPU,1788864776574,2026-09-08
xiaoxiao9313,45,Phase 1: GPU,1788864776580,2026-09-08
pika_gamy,45,Phase 1: GPU,1788864776582,2026-09-08
snoopys030,45,Phase 1: GPU,1788864776584,2026-09-08
lovegamesandthings00000,45,Phase 1: GPU,1788864776588,2026-09-08
mori2323,45,Phase 1: GPU,1788864776592,2026-09-08
silent_luc,45,Phase 1: GPU,1788864776598,2026-09-08
alphonsoe,45,Phase 1: GPU,1788864776609,2026-09-08
silent_luc,65,Phase 2: HDD,1788865526664,2026-09-08
pika_gamy,65,Phase 2: HDD,1788865526668,2026-09-08
thanossoul,65,Phase 2: HDD,1788865526675,2026-09-08
mori2323,65,Phase 2: HDD,1788865526680,2026-09-08
alphonsoe,65,Phase 2: HDD,1788865526687,2026-09-08
operacional_cae,65,Phase 2: HDD,1788865526690,2026-09-08
xiaoxiao9313,65,Phase 2: HDD,1788865526694,2026-09-08
slay_da_b,65,Phase 2: HDD,1788865526696,2026-09-08
yurigiu,65,Phase 2: HDD,1788865526723,2026-09-08
shadowladyex,65,Phase 2: HDD,1788865526764,2026-09-08
snoopys030,65,Phase 2: HDD,1788865527447,2026-09-08
silent_luc,45,Phase 1: CPU,1788866914253,2026-09-08
shadowladyex,45,Phase 1: CPU,1788866914270,2026-09-08
snoopys030,45,Phase 1: CPU,1788866914277,2026-09-08
thanossoul,45,Phase 1: CPU,1788866914283,2026-09-08
pika_gamy,45,Phase 1: CPU,1788866914285,2026-09-08
mori2323,45,Phase 1: CPU,1788866914287,2026-09-08
alphonsoe,45,Phase 1: CPU,1788866914288,2026-09-08
xiaoxiao9313,45,Phase 1: CPU,1788866914297,2026-09-08
slay_da_b,45,Phase 1: CPU,1788866914302,2026-09-08
alexwifi42,45,Phase 1: CPU,1788866914322,2026-09-08
xiaoxiao9313,65,Phase 2: GPU,1788867458179,2026-09-08
alphonsoe,65,Phase 2: GPU,1788867458182,2026-09-08
pika_gamy,65,Phase 2: GPU,1788867458184,2026-09-08
mori2323,65,Phase 2: GPU,1788867458198,2026-09-08
silent_luc,65,Phase 2: GPU,1788867458201,2026-09-08
thanossoul,65,Phase 2: GPU,1788867458217,2026-09-08
snoopys030,65,Phase 2: GPU,1788867458223,2026-09-08
shadowladyex,65,Phase 2: GPU,1788867458231,2026-09-08
shadowladyex,45,Phase 1: GPU,1788869491132,2026-09-08
alexwifi42,45,Phase 1: GPU,1788869491145,2026-09-08
xiaoxiao9313,45,Phase 1: GPU,1788869491152,2026-09-08
snoopys030,45,Phase 1: GPU,1788869491159,2026-09-08
pika_gamy,45,Phase 1: GPU,1788869491162,2026-09-08
ivanpetrov32,45,Phase 1: GPU,1788869491173,2026-09-08
alphonsoe,45,Phase 1: GPU,1788869491184,2026-09-08
slay_da_b,45,Phase 1: GPU,1788869491189,2026-09-08
mori2323,65,Phase 2: HDD,1788870047436,2026-09-08
alphonsoe,65,Phase 2: HDD,1788870047442,2026-09-08
xiaoxiao9313,65,Phase 2: HDD,1788870047449,2026-09-08
shadowladyex,65,Phase 2: HDD,1788870047452,2026-09-08
snoopys030,65,Phase 2: HDD,1788870047469,2026-09-08
pika_gamy,65,Phase 2: HDD,1788870047473,2026-09-08
madagascaradam,65,Phase 2: HDD,1788870047477,2026-09-08
mori2323,90,Phase 3: RAM,1788870486428,2026-09-08
snoopys030,90,Phase 3: RAM,1788870486440,2026-09-08
xiaoxiao9313,90,Phase 3: RAM,1788870486449,2026-09-08
ivanpetrov32,90,Phase 3: RAM,1788870486472,2026-09-08
pika_gamy,90,Phase 3: RAM,1788870486491,2026-09-08
alphonsoe,90,Phase 3: RAM,1788870486507,2026-09-08
shadowladyex,90,Phase 3: RAM,1788870486520,2026-09-08
ivanpetrov32,45,Phase 1: CPU,1788871844127,2026-09-08
mori2323,45,Phase 1: CPU,1788871844130,2026-09-08
pika_gamy,45,Phase 1: CPU,1788871844134,2026-09-08
silent_luc,45,Phase 1: CPU,1788871844142,2026-09-08
shadowladyex,45,Phase 1: CPU,1788871844146,2026-09-08
thanossoul,45,Phase 1: CPU,1788871844148,2026-09-08
xiaoxiao9313,45,Phase 1: CPU,1788871844154,2026-09-08
alphonsoe,45,Phase 1: CPU,1788871844156,2026-09-08
hopelessss_,45,Phase 1: CPU,1788871844158,2026-09-08
snoopys030,65,Phase 2: GPU,1788872395972,2026-09-08
ivanpetrov32,65,Phase 2: GPU,1788872395976,2026-09-08
louis_of_apshai,65,Phase 2: GPU,1788872395980,2026-09-08
xiaoxiao9313,65,Phase 2: GPU,1788872395995,2026-09-08
alphonsoe,65,Phase 2: GPU,1788872396001,2026-09-08
silent_luc,65,Phase 2: GPU,1788872396002,2026-09-08
pika_gamy,65,Phase 2: GPU,1788872396005,2026-09-08
shadowladyex,65,Phase 2: GPU,1788872396024,2026-09-08
pika_gamy,45,Phase 1: GPU,1788873613658,2026-09-08
xiaoxiao9313,45,Phase 1: GPU,1788873613660,2026-09-08
shadowladyex,45,Phase 1: GPU,1788873613663,2026-09-08
silent_luc,45,Phase 1: GPU,1788873613668,2026-09-08
mori2323,45,Phase 1: GPU,1788873613677,2026-09-08
alphonsoe,45,Phase 1: GPU,1788873613709,2026-09-08
mori2323,65,Phase 2: RAM,1788874265616,2026-09-08
silent_luc,65,Phase 2: RAM,1788874265621,2026-09-08
xiaoxiao9313,65,Phase 2: RAM,1788874265626,2026-09-08
shadowladyex,65,Phase 2: RAM,1788874265629,2026-09-08
alphonsoe,65,Phase 2: RAM,1788874265636,2026-09-08
ivanpetrov32,65,Phase 2: RAM,1788874265649,2026-09-08
snoopys030,65,Phase 2: RAM,1788874265666,2026-09-08
pika_gamy,65,Phase 2: RAM,1788874265675,2026-09-08
lovegamesandthings00000,65,Phase 2: RAM,1788874265695,2026-09-08
pika_gamy,90,Phase 3: CPU,1788874901626,2026-09-08
xiaoxiao9313,90,Phase 3: CPU,1788874901630,2026-09-08
alphonsoe,90,Phase 3: CPU,1788874901634,2026-09-08
lovegamesandthings00000,90,Phase 3: CPU,1788874901637,2026-09-08
yurigiu,90,Phase 3: CPU,1788874901640,2026-09-08
mori2323,90,Phase 3: CPU,1788874901652,2026-09-08
thanossoul,90,Phase 3: CPU,1788874901660,2026-09-08
hopelessss_,90,Phase 3: CPU,1788874901672,2026-09-08
snoopys030,90,Phase 3: CPU,1788874901694,2026-09-08
shadowladyex,90,Phase 3: CPU,1788874901706,2026-09-08
alexwifi42,90,Phase 3: CPU,1788874901729,2026-09-08
yurigiu,45,Phase 1: RAM,1788876229430,2026-09-08
mori2323,45,Phase 1: RAM,1788876229435,2026-09-08
shadowladyex,45,Phase 1: RAM,1788876229438,2026-09-08
snoopys030,45,Phase 1: RAM,1788876229440,2026-09-08
slay_da_b,45,Phase 1: RAM,1788876229443,2026-09-08
louis_of_apshai,45,Phase 1: RAM,1788876229450,2026-09-08
alphonsoe,45,Phase 1: RAM,1788876229452,2026-09-08
pika_gamy,45,Phase 1: RAM,1788876229473,2026-09-08
xiaoxiao9313,45,Phase 1: RAM,1788876229523,2026-09-08
slay_da_b,65,Phase 2: GPU,1788876805434,2026-09-08
ivanpetrov32,65,Phase 2: GPU,1788876805438,2026-09-08
shadowladyex,65,Phase 2: GPU,1788876805440,2026-09-08
mori2323,65,Phase 2: GPU,1788876805441,2026-09-08
alphonsoe,65,Phase 2: GPU,1788876805443,2026-09-08
pika_gamy,65,Phase 2: GPU,1788876805494,2026-09-08
avin_novor,65,Phase 2: GPU,1788876805501,2026-09-08
hopelessss_,65,Phase 2: GPU,1788876805517,2026-09-08
xiaoxiao9313,45,Phase 1: CPU,1788877984993,2026-09-08
mori2323,45,Phase 1: CPU,1788877984997,2026-09-08
alphonsoe,45,Phase 1: CPU,1788877985031,2026-09-08
pika_gamy,45,Phase 1: CPU,1788877985067,2026-09-08
thanossoul,45,Phase 1: CPU,1788877985078,2026-09-08
shadowladyex,45,Phase 1: CPU,1788877985149,2026-09-08
ivanpetrov32,65,Phase 2: RAM,1788878433007,2026-09-08
thanossoul,65,Phase 2: RAM,1788878433012,2026-09-08
mori2323,65,Phase 2: RAM,1788878433020,2026-09-08
pika_gamy,65,Phase 2: RAM,1788878433047,2026-09-08
shadowladyex,65,Phase 2: RAM,1788878433087,2026-09-08
xiaoxiao9313,65,Phase 2: RAM,1788878433117,2026-09-08
avin_novor,45,Phase 1: HDD,1788879839838,2026-09-08
lmbs00,45,Phase 1: HDD,1788879839840,2026-09-08
ivanpetrov32,45,Phase 1: HDD,1788879839907,2026-09-08
shadowladyex,45,Phase 1: HDD,1788879839913,2026-09-08
thanossoul,45,Phase 1: HDD,1788879839916,2026-09-08
silent_luc,45,Phase 1: HDD,1788879839917,2026-09-08
mori2323,45,Phase 1: HDD,1788879839918,2026-09-08
xiaoxiao9313,45,Phase 1: HDD,1788879839950,2026-09-08
pika_gamy,45,Phase 1: HDD,1788879839954,2026-09-08
mori2323,45,Phase 1: CPU,1788881458976,2026-09-08
alphonsoe,45,Phase 1: CPU,1788881458987,2026-09-08
dahhel,45,Phase 1: CPU,1788881458990,2026-09-08
silent_luc,45,Phase 1: CPU,1788881458995,2026-09-08
xiaoxiao9313,45,Phase 1: CPU,1788881459003,2026-09-08
lmbs00,45,Phase 1: CPU,1788881459019,2026-09-08
shadowladyex,45,Phase 1: CPU,1788881459065,2026-09-08
thanossoul,45,Phase 1: CPU,1788881459105,2026-09-08
pika_gamy,45,Phase 1: CPU,1788881459108,2026-09-08
cerebralx1,65,Phase 2: HDD,1788882231269,2026-09-08
dahhel,65,Phase 2: HDD,1788882231275,2026-09-08
ikaliayev,65,Phase 2: HDD,1788882231283,2026-09-08
pika_gamy,65,Phase 2: HDD,1788882231291,2026-09-08
alphonsoe,65,Phase 2: HDD,1788882231293,2026-09-08
player0451,65,Phase 2: HDD,1788882231298,2026-09-08
silent_luc,65,Phase 2: HDD,1788882231303,2026-09-08
xiaoxiao9313,65,Phase 2: HDD,1788882231307,2026-09-08
lmbs00,65,Phase 2: HDD,1788882231311,2026-09-08
shadowladyex,65,Phase 2: HDD,1788882231322,2026-09-08
mori2323,65,Phase 2: HDD,1788882231352,2026-09-08
thanossoul,90,Phase 3: RAM,1788882873374,2026-09-08
lmbs00,90,Phase 3: RAM,1788882873376,2026-09-08
ivanpetrov32,90,Phase 3: RAM,1788882873384,2026-09-08
silent_luc,90,Phase 3: RAM,1788882873386,2026-09-08
alphonsoe,90,Phase 3: RAM,1788882873389,2026-09-08
cerebralx1,90,Phase 3: RAM,1788882873391,2026-09-08
dahhel,90,Phase 3: RAM,1788882873397,2026-09-08
mori2323,90,Phase 3: RAM,1788882873409,2026-09-08
xiaoxiao9313,90,Phase 3: RAM,1788882873411,2026-09-08
pika_gamy,90,Phase 3: RAM,1788882873441,2026-09-08
ikaliayev,90,Phase 3: RAM,1788882873539,2026-09-08
shadowladyex,90,Phase 3: RAM,1788882873542,2026-09-08
dahhel,45,Phase 1: GPU,1788884390826,2026-09-08
ivanpetrov32,45,Phase 1: GPU,1788884390843,2026-09-08
alexwifi42,45,Phase 1: GPU,1788884390854,2026-09-08
mori2323,45,Phase 1: GPU,1788884390858,2026-09-08
cerebralx1,45,Phase 1: GPU,1788884390880,2026-09-08
valase,45,Phase 1: GPU,1788884390883,2026-09-08
silent_luc,45,Phase 1: GPU,1788884390887,2026-09-08
shadowladyex,45,Phase 1: GPU,1788884390889,2026-09-08
xiaoxiao9313,45,Phase 1: GPU,1788884390891,2026-09-08
ikaliayev,45,Phase 1: GPU,1788884390893,2026-09-08
pika_gamy,45,Phase 1: GPU,1788884390928,2026-09-08
lmbs00,45,Phase 1: GPU,1788884390933,2026-09-08
mori2323,65,Phase 2: RAM,1788885063946,2026-09-08
alburldador,65,Phase 2: RAM,1788885063981,2026-09-08
valase,65,Phase 2: RAM,1788885064008,2026-09-08
slay_da_b,65,Phase 2: RAM,1788885064073,2026-09-08
pika_gamy,65,Phase 2: RAM,1788885064132,2026-09-08
dahhel,65,Phase 2: RAM,1788885064201,2026-09-08
shadowladyex,65,Phase 2: RAM,1788885064241,2026-09-08
lmbs00,65,Phase 2: RAM,1788885064258,2026-09-08
ikaliayev,65,Phase 2: RAM,1788885065337,2026-09-08
operacional_cae,45,Phase 1: GPU,1788886408556,2026-09-08
xiaoxiao9313,45,Phase 1: GPU,1788886408589,2026-09-08
shadowladyex,45,Phase 1: GPU,1788886408593,2026-09-08
dahhel,45,Phase 1: GPU,1788886408598,2026-09-08
ikaliayev,45,Phase 1: GPU,1788886408603,2026-09-08
valase,45,Phase 1: GPU,1788886408612,2026-09-08
mori2323,45,Phase 1: GPU,1788886408614,2026-09-08
pika_gamy,45,Phase 1: GPU,1788886408622,2026-09-08
alburldador,45,Phase 1: GPU,1788886408637,2026-09-08
lmbs00,45,Phase 1: GPU,1788886408846,2026-09-08
dahhel,65,Phase 2: CPU,1788887353793,2026-09-08
silent_luc,65,Phase 2: CPU,1788887353812,2026-09-08
shadowladyex,65,Phase 2: CPU,1788887353814,2026-09-08
valase,65,Phase 2: CPU,1788887353817,2026-09-08
mori2323,65,Phase 2: CPU,1788887353821,2026-09-08
operacional_cae,65,Phase 2: CPU,1788887353825,2026-09-08
avin_novor,65,Phase 2: CPU,1788887353829,2026-09-08
xiaoxiao9313,65,Phase 2: CPU,1788887353831,2026-09-08
alburldador,65,Phase 2: CPU,1788887353837,2026-09-08
ikaliayev,65,Phase 2: CPU,1788887353844,2026-09-08
hopelessss_,65,Phase 2: CPU,1788887353853,2026-09-08
pika_gamy,65,Phase 2: CPU,1788887353855,2026-09-08
ivanpetrov32,65,Phase 2: CPU,1788887353858,2026-09-08
lmbs00,65,Phase 2: CPU,1788887353861,2026-09-08
alyssrentori,65,Phase 2: CPU,1788887353892,2026-09-08
louis_of_apshai,45,Phase 1: GPU,1788889173642,2026-09-08
shadowladyex,45,Phase 1: GPU,1788889173653,2026-09-08
xiaoxiao9313,45,Phase 1: GPU,1788889173659,2026-09-08
avin_novor,45,Phase 1: GPU,1788889173665,2026-09-08
ivanpetrov32,45,Phase 1: GPU,1788889173675,2026-09-08
pika_gamy,45,Phase 1: GPU,1788889173677,2026-09-08
silent_luc,45,Phase 1: GPU,1788889173679,2026-09-08
mori2323,45,Phase 1: GPU,1788889173685,2026-09-08
yurigiu,45,Phase 1: GPU,1788889173689,2026-09-08
dahhel,45,Phase 1: GPU,1788889173694,2026-09-08
cerebralx1,45,Phase 1: GPU,1788889173698,2026-09-08
ikaliayev,45,Phase 1: GPU,1788889173701,2026-09-08
valase,45,Phase 1: GPU,1788889173706,2026-09-08
alburldador,45,Phase 1: GPU,1788889173707,2026-09-08
lmbs00,45,Phase 1: GPU,1788889173717,2026-09-08
hopelessss_,45,Phase 1: GPU,1788889173743,2026-09-08
ikaliayev,65,Phase 2: HDD,1788890011158,2026-09-08
dahhel,65,Phase 2: HDD,1788890011162,2026-09-08
hopelessss_,65,Phase 2: HDD,1788890011166,2026-09-08
lmbs00,65,Phase 2: HDD,1788890011170,2026-09-08
alburldador,65,Phase 2: HDD,1788890011177,2026-09-08
cerebralx1,65,Phase 2: HDD,1788890011180,2026-09-08
mori2323,65,Phase 2: HDD,1788890011185,2026-09-08
pika_gamy,65,Phase 2: HDD,1788890011187,2026-09-08
shadowladyex,65,Phase 2: HDD,1788890011188,2026-09-08
thanossoul,65,Phase 2: HDD,1788890011190,2026-09-08
ivanpetrov32,65,Phase 2: HDD,1788890011197,2026-09-08
avin_novor,65,Phase 2: HDD,1788890011204,2026-09-08
xiaoxiao9313,65,Phase 2: HDD,1788890011211,2026-09-08
alburldador,90,Phase 3: RAM,1788890544237,2026-09-08
xiaoxiao9313,90,Phase 3: RAM,1788890544240,2026-09-08
shadowladyex,90,Phase 3: RAM,1788890544253,2026-09-08
thanossoul,90,Phase 3: RAM,1788890544268,2026-09-08
pika_gamy,90,Phase 3: RAM,1788890544359,2026-09-08
ikaliayev,90,Phase 3: RAM,1788890544361,2026-09-08
player0451,90,Phase 3: RAM,1788890544366,2026-09-08
lmbs00,90,Phase 3: RAM,1788890544370,2026-09-08
dahhel,90,Phase 3: RAM,1788890544480,2026-09-08
avin_novor,90,Phase 3: RAM,1788890544482,2026-09-08
llucholba,120,Phase 4: CPU,1788890956198,2026-09-08
pika_gamy,120,Phase 4: CPU,1788890956212,2026-09-08
alburldador,120,Phase 4: CPU,1788890956220,2026-09-08
thanossoul,120,Phase 4: CPU,1788890956223,2026-09-08
shadowladyex,120,Phase 4: CPU,1788890956228,2026-09-08
dahhel,120,Phase 4: CPU,1788890956233,2026-09-08
ivanpetrov32,120,Phase 4: CPU,1788890956243,2026-09-08
xiaoxiao9313,120,Phase 4: CPU,1788890956245,2026-09-08
ikaliayev,120,Phase 4: CPU,1788890956266,2026-09-08
cerebralx1,120,Phase 4: CPU,1788890956268,2026-09-08
alexwifi42,120,Phase 4: CPU,1788890956289,2026-09-08
dahhel,83,proStar bonus: all 4 phases,1788890957181,2026-09-08
pika_gamy,83,proStar bonus: all 4 phases,1788890957185,2026-09-08
alburldador,83,proStar bonus: all 4 phases,1788890957191,2026-09-08
xiaoxiao9313,83,proStar bonus: all 4 phases,1788890957193,2026-09-08
ikaliayev,83,proStar bonus: all 4 phases,1788890957197,2026-09-08
shadowladyex,83,proStar bonus: all 4 phases,1788890957198,2026-09-08
ivanpetrov32,45,Phase 1: HDD,1788891981805,2026-09-08
pika_gamy,45,Phase 1: HDD,1788891981823,2026-09-08
cerebralx1,45,Phase 1: HDD,1788891981840,2026-09-08
alburldador,45,Phase 1: HDD,1788891981842,2026-09-08
lmbs00,45,Phase 1: HDD,1788891981845,2026-09-08
xiaoxiao9313,45,Phase 1: HDD,1788891981894,2026-09-08
dahhel,45,Phase 1: HDD,1788891981905,2026-09-08
calypso_ba,45,Phase 1: HDD,1788891981917,2026-09-08
ikaliayev,45,Phase 1: HDD,1788891981925,2026-09-08
yurigiu,45,Phase 1: HDD,1788891981927,2026-09-08
shadowladyex,45,Phase 1: HDD,1788891982207,2026-09-08
dahhel,65,Phase 2: RAM,1788892615099,2026-09-08
ikaliayev,65,Phase 2: RAM,1788892615103,2026-09-08
valase,65,Phase 2: RAM,1788892615107,2026-09-08
silent_luc,65,Phase 2: RAM,1788892615109,2026-09-08
xiaoxiao9313,65,Phase 2: RAM,1788892615122,2026-09-08
shadowladyex,65,Phase 2: RAM,1788892615128,2026-09-08
avin_novor,65,Phase 2: RAM,1788892615176,2026-09-08
pika_gamy,65,Phase 2: RAM,1788892615178,2026-09-08
lmbs00,65,Phase 2: RAM,1788892615194,2026-09-08
thanossoul,65,Phase 2: RAM,1788892615274,2026-09-08
shadowladyex,45,Phase 1: CPU,1788894114687,2026-09-08
valase,45,Phase 1: CPU,1788894114704,2026-09-08
pika_gamy,45,Phase 1: CPU,1788894114708,2026-09-08
dahhel,45,Phase 1: CPU,1788894114710,2026-09-08
thanossoul,45,Phase 1: CPU,1788894114713,2026-09-08
ikaliayev,45,Phase 1: CPU,1788894114718,2026-09-08
alburldador,45,Phase 1: CPU,1788894114721,2026-09-08
xiaoxiao9313,45,Phase 1: CPU,1788894114732,2026-09-08
silent_luc,45,Phase 1: CPU,1788894114758,2026-09-08
lmbs00,45,Phase 1: CPU,1788894114768,2026-09-08
llucholba,45,Phase 1: CPU,1788894114813,2026-09-08
ichuy07,45,Phase 1: CPU,1788894114816,2026-09-08
avin_novor,45,Phase 1: CPU,1788894114820,2026-09-08
dahhel,65,Phase 2: GPU,1788894622869,2026-09-08
valase,65,Phase 2: GPU,1788894622883,2026-09-08
xiaoxiao9313,65,Phase 2: GPU,1788894622892,2026-09-08
ikaliayev,65,Phase 2: GPU,1788894622894,2026-09-08
silent_luc,65,Phase 2: GPU,1788894622896,2026-09-08
lmbs00,65,Phase 2: GPU,1788894622901,2026-09-08
pika_gamy,65,Phase 2: GPU,1788894622967,2026-09-08
shadowladyex,65,Phase 2: GPU,1788894622993,2026-09-08
llucholba,90,Phase 3: RAM,1788895246863,2026-09-08
dahhel,90,Phase 3: RAM,1788895246869,2026-09-08
lmbs00,90,Phase 3: RAM,1788895246871,2026-09-08
ikaliayev,90,Phase 3: RAM,1788895246872,2026-09-08
shadowladyex,90,Phase 3: RAM,1788895246879,2026-09-08
valase,90,Phase 3: RAM,1788895246881,2026-09-08
xiaoxiao9313,90,Phase 3: RAM,1788895246886,2026-09-08
avin_novor,90,Phase 3: RAM,1788895246891,2026-09-08
alburldador,90,Phase 3: RAM,1788895246892,2026-09-08
pika_gamy,90,Phase 3: RAM,1788895246894,2026-09-08
ivanpetrov32,90,Phase 3: RAM,1788895246896,2026-09-08
silent_luc,90,Phase 3: RAM,1788895246898,2026-09-08
ikaliayev,45,Phase 1: CPU,1788896936113,2026-09-08
shadowladyex,45,Phase 1: CPU,1788896936126,2026-09-08
valase,45,Phase 1: CPU,1788896936137,2026-09-08
silent_luc,45,Phase 1: CPU,1788896936139,2026-09-08
pika_gamy,45,Phase 1: CPU,1788896936147,2026-09-08
dahhel,45,Phase 1: CPU,1788896936150,2026-09-08
alburldador,45,Phase 1: CPU,1788896936164,2026-09-08
avin_novor,45,Phase 1: CPU,1788896936166,2026-09-08
louis_of_apshai,45,Phase 1: CPU,1788896936176,2026-09-08
xiaoxiao9313,45,Phase 1: CPU,1788896936179,2026-09-08
lmbs00,45,Phase 1: CPU,1788896936181,2026-09-08
thanossoul,45,Phase 1: CPU,1788896936184,2026-09-08
ivanpetrov32,45,Phase 1: CPU,1788896936198,2026-09-08
xiaoxiao9313,65,Phase 2: RAM,1788897804567,2026-09-08
dahhel,65,Phase 2: RAM,1788897804570,2026-09-08
ikaliayev,65,Phase 2: RAM,1788897804580,2026-09-08
thanossoul,65,Phase 2: RAM,1788897804582,2026-09-08
ivanpetrov32,65,Phase 2: RAM,1788897804585,2026-09-08
pika_gamy,65,Phase 2: RAM,1788897804593,2026-09-08
shadowladyex,65,Phase 2: RAM,1788897804597,2026-09-08
lmbs00,65,Phase 2: RAM,1788897804618,2026-09-08
alburldador,65,Phase 2: RAM,1788897804620,2026-09-08
valase,65,Phase 2: RAM,1788897804622,2026-09-08
silent_luc,65,Phase 2: RAM,1788897804626,2026-09-08
avin_novor,65,Phase 2: RAM,1788897804628,2026-09-08
alfims,65,Phase 2: RAM,1788897804648,2026-09-08
alburldador,45,Phase 1: CPU,1788899266150,2026-09-08
thanossoul,45,Phase 1: CPU,1788899266164,2026-09-08
dahhel,45,Phase 1: CPU,1788899266168,2026-09-08
player0451,45,Phase 1: CPU,1788899266172,2026-09-08
silent_luc,45,Phase 1: CPU,1788899266177,2026-09-08
lmbs00,45,Phase 1: CPU,1788899266181,2026-09-08
ivanpetrov32,45,Phase 1: CPU,1788899266188,2026-09-08
operacional_cae,45,Phase 1: CPU,1788899266192,2026-09-08
ikaliayev,45,Phase 1: CPU,1788899266199,2026-09-08
valase,45,Phase 1: CPU,1788899266202,2026-09-08
shadowladyex,45,Phase 1: CPU,1788899266205,2026-09-08
pika_gamy,45,Phase 1: CPU,1788899266246,2026-09-08
pika_gamy,65,Phase 2: HDD,1788899936290,2026-09-08
dahhel,65,Phase 2: HDD,1788899936305,2026-09-08
alburldador,65,Phase 2: HDD,1788899936310,2026-09-08
avin_novor,65,Phase 2: HDD,1788899936325,2026-09-08
thanossoul,65,Phase 2: HDD,1788899936333,2026-09-08
shadowladyex,65,Phase 2: HDD,1788899936335,2026-09-08
ikaliayev,65,Phase 2: HDD,1788899936341,2026-09-08
silent_luc,65,Phase 2: HDD,1788899936395,2026-09-08
valase,65,Phase 2: HDD,1788899936441,2026-09-08
lmbs00,65,Phase 2: HDD,1788899936452,2026-09-08
dahhel,45,Phase 1: HDD,1788901167794,2026-09-08
pika_gamy,45,Phase 1: HDD,1788901167804,2026-09-08
ikaliayev,45,Phase 1: HDD,1788901167808,2026-09-08
shadowladyex,45,Phase 1: HDD,1788901167812,2026-09-08
valase,45,Phase 1: HDD,1788901167813,2026-09-08
alburldador,45,Phase 1: HDD,1788901167833,2026-09-08
lmbs00,45,Phase 1: HDD,1788901167883,2026-09-08
silent_luc,65,Phase 2: RAM,1788901820795,2026-09-08
ikaliayev,65,Phase 2: RAM,1788901820798,2026-09-08
shadowladyex,65,Phase 2: RAM,1788901820803,2026-09-08
alburldador,65,Phase 2: RAM,1788901820807,2026-09-08
valase,65,Phase 2: RAM,1788901820810,2026-09-08
dahhel,65,Phase 2: RAM,1788901820815,2026-09-08
pika_gamy,65,Phase 2: RAM,1788901820842,2026-09-08
lmbs00,65,Phase 2: RAM,1788901820846,2026-09-08
ichuy07,65,Phase 2: RAM,1788901820875,2026-09-08
dahhel,45,Phase 1: CPU,1788903393924,2026-09-08
madagascaradam,45,Phase 1: CPU,1788903393938,2026-09-08
shadowladyex,45,Phase 1: CPU,1788903393941,2026-09-08
avin_novor,45,Phase 1: CPU,1788903393947,2026-09-08
silent_luc,45,Phase 1: CPU,1788903393949,2026-09-08
pika_gamy,45,Phase 1: CPU,1788903393953,2026-09-08
valase,45,Phase 1: CPU,1788903393961,2026-09-08
alburldador,45,Phase 1: CPU,1788903393967,2026-09-08
puphik,45,Phase 1: CPU,1788903393979,2026-09-08
lovegamesandthings00000,45,Phase 1: CPU,1788903394011,2026-09-08
ikaliayev,45,Phase 1: CPU,1788903394019,2026-09-08
lmbs00,45,Phase 1: CPU,1788903394033,2026-09-08
valase,65,Phase 2: RAM,1788904125249,2026-09-08
ikaliayev,65,Phase 2: RAM,1788904125256,2026-09-08
silent_luc,65,Phase 2: RAM,1788904125264,2026-09-08
avin_novor,65,Phase 2: RAM,1788904125266,2026-09-08
shadowladyex,65,Phase 2: RAM,1788904125270,2026-09-08
alburldador,65,Phase 2: RAM,1788904125271,2026-09-08
yurigiu,65,Phase 2: RAM,1788904125273,2026-09-08
dahhel,65,Phase 2: RAM,1788904125286,2026-09-08
lmbs00,65,Phase 2: RAM,1788904125288,2026-09-08
pika_gamy,65,Phase 2: RAM,1788904125292,2026-09-08
silent_luc,45,Phase 1: HDD,1788905339980,2026-09-08
valase,45,Phase 1: HDD,1788905339992,2026-09-08
shadowladyex,45,Phase 1: HDD,1788905339996,2026-09-08
pika_gamy,45,Phase 1: HDD,1788905339999,2026-09-08
ikaliayev,45,Phase 1: HDD,1788905340012,2026-09-08
lmbs00,45,Phase 1: HDD,1788905340025,2026-09-08
dahhel,45,Phase 1: HDD,1788905340049,2026-09-08
ikaliayev,65,Phase 2: CPU,1788905971944,2026-09-08
shadowladyex,65,Phase 2: CPU,1788905971948,2026-09-08
lmbs00,65,Phase 2: CPU,1788905971949,2026-09-08
silent_luc,65,Phase 2: CPU,1788905971952,2026-09-08
avin_novor,65,Phase 2: CPU,1788905971959,2026-09-08
pika_gamy,65,Phase 2: CPU,1788905971966,2026-09-08
dahhel,65,Phase 2: CPU,1788905971990,2026-09-08
valase,65,Phase 2: CPU,1788905972000,2026-09-08
valase,45,Phase 1: RAM,1788907356096,2026-09-08
silent_luc,45,Phase 1: RAM,1788907356104,2026-09-08
avin_novor,45,Phase 1: RAM,1788907356116,2026-09-08
madagascaradam,45,Phase 1: RAM,1788907356121,2026-09-08
pika_gamy,45,Phase 1: RAM,1788907356123,2026-09-08
ikaliayev,45,Phase 1: RAM,1788907356135,2026-09-08
lovegamesandthings00000,45,Phase 1: RAM,1788907356138,2026-09-08
lmbs00,45,Phase 1: RAM,1788907356141,2026-09-08
shadowladyex,45,Phase 1: RAM,1788907356213,2026-09-08
dahhel,45,Phase 1: RAM,1788907356230,2026-09-08
dahhel,65,Phase 2: HDD,1788907866605,2026-09-08
ikaliayev,65,Phase 2: HDD,1788907866607,2026-09-08
pika_gamy,65,Phase 2: HDD,1788907866612,2026-09-08
lmbs00,65,Phase 2: HDD,1788907866625,2026-09-08
valase,65,Phase 2: HDD,1788907866647,2026-09-08
shadowladyex,65,Phase 2: HDD,1788907866926,2026-09-08
silent_luc,45,Phase 1: RAM,1788909287970,2026-09-08
pika_gamy,45,Phase 1: RAM,1788909287986,2026-09-08
ikaliayev,45,Phase 1: RAM,1788909288003,2026-09-08
avin_novor,45,Phase 1: RAM,1788909288005,2026-09-08
valase,45,Phase 1: RAM,1788909288007,2026-09-08
snoopys030,45,Phase 1: RAM,1788909288015,2026-09-08
alexwifi42,45,Phase 1: RAM,1788909288016,2026-09-08
llucholba,45,Phase 1: RAM,1788909288020,2026-09-08
shadowladyex,45,Phase 1: RAM,1788909288048,2026-09-08
shadowladyex,65,Phase 2: HDD,1788909999180,2026-09-08
lmbs00,65,Phase 2: HDD,1788909999182,2026-09-08
snoopys030,65,Phase 2: HDD,1788909999190,2026-09-08
ichuy07,65,Phase 2: HDD,1788909999193,2026-09-08
ikaliayev,65,Phase 2: HDD,1788909999198,2026-09-08
silent_luc,65,Phase 2: HDD,1788909999215,2026-09-08
lovegamesandthings00000,65,Phase 2: HDD,1788909999221,2026-09-08
valase,65,Phase 2: HDD,1788909999224,2026-09-08
pika_gamy,65,Phase 2: HDD,1788909999226,2026-09-08
avin_novor,65,Phase 2: HDD,1788909999242,2026-09-08
dahhel,45,Phase 1: GPU,1788911572381,2026-09-08
ikaliayev,45,Phase 1: GPU,1788911572393,2026-09-08
snoopys030,45,Phase 1: GPU,1788911572395,2026-09-08
lovegamesandthings00000,45,Phase 1: GPU,1788911572417,2026-09-08
lmbs00,45,Phase 1: GPU,1788911572419,2026-09-08
silent_luc,45,Phase 1: GPU,1788911572427,2026-09-08
thanossoul,45,Phase 1: GPU,1788911572429,2026-09-08
valase,45,Phase 1: GPU,1788911572431,2026-09-08
player0451,45,Phase 1: GPU,1788911572432,2026-09-08
aswd002,45,Phase 1: GPU,1788911572438,2026-09-08
pika_gamy,45,Phase 1: GPU,1788911572440,2026-09-08
shadowladyex,45,Phase 1: GPU,1788911572460,2026-09-08
ikaliayev,65,Phase 2: HDD,1788912258885,2026-09-09
player0451,65,Phase 2: HDD,1788912258888,2026-09-09
lmbs00,65,Phase 2: HDD,1788912258915,2026-09-09
pika_gamy,65,Phase 2: HDD,1788912258918,2026-09-09
valase,65,Phase 2: HDD,1788912258923,2026-09-09
snoopys030,65,Phase 2: HDD,1788912258931,2026-09-09
avin_novor,65,Phase 2: HDD,1788912258940,2026-09-09
dahhel,65,Phase 2: HDD,1788912258961,2026-09-09
shadowladyex,65,Phase 2: HDD,1788912258965,2026-09-09
silent_luc,65,Phase 2: HDD,1788912258978,2026-09-09
lmbs00,45,Phase 1: GPU,1788914808793,2026-09-09
silent_luc,45,Phase 1: GPU,1788914808821,2026-09-09
dahhel,45,Phase 1: GPU,1788914808838,2026-09-09
valase,45,Phase 1: GPU,1788914808841,2026-09-09
ikaliayev,45,Phase 1: GPU,1788914808842,2026-09-09
thanossoul,45,Phase 1: GPU,1788914808846,2026-09-09
lmbs00,45,Phase 1: GPU,1788916258229,2026-09-09
dahhel,45,Phase 1: GPU,1788916258243,2026-09-09
thanossoul,45,Phase 1: GPU,1788916258248,2026-09-09
valase,45,Phase 1: GPU,1788916258270,2026-09-09
pika_gamy,45,Phase 1: GPU,1788916258307,2026-09-09
ikaliayev,45,Phase 1: GPU,1788916258316,2026-09-09
silent_luc,45,Phase 1: GPU,1788916258321,2026-09-09
avin_novor,65,Phase 2: CPU,1788916877998,2026-09-09
thanossoul,65,Phase 2: CPU,1788916878001,2026-09-09
snoopys030,65,Phase 2: CPU,1788916878008,2026-09-09
pika_gamy,65,Phase 2: CPU,1788916878019,2026-09-09
dahhel,65,Phase 2: CPU,1788916878025,2026-09-09
silent_luc,65,Phase 2: CPU,1788916878029,2026-09-09
lovegamesandthings00000,65,Phase 2: CPU,1788916878031,2026-09-09
ikaliayev,65,Phase 2: CPU,1788916878039,2026-09-09
lmbs00,65,Phase 2: CPU,1788916878043,2026-09-09
pika_gamy,90,Phase 3: RAM,1788917338032,2026-09-09
lmbs00,90,Phase 3: RAM,1788917338036,2026-09-09
silent_luc,90,Phase 3: RAM,1788917338047,2026-09-09
valase,90,Phase 3: RAM,1788917338054,2026-09-09
dahhel,90,Phase 3: RAM,1788917338063,2026-09-09
avin_novor,90,Phase 3: RAM,1788917338068,2026-09-09
ikaliayev,90,Phase 3: RAM,1788917338071,2026-09-09
thanossoul,90,Phase 3: RAM,1788917338074,2026-09-09
snoopys030,90,Phase 3: RAM,1788917338087,2026-09-09
dahhel,45,Phase 1: RAM,1788918678774,2026-09-09
silent_luc,45,Phase 1: RAM,1788918678776,2026-09-09
lmbs00,45,Phase 1: RAM,1788918678777,2026-09-09
madagascaradam,45,Phase 1: RAM,1788918678781,2026-09-09
ikaliayev,45,Phase 1: RAM,1788918678801,2026-09-09
valase,45,Phase 1: RAM,1788918678830,2026-09-09
snoopys030,45,Phase 1: RAM,1788918678833,2026-09-09
ikaliayev,65,Phase 2: GPU,1788919221843,2026-09-09
valase,65,Phase 2: GPU,1788919221845,2026-09-09
lmbs00,65,Phase 2: GPU,1788919221847,2026-09-09
dahhel,65,Phase 2: GPU,1788919221854,2026-09-09
silent_luc,65,Phase 2: GPU,1788919221856,2026-09-09
snoopys030,65,Phase 2: GPU,1788919221858,2026-09-09
llucholba,90,Phase 3: HDD,1788919977853,2026-09-09
hopelessss_,90,Phase 3: HDD,1788919977855,2026-09-09
ikaliayev,90,Phase 3: HDD,1788919977857,2026-09-09
dahhel,90,Phase 3: HDD,1788919977880,2026-09-09
snoopys030,90,Phase 3: HDD,1788919977922,2026-09-09
lmbs00,90,Phase 3: HDD,1788919977928,2026-09-09
madagascaradam,90,Phase 3: HDD,1788919977931,2026-09-09
silent_luc,90,Phase 3: HDD,1788919977933,2026-09-09
avin_novor,90,Phase 3: HDD,1788919977935,2026-09-09
valase,90,Phase 3: HDD,1788919977938,2026-09-09
lmbs00,120,Phase 4: CPU,1788920397795,2026-09-09
snoopys030,120,Phase 4: CPU,1788920397800,2026-09-09
thanossoul,120,Phase 4: CPU,1788920397803,2026-09-09
silent_luc,120,Phase 4: CPU,1788920397812,2026-09-09
ikaliayev,120,Phase 4: CPU,1788920397816,2026-09-09
dahhel,120,Phase 4: CPU,1788920397818,2026-09-09
avin_novor,120,Phase 4: CPU,1788920397841,2026-09-09
snoopys030,100,proStar bonus: all 4 phases,1788920398267,2026-09-09
dahhel,100,proStar bonus: all 4 phases,1788920398281,2026-09-09
ikaliayev,100,proStar bonus: all 4 phases,1788920398283,2026-09-09
lmbs00,100,proStar bonus: all 4 phases,1788920398285,2026-09-09
silent_luc,100,proStar bonus: all 4 phases,1788920398366,2026-09-09
lmbs00,45,Phase 1: GPU,1788921363753,2026-09-09
valase,45,Phase 1: GPU,1788921363766,2026-09-09
madagascaradam,45,Phase 1: GPU,1788921363778,2026-09-09
dahhel,45,Phase 1: GPU,1788921363784,2026-09-09
avin_novor,45,Phase 1: GPU,1788921363787,2026-09-09
ikaliayev,45,Phase 1: GPU,1788921363791,2026-09-09
mori2323,45,Phase 1: GPU,1788921363795,2026-09-09
snoopys030,45,Phase 1: GPU,1788921363800,2026-09-09
lmbs00,65,Phase 2: RAM,1788921998822,2026-09-09
thanossoul,65,Phase 2: RAM,1788921998837,2026-09-09
dahhel,65,Phase 2: RAM,1788921998842,2026-09-09
valase,65,Phase 2: RAM,1788921998848,2026-09-09
slay_da_b,65,Phase 2: RAM,1788921998852,2026-09-09
ikaliayev,65,Phase 2: RAM,1788921998863,2026-09-09
snoopys030,65,Phase 2: RAM,1788921998877,2026-09-09
player0451,90,Phase 3: CPU,1788922688727,2026-09-09
avin_novor,90,Phase 3: CPU,1788922688732,2026-09-09
madagascaradam,90,Phase 3: CPU,1788922688737,2026-09-09
dahhel,90,Phase 3: CPU,1788922688748,2026-09-09
lmbs00,90,Phase 3: CPU,1788922688752,2026-09-09
slay_da_b,90,Phase 3: CPU,1788922688799,2026-09-09
mori2323,90,Phase 3: CPU,1788922688804,2026-09-09
ikaliayev,90,Phase 3: CPU,1788922688809,2026-09-09
valase,90,Phase 3: CPU,1788922688834,2026-09-09
lmbs00,45,Phase 1: RAM,1788923770559,2026-09-09
valase,45,Phase 1: RAM,1788923770568,2026-09-09
ikaliayev,45,Phase 1: RAM,1788923770586,2026-09-09
dahhel,45,Phase 1: RAM,1788923770656,2026-09-09
dahhel,65,Phase 2: GPU,1788924328512,2026-09-09
mori2323,65,Phase 2: GPU,1788924328526,2026-09-09
valase,65,Phase 2: GPU,1788924328532,2026-09-09
lmbs00,65,Phase 2: GPU,1788924328537,2026-09-09
alfims,65,Phase 2: GPU,1788924328549,2026-09-09
ikaliayev,65,Phase 2: GPU,1788924328552,2026-09-09
valase,45,Phase 1: GPU,1788925725215,2026-09-09
lmbs00,45,Phase 1: GPU,1788925725217,2026-09-09
dahhel,45,Phase 1: GPU,1788925725219,2026-09-09
xiaoxiao9313,45,Phase 1: GPU,1788925725303,2026-09-09
mori2323,45,Phase 1: GPU,1788925725309,2026-09-09
ichuy07,45,Phase 1: GPU,1788925725313,2026-09-09
alfims,45,Phase 1: GPU,1788925725314,2026-09-09
ikaliayev,45,Phase 1: GPU,1788925725342,2026-09-09
dahhel,65,Phase 2: CPU,1788926416129,2026-09-09
llucholba,65,Phase 2: CPU,1788926416141,2026-09-09
lmbs00,65,Phase 2: CPU,1788926416150,2026-09-09
xiaoxiao9313,65,Phase 2: CPU,1788926416154,2026-09-09
mori2323,65,Phase 2: CPU,1788926416174,2026-09-09
ikaliayev,65,Phase 2: CPU,1788926416178,2026-09-09
avin_novor,65,Phase 2: CPU,1788926416181,2026-09-09
alfims,65,Phase 2: CPU,1788926416197,2026-09-09
dahhel,90,Phase 3: RAM,1788926916181,2026-09-09
ikaliayev,90,Phase 3: RAM,1788926916190,2026-09-09
alfims,90,Phase 3: RAM,1788926916196,2026-09-09
lmbs00,90,Phase 3: RAM,1788926916201,2026-09-09
xiaoxiao9313,90,Phase 3: RAM,1788926916206,2026-09-09
mori2323,90,Phase 3: RAM,1788926916223,2026-09-09
slay_da_b,90,Phase 3: RAM,1788926916264,2026-09-09
lmbs00,45,Phase 1: HDD,1788927978884,2026-09-09
ikaliayev,45,Phase 1: HDD,1788927978888,2026-09-09
xiaoxiao9313,45,Phase 1: HDD,1788927978892,2026-09-09
alburldador,45,Phase 1: HDD,1788927978915,2026-09-09
dahhel,45,Phase 1: HDD,1788927978934,2026-09-09
dahhel,45,Phase 1: GPU,1788929659998,2026-09-09
mori2323,45,Phase 1: GPU,1788929660020,2026-09-09
xiaoxiao9313,45,Phase 1: GPU,1788929660023,2026-09-09
louis_of_apshai,45,Phase 1: GPU,1788929660025,2026-09-09
ikaliayev,45,Phase 1: GPU,1788929660029,2026-09-09
avin_novor,45,Phase 1: GPU,1788929660031,2026-09-09
alburldador,45,Phase 1: GPU,1788929660036,2026-09-09
ivanpetrov32,45,Phase 1: GPU,1788929660039,2026-09-09
darkranx,45,Phase 1: GPU,1788929660048,2026-09-09
lmbs00,45,Phase 1: GPU,1788929660054,2026-09-09
lmbs00,65,Phase 2: HDD,1788930242484,2026-09-09
alburldador,65,Phase 2: HDD,1788930242488,2026-09-09
ichuy07,65,Phase 2: HDD,1788930242509,2026-09-09
ikaliayev,65,Phase 2: HDD,1788930242518,2026-09-09
darkranx,65,Phase 2: HDD,1788930242546,2026-09-09
dahhel,65,Phase 2: HDD,1788930242569,2026-09-09
mori2323,65,Phase 2: HDD,1788930242582,2026-09-09
xiaoxiao9313,65,Phase 2: HDD,1788930242594,2026-09-09
llucholba,65,Phase 2: HDD,1788930242608,2026-09-09
mori2323,45,Phase 1: CPU,1788931481311,2026-09-09
lmbs00,45,Phase 1: CPU,1788931481319,2026-09-09
ikaliayev,45,Phase 1: CPU,1788931481325,2026-09-09
ivanpetrov32,45,Phase 1: CPU,1788931481333,2026-09-09
xiaoxiao9313,45,Phase 1: CPU,1788931481353,2026-09-09
alburldador,45,Phase 1: CPU,1788931481371,2026-09-09
alburldador,65,Phase 2: RAM,1788931945353,2026-09-09
lmbs00,65,Phase 2: RAM,1788931945366,2026-09-09
ivanpetrov32,65,Phase 2: RAM,1788931945381,2026-09-09
alfims,65,Phase 2: RAM,1788931945384,2026-09-09
mori2323,65,Phase 2: RAM,1788931945391,2026-09-09
lmbs00,45,Phase 1: RAM,1788933182963,2026-09-09
pika_gamy,45,Phase 1: RAM,1788933182975,2026-09-09
xiaoxiao9313,45,Phase 1: RAM,1788933182980,2026-09-09
llucholba,45,Phase 1: RAM,1788933182982,2026-09-09
mori2323,45,Phase 1: RAM,1788933183064,2026-09-09
madagascaradam,45,Phase 1: RAM,1788933183074,2026-09-09
ichuy07,45,Phase 1: RAM,1788934461818,2026-09-09
mori2323,45,Phase 1: RAM,1788934461825,2026-09-09
pika_gamy,45,Phase 1: RAM,1788934461830,2026-09-09
ikaliayev,45,Phase 1: RAM,1788934461839,2026-09-09
lmbs00,45,Phase 1: GPU,1788935799401,2026-09-09
xiaoxiao9313,45,Phase 1: GPU,1788935799415,2026-09-09
ikaliayev,45,Phase 1: GPU,1788935799422,2026-09-09
pika_gamy,45,Phase 1: GPU,1788935799430,2026-09-09
ikaliayev,65,Phase 2: CPU,1788936302426,2026-09-09
mori2323,65,Phase 2: CPU,1788936302433,2026-09-09
ivanpetrov32,65,Phase 2: CPU,1788936302439,2026-09-09
lmbs00,65,Phase 2: CPU,1788936302444,2026-09-09
xiaoxiao9313,65,Phase 2: CPU,1788936302446,2026-09-09
darkranx,65,Phase 2: CPU,1788936302482,2026-09-09
mori2323,45,Phase 1: HDD,1788937559971,2026-09-09
alfims,45,Phase 1: HDD,1788937559973,2026-09-09
xiaoxiao9313,45,Phase 1: HDD,1788937559976,2026-09-09
lmbs00,45,Phase 1: HDD,1788937559980,2026-09-09
avin_novor,45,Phase 1: HDD,1788937559984,2026-09-09
slay_da_b,45,Phase 1: HDD,1788937559985,2026-09-09
ikaliayev,45,Phase 1: HDD,1788937559993,2026-09-09
lmbs00,65,Phase 2: GPU,1788937975937,2026-09-09
mori2323,65,Phase 2: GPU,1788937975971,2026-09-09
ikaliayev,65,Phase 2: GPU,1788937975975,2026-09-09
xiaoxiao9313,65,Phase 2: GPU,1788937975993,2026-09-09
mori2323,45,Phase 1: HDD,1788939188468,2026-09-09
ikaliayev,45,Phase 1: HDD,1788939188473,2026-09-09
xiaoxiao9313,45,Phase 1: HDD,1788939188476,2026-09-09
lmbs00,45,Phase 1: HDD,1788939188478,2026-09-09
ichuy07,45,Phase 1: HDD,1788939188496,2026-09-09
ichuy07,65,Phase 2: CPU,1788939674475,2026-09-09
lmbs00,65,Phase 2: CPU,1788939674484,2026-09-09
mori2323,65,Phase 2: CPU,1788939674488,2026-09-09
ikaliayev,65,Phase 2: CPU,1788939674512,2026-09-09
ikaliayev,45,Phase 1: CPU,1788940718160,2026-09-09
ivanpetrov32,45,Phase 1: CPU,1788940718264,2026-09-09
mori2323,45,Phase 1: CPU,1788940718275,2026-09-09
mori2323,45,Phase 1: CPU,1788942137773,2026-09-09
xiaoxiao9313,45,Phase 1: CPU,1788942137789,2026-09-09
slay_da_b,45,Phase 1: CPU,1788942137792,2026-09-09
ivanpetrov32,45,Phase 1: CPU,1788942137794,2026-09-09
ikaliayev,45,Phase 1: CPU,1788942137879,2026-09-09
ikaliayev,65,Phase 2: HDD,1788942660812,2026-09-09
mori2323,65,Phase 2: HDD,1788942660831,2026-09-09
hopelessss_,65,Phase 2: HDD,1788942660859,2026-09-09
xiaoxiao9313,65,Phase 2: HDD,1788942660867,2026-09-09
ivanpetrov32,65,Phase 2: HDD,1788942660904,2026-09-09
hopelessss_,45,Phase 1: RAM,1788943901442,2026-09-09
lillakra,45,Phase 1: RAM,1788943901444,2026-09-09
xiaoxiao9313,45,Phase 1: RAM,1788943901446,2026-09-09
shadowladyex,45,Phase 1: RAM,1788943901450,2026-09-09
mori2323,45,Phase 1: RAM,1788943901463,2026-09-09
mori2323,65,Phase 2: GPU,1788944406465,2026-09-09
xiaoxiao9313,65,Phase 2: GPU,1788944406468,2026-09-09
slay_da_b,65,Phase 2: GPU,1788944406472,2026-09-09
snoopys030,65,Phase 2: GPU,1788944406580,2026-09-09
snoopys030,45,Phase 1: RAM,1788945872727,2026-09-09
shadowladyex,45,Phase 1: RAM,1788945872742,2026-09-09
alfims,45,Phase 1: RAM,1788945872744,2026-09-09
slay_da_b,45,Phase 1: RAM,1788945872746,2026-09-09
mori2323,45,Phase 1: RAM,1788945872749,2026-09-09
operacional_cae,45,Phase 1: RAM,1788945872757,2026-09-09
ikaliayev,45,Phase 1: RAM,1788945872764,2026-09-09
xiaoxiao9313,45,Phase 1: RAM,1788945872766,2026-09-09
whitepai,45,Phase 1: RAM,1788945872779,2026-09-09
mori2323,65,Phase 2: CPU,1788946471144,2026-09-09
puphik,65,Phase 2: CPU,1788946471146,2026-09-09
whitepai,65,Phase 2: CPU,1788946471154,2026-09-09
shadowladyex,65,Phase 2: CPU,1788946471156,2026-09-09
xiaoxiao9313,65,Phase 2: CPU,1788946471163,2026-09-09
snoopys030,65,Phase 2: CPU,1788946471166,2026-09-09
ikaliayev,65,Phase 2: CPU,1788946471170,2026-09-09
alfims,65,Phase 2: CPU,1788946471178,2026-09-09
xiaoxiao9313,45,Phase 1: CPU,1788947793890,2026-09-09
shadowladyex,45,Phase 1: CPU,1788947793896,2026-09-09
operacional_cae,45,Phase 1: CPU,1788947793897,2026-09-09
mori2323,45,Phase 1: CPU,1788947793912,2026-09-09
hopelessss_,45,Phase 1: CPU,1788947793916,2026-09-09
whitepai,45,Phase 1: CPU,1788947793933,2026-09-09
ikaliayev,45,Phase 1: CPU,1788947793989,2026-09-09
pika_gamy,45,Phase 1: CPU,1788947793991,2026-09-09
slay_da_b,65,Phase 2: HDD,1788948620881,2026-09-09
mori2323,65,Phase 2: HDD,1788948620884,2026-09-09
shadowladyex,65,Phase 2: HDD,1788948620890,2026-09-09
xiaoxiao9313,65,Phase 2: HDD,1788948620891,2026-09-09
alexwifi42,65,Phase 2: HDD,1788948620893,2026-09-09
ikaliayev,65,Phase 2: HDD,1788948620906,2026-09-09
yurigiu,65,Phase 2: HDD,1788948620909,2026-09-09
whitepai,65,Phase 2: HDD,1788948620912,2026-09-09
snoopys030,65,Phase 2: HDD,1788948620917,2026-09-09
pika_gamy,65,Phase 2: HDD,1788948620923,2026-09-09
operacional_cae,65,Phase 2: HDD,1788948620944,2026-09-09
lillakra,65,Phase 2: HDD,1788948620952,2026-09-09
hopelessss_,65,Phase 2: HDD,1788948620953,2026-09-09
slay_da_b,45,Phase 1: RAM,1788949926628,2026-09-09
hopelessss_,45,Phase 1: RAM,1788949926633,2026-09-09
ivanpetrov32,45,Phase 1: RAM,1788949926636,2026-09-09
alfims,45,Phase 1: RAM,1788949926641,2026-09-09
pika_gamy,45,Phase 1: RAM,1788949926642,2026-09-09
mori2323,45,Phase 1: RAM,1788949926646,2026-09-09
whitepai,45,Phase 1: RAM,1788949926662,2026-09-09
alexwifi42,45,Phase 1: RAM,1788949926665,2026-09-09
xiaoxiao9313,45,Phase 1: RAM,1788949926683,2026-09-09
pika_gamy,45,Phase 1: GPU,1788951464132,2026-09-09
xiaoxiao9313,45,Phase 1: GPU,1788951464141,2026-09-09
lovegamesandthings00000,45,Phase 1: GPU,1788951464143,2026-09-09
shadowladyex,45,Phase 1: GPU,1788951464145,2026-09-09
mori2323,45,Phase 1: GPU,1788951464155,2026-09-09
ivanpetrov32,45,Phase 1: GPU,1788951464160,2026-09-09
snoopys030,45,Phase 1: GPU,1788951464163,2026-09-09
hopelessss_,45,Phase 1: GPU,1788951464225,2026-09-09
operacional_cae,45,Phase 1: HDD,1788953348702,2026-09-09
xiaoxiao9313,45,Phase 1: HDD,1788953348719,2026-09-09
ivanpetrov32,45,Phase 1: HDD,1788953348721,2026-09-09
silent_luc,45,Phase 1: HDD,1788953348725,2026-09-09
shadowladyex,45,Phase 1: HDD,1788953348727,2026-09-09
pika_gamy,45,Phase 1: HDD,1788953348730,2026-09-09
snoopys030,45,Phase 1: HDD,1788953348735,2026-09-09
alyssrentori,45,Phase 1: HDD,1788953348744,2026-09-09
alphonsoe,45,Phase 1: HDD,1788953348748,2026-09-09
whitepai,45,Phase 1: HDD,1788953348751,2026-09-09
slay_da_b,45,Phase 1: HDD,1788953348758,2026-09-09
hopelessss_,45,Phase 1: HDD,1788953348759,2026-09-09
mori2323,45,Phase 1: HDD,1788953348879,2026-09-09
alphonsoe,65,Phase 2: CPU,1788954092896,2026-09-09
yurigiu,65,Phase 2: CPU,1788954092909,2026-09-09
hopelessss_,65,Phase 2: CPU,1788954092911,2026-09-09
snoopys030,65,Phase 2: CPU,1788954092920,2026-09-09
ivanpetrov32,65,Phase 2: CPU,1788954092924,2026-09-09
mori2323,65,Phase 2: CPU,1788954092955,2026-09-09
silent_luc,65,Phase 2: CPU,1788954092957,2026-09-09
slay_da_b,65,Phase 2: CPU,1788954092960,2026-09-09
xiaoxiao9313,65,Phase 2: CPU,1788954092962,2026-09-09
ivanpetrov32,45,Phase 1: GPU,1788955519806,2026-09-09
snoopys030,45,Phase 1: GPU,1788955519818,2026-09-09
silent_luc,45,Phase 1: GPU,1788955519820,2026-09-09
mori2323,45,Phase 1: GPU,1788955519823,2026-09-09
shadowladyex,45,Phase 1: GPU,1788955519832,2026-09-09
xiaoxiao9313,45,Phase 1: GPU,1788955519834,2026-09-09
hopelessss_,45,Phase 1: GPU,1788955519844,2026-09-09
slay_da_b,45,Phase 1: GPU,1788955519846,2026-09-09
alphonsoe,45,Phase 1: GPU,1788955519850,2026-09-09
operacional_cae,45,Phase 1: GPU,1788955519860,2026-09-09
pika_gamy,45,Phase 1: GPU,1788955519874,2026-09-09
slay_da_b,65,Phase 2: RAM,1788955919563,2026-09-09
shadowladyex,65,Phase 2: RAM,1788955919580,2026-09-09
xiaoxiao9313,65,Phase 2: RAM,1788955919581,2026-09-09
ivanpetrov32,65,Phase 2: RAM,1788955919584,2026-09-09
cerebralx1,65,Phase 2: RAM,1788955919586,2026-09-09
alphonsoe,65,Phase 2: RAM,1788955919587,2026-09-09
alphonsoe,45,Phase 1: HDD,1788957365415,2026-09-09
slay_da_b,45,Phase 1: HDD,1788957365432,2026-09-09
snoopys030,45,Phase 1: HDD,1788957365434,2026-09-09
shadowladyex,45,Phase 1: HDD,1788957365436,2026-09-09
lovegamesandthings00000,45,Phase 1: HDD,1788957365494,2026-09-09
alfims,45,Phase 1: HDD,1788957365509,2026-09-09
cerebralx1,45,Phase 1: HDD,1788957365511,2026-09-09
pika_gamy,45,Phase 1: HDD,1788957365521,2026-09-09
silent_luc,45,Phase 1: HDD,1788957365522,2026-09-09
mori2323,45,Phase 1: HDD,1788957365525,2026-09-09
madagascaradam,65,Phase 2: GPU,1788957811253,2026-09-09
mori2323,65,Phase 2: GPU,1788957811259,2026-09-09
silent_luc,65,Phase 2: GPU,1788957811266,2026-09-09
alphonsoe,65,Phase 2: GPU,1788957811271,2026-09-09
shadowladyex,65,Phase 2: GPU,1788957811275,2026-09-09
pika_gamy,45,Phase 1: RAM,1788959378156,2026-09-09
snoopys030,45,Phase 1: RAM,1788959378164,2026-09-09
mori2323,45,Phase 1: RAM,1788959378172,2026-09-09
alfims,45,Phase 1: RAM,1788959378182,2026-09-09
thanossoul,45,Phase 1: RAM,1788959378186,2026-09-09
ivanpetrov32,45,Phase 1: RAM,1788959378187,2026-09-09
madagascaradam,45,Phase 1: RAM,1788959378189,2026-09-09
shadowladyex,45,Phase 1: RAM,1788959378192,2026-09-09
cerebralx1,45,Phase 1: RAM,1788959378195,2026-09-09
silent_luc,45,Phase 1: RAM,1788959378199,2026-09-09
alphonsoe,45,Phase 1: RAM,1788959378251,2026-09-09
cerebralx1,65,Phase 2: CPU,1788959876840,2026-09-09
shadowladyex,65,Phase 2: CPU,1788959876846,2026-09-09
mori2323,65,Phase 2: CPU,1788959876848,2026-09-09
madagascaradam,65,Phase 2: CPU,1788959876852,2026-09-09
snoopys030,65,Phase 2: CPU,1788959876920,2026-09-09
thanossoul,65,Phase 2: CPU,1788959877169,2026-09-09
pika_gamy,45,Phase 1: CPU,1788961237444,2026-09-09
thanossoul,45,Phase 1: CPU,1788961237448,2026-09-09
silent_luc,45,Phase 1: CPU,1788961237453,2026-09-09
cerebralx1,45,Phase 1: CPU,1788961237456,2026-09-09
shadowladyex,45,Phase 1: CPU,1788961237461,2026-09-09
mori2323,45,Phase 1: CPU,1788961237475,2026-09-09
xiaoxiao9313,45,Phase 1: CPU,1788961237481,2026-09-09
lovegamesandthings00000,45,Phase 1: CPU,1788961237550,2026-09-09
valase,45,Phase 1: GPU,1788962524202,2026-09-09
mori2323,45,Phase 1: GPU,1788962524211,2026-09-09
shadowladyex,45,Phase 1: GPU,1788962524233,2026-09-09
silent_luc,45,Phase 1: GPU,1788962524236,2026-09-09
alphonsoe,65,Phase 2: CPU,1788962941242,2026-09-09
shadowladyex,65,Phase 2: CPU,1788962941246,2026-09-09
silent_luc,65,Phase 2: CPU,1788962941282,2026-09-09
thanossoul,65,Phase 2: CPU,1788962941283,2026-09-09
mori2323,65,Phase 2: CPU,1788962941288,2026-09-09
xiaoxiao9313,65,Phase 2: CPU,1788962941335,2026-09-09
valase,45,Phase 1: GPU,1788964374004,2026-09-09
cerebralx1,45,Phase 1: GPU,1788964374016,2026-09-09
thanossoul,45,Phase 1: GPU,1788964374020,2026-09-09
shadowladyex,45,Phase 1: GPU,1788964374024,2026-09-09
pika_gamy,45,Phase 1: GPU,1788964374027,2026-09-09
alphonsoe,45,Phase 1: GPU,1788964374032,2026-09-09
mori2323,45,Phase 1: GPU,1788964374037,2026-09-09
avin_novor,45,Phase 1: GPU,1788964374073,2026-09-09
silent_luc,45,Phase 1: GPU,1788964374097,2026-09-09
xiaoxiao9313,45,Phase 1: GPU,1788964374118,2026-09-09
operacional_cae,45,Phase 1: GPU,1788964374124,2026-09-09
player0451,45,Phase 1: HDD,1788966049307,2026-09-09
valase,45,Phase 1: HDD,1788966049322,2026-09-09
alphonsoe,45,Phase 1: HDD,1788966049326,2026-09-09
pika_gamy,45,Phase 1: HDD,1788966049332,2026-09-09
xiaoxiao9313,45,Phase 1: HDD,1788966049336,2026-09-09
shadowladyex,45,Phase 1: HDD,1788966049347,2026-09-09
lmbs00,45,Phase 1: HDD,1788966049352,2026-09-09
avin_novor,45,Phase 1: HDD,1788966049365,2026-09-09
mori2323,45,Phase 1: HDD,1788966050115,2026-09-09
mori2323,65,Phase 2: GPU,1788966461858,2026-09-09
lmbs00,65,Phase 2: GPU,1788966461864,2026-09-09
shadowladyex,65,Phase 2: GPU,1788966461880,2026-09-09
xiaoxiao9313,65,Phase 2: GPU,1788966461889,2026-09-09
silent_luc,65,Phase 2: GPU,1788966461898,2026-09-09
valase,65,Phase 2: GPU,1788966461931,2026-09-09
ivanpetrov32,45,Phase 1: HDD,1788967927807,2026-09-09
mori2323,45,Phase 1: HDD,1788967927823,2026-09-09
xiaoxiao9313,45,Phase 1: HDD,1788967927840,2026-09-09
thanossoul,45,Phase 1: HDD,1788967927842,2026-09-09
lmbs00,45,Phase 1: HDD,1788967927848,2026-09-09
shadowladyex,45,Phase 1: HDD,1788967927850,2026-09-09
alexwifi42,45,Phase 1: HDD,1788967927853,2026-09-09
alphonsoe,45,Phase 1: HDD,1788967927861,2026-09-09
valase,45,Phase 1: HDD,1788967927864,2026-09-09
pika_gamy,45,Phase 1: HDD,1788967927867,2026-09-09
alphonsoe,65,Phase 2: GPU,1788968485595,2026-09-09
pika_gamy,65,Phase 2: GPU,1788968485604,2026-09-09
thanossoul,65,Phase 2: GPU,1788968485607,2026-09-09
silent_luc,65,Phase 2: GPU,1788968485611,2026-09-09
valase,65,Phase 2: GPU,1788968485619,2026-09-09
shadowladyex,65,Phase 2: GPU,1788968485620,2026-09-09
xiaoxiao9313,65,Phase 2: GPU,1788968485623,2026-09-09
pika_gamy,90,Phase 3: CPU,1788969100571,2026-09-09
thanossoul,90,Phase 3: CPU,1788969100584,2026-09-09
mori2323,90,Phase 3: CPU,1788969100599,2026-09-09
avin_novor,90,Phase 3: CPU,1788969100605,2026-09-09
silent_luc,90,Phase 3: CPU,1788969100610,2026-09-09
player0451,90,Phase 3: CPU,1788969100631,2026-09-09
valase,90,Phase 3: CPU,1788969100645,2026-09-09
xiaoxiao9313,90,Phase 3: CPU,1788969100647,2026-09-09
shadowladyex,90,Phase 3: CPU,1788969100657,2026-09-09
alphonsoe,90,Phase 3: CPU,1788969100659,2026-09-09
ikaliayev,90,Phase 3: CPU,1788969100666,2026-09-09
lmbs00,90,Phase 3: CPU,1788969100677,2026-09-09
silent_luc,45,Phase 1: GPU,1788970549773,2026-09-09
dahhel,45,Phase 1: GPU,1788970549787,2026-09-09
xiaoxiao9313,45,Phase 1: GPU,1788970549792,2026-09-09
mori2323,45,Phase 1: GPU,1788970549797,2026-09-09
ikaliayev,45,Phase 1: GPU,1788970549803,2026-09-09
avin_novor,45,Phase 1: GPU,1788970549807,2026-09-09
lmbs00,45,Phase 1: GPU,1788970549814,2026-09-09
valase,45,Phase 1: GPU,1788970549816,2026-09-09
shadowladyex,45,Phase 1: GPU,1788970549819,2026-09-09
ivanpetrov32,45,Phase 1: GPU,1788970549852,2026-09-09
mori2323,65,Phase 2: CPU,1788971448197,2026-09-09
xiaoxiao9313,65,Phase 2: CPU,1788971448206,2026-09-09
silent_luc,65,Phase 2: CPU,1788971448211,2026-09-09
alburldador,65,Phase 2: CPU,1788971448214,2026-09-09
slay_da_b,65,Phase 2: CPU,1788971448226,2026-09-09
ikaliayev,65,Phase 2: CPU,1788971448230,2026-09-09
lovegamesandthings00000,65,Phase 2: CPU,1788971448232,2026-09-09
lmbs00,65,Phase 2: CPU,1788971448240,2026-09-09
dahhel,65,Phase 2: CPU,1788971448244,2026-09-09
ivanpetrov32,65,Phase 2: CPU,1788971448245,2026-09-09
shadowladyex,65,Phase 2: CPU,1788971448247,2026-09-09
pika_gamy,65,Phase 2: CPU,1788971448249,2026-09-09
valase,65,Phase 2: CPU,1788971448357,2026-09-09
ivanpetrov32,90,Phase 3: RAM,1788971862201,2026-09-09
xiaoxiao9313,90,Phase 3: RAM,1788971862205,2026-09-09
dahhel,90,Phase 3: RAM,1788971862210,2026-09-09
lmbs00,90,Phase 3: RAM,1788971862213,2026-09-09
ikaliayev,90,Phase 3: RAM,1788971862217,2026-09-09
shadowladyex,90,Phase 3: RAM,1788971862221,2026-09-09
pika_gamy,90,Phase 3: RAM,1788971862250,2026-09-09
alburldador,90,Phase 3: RAM,1788971862263,2026-09-09
lmbs00,45,Phase 1: CPU,1788973232056,2026-09-09
shadowladyex,45,Phase 1: CPU,1788973232070,2026-09-09
dahhel,45,Phase 1: CPU,1788973232079,2026-09-09
mori2323,45,Phase 1: CPU,1788973232081,2026-09-09
ikaliayev,45,Phase 1: CPU,1788973232096,2026-09-09
avin_novor,45,Phase 1: CPU,1788973232112,2026-09-09
valase,45,Phase 1: CPU,1788973232116,2026-09-09
xiaoxiao9313,45,Phase 1: CPU,1788973232134,2026-09-09
alburldador,45,Phase 1: CPU,1788973232142,2026-09-09
ichuy07,65,Phase 2: HDD,1788974020135,2026-09-09
alburldador,65,Phase 2: HDD,1788974020137,2026-09-09
dahhel,65,Phase 2: HDD,1788974020141,2026-09-09
lmbs00,65,Phase 2: HDD,1788974020143,2026-09-09
shadowladyex,65,Phase 2: HDD,1788974020144,2026-09-09
xiaoxiao9313,65,Phase 2: HDD,1788974020146,2026-09-09
ivanpetrov32,65,Phase 2: HDD,1788974020201,2026-09-09
silent_luc,65,Phase 2: HDD,1788974020203,2026-09-09
valase,65,Phase 2: HDD,1788974020204,2026-09-09
ikaliayev,65,Phase 2: HDD,1788974020206,2026-09-09
pika_gamy,65,Phase 2: HDD,1788974020209,2026-09-09
mori2323,65,Phase 2: HDD,1788974020217,2026-09-09
ivanpetrov32,45,Phase 1: HDD,1788975609555,2026-09-09
mori2323,45,Phase 1: HDD,1788975609570,2026-09-09
avin_novor,45,Phase 1: HDD,1788975609575,2026-09-09
lmbs00,45,Phase 1: HDD,1788975609577,2026-09-09
alexwifi42,45,Phase 1: HDD,1788975609593,2026-09-09
xiaoxiao9313,45,Phase 1: HDD,1788975609662,2026-09-09
silent_luc,45,Phase 1: HDD,1788975609673,2026-09-09
ikaliayev,45,Phase 1: HDD,1788975609678,2026-09-09
valase,45,Phase 1: HDD,1788975609690,2026-09-09
pika_gamy,45,Phase 1: HDD,1788975609811,2026-09-09
alburldador,45,Phase 1: HDD,1788975609841,2026-09-09
dahhel,45,Phase 1: HDD,1788975609934,2026-09-09
shadowladyex,45,Phase 1: HDD,1788975610152,2026-09-09
lmbs00,65,Phase 2: GPU,1788976402092,2026-09-09
dahhel,65,Phase 2: GPU,1788976402100,2026-09-09
silent_luc,65,Phase 2: GPU,1788976402106,2026-09-09
pika_gamy,65,Phase 2: GPU,1788976402109,2026-09-09
valase,65,Phase 2: GPU,1788976402114,2026-09-09
ivanpetrov32,65,Phase 2: GPU,1788976402120,2026-09-09
xiaoxiao9313,65,Phase 2: GPU,1788976402130,2026-09-09
shadowladyex,65,Phase 2: GPU,1788976402132,2026-09-09
slay_da_b,65,Phase 2: GPU,1788976402135,2026-09-09
mori2323,65,Phase 2: GPU,1788976402149,2026-09-09
alburldador,65,Phase 2: GPU,1788976402152,2026-09-09
ikaliayev,65,Phase 2: GPU,1788976402166,2026-09-09
ikaliayev,90,Phase 3: RAM,1788976869102,2026-09-09
ivanpetrov32,90,Phase 3: RAM,1788976869144,2026-09-09
xiaoxiao9313,90,Phase 3: RAM,1788976869163,2026-09-09
mori2323,90,Phase 3: RAM,1788976869180,2026-09-09
avin_novor,90,Phase 3: RAM,1788976869280,2026-09-09
dahhel,90,Phase 3: RAM,1788976869314,2026-09-09
lmbs00,90,Phase 3: RAM,1788976869451,2026-09-09
pika_gamy,90,Phase 3: RAM,1788976869455,2026-09-09
shadowladyex,90,Phase 3: RAM,1788976869556,2026-09-09
xiaoxiao9313,45,Phase 1: GPU,1788978358711,2026-09-09
alfims,45,Phase 1: GPU,1788978358720,2026-09-09
dahhel,45,Phase 1: GPU,1788978358724,2026-09-09
shadowladyex,45,Phase 1: GPU,1788978358726,2026-09-09
ivanpetrov32,45,Phase 1: GPU,1788978358732,2026-09-09
mori2323,45,Phase 1: GPU,1788978358734,2026-09-09
silent_luc,45,Phase 1: GPU,1788978358736,2026-09-09
lmbs00,45,Phase 1: GPU,1788978358740,2026-09-09
ikaliayev,45,Phase 1: GPU,1788978358746,2026-09-09
alburldador,45,Phase 1: GPU,1788978358780,2026-09-09
pika_gamy,45,Phase 1: GPU,1788978358783,2026-09-09
dahhel,65,Phase 2: CPU,1788979117104,2026-09-09
alburldador,65,Phase 2: CPU,1788979117117,2026-09-09
ikaliayev,65,Phase 2: CPU,1788979117121,2026-09-09
silent_luc,65,Phase 2: CPU,1788979117126,2026-09-09
pika_gamy,65,Phase 2: CPU,1788979117134,2026-09-09
lmbs00,65,Phase 2: CPU,1788979117137,2026-09-09
ichuy07,65,Phase 2: CPU,1788979117143,2026-09-09
xiaoxiao9313,65,Phase 2: CPU,1788979117144,2026-09-09
shadowladyex,65,Phase 2: CPU,1788979117165,2026-09-09
mori2323,65,Phase 2: CPU,1788979117943,2026-09-09
pika_gamy,90,Phase 3: RAM,1788979600104,2026-09-09
dahhel,90,Phase 3: RAM,1788979600108,2026-09-09
ivanpetrov32,90,Phase 3: RAM,1788979600141,2026-09-09
avin_novor,90,Phase 3: RAM,1788979600145,2026-09-09
silent_luc,90,Phase 3: RAM,1788979600148,2026-09-09
ikaliayev,90,Phase 3: RAM,1788979600163,2026-09-09
shadowladyex,90,Phase 3: RAM,1788979600164,2026-09-09
xiaoxiao9313,90,Phase 3: RAM,1788979600166,2026-09-09
lmbs00,90,Phase 3: RAM,1788979600172,2026-09-09
silent_luc,45,Phase 1: HDD,1788981369500,2026-09-09
ikaliayev,45,Phase 1: HDD,1788981369515,2026-09-09
shadowladyex,45,Phase 1: HDD,1788981369517,2026-09-09
pika_gamy,45,Phase 1: HDD,1788981369519,2026-09-09
thanossoul,45,Phase 1: HDD,1788981369524,2026-09-09
llucholba,45,Phase 1: HDD,1788981369532,2026-09-09
valase,45,Phase 1: HDD,1788981369537,2026-09-09
lillakra,45,Phase 1: HDD,1788981369539,2026-09-09
lmbs00,45,Phase 1: HDD,1788981369547,2026-09-09
alfims,45,Phase 1: HDD,1788981369551,2026-09-09
alburldador,45,Phase 1: HDD,1788981369556,2026-09-09
mori2323,45,Phase 1: HDD,1788981369561,2026-09-09
dahhel,45,Phase 1: HDD,1788981369563,2026-09-09
ivanpetrov32,45,Phase 1: HDD,1788981369586,2026-09-09
xiaoxiao9313,45,Phase 1: HDD,1788981369594,2026-09-09
alfims,65,Phase 2: GPU,1788982010287,2026-09-09
pika_gamy,65,Phase 2: GPU,1788982010292,2026-09-09
valase,65,Phase 2: GPU,1788982010298,2026-09-09
ikaliayev,65,Phase 2: GPU,1788982010305,2026-09-09
dahhel,65,Phase 2: GPU,1788982010311,2026-09-09
silent_luc,65,Phase 2: GPU,1788982010316,2026-09-09
shadowladyex,65,Phase 2: GPU,1788982010318,2026-09-09
lmbs00,65,Phase 2: GPU,1788982010336,2026-09-09
thanossoul,65,Phase 2: GPU,1788982010338,2026-09-09
thanossoul,90,Phase 3: RAM,1788982598200,2026-09-09
ikaliayev,90,Phase 3: RAM,1788982598209,2026-09-09
lovegamesandthings00000,90,Phase 3: RAM,1788982598233,2026-09-09
mori2323,90,Phase 3: RAM,1788982598245,2026-09-09
alburldador,90,Phase 3: RAM,1788982598295,2026-09-09
avin_novor,90,Phase 3: RAM,1788982598330,2026-09-09
player0451,90,Phase 3: RAM,1788982598379,2026-09-09
valase,90,Phase 3: RAM,1788982598400,2026-09-09
shadowladyex,90,Phase 3: RAM,1788982598422,2026-09-09
silent_luc,90,Phase 3: RAM,1788982598425,2026-09-09
dahhel,90,Phase 3: RAM,1788982598463,2026-09-09
mori2323,45,Phase 1: CPU,1788984137195,2026-09-09
shadowladyex,45,Phase 1: CPU,1788984137214,2026-09-09
cerebralx1,45,Phase 1: CPU,1788984137216,2026-09-09
lmbs00,45,Phase 1: CPU,1788984137220,2026-09-09
llucholba,45,Phase 1: CPU,1788984137222,2026-09-09
dahhel,45,Phase 1: CPU,1788984137240,2026-09-09
alburldador,45,Phase 1: CPU,1788984137260,2026-09-09
thanossoul,45,Phase 1: CPU,1788984137274,2026-09-09
silent_luc,45,Phase 1: CPU,1788984137277,2026-09-09
ikaliayev,45,Phase 1: CPU,1788984137280,2026-09-09
pika_gamy,45,Phase 1: CPU,1788984137284,2026-09-09
ikaliayev,65,Phase 2: HDD,1788984685290,2026-09-09
alburldador,65,Phase 2: HDD,1788984685298,2026-09-09
pika_gamy,65,Phase 2: HDD,1788984685302,2026-09-09
valase,65,Phase 2: HDD,1788984685324,2026-09-09
dahhel,65,Phase 2: HDD,1788984685383,2026-09-09
mori2323,65,Phase 2: HDD,1788984685414,2026-09-09
lmbs00,65,Phase 2: HDD,1788984685416,2026-09-09
cerebralx1,65,Phase 2: HDD,1788984685420,2026-09-09
silent_luc,90,Phase 3: GPU,1788985191262,2026-09-09
cerebralx1,90,Phase 3: GPU,1788985191277,2026-09-09
alburldador,90,Phase 3: GPU,1788985191279,2026-09-09
shadowladyex,90,Phase 3: GPU,1788985191292,2026-09-09
dahhel,90,Phase 3: GPU,1788985191298,2026-09-09
pika_gamy,90,Phase 3: GPU,1788985191303,2026-09-09
lmbs00,90,Phase 3: GPU,1788985191313,2026-09-09
ikaliayev,90,Phase 3: GPU,1788985191321,2026-09-09
valase,90,Phase 3: GPU,1788985191350,2026-09-09
player0451,45,Phase 1: RAM,1788986557243,2026-09-09
alburldador,45,Phase 1: RAM,1788986557256,2026-09-09
pika_gamy,45,Phase 1: RAM,1788986557260,2026-09-09
ikaliayev,45,Phase 1: RAM,1788986557264,2026-09-09
cerebralx1,45,Phase 1: RAM,1788986557267,2026-09-09
lmbs00,45,Phase 1: RAM,1788986557272,2026-09-09
louis_of_apshai,45,Phase 1: RAM,1788986557278,2026-09-09
shadowladyex,45,Phase 1: RAM,1788986557285,2026-09-09
puphik,45,Phase 1: RAM,1788986557287,2026-09-09
valase,45,Phase 1: RAM,1788986557316,2026-09-09
dahhel,45,Phase 1: RAM,1788986558048,2026-09-09
pika_gamy,65,Phase 2: HDD,1788987374321,2026-09-09
thanossoul,65,Phase 2: HDD,1788987374328,2026-09-09
alexwifi42,65,Phase 2: HDD,1788987374334,2026-09-09
cerebralx1,65,Phase 2: HDD,1788987374337,2026-09-09
puphik,65,Phase 2: HDD,1788987374357,2026-09-09
alburldador,65,Phase 2: HDD,1788987374365,2026-09-09
dahhel,65,Phase 2: HDD,1788987374367,2026-09-09
avin_novor,65,Phase 2: HDD,1788987374368,2026-09-09
silent_luc,65,Phase 2: HDD,1788987374370,2026-09-09
shadowladyex,65,Phase 2: HDD,1788987374371,2026-09-09
ikaliayev,65,Phase 2: HDD,1788987374397,2026-09-09
valase,65,Phase 2: HDD,1788987374400,2026-09-09
lmbs00,65,Phase 2: HDD,1788987374405,2026-09-09
ikaliayev,90,Phase 3: CPU,1788987847392,2026-09-09
thanossoul,90,Phase 3: CPU,1788987847394,2026-09-09
pika_gamy,90,Phase 3: CPU,1788987847400,2026-09-09
alexwifi42,90,Phase 3: CPU,1788987847405,2026-09-09
lmbs00,90,Phase 3: CPU,1788987847407,2026-09-09
valase,90,Phase 3: CPU,1788987847413,2026-09-09
dahhel,90,Phase 3: CPU,1788987847415,2026-09-09
cerebralx1,90,Phase 3: CPU,1788987847456,2026-09-09
alburldador,90,Phase 3: CPU,1788987847462,2026-09-09
puphik,90,Phase 3: CPU,1788987847469,2026-09-09
silent_luc,45,Phase 1: HDD,1788989094245,2026-09-09
shadowladyex,45,Phase 1: HDD,1788989094253,2026-09-09
dahhel,45,Phase 1: HDD,1788989094266,2026-09-09
ikaliayev,45,Phase 1: HDD,1788989094279,2026-09-09
louis_of_apshai,45,Phase 1: HDD,1788989094285,2026-09-09
avin_novor,45,Phase 1: HDD,1788989094289,2026-09-09
cerebralx1,45,Phase 1: HDD,1788989094292,2026-09-09
valase,45,Phase 1: HDD,1788989094294,2026-09-09
lmbs00,45,Phase 1: HDD,1788989094326,2026-09-09
valase,65,Phase 2: GPU,1788989590304,2026-09-09
lmbs00,65,Phase 2: GPU,1788989590309,2026-09-09
shadowladyex,65,Phase 2: GPU,1788989590314,2026-09-09
dahhel,65,Phase 2: GPU,1788989590317,2026-09-09
ikaliayev,65,Phase 2: GPU,1788989590333,2026-09-09
silent_luc,65,Phase 2: GPU,1788989590462,2026-09-09
cerebralx1,65,Phase 2: GPU,1788989590755,2026-09-09
dahhel,45,Phase 1: GPU,1788990716178,2026-09-09
lmbs00,45,Phase 1: GPU,1788990716193,2026-09-09
ikaliayev,45,Phase 1: GPU,1788990716198,2026-09-09
valase,45,Phase 1: GPU,1788990716200,2026-09-09
cerebralx1,45,Phase 1: GPU,1788990716207,2026-09-09
shadowladyex,45,Phase 1: GPU,1788990716211,2026-09-09
valase,65,Phase 2: CPU,1788991163268,2026-09-09
lmbs00,65,Phase 2: CPU,1788991163270,2026-09-09
ikaliayev,65,Phase 2: CPU,1788991163272,2026-09-09
avin_novor,65,Phase 2: CPU,1788991163273,2026-09-09
cerebralx1,65,Phase 2: CPU,1788991163275,2026-09-09
dahhel,65,Phase 2: CPU,1788991163335,2026-09-09
pika_gamy,65,Phase 2: CPU,1788991163347,2026-09-09
shadowladyex,45,Phase 1: HDD,1788992495453,2026-09-09
ikaliayev,45,Phase 1: HDD,1788992495455,2026-09-09
lmbs00,45,Phase 1: HDD,1788992495466,2026-09-09
madagascaradam,45,Phase 1: HDD,1788992495471,2026-09-09
silent_luc,45,Phase 1: HDD,1788992495492,2026-09-09
pika_gamy,45,Phase 1: HDD,1788992495496,2026-09-09
dahhel,45,Phase 1: HDD,1788992495657,2026-09-09
valase,45,Phase 1: HDD,1788992495730,2026-09-09
cerebralx1,45,Phase 1: HDD,1788992495737,2026-09-09
pika_gamy,65,Phase 2: CPU,1788992964444,2026-09-09
valase,65,Phase 2: CPU,1788992964449,2026-09-09
dahhel,65,Phase 2: CPU,1788992964453,2026-09-09
shadowladyex,65,Phase 2: CPU,1788992964456,2026-09-09
silent_luc,65,Phase 2: CPU,1788992964466,2026-09-09
cerebralx1,65,Phase 2: CPU,1788992964472,2026-09-09
lmbs00,65,Phase 2: CPU,1788992964473,2026-09-09
ikaliayev,65,Phase 2: CPU,1788992964482,2026-09-09
dahhel,45,Phase 1: HDD,1788994325249,2026-09-09
shadowladyex,45,Phase 1: HDD,1788994325253,2026-09-09
silent_luc,45,Phase 1: HDD,1788994325255,2026-09-09
pika_gamy,45,Phase 1: HDD,1788994325259,2026-09-09
valase,45,Phase 1: HDD,1788994325261,2026-09-09
player0451,45,Phase 1: HDD,1788994325264,2026-09-09
ikaliayev,45,Phase 1: HDD,1788994325266,2026-09-09
lmbs00,45,Phase 1: HDD,1788994325270,2026-09-09
cerebralx1,45,Phase 1: HDD,1788994325311,2026-09-09
avin_novor,45,Phase 1: HDD,1788994325314,2026-09-09
pika_gamy,65,Phase 2: RAM,1788994840366,2026-09-09
ichuy07,65,Phase 2: RAM,1788994840368,2026-09-09
valase,65,Phase 2: RAM,1788994840369,2026-09-09
madagascaradam,65,Phase 2: RAM,1788994840371,2026-09-09
ikaliayev,65,Phase 2: RAM,1788994840372,2026-09-09
silent_luc,65,Phase 2: RAM,1788994840429,2026-09-09
dahhel,65,Phase 2: RAM,1788994840432,2026-09-09
dahhel,45,Phase 1: RAM,1788996194426,2026-09-09
lmbs00,45,Phase 1: RAM,1788996194428,2026-09-09
silent_luc,45,Phase 1: RAM,1788996194438,2026-09-09
shadowladyex,45,Phase 1: RAM,1788996194446,2026-09-09
valase,45,Phase 1: RAM,1788996194449,2026-09-09
ikaliayev,45,Phase 1: RAM,1788996194453,2026-09-09
operacional_cae,45,Phase 1: RAM,1788996194461,2026-09-09
alexwifi42,45,Phase 1: RAM,1788996194463,2026-09-09
valase,65,Phase 2: CPU,1788996891281,2026-09-09
pika_gamy,65,Phase 2: CPU,1788996891285,2026-09-09
shadowladyex,65,Phase 2: CPU,1788996891290,2026-09-09
ikaliayev,65,Phase 2: CPU,1788996891291,2026-09-09
silent_luc,65,Phase 2: CPU,1788996891294,2026-09-09
avin_novor,65,Phase 2: CPU,1788996891298,2026-09-09
snoopys030,65,Phase 2: CPU,1788996891339,2026-09-09
lmbs00,65,Phase 2: CPU,1788996891343,2026-09-09
dahhel,65,Phase 2: CPU,1788996892277,2026-09-09
dahhel,90,Phase 3: HDD,1788997595277,2026-09-09
snoopys030,90,Phase 3: HDD,1788997595280,2026-09-09
pika_gamy,90,Phase 3: HDD,1788997595282,2026-09-09
valase,90,Phase 3: HDD,1788997595285,2026-09-09
shadowladyex,90,Phase 3: HDD,1788997595290,2026-09-09
avin_novor,90,Phase 3: HDD,1788997595291,2026-09-09
lmbs00,90,Phase 3: HDD,1788997595295,2026-09-09
silent_luc,90,Phase 3: HDD,1788997595298,2026-09-09
lovegamesandthings00000,90,Phase 3: HDD,1788997595301,2026-09-09
ikaliayev,90,Phase 3: HDD,1788997595304,2026-09-09
player0451,90,Phase 3: HDD,1788997595314,2026-09-09
snoopys030,45,Phase 1: GPU,1788998670422,2026-09-10
valase,45,Phase 1: GPU,1788998670425,2026-09-10
shadowladyex,45,Phase 1: GPU,1788998670450,2026-09-10
snoopys030,65,Phase 2: CPU,1788999090437,2026-09-10
lmbs00,65,Phase 2: CPU,1788999090439,2026-09-10
ikaliayev,65,Phase 2: CPU,1788999090447,2026-09-10
shadowladyex,65,Phase 2: CPU,1788999090450,2026-09-10
valase,65,Phase 2: CPU,1788999090486,2026-09-10
avin_novor,45,Phase 1: HDD,1789000395445,2026-09-10
ikaliayev,45,Phase 1: HDD,1789000395449,2026-09-10
valase,45,Phase 1: HDD,1789000395453,2026-09-10
pika_gamy,45,Phase 1: HDD,1789000395465,2026-09-10
lovegamesandthings00000,45,Phase 1: HDD,1789000395471,2026-09-10
shadowladyex,45,Phase 1: HDD,1789000395476,2026-09-10
thanossoul,45,Phase 1: HDD,1789000395479,2026-09-10
silent_luc,45,Phase 1: HDD,1789000395481,2026-09-10
player0451,45,Phase 1: HDD,1789000395497,2026-09-10
pika_gamy,65,Phase 2: GPU,1789000884466,2026-09-10
ikaliayev,65,Phase 2: GPU,1789000884491,2026-09-10
thanossoul,65,Phase 2: GPU,1789000884493,2026-09-10
player0451,65,Phase 2: GPU,1789000884558,2026-09-10
shadowladyex,65,Phase 2: GPU,1789000884559,2026-09-10
lmbs00,65,Phase 2: GPU,1789000884568,2026-09-10
louis_of_apshai,45,Phase 1: RAM,1789002174521,2026-09-10
ikaliayev,45,Phase 1: RAM,1789002174538,2026-09-10
pika_gamy,45,Phase 1: RAM,1789002174547,2026-09-10
thanossoul,45,Phase 1: RAM,1789002174553,2026-09-10
shadowladyex,45,Phase 1: RAM,1789002174557,2026-09-10
dahhel,45,Phase 1: RAM,1789002174563,2026-09-10
lmbs00,45,Phase 1: RAM,1789002174570,2026-09-10
valase,45,Phase 1: RAM,1789002174725,2026-09-10
pika_gamy,65,Phase 2: HDD,1789002774522,2026-09-10
lmbs00,65,Phase 2: HDD,1789002774524,2026-09-10
ikaliayev,65,Phase 2: HDD,1789002774528,2026-09-10
valase,65,Phase 2: HDD,1789002774533,2026-09-10
dahhel,65,Phase 2: HDD,1789002774537,2026-09-10
snoopys030,65,Phase 2: HDD,1789002774540,2026-09-10
shadowladyex,65,Phase 2: HDD,1789002774541,2026-09-10
avin_novor,65,Phase 2: HDD,1789002774559,2026-09-10
thanossoul,45,Phase 1: CPU,1789004144405,2026-09-10
dahhel,45,Phase 1: CPU,1789004144414,2026-09-10
ikaliayev,45,Phase 1: CPU,1789004144419,2026-09-10
lmbs00,45,Phase 1: CPU,1789004144430,2026-09-10
avin_novor,45,Phase 1: CPU,1789004144437,2026-09-10
shadowladyex,45,Phase 1: CPU,1789004144443,2026-09-10
pika_gamy,45,Phase 1: CPU,1789004144444,2026-09-10
valase,45,Phase 1: CPU,1789004144448,2026-09-10
snoopys030,45,Phase 1: CPU,1789004144450,2026-09-10
ikaliayev,65,Phase 2: HDD,1789004812423,2026-09-10
snoopys030,65,Phase 2: HDD,1789004812425,2026-09-10
shadowladyex,65,Phase 2: HDD,1789004812428,2026-09-10
lmbs00,65,Phase 2: HDD,1789004812432,2026-09-10
pika_gamy,65,Phase 2: HDD,1789004812436,2026-09-10
valase,65,Phase 2: HDD,1789004812449,2026-09-10
dahhel,65,Phase 2: HDD,1789004812450,2026-09-10
thanossoul,65,Phase 2: HDD,1789004812454,2026-09-10
avin_novor,65,Phase 2: HDD,1789004812506,2026-09-10
valase,45,Phase 1: HDD,1789006189954,2026-09-10
dahhel,45,Phase 1: HDD,1789006189966,2026-09-10
snoopys030,45,Phase 1: HDD,1789006189969,2026-09-10
madagascaradam,45,Phase 1: HDD,1789006189980,2026-09-10
silent_luc,45,Phase 1: HDD,1789006189983,2026-09-10
ikaliayev,45,Phase 1: HDD,1789006189987,2026-09-10
ichuy07,45,Phase 1: HDD,1789006189990,2026-09-10
pika_gamy,45,Phase 1: HDD,1789006189992,2026-09-10
lmbs00,45,Phase 1: HDD,1789006189996,2026-09-10
shadowladyex,45,Phase 1: HDD,1789006190003,2026-09-10
dahhel,65,Phase 2: CPU,1789006655380,2026-09-10
shadowladyex,65,Phase 2: CPU,1789006655396,2026-09-10
silent_luc,65,Phase 2: CPU,1789006655399,2026-09-10
valase,65,Phase 2: CPU,1789006655401,2026-09-10
snoopys030,65,Phase 2: CPU,1789006655404,2026-09-10
ikaliayev,45,Phase 1: GPU,1789007985942,2026-09-10
slay_da_b,45,Phase 1: GPU,1789007985947,2026-09-10
thanossoul,45,Phase 1: GPU,1789007985951,2026-09-10
silent_luc,45,Phase 1: GPU,1789007985954,2026-09-10
valase,45,Phase 1: GPU,1789007985958,2026-09-10
dahhel,45,Phase 1: GPU,1789007985962,2026-09-10
shadowladyex,45,Phase 1: GPU,1789007985965,2026-09-10
shadowladyex,65,Phase 2: RAM,1789008828013,2026-09-10
ichuy07,65,Phase 2: RAM,1789008828019,2026-09-10
lmbs00,65,Phase 2: RAM,1789008828021,2026-09-10
valase,65,Phase 2: RAM,1789008828022,2026-09-10
dahhel,65,Phase 2: RAM,1789008828034,2026-09-10
avin_novor,65,Phase 2: RAM,1789008828036,2026-09-10
snoopys030,65,Phase 2: RAM,1789008828040,2026-09-10
llucholba,65,Phase 2: RAM,1789008828043,2026-09-10
ikaliayev,65,Phase 2: RAM,1789008828045,2026-09-10
pika_gamy,65,Phase 2: RAM,1789008828057,2026-09-10
slay_da_b,65,Phase 2: RAM,1789008828112,2026-09-10
dahhel,45,Phase 1: CPU,1789010648032,2026-09-10
thanossoul,45,Phase 1: CPU,1789010648041,2026-09-10
shadowladyex,45,Phase 1: CPU,1789010648046,2026-09-10
lmbs00,45,Phase 1: CPU,1789010648065,2026-09-10
ikaliayev,45,Phase 1: CPU,1789010648165,2026-09-10
lovegamesandthings00000,65,Phase 2: RAM,1789011276066,2026-09-10
shadowladyex,65,Phase 2: RAM,1789011276071,2026-09-10
madagascaradam,65,Phase 2: RAM,1789011276088,2026-09-10
avin_novor,65,Phase 2: RAM,1789011276096,2026-09-10
mori2323,65,Phase 2: RAM,1789011276100,2026-09-10
snoopys030,65,Phase 2: RAM,1789011276103,2026-09-10
lmbs00,65,Phase 2: RAM,1789011276129,2026-09-10
dahhel,65,Phase 2: RAM,1789011276135,2026-09-10
ikaliayev,65,Phase 2: RAM,1789011276149,2026-09-10
ikaliayev,45,Phase 1: RAM,1789012482855,2026-09-10
player0451,45,Phase 1: RAM,1789012482870,2026-09-10
dahhel,45,Phase 1: RAM,1789012482875,2026-09-10
lmbs00,45,Phase 1: RAM,1789012482882,2026-09-10
mori2323,45,Phase 1: RAM,1789012482921,2026-09-10
slay_da_b,45,Phase 1: RAM,1789012482923,2026-09-10
avin_novor,45,Phase 1: RAM,1789012482935,2026-09-10
lmbs00,45,Phase 1: HDD,1789014083082,2026-09-10
alburldador,45,Phase 1: HDD,1789014083105,2026-09-10
dahhel,45,Phase 1: HDD,1789014083107,2026-09-10
xiaoxiao9313,45,Phase 1: HDD,1789014083109,2026-09-10
snoopys030,45,Phase 1: HDD,1789014083111,2026-09-10
ikaliayev,45,Phase 1: HDD,1789014083115,2026-09-10
mori2323,45,Phase 1: HDD,1789014083184,2026-09-10
snoopys030,65,Phase 2: GPU,1789014631927,2026-09-10
ikaliayev,65,Phase 2: GPU,1789014631949,2026-09-10
dahhel,65,Phase 2: GPU,1789014631962,2026-09-10
mori2323,65,Phase 2: GPU,1789014631965,2026-09-10
xiaoxiao9313,65,Phase 2: GPU,1789014631968,2026-09-10
alburldador,65,Phase 2: GPU,1789014631997,2026-09-10
mori2323,90,Phase 3: RAM,1789015031916,2026-09-10
lmbs00,90,Phase 3: RAM,1789015031920,2026-09-10
player0451,90,Phase 3: RAM,1789015031922,2026-09-10
ikaliayev,90,Phase 3: RAM,1789015031926,2026-09-10
dahhel,90,Phase 3: RAM,1789015031929,2026-09-10
xiaoxiao9313,90,Phase 3: RAM,1789015031938,2026-09-10
alburldador,90,Phase 3: RAM,1789015032051,2026-09-10
lmbs00,45,Phase 1: GPU,1789016301025,2026-09-10
dahhel,45,Phase 1: GPU,1789016301033,2026-09-10
mori2323,45,Phase 1: GPU,1789016301037,2026-09-10
alburldador,45,Phase 1: GPU,1789016301065,2026-09-10
snoopys030,45,Phase 1: GPU,1789016301067,2026-09-10
pika_gamy,45,Phase 1: GPU,1789016301068,2026-09-10
ikaliayev,45,Phase 1: GPU,1789016301073,2026-09-10
lmbs00,65,Phase 2: HDD,1789016891904,2026-09-10
ikaliayev,65,Phase 2: HDD,1789016891906,2026-09-10
llucholba,65,Phase 2: HDD,1789016891913,2026-09-10
mori2323,65,Phase 2: HDD,1789016891915,2026-09-10
dahhel,65,Phase 2: HDD,1789016891921,2026-09-10
alburldador,65,Phase 2: HDD,1789016891924,2026-09-10
snoopys030,65,Phase 2: HDD,1789016891940,2026-09-10
alburldador,45,Phase 1: CPU,1789018247725,2026-09-10
slay_da_b,45,Phase 1: CPU,1789018247728,2026-09-10
mori2323,45,Phase 1: CPU,1789018247733,2026-09-10
ikaliayev,45,Phase 1: CPU,1789018247738,2026-09-10
lmbs00,45,Phase 1: CPU,1789018247742,2026-09-10
xiaoxiao9313,45,Phase 1: CPU,1789018247743,2026-09-10
dahhel,45,Phase 1: CPU,1789018247745,2026-09-10
mori2323,45,Phase 1: CPU,1789019754043,2026-09-10
ivanpetrov32,45,Phase 1: CPU,1789019754089,2026-09-10
alfims,45,Phase 1: CPU,1789019754130,2026-09-10
lmbs00,45,Phase 1: CPU,1789019754139,2026-09-10
ikaliayev,45,Phase 1: CPU,1789019754240,2026-09-10
xiaoxiao9313,45,Phase 1: CPU,1789019754249,2026-09-10
ivanpetrov32,65,Phase 2: RAM,1789020388328,2026-09-10
lmbs00,65,Phase 2: RAM,1789020388334,2026-09-10
madagascaradam,65,Phase 2: RAM,1789020388338,2026-09-10
ikaliayev,65,Phase 2: RAM,1789020388341,2026-09-10
ichuy07,65,Phase 2: RAM,1789020388347,2026-09-10
xiaoxiao9313,65,Phase 2: RAM,1789020388385,2026-09-10
mori2323,65,Phase 2: RAM,1789020388450,2026-09-10
xiaoxiao9313,45,Phase 1: CPU,1789021629108,2026-09-10
snoopys030,45,Phase 1: CPU,1789021629110,2026-09-10
mori2323,45,Phase 1: CPU,1789021629112,2026-09-10
ikaliayev,45,Phase 1: CPU,1789021629116,2026-09-10
lmbs00,45,Phase 1: CPU,1789021629124,2026-09-10
ivanpetrov32,65,Phase 2: RAM,1789022126114,2026-09-10
ikaliayev,65,Phase 2: RAM,1789022126120,2026-09-10
xiaoxiao9313,65,Phase 2: RAM,1789022126121,2026-09-10
mori2323,65,Phase 2: RAM,1789022126123,2026-09-10
xiaoxiao9313,45,Phase 1: RAM,1789023301759,2026-09-10
mori2323,45,Phase 1: RAM,1789023301761,2026-09-10
lmbs00,45,Phase 1: RAM,1789023301781,2026-09-10
snoopys030,45,Phase 1: RAM,1789023301785,2026-09-10
snoopys030,65,Phase 2: CPU,1789023863777,2026-09-10
mori2323,65,Phase 2: CPU,1789023863781,2026-09-10
lmbs00,65,Phase 2: CPU,1789023863799,2026-09-10
ikaliayev,65,Phase 2: CPU,1789023863805,2026-09-10
pika_gamy,65,Phase 2: CPU,1789023863877,2026-09-10
xiaoxiao9313,65,Phase 2: CPU,1789023863889,2026-09-10
mori2323,45,Phase 1: HDD,1789024992739,2026-09-10
pika_gamy,45,Phase 1: HDD,1789024992743,2026-09-10
xiaoxiao9313,45,Phase 1: HDD,1789024992746,2026-09-10
ikaliayev,45,Phase 1: HDD,1789024992800,2026-09-10
lmbs00,45,Phase 1: HDD,1789024992809,2026-09-10
yurigiu,65,Phase 2: CPU,1789025774805,2026-09-10
pika_gamy,65,Phase 2: CPU,1789025774813,2026-09-10
ivanpetrov32,65,Phase 2: CPU,1789025774816,2026-09-10
xiaoxiao9313,65,Phase 2: CPU,1789025774827,2026-09-10
snoopys030,65,Phase 2: CPU,1789025774829,2026-09-10
ikaliayev,65,Phase 2: CPU,1789025774834,2026-09-10
lmbs00,65,Phase 2: CPU,1789025774836,2026-09-10
mori2323,65,Phase 2: CPU,1789025774838,2026-09-10
snoopys030,90,Phase 3: GPU,1789026375762,2026-09-10
ivanpetrov32,90,Phase 3: GPU,1789026375765,2026-09-10
lmbs00,90,Phase 3: GPU,1789026375774,2026-09-10
xiaoxiao9313,90,Phase 3: GPU,1789026375810,2026-09-10
mori2323,90,Phase 3: GPU,1789026375815,2026-09-10
ikaliayev,90,Phase 3: GPU,1789026375816,2026-09-10
pika_gamy,90,Phase 3: GPU,1789026375822,2026-09-10
mori2323,120,Phase 4: RAM,1789026841825,2026-09-10
lmbs00,120,Phase 4: RAM,1789026841828,2026-09-10
xiaoxiao9313,120,Phase 4: RAM,1789026841829,2026-09-10
pika_gamy,120,Phase 4: RAM,1789026841832,2026-09-10
ikaliayev,120,Phase 4: RAM,1789026841835,2026-09-10
whitepai,120,Phase 4: RAM,1789026842058,2026-09-10
lmbs00,100,proStar bonus: all 4 phases,1789026842468,2026-09-10
mori2323,100,proStar bonus: all 4 phases,1789026842471,2026-09-10
ikaliayev,100,proStar bonus: all 4 phases,1789026842476,2026-09-10
pika_gamy,100,proStar bonus: all 4 phases,1789026842479,2026-09-10
xiaoxiao9313,100,proStar bonus: all 4 phases,1789026842480,2026-09-10
ivanpetrov32,45,Phase 1: CPU,1789027683074,2026-09-10
lmbs00,45,Phase 1: CPU,1789027683076,2026-09-10
mori2323,45,Phase 1: CPU,1789027683077,2026-09-10
snoopys030,45,Phase 1: CPU,1789027683078,2026-09-10
ikaliayev,45,Phase 1: CPU,1789027683079,2026-09-10
pika_gamy,45,Phase 1: CPU,1789027683144,2026-09-10
xiaoxiao9313,65,Phase 2: HDD,1789028097088,2026-09-10
ikaliayev,65,Phase 2: HDD,1789028097089,2026-09-10
pika_gamy,65,Phase 2: HDD,1789028097092,2026-09-10
mori2323,65,Phase 2: HDD,1789028097094,2026-09-10
ikaliayev,90,Phase 3: RAM,1789028615021,2026-09-10
xiaoxiao9313,90,Phase 3: RAM,1789028615023,2026-09-10
pika_gamy,90,Phase 3: RAM,1789028615025,2026-09-10
mori2323,90,Phase 3: RAM,1789028615028,2026-09-10
ivanpetrov32,90,Phase 3: RAM,1789028615153,2026-09-10
xiaoxiao9313,45,Phase 1: RAM,1789029761629,2026-09-10
ikaliayev,45,Phase 1: RAM,1789029761640,2026-09-10
mori2323,45,Phase 1: RAM,1789029761645,2026-09-10
ivanpetrov32,45,Phase 1: RAM,1789029761670,2026-09-10
operacional_cae,65,Phase 2: CPU,1789030460578,2026-09-10
ikaliayev,65,Phase 2: CPU,1789030460581,2026-09-10
whitepai,65,Phase 2: CPU,1789030460595,2026-09-10
xiaoxiao9313,65,Phase 2: CPU,1789030460597,2026-09-10
snoopys030,65,Phase 2: CPU,1789030460600,2026-09-10
mori2323,65,Phase 2: CPU,1789030460601,2026-09-10
valase,65,Phase 2: CPU,1789030460603,2026-09-10
ivanpetrov32,65,Phase 2: CPU,1789030460605,2026-09-10
mori2323,90,Phase 3: HDD,1789031254565,2026-09-10
ivanpetrov32,90,Phase 3: HDD,1789031254568,2026-09-10
alfims,90,Phase 3: HDD,1789031254569,2026-09-10
whitepai,90,Phase 3: HDD,1789031254572,2026-09-10
xiaoxiao9313,90,Phase 3: HDD,1789031254578,2026-09-10
slay_da_b,90,Phase 3: HDD,1789031254581,2026-09-10
ikaliayev,90,Phase 3: HDD,1789031254589,2026-09-10
valase,90,Phase 3: HDD,1789031254594,2026-09-10
snoopys030,90,Phase 3: HDD,1789031254596,2026-09-10
pika_gamy,90,Phase 3: HDD,1789031254604,2026-09-10
yurigiu,90,Phase 3: HDD,1789031254611,2026-09-10
operacional_cae,90,Phase 3: HDD,1789031254631,2026-09-10
ikaliayev,45,Phase 1: RAM,1789032629418,2026-09-10
xiaoxiao9313,45,Phase 1: RAM,1789032629425,2026-09-10
whitepai,45,Phase 1: RAM,1789032629429,2026-09-10
valase,45,Phase 1: RAM,1789032629433,2026-09-10
pika_gamy,45,Phase 1: RAM,1789032629434,2026-09-10
ivanpetrov32,45,Phase 1: RAM,1789032629438,2026-09-10
operacional_cae,45,Phase 1: RAM,1789032629440,2026-09-10
mori2323,45,Phase 1: RAM,1789032629538,2026-09-10
snoopys030,65,Phase 2: CPU,1789033138383,2026-09-10
ikaliayev,65,Phase 2: CPU,1789033138389,2026-09-10
valase,65,Phase 2: CPU,1789033138392,2026-09-10
ivanpetrov32,65,Phase 2: CPU,1789033138395,2026-09-10
whitepai,65,Phase 2: CPU,1789033138399,2026-09-10
xiaoxiao9313,65,Phase 2: CPU,1789033138401,2026-09-10
pika_gamy,90,Phase 3: HDD,1789033572417,2026-09-10
ikaliayev,90,Phase 3: HDD,1789033572431,2026-09-10
valase,90,Phase 3: HDD,1789033572435,2026-09-10
xiaoxiao9313,90,Phase 3: HDD,1789033572442,2026-09-10
ivanpetrov32,90,Phase 3: HDD,1789033572446,2026-09-10
whitepai,90,Phase 3: HDD,1789033572448,2026-09-10
mori2323,90,Phase 3: HDD,1789033572452,2026-09-10
valase,45,Phase 1: RAM,1789035153737,2026-09-10
hopelessss_,45,Phase 1: RAM,1789035153745,2026-09-10
silent_luc,45,Phase 1: RAM,1789035153748,2026-09-10
ivanpetrov32,45,Phase 1: RAM,1789035153750,2026-09-10
pika_gamy,45,Phase 1: RAM,1789035153761,2026-09-10
yurigiu,45,Phase 1: RAM,1789035153763,2026-09-10
puphik,45,Phase 1: RAM,1789035153764,2026-09-10
snoopys030,45,Phase 1: RAM,1789035153766,2026-09-10
ikaliayev,45,Phase 1: RAM,1789035153770,2026-09-10
whitepai,45,Phase 1: RAM,1789035153772,2026-09-10
mori2323,45,Phase 1: RAM,1789035153774,2026-09-10
xiaoxiao9313,45,Phase 1: RAM,1789035153858,2026-09-10
alfims,65,Phase 2: CPU,1789035902128,2026-09-10
alexwifi42,65,Phase 2: CPU,1789035902132,2026-09-10
pika_gamy,65,Phase 2: CPU,1789035902137,2026-09-10
ikaliayev,65,Phase 2: CPU,1789035902140,2026-09-10
xiaoxiao9313,65,Phase 2: CPU,1789035902147,2026-09-10
silent_luc,65,Phase 2: CPU,1789035902154,2026-09-10
valase,65,Phase 2: CPU,1789035902161,2026-09-10
snoopys030,65,Phase 2: CPU,1789035902163,2026-09-10
mori2323,65,Phase 2: CPU,1789035902165,2026-09-10
whitepai,45,Phase 1: HDD,1789037988633,2026-09-10
pika_gamy,45,Phase 1: HDD,1789037988640,2026-09-10
louis_of_apshai,45,Phase 1: HDD,1789037988646,2026-09-10
ikaliayev,45,Phase 1: HDD,1789037988649,2026-09-10
operacional_cae,45,Phase 1: HDD,1789037988669,2026-09-10
alexwifi42,45,Phase 1: HDD,1789037988671,2026-09-10
shadowladyex,45,Phase 1: HDD,1789037988672,2026-09-10
snoopys030,45,Phase 1: HDD,1789037988674,2026-09-10
alphonsoe,45,Phase 1: HDD,1789037988680,2026-09-10
lovegamesandthings00000,45,Phase 1: HDD,1789037988733,2026-09-10
lillakra,45,Phase 1: HDD,1789037988740,2026-09-10
alphonsoe,65,Phase 2: GPU,1789038482569,2026-09-10
lillakra,65,Phase 2: GPU,1789038482572,2026-09-10
shadowladyex,65,Phase 2: GPU,1789038482576,2026-09-10
mori2323,65,Phase 2: GPU,1789038482579,2026-09-10
avin_novor,65,Phase 2: GPU,1789038482581,2026-09-10
ikaliayev,65,Phase 2: GPU,1789038482590,2026-09-10
snoopys030,65,Phase 2: GPU,1789038482593,2026-09-10
shadowladyex,45,Phase 1: CPU,1789039689155,2026-09-10
ikaliayev,45,Phase 1: CPU,1789039689158,2026-09-10
mori2323,45,Phase 1: CPU,1789039689165,2026-09-10
silent_luc,45,Phase 1: CPU,1789039689168,2026-09-10
pika_gamy,45,Phase 1: CPU,1789039689202,2026-09-10
alphonsoe,45,Phase 1: CPU,1789039689219,2026-09-10
shadowladyex,65,Phase 2: GPU,1789040202218,2026-09-10
valase,65,Phase 2: GPU,1789040202223,2026-09-10
thanossoul,65,Phase 2: GPU,1789040202225,2026-09-10
ikaliayev,65,Phase 2: GPU,1789040202247,2026-09-10
silent_luc,65,Phase 2: GPU,1789040202251,2026-09-10
mori2323,65,Phase 2: GPU,1789040202253,2026-09-10
ikaliayev,90,Phase 3: RAM,1789040617134,2026-09-10
valase,90,Phase 3: RAM,1789040617137,2026-09-10
mori2323,90,Phase 3: RAM,1789040617141,2026-09-10
silent_luc,90,Phase 3: RAM,1789040617143,2026-09-10
operacional_cae,90,Phase 3: RAM,1789040617151,2026-09-10
snoopys030,90,Phase 3: RAM,1789040617155,2026-09-10
thanossoul,90,Phase 3: RAM,1789040617162,2026-09-10
alexwifi42,90,Phase 3: RAM,1789040617165,2026-09-10
shadowladyex,90,Phase 3: RAM,1789040617167,2026-09-10
whitepai,45,Phase 1: CPU,1789041762087,2026-09-10
silent_luc,45,Phase 1: CPU,1789041762089,2026-09-10
mori2323,45,Phase 1: CPU,1789041762093,2026-09-10
ikaliayev,45,Phase 1: CPU,1789041762097,2026-09-10
shadowladyex,45,Phase 1: CPU,1789041762102,2026-09-10
pika_gamy,45,Phase 1: CPU,1789041762123,2026-09-10
lovegamesandthings00000,45,Phase 1: CPU,1789041762137,2026-09-10
shadowladyex,45,Phase 1: GPU,1789043119854,2026-09-10
thanossoul,45,Phase 1: GPU,1789043119876,2026-09-10
silent_luc,45,Phase 1: GPU,1789043119904,2026-09-10
pika_gamy,45,Phase 1: GPU,1789043120030,2026-09-10
mori2323,45,Phase 1: GPU,1789043120093,2026-09-10
snoopys030,65,Phase 2: HDD,1789043527927,2026-09-10
player0451,65,Phase 2: HDD,1789043527979,2026-09-10
operacional_cae,65,Phase 2: HDD,1789043527983,2026-09-10
silent_luc,65,Phase 2: HDD,1789043527985,2026-09-10
pika_gamy,65,Phase 2: HDD,1789043527989,2026-09-10
shadowladyex,65,Phase 2: HDD,1789043528006,2026-09-10
alphonsoe,65,Phase 2: HDD,1789043528007,2026-09-10
alphonsoe,45,Phase 1: CPU,1789044641580,2026-09-10
madagascaradam,45,Phase 1: CPU,1789044641584,2026-09-10
mori2323,45,Phase 1: CPU,1789044641588,2026-09-10
silent_luc,45,Phase 1: CPU,1789044641600,2026-09-10
shadowladyex,45,Phase 1: CPU,1789044641632,2026-09-10
silent_luc,45,Phase 1: RAM,1789046049383,2026-09-10
madagascaradam,45,Phase 1: RAM,1789046049391,2026-09-10
shadowladyex,45,Phase 1: RAM,1789046049395,2026-09-10
ivanpetrov32,45,Phase 1: RAM,1789046049398,2026-09-10
thanossoul,45,Phase 1: RAM,1789046049402,2026-09-10
alphonsoe,45,Phase 1: RAM,1789046049487,2026-09-10
thanossoul,45,Phase 1: CPU,1789047518757,2026-09-10
mori2323,45,Phase 1: CPU,1789047518775,2026-09-10
silent_luc,45,Phase 1: CPU,1789047518779,2026-09-10
avin_novor,45,Phase 1: CPU,1789047518781,2026-09-10
alexwifi42,45,Phase 1: CPU,1789047518785,2026-09-10
shadowladyex,45,Phase 1: CPU,1789047518787,2026-09-10
alfims,45,Phase 1: CPU,1789047518789,2026-09-10
avin_novor,45,Phase 1: RAM,1789049138626,2026-09-10
shadowladyex,45,Phase 1: RAM,1789049138637,2026-09-10
mori2323,45,Phase 1: RAM,1789049138652,2026-09-10
silent_luc,45,Phase 1: RAM,1789049138670,2026-09-10
thanossoul,45,Phase 1: RAM,1789049138672,2026-09-10
louis_of_apshai,45,Phase 1: RAM,1789049138680,2026-09-10
alphonsoe,45,Phase 1: RAM,1789049138683,2026-09-10
lmbs00,45,Phase 1: RAM,1789049138685,2026-09-10
alfims,45,Phase 1: RAM,1789049138695,2026-09-10
alphonsoe,65,Phase 2: CPU,1789049601369,2026-09-10
lmbs00,65,Phase 2: CPU,1789049601373,2026-09-10
yurigiu,65,Phase 2: CPU,1789049601378,2026-09-10
avin_novor,65,Phase 2: CPU,1789049601403,2026-09-10
shadowladyex,65,Phase 2: CPU,1789049601449,2026-09-10
silent_luc,65,Phase 2: CPU,1789049601473,2026-09-10
xiaoxiao9313,45,Phase 1: HDD,1789051024378,2026-09-10
silent_luc,45,Phase 1: HDD,1789051024387,2026-09-10
thanossoul,45,Phase 1: HDD,1789051024396,2026-09-10
alexwifi42,45,Phase 1: HDD,1789051024400,2026-09-10
alphonsoe,45,Phase 1: HDD,1789051024408,2026-09-10
avin_novor,45,Phase 1: HDD,1789051024410,2026-09-10
shadowladyex,45,Phase 1: HDD,1789051024416,2026-09-10
mori2323,45,Phase 1: HDD,1789051024418,2026-09-10
slay_da_b,45,Phase 1: HDD,1789051024422,2026-09-10
xiaoxiao9313,65,Phase 2: RAM,1789051539377,2026-09-10
operacional_cae,65,Phase 2: RAM,1789051539397,2026-09-10
mori2323,65,Phase 2: RAM,1789051539401,2026-09-10
shadowladyex,65,Phase 2: RAM,1789051539419,2026-09-10
alphonsoe,65,Phase 2: RAM,1789051539498,2026-09-10
alphonsoe,45,Phase 1: GPU,1789052549054,2026-09-10
thanossoul,45,Phase 1: GPU,1789052549056,2026-09-10
shadowladyex,45,Phase 1: GPU,1789052549062,2026-09-10
xiaoxiao9313,45,Phase 1: GPU,1789052549064,2026-09-10
mori2323,45,Phase 1: GPU,1789052549085,2026-09-10
shadowladyex,45,Phase 1: HDD,1789054131632,2026-09-10
alphonsoe,45,Phase 1: HDD,1789054131641,2026-09-10
mori2323,45,Phase 1: HDD,1789054131646,2026-09-10
avin_novor,45,Phase 1: HDD,1789054131648,2026-09-10
dahhel,45,Phase 1: HDD,1789054131650,2026-09-10
lillakra,45,Phase 1: HDD,1789054131662,2026-09-10
pika_gamy,45,Phase 1: HDD,1789054131667,2026-09-10
lmbs00,45,Phase 1: HDD,1789054131670,2026-09-10
xiaoxiao9313,45,Phase 1: HDD,1789054131672,2026-09-10
silent_luc,45,Phase 1: HDD,1789054131676,2026-09-10
mori2323,65,Phase 2: CPU,1789054691880,2026-09-10
pika_gamy,65,Phase 2: CPU,1789054691889,2026-09-10
dahhel,65,Phase 2: CPU,1789054691893,2026-09-10
xiaoxiao9313,65,Phase 2: CPU,1789054691899,2026-09-10
silent_luc,65,Phase 2: CPU,1789054691904,2026-09-10
shadowladyex,65,Phase 2: CPU,1789054691907,2026-09-10
lillakra,65,Phase 2: CPU,1789054691910,2026-09-10
alphonsoe,65,Phase 2: CPU,1789054691927,2026-09-10
lmbs00,65,Phase 2: CPU,1789054692058,2026-09-10
hopelessss_,45,Phase 1: GPU,1789056311116,2026-09-10
alphonsoe,45,Phase 1: GPU,1789056311126,2026-09-10
silent_luc,45,Phase 1: GPU,1789056311132,2026-09-10
dahhel,45,Phase 1: GPU,1789056311145,2026-09-10
mori2323,45,Phase 1: GPU,1789056311309,2026-09-10
alburldador,45,Phase 1: GPU,1789056311608,2026-09-10
thanossoul,45,Phase 1: GPU,1789056311769,2026-09-10
pika_gamy,45,Phase 1: GPU,1789056311942,2026-09-10
lmbs00,45,Phase 1: GPU,1789056312766,2026-09-10
shadowladyex,45,Phase 1: GPU,1789056313196,2026-09-10
alexwifi42,45,Phase 1: GPU,1789056313851,2026-09-10
ikaliayev,45,Phase 1: GPU,1789056316629,2026-09-10
avin_novor,45,Phase 1: GPU,1789056317056,2026-09-10
ikaliayev,65,Phase 2: RAM,1789056983819,2026-09-10
pika_gamy,65,Phase 2: RAM,1789056983827,2026-09-10
avin_novor,65,Phase 2: RAM,1789056983829,2026-09-10
dahhel,65,Phase 2: RAM,1789056983837,2026-09-10
alburldador,65,Phase 2: RAM,1789056983842,2026-09-10
alexwifi42,65,Phase 2: RAM,1789056983843,2026-09-10
mori2323,65,Phase 2: RAM,1789056983848,2026-09-10
shadowladyex,65,Phase 2: RAM,1789056983854,2026-09-10
thanossoul,65,Phase 2: RAM,1789056983856,2026-09-10
lmbs00,65,Phase 2: RAM,1789056983987,2026-09-10
avin_novor,45,Phase 1: HDD,1789058486550,2026-09-10
ikaliayev,45,Phase 1: HDD,1789058486559,2026-09-10
shadowladyex,45,Phase 1: HDD,1789058486566,2026-09-10
dahhel,45,Phase 1: HDD,1789058486568,2026-09-10
mori2323,45,Phase 1: HDD,1789058486571,2026-09-10
lmbs00,45,Phase 1: HDD,1789058486576,2026-09-10
xiaoxiao9313,45,Phase 1: HDD,1789058486584,2026-09-10
alburldador,45,Phase 1: HDD,1789058486593,2026-09-10
pika_gamy,45,Phase 1: HDD,1789058486595,2026-09-10
hopelessss_,45,Phase 1: HDD,1789058486597,2026-09-10
calypso_ba,45,Phase 1: HDD,1789058486599,2026-09-10
thanossoul,45,Phase 1: HDD,1789058486604,2026-09-10
dahhel,65,Phase 2: CPU,1789059215670,2026-09-10
silent_luc,65,Phase 2: CPU,1789059215672,2026-09-10
valase,65,Phase 2: CPU,1789059215676,2026-09-10
xiaoxiao9313,65,Phase 2: CPU,1789059215681,2026-09-10
mori2323,65,Phase 2: CPU,1789059215688,2026-09-10
louis_of_apshai,65,Phase 2: CPU,1789059215695,2026-09-10
pika_gamy,65,Phase 2: CPU,1789059215700,2026-09-10
alburldador,65,Phase 2: CPU,1789059215703,2026-09-10
shadowladyex,65,Phase 2: CPU,1789059215709,2026-09-10
thanossoul,65,Phase 2: CPU,1789059215726,2026-09-10
thanossoul,45,Phase 1: CPU,1789060550345,2026-09-10
mori2323,45,Phase 1: CPU,1789060550350,2026-09-10
shadowladyex,45,Phase 1: CPU,1789060550352,2026-09-10
dahhel,45,Phase 1: CPU,1789060550355,2026-09-10
avin_novor,45,Phase 1: CPU,1789060550368,2026-09-10
lmbs00,45,Phase 1: CPU,1789060550374,2026-09-10
pika_gamy,45,Phase 1: CPU,1789060550375,2026-09-10
alburldador,45,Phase 1: CPU,1789060550381,2026-09-10
xiaoxiao9313,45,Phase 1: CPU,1789060550410,2026-09-10
alburldador,65,Phase 2: HDD,1789061065293,2026-09-10
lmbs00,65,Phase 2: HDD,1789061065301,2026-09-10
mori2323,65,Phase 2: HDD,1789061065305,2026-09-10
thanossoul,65,Phase 2: HDD,1789061065308,2026-09-10
pika_gamy,65,Phase 2: HDD,1789061065356,2026-09-10
valase,65,Phase 2: HDD,1789061065367,2026-09-10
dahhel,65,Phase 2: HDD,1789061065376,2026-09-10
shadowladyex,65,Phase 2: HDD,1789061065377,2026-09-10
mori2323,90,Phase 3: RAM,1789061610342,2026-09-10
thanossoul,90,Phase 3: RAM,1789061610346,2026-09-10
shadowladyex,90,Phase 3: RAM,1789061610349,2026-09-10
alburldador,90,Phase 3: RAM,1789061610351,2026-09-10
dahhel,90,Phase 3: RAM,1789061610352,2026-09-10
valase,90,Phase 3: RAM,1789061610358,2026-09-10
avin_novor,90,Phase 3: RAM,1789061610359,2026-09-10
silent_luc,90,Phase 3: RAM,1789061610361,2026-09-10
lmbs00,90,Phase 3: RAM,1789061610366,2026-09-10
xiaoxiao9313,90,Phase 3: RAM,1789061610370,2026-09-10
lovegamesandthings00000,90,Phase 3: RAM,1789061610371,2026-09-10
alfims,90,Phase 3: RAM,1789061610374,2026-09-10
alburldador,45,Phase 1: HDD,1789062930130,2026-09-10
shadowladyex,45,Phase 1: HDD,1789062930134,2026-09-10
avin_novor,45,Phase 1: HDD,1789062930147,2026-09-10
xiaoxiao9313,45,Phase 1: HDD,1789062930152,2026-09-10
dahhel,45,Phase 1: HDD,1789062930157,2026-09-10
lmbs00,45,Phase 1: HDD,1789062930231,2026-09-10
mori2323,45,Phase 1: HDD,1789062930239,2026-09-10
thanossoul,45,Phase 1: HDD,1789062930259,2026-09-10
alburldador,65,Phase 2: RAM,1789063462078,2026-09-10
mori2323,65,Phase 2: RAM,1789063462106,2026-09-10
xiaoxiao9313,65,Phase 2: RAM,1789063462107,2026-09-10
lmbs00,65,Phase 2: RAM,1789063462117,2026-09-10
shadowladyex,65,Phase 2: RAM,1789063462127,2026-09-10
avin_novor,65,Phase 2: RAM,1789063462162,2026-09-10
dahhel,65,Phase 2: RAM,1789063462164,2026-09-10
xiaoxiao9313,45,Phase 1: RAM,1789064704872,2026-09-10
alburldador,45,Phase 1: RAM,1789064704880,2026-09-10
mori2323,45,Phase 1: RAM,1789064704885,2026-09-10
lmbs00,45,Phase 1: RAM,1789064704899,2026-09-10
silent_luc,45,Phase 1: RAM,1789064704901,2026-09-10
dahhel,45,Phase 1: RAM,1789064704902,2026-09-10
thanossoul,45,Phase 1: RAM,1789064704906,2026-09-10
shadowladyex,45,Phase 1: RAM,1789064705023,2026-09-10
mori2323,65,Phase 2: CPU,1789065400836,2026-09-10
thanossoul,65,Phase 2: CPU,1789065400848,2026-09-10
avin_novor,65,Phase 2: CPU,1789065400858,2026-09-10
shadowladyex,65,Phase 2: CPU,1789065400860,2026-09-10
dahhel,65,Phase 2: CPU,1789065400882,2026-09-10
xiaoxiao9313,65,Phase 2: CPU,1789065400938,2026-09-10
alburldador,65,Phase 2: CPU,1789065400944,2026-09-10
lmbs00,65,Phase 2: CPU,1789065400951,2026-09-10
pika_gamy,65,Phase 2: CPU,1789065401134,2026-09-10
mori2323,45,Phase 1: RAM,1789066673553,2026-09-10
alburldador,45,Phase 1: RAM,1789066673562,2026-09-10
shadowladyex,45,Phase 1: RAM,1789066673564,2026-09-10
silent_luc,45,Phase 1: RAM,1789066673568,2026-09-10
dahhel,45,Phase 1: RAM,1789066673569,2026-09-10
ikaliayev,45,Phase 1: RAM,1789066673574,2026-09-10
pika_gamy,45,Phase 1: RAM,1789066673576,2026-09-10
avin_novor,65,Phase 2: GPU,1789067405568,2026-09-10
alburldador,65,Phase 2: GPU,1789067405570,2026-09-10
mori2323,65,Phase 2: GPU,1789067405636,2026-09-10
pika_gamy,65,Phase 2: GPU,1789067405638,2026-09-10
dahhel,65,Phase 2: GPU,1789067405639,2026-09-10
lmbs00,65,Phase 2: GPU,1789067405643,2026-09-10
silent_luc,65,Phase 2: GPU,1789067405645,2026-09-10
ikaliayev,65,Phase 2: GPU,1789067405649,2026-09-10
thanossoul,65,Phase 2: GPU,1789067405696,2026-09-10
pika_gamy,45,Phase 1: CPU,1789068774266,2026-09-10
mori2323,45,Phase 1: CPU,1789068774274,2026-09-10
silent_luc,45,Phase 1: CPU,1789068774275,2026-09-10
alburldador,45,Phase 1: CPU,1789068774276,2026-09-10
dahhel,45,Phase 1: CPU,1789068774281,2026-09-10
thanossoul,45,Phase 1: CPU,1789068774284,2026-09-10
alexwifi42,45,Phase 1: CPU,1789068774288,2026-09-10
ikaliayev,45,Phase 1: CPU,1789068774295,2026-09-10
lmbs00,45,Phase 1: CPU,1789068774330,2026-09-10
lmbs00,65,Phase 2: RAM,1789069272192,2026-09-10
dahhel,65,Phase 2: RAM,1789069272195,2026-09-10
ikaliayev,65,Phase 2: RAM,1789069272198,2026-09-10
pika_gamy,65,Phase 2: RAM,1789069272214,2026-09-10
avin_novor,65,Phase 2: RAM,1789069272220,2026-09-10
silent_luc,65,Phase 2: RAM,1789069272221,2026-09-10
avin_novor,45,Phase 1: GPU,1789070482288,2026-09-10
ikaliayev,45,Phase 1: GPU,1789070482290,2026-09-10
alburldador,45,Phase 1: GPU,1789070482293,2026-09-10
dahhel,45,Phase 1: GPU,1789070482300,2026-09-10
lmbs00,45,Phase 1: GPU,1789070482302,2026-09-10
pika_gamy,45,Phase 1: GPU,1789070482387,2026-09-10
silent_luc,45,Phase 1: GPU,1789070482396,2026-09-10
alburldador,65,Phase 2: HDD,1789071061044,2026-09-10
pika_gamy,65,Phase 2: HDD,1789071061052,2026-09-10
dahhel,65,Phase 2: HDD,1789071061064,2026-09-10
ikaliayev,65,Phase 2: HDD,1789071061066,2026-09-10
hopelessss_,65,Phase 2: HDD,1789071061069,2026-09-10
silent_luc,65,Phase 2: HDD,1789071061088,2026-09-10
lmbs00,65,Phase 2: HDD,1789071061230,2026-09-10
dahhel,45,Phase 1: HDD,1789072195816,2026-09-10
silent_luc,45,Phase 1: HDD,1789072195821,2026-09-10
ikaliayev,45,Phase 1: HDD,1789072195823,2026-09-10
lmbs00,45,Phase 1: HDD,1789072195843,2026-09-10
alburldador,45,Phase 1: HDD,1789072195851,2026-09-10
pika_gamy,45,Phase 1: HDD,1789072195855,2026-09-10
lmbs00,65,Phase 2: RAM,1789072841776,2026-09-10
llucholba,65,Phase 2: RAM,1789072841784,2026-09-10
dahhel,65,Phase 2: RAM,1789072841786,2026-09-10
alexwifi42,65,Phase 2: RAM,1789072841788,2026-09-10
silent_luc,65,Phase 2: RAM,1789072841812,2026-09-10
pika_gamy,65,Phase 2: RAM,1789072841817,2026-09-10
alfims,65,Phase 2: RAM,1789072841895,2026-09-10
ikaliayev,65,Phase 2: RAM,1789072842112,2026-09-10
lmbs00,45,Phase 1: RAM,1789073910524,2026-09-10
pika_gamy,45,Phase 1: RAM,1789073910549,2026-09-10
ikaliayev,45,Phase 1: RAM,1789073910557,2026-09-10
alburldador,65,Phase 2: HDD,1789074651887,2026-09-10
avin_novor,65,Phase 2: HDD,1789074651891,2026-09-10
silent_luc,65,Phase 2: HDD,1789074651896,2026-09-10
dahhel,65,Phase 2: HDD,1789074651899,2026-09-10
ikaliayev,65,Phase 2: HDD,1789074651913,2026-09-10
lmbs00,65,Phase 2: HDD,1789074651918,2026-09-10
pika_gamy,65,Phase 2: HDD,1789074651923,2026-09-10
operacional_cae,65,Phase 2: HDD,1789074651932,2026-09-10
cerebralx1,65,Phase 2: HDD,1789074651947,2026-09-10
alexwifi42,65,Phase 2: HDD,1789074651958,2026-09-10
alexwifi42,90,Phase 3: CPU,1789075218633,2026-09-10
silent_luc,90,Phase 3: CPU,1789075218655,2026-09-10
ikaliayev,90,Phase 3: CPU,1789075218656,2026-09-10
cerebralx1,90,Phase 3: CPU,1789075218661,2026-09-10
dahhel,90,Phase 3: CPU,1789075218665,2026-09-10
alfims,90,Phase 3: CPU,1789075218666,2026-09-10
lmbs00,90,Phase 3: CPU,1789075218670,2026-09-10
alburldador,90,Phase 3: CPU,1789075218671,2026-09-10
pika_gamy,90,Phase 3: CPU,1789075218734,2026-09-10
dahhel,45,Phase 1: HDD,1789076414435,2026-09-10
pika_gamy,45,Phase 1: HDD,1789076414439,2026-09-10
lmbs00,45,Phase 1: HDD,1789076414441,2026-09-10
cerebralx1,45,Phase 1: HDD,1789076414447,2026-09-10
alburldador,45,Phase 1: HDD,1789076414456,2026-09-10
ikaliayev,45,Phase 1: HDD,1789076414469,2026-09-10
pika_gamy,65,Phase 2: CPU,1789077069383,2026-09-10
ikaliayev,65,Phase 2: CPU,1789077069393,2026-09-10
silent_luc,65,Phase 2: CPU,1789077069408,2026-09-10
ichuy07,65,Phase 2: CPU,1789077069425,2026-09-10
cerebralx1,65,Phase 2: CPU,1789077069474,2026-09-10
dahhel,65,Phase 2: CPU,1789077069516,2026-09-10
lmbs00,65,Phase 2: CPU,1789077069521,2026-09-10
operacional_cae,65,Phase 2: CPU,1789077069698,2026-09-10
ikaliayev,45,Phase 1: GPU,1789078453007,2026-09-10
lmbs00,45,Phase 1: GPU,1789078453028,2026-09-10
madagascaradam,45,Phase 1: GPU,1789078453036,2026-09-10
cerebralx1,45,Phase 1: GPU,1789078453039,2026-09-10
llucholba,45,Phase 1: GPU,1789078453045,2026-09-10
pika_gamy,45,Phase 1: GPU,1789078453047,2026-09-10
alexwifi42,45,Phase 1: GPU,1789078453081,2026-09-10
avin_novor,45,Phase 1: GPU,1789078453112,2026-09-10
silent_luc,45,Phase 1: GPU,1789078453142,2026-09-10
puphik,45,Phase 1: GPU,1789078453231,2026-09-10
ikaliayev,65,Phase 2: HDD,1789079042016,2026-09-10
puphik,65,Phase 2: HDD,1789079042031,2026-09-10
cerebralx1,65,Phase 2: HDD,1789079042038,2026-09-10
alexwifi42,65,Phase 2: HDD,1789079042039,2026-09-10
pika_gamy,65,Phase 2: HDD,1789079042068,2026-09-10
llucholba,65,Phase 2: HDD,1789079042071,2026-09-10
lmbs00,65,Phase 2: HDD,1789079042073,2026-09-10
madagascaradam,65,Phase 2: HDD,1789079042082,2026-09-10
avin_novor,45,Phase 1: RAM,1789080426336,2026-09-10
ikaliayev,45,Phase 1: RAM,1789080426339,2026-09-10
dahhel,45,Phase 1: RAM,1789080426343,2026-09-10
lmbs00,45,Phase 1: RAM,1789080426349,2026-09-10
madagascaradam,45,Phase 1: RAM,1789080426352,2026-09-10
cerebralx1,45,Phase 1: RAM,1789080426373,2026-09-10
pika_gamy,45,Phase 1: RAM,1789080426387,2026-09-10
silent_luc,45,Phase 1: RAM,1789080426396,2026-09-10
valase,45,Phase 1: RAM,1789080426417,2026-09-10
ikaliayev,45,Phase 1: HDD,1789081975539,2026-09-10
shadowladyex,45,Phase 1: HDD,1789081975557,2026-09-10
thanossoul,45,Phase 1: HDD,1789081975560,2026-09-10
lmbs00,45,Phase 1: HDD,1789081975567,2026-09-10
silent_luc,45,Phase 1: HDD,1789081975569,2026-09-10
pika_gamy,45,Phase 1: HDD,1789081975572,2026-09-10
dahhel,45,Phase 1: HDD,1789081975574,2026-09-10
ikaliayev,65,Phase 2: CPU,1789082439038,2026-09-10
shadowladyex,65,Phase 2: CPU,1789082439047,2026-09-10
dahhel,65,Phase 2: CPU,1789082439062,2026-09-10
thanossoul,65,Phase 2: CPU,1789082439070,2026-09-10
valase,65,Phase 2: CPU,1789082439072,2026-09-10
lmbs00,65,Phase 2: CPU,1789082439075,2026-09-10
madagascaradam,90,Phase 3: GPU,1789082935982,2026-09-10
silent_luc,90,Phase 3: GPU,1789082935994,2026-09-10
thanossoul,90,Phase 3: GPU,1789082936001,2026-09-10
shadowladyex,90,Phase 3: GPU,1789082936006,2026-09-10
dahhel,90,Phase 3: GPU,1789082936009,2026-09-10
ikaliayev,90,Phase 3: GPU,1789082936104,2026-09-10
lovegamesandthings00000,90,Phase 3: GPU,1789082936106,2026-09-10
valase,45,Phase 1: GPU,1789084216006,2026-09-10
thanossoul,45,Phase 1: GPU,1789084216009,2026-09-10
ikaliayev,45,Phase 1: GPU,1789084216011,2026-09-10
dahhel,45,Phase 1: GPU,1789084216014,2026-09-10
shadowladyex,45,Phase 1: GPU,1789084216077,2026-09-10
silent_luc,45,Phase 1: GPU,1789084216081,2026-09-10
snoopys030,45,Phase 1: GPU,1789084216090,2026-09-10
ikaliayev,65,Phase 2: HDD,1789084699815,2026-09-10
thanossoul,65,Phase 2: HDD,1789084699819,2026-09-10
dahhel,65,Phase 2: HDD,1789084699822,2026-09-10
valase,65,Phase 2: HDD,1789084699824,2026-09-10
snoopys030,65,Phase 2: HDD,1789084699884,2026-09-10
shadowladyex,65,Phase 2: HDD,1789084699900,2026-09-10
dahhel,45,Phase 1: CPU,1789085914839,2026-09-11
valase,45,Phase 1: CPU,1789085914864,2026-09-11
ikaliayev,45,Phase 1: CPU,1789085914865,2026-09-11
snoopys030,45,Phase 1: CPU,1789085914867,2026-09-11
shadowladyex,45,Phase 1: CPU,1789085914870,2026-09-11
lmbs00,45,Phase 1: CPU,1789085914881,2026-09-11
thanossoul,45,Phase 1: CPU,1789085914884,2026-09-11
valase,65,Phase 2: HDD,1789086573779,2026-09-11
dahhel,65,Phase 2: HDD,1789086573781,2026-09-11
lmbs00,65,Phase 2: HDD,1789086573785,2026-09-11
snoopys030,65,Phase 2: HDD,1789086573787,2026-09-11
pika_gamy,65,Phase 2: HDD,1789086573795,2026-09-11
ikaliayev,65,Phase 2: HDD,1789086573796,2026-09-11
silent_luc,65,Phase 2: HDD,1789086573798,2026-09-11
thanossoul,65,Phase 2: HDD,1789086573888,2026-09-11
shadowladyex,65,Phase 2: HDD,1789086573892,2026-09-11
valase,90,Phase 3: GPU,1789087032836,2026-09-11
lmbs00,90,Phase 3: GPU,1789087032852,2026-09-11
shadowladyex,90,Phase 3: GPU,1789087032855,2026-09-11
thanossoul,90,Phase 3: GPU,1789087032860,2026-09-11
dahhel,90,Phase 3: GPU,1789087032863,2026-09-11
snoopys030,90,Phase 3: GPU,1789087032871,2026-09-11
pika_gamy,90,Phase 3: GPU,1789087032888,2026-09-11
ikaliayev,90,Phase 3: GPU,1789087032892,2026-09-11
pika_gamy,45,Phase 1: GPU,1789088428709,2026-09-11
hopelessss_,45,Phase 1: GPU,1789088428721,2026-09-11
shadowladyex,45,Phase 1: GPU,1789088428726,2026-09-11
silent_luc,45,Phase 1: GPU,1789088428743,2026-09-11
thanossoul,45,Phase 1: GPU,1789088428745,2026-09-11
dahhel,45,Phase 1: GPU,1789088428747,2026-09-11
ikaliayev,45,Phase 1: GPU,1789088428749,2026-09-11
valase,45,Phase 1: GPU,1789088428752,2026-09-11
lmbs00,45,Phase 1: GPU,1789088428754,2026-09-11
snoopys030,45,Phase 1: GPU,1789088428824,2026-09-11
pika_gamy,65,Phase 2: CPU,1789089030638,2026-09-11
shadowladyex,65,Phase 2: CPU,1789089030645,2026-09-11
lmbs00,65,Phase 2: CPU,1789089030648,2026-09-11
dahhel,65,Phase 2: CPU,1789089030654,2026-09-11
snoopys030,65,Phase 2: CPU,1789089030659,2026-09-11
ikaliayev,65,Phase 2: CPU,1789089030689,2026-09-11
valase,65,Phase 2: CPU,1789089030699,2026-09-11
valase,90,Phase 3: HDD,1789089494674,2026-09-11
lmbs00,90,Phase 3: HDD,1789089494683,2026-09-11
ikaliayev,90,Phase 3: HDD,1789089494689,2026-09-11
hopelessss_,90,Phase 3: HDD,1789089494693,2026-09-11
dahhel,90,Phase 3: HDD,1789089494710,2026-09-11
pika_gamy,90,Phase 3: HDD,1789089494721,2026-09-11
snoopys030,90,Phase 3: HDD,1789089494757,2026-09-11
shadowladyex,90,Phase 3: HDD,1789089494777,2026-09-11
dahhel,45,Phase 1: HDD,1789090659303,2026-09-11
valase,45,Phase 1: HDD,1789090659308,2026-09-11
ikaliayev,45,Phase 1: HDD,1789090659314,2026-09-11
shadowladyex,45,Phase 1: HDD,1789090659316,2026-09-11
lmbs00,45,Phase 1: HDD,1789090659355,2026-09-11
snoopys030,65,Phase 2: RAM,1789091302262,2026-09-11
madagascaradam,65,Phase 2: RAM,1789091302268,2026-09-11
shadowladyex,65,Phase 2: RAM,1789091302271,2026-09-11
ikaliayev,65,Phase 2: RAM,1789091302272,2026-09-11
dahhel,65,Phase 2: RAM,1789091302276,2026-09-11
llucholba,65,Phase 2: RAM,1789091302278,2026-09-11
lmbs00,65,Phase 2: RAM,1789091302282,2026-09-11
valase,65,Phase 2: RAM,1789091302330,2026-09-11
snoopys030,45,Phase 1: CPU,1789092876641,2026-09-11
lovegamesandthings00000,45,Phase 1: CPU,1789092876654,2026-09-11
avin_novor,45,Phase 1: CPU,1789092876656,2026-09-11
madagascaradam,45,Phase 1: CPU,1789092876658,2026-09-11
shadowladyex,45,Phase 1: CPU,1789092876670,2026-09-11
llucholba,45,Phase 1: CPU,1789092876672,2026-09-11
ikaliayev,45,Phase 1: CPU,1789092876676,2026-09-11
valase,45,Phase 1: CPU,1789092876682,2026-09-11
lmbs00,45,Phase 1: CPU,1789092876684,2026-09-11
slay_da_b,45,Phase 1: CPU,1789092876688,2026-09-11
dahhel,45,Phase 1: CPU,1789092876692,2026-09-11
llucholba,65,Phase 2: RAM,1789093806312,2026-09-11
snoopys030,65,Phase 2: RAM,1789093806327,2026-09-11
silent_luc,65,Phase 2: RAM,1789093806333,2026-09-11
lovegamesandthings00000,65,Phase 2: RAM,1789093806339,2026-09-11
player0451,65,Phase 2: RAM,1789093806342,2026-09-11
valase,65,Phase 2: RAM,1789093806347,2026-09-11
avin_novor,65,Phase 2: RAM,1789093806353,2026-09-11
ikaliayev,65,Phase 2: RAM,1789093806362,2026-09-11
dahhel,65,Phase 2: RAM,1789093806365,2026-09-11
madagascaradam,65,Phase 2: RAM,1789093806378,2026-09-11
shadowladyex,65,Phase 2: RAM,1789093806389,2026-09-11
lmbs00,65,Phase 2: RAM,1789093806397,2026-09-11
shadowladyex,90,Phase 3: GPU,1789094428892,2026-09-11
ikaliayev,90,Phase 3: GPU,1789094428900,2026-09-11
lmbs00,90,Phase 3: GPU,1789094428903,2026-09-11
llucholba,90,Phase 3: GPU,1789094428907,2026-09-11
valase,90,Phase 3: GPU,1789094428917,2026-09-11
madagascaradam,90,Phase 3: GPU,1789094428921,2026-09-11
silent_luc,90,Phase 3: GPU,1789094428932,2026-09-11
dahhel,90,Phase 3: GPU,1789094428934,2026-09-11
avin_novor,90,Phase 3: GPU,1789094428958,2026-09-11
valase,120,Phase 4: HDD,1789094928894,2026-09-11
ikaliayev,120,Phase 4: HDD,1789094928905,2026-09-11
player0451,120,Phase 4: HDD,1789094928911,2026-09-11
lovegamesandthings00000,120,Phase 4: HDD,1789094928912,2026-09-11
avin_novor,120,Phase 4: HDD,1789094928921,2026-09-11
thanossoul,120,Phase 4: HDD,1789094928936,2026-09-11
snoopys030,120,Phase 4: HDD,1789094928942,2026-09-11
lmbs00,120,Phase 4: HDD,1789094928943,2026-09-11
dahhel,120,Phase 4: HDD,1789094929041,2026-09-11
ikaliayev,100,proStar bonus: all 4 phases,1789094929561,2026-09-11
valase,100,proStar bonus: all 4 phases,1789094929565,2026-09-11
avin_novor,100,proStar bonus: all 4 phases,1789094929572,2026-09-11
dahhel,100,proStar bonus: all 4 phases,1789094929576,2026-09-11
lmbs00,100,proStar bonus: all 4 phases,1789094929598,2026-09-11
valase,45,Phase 1: HDD,1789095830048,2026-09-11
xiaoxiao9313,45,Phase 1: HDD,1789095830052,2026-09-11
ikaliayev,45,Phase 1: HDD,1789095830055,2026-09-11
lmbs00,45,Phase 1: HDD,1789095830060,2026-09-11
alyssrentori,45,Phase 1: HDD,1789095830092,2026-09-11
dahhel,45,Phase 1: HDD,1789095830095,2026-09-11
shadowladyex,45,Phase 1: HDD,1789095830100,2026-09-11
snoopys030,45,Phase 1: HDD,1789095830170,2026-09-11
xiaoxiao9313,65,Phase 2: GPU,1789096556042,2026-09-11
avin_novor,65,Phase 2: GPU,1789096556046,2026-09-11
valase,65,Phase 2: GPU,1789096556057,2026-09-11
lmbs00,65,Phase 2: GPU,1789096556059,2026-09-11
snoopys030,65,Phase 2: GPU,1789096556061,2026-09-11
ikaliayev,65,Phase 2: GPU,1789096556065,2026-09-11
shadowladyex,65,Phase 2: GPU,1789096556068,2026-09-11
llucholba,65,Phase 2: GPU,1789096556069,2026-09-11
thanossoul,65,Phase 2: GPU,1789096556073,2026-09-11
dahhel,65,Phase 2: GPU,1789096556079,2026-09-11
dahhel,90,Phase 3: CPU,1789097155134,2026-09-11
shadowladyex,90,Phase 3: CPU,1789097155139,2026-09-11
avin_novor,90,Phase 3: CPU,1789097155153,2026-09-11
xiaoxiao9313,90,Phase 3: CPU,1789097155157,2026-09-11
snoopys030,90,Phase 3: CPU,1789097155160,2026-09-11
slay_da_b,90,Phase 3: CPU,1789097155162,2026-09-11
ikaliayev,90,Phase 3: CPU,1789097155175,2026-09-11
lmbs00,90,Phase 3: CPU,1789097155183,2026-09-11
valase,90,Phase 3: CPU,1789097155185,2026-09-11
llucholba,90,Phase 3: CPU,1789097155199,2026-09-11
madagascaradam,120,Phase 4: RAM,1789097579047,2026-09-11
ikaliayev,120,Phase 4: RAM,1789097579051,2026-09-11
lmbs00,120,Phase 4: RAM,1789097579053,2026-09-11
snoopys030,120,Phase 4: RAM,1789097579066,2026-09-11
dahhel,120,Phase 4: RAM,1789097579068,2026-09-11
thanossoul,120,Phase 4: RAM,1789097579073,2026-09-11
valase,120,Phase 4: RAM,1789097579076,2026-09-11
avin_novor,120,Phase 4: RAM,1789097579088,2026-09-11
shadowladyex,120,Phase 4: RAM,1789097579093,2026-09-11
xiaoxiao9313,120,Phase 4: RAM,1789097579110,2026-09-11
snoopys030,71,proStar bonus: all 4 phases,1789097579601,2026-09-11
valase,71,proStar bonus: all 4 phases,1789097579604,2026-09-11
shadowladyex,71,proStar bonus: all 4 phases,1789097579606,2026-09-11
ikaliayev,71,proStar bonus: all 4 phases,1789097579611,2026-09-11
dahhel,71,proStar bonus: all 4 phases,1789097579613,2026-09-11
lmbs00,71,proStar bonus: all 4 phases,1789097579614,2026-09-11
xiaoxiao9313,71,proStar bonus: all 4 phases,1789097579620,2026-09-11
avin_novor,45,Phase 1: RAM,1789098786440,2026-09-11
slay_da_b,45,Phase 1: RAM,1789098786450,2026-09-11
valase,45,Phase 1: RAM,1789098786452,2026-09-11
naoka_ueno,45,Phase 1: RAM,1789098786464,2026-09-11
lovegamesandthings00000,45,Phase 1: RAM,1789098786466,2026-09-11
xiaoxiao9313,45,Phase 1: RAM,1789098786513,2026-09-11
lmbs00,45,Phase 1: RAM,1789098786556,2026-09-11
ikaliayev,45,Phase 1: RAM,1789098786558,2026-09-11
madagascaradam,45,Phase 1: RAM,1789098786562,2026-09-11
mori2323,45,Phase 1: RAM,1789098786563,2026-09-11
snoopys030,45,Phase 1: RAM,1789098786567,2026-09-11
dahhel,45,Phase 1: RAM,1789098786568,2026-09-11
shadowladyex,45,Phase 1: RAM,1789098786570,2026-09-11
lmbs00,65,Phase 2: CPU,1789099561331,2026-09-11
mori2323,65,Phase 2: CPU,1789099561338,2026-09-11
alfims,65,Phase 2: CPU,1789099561349,2026-09-11
naoka_ueno,65,Phase 2: CPU,1789099561351,2026-09-11
avin_novor,65,Phase 2: CPU,1789099561358,2026-09-11
thanossoul,65,Phase 2: CPU,1789099561360,2026-09-11
shadowladyex,65,Phase 2: CPU,1789099561365,2026-09-11
xiaoxiao9313,65,Phase 2: CPU,1789099561372,2026-09-11
dahhel,65,Phase 2: CPU,1789099561383,2026-09-11
snoopys030,65,Phase 2: CPU,1789099561426,2026-09-11
ikaliayev,65,Phase 2: CPU,1789099561428,2026-09-11
darkranx,65,Phase 2: CPU,1789099561438,2026-09-11
ikaliayev,90,Phase 3: HDD,1789100013000,2026-09-11
xiaoxiao9313,90,Phase 3: HDD,1789100013003,2026-09-11
lmbs00,90,Phase 3: HDD,1789100013008,2026-09-11
dahhel,90,Phase 3: HDD,1789100013014,2026-09-11
naoka_ueno,90,Phase 3: HDD,1789100013015,2026-09-11
shadowladyex,90,Phase 3: HDD,1789100013019,2026-09-11
llucholba,90,Phase 3: HDD,1789100013022,2026-09-11
mori2323,90,Phase 3: HDD,1789100013025,2026-09-11
darkranx,90,Phase 3: HDD,1789100013033,2026-09-11
dahhel,45,Phase 1: HDD,1789101336835,2026-09-11
mori2323,45,Phase 1: HDD,1789101336838,2026-09-11
snoopys030,45,Phase 1: HDD,1789101336841,2026-09-11
lmbs00,45,Phase 1: HDD,1789101336845,2026-09-11
darkranx,45,Phase 1: HDD,1789101336849,2026-09-11
shadowladyex,45,Phase 1: HDD,1789101336902,2026-09-11
xiaoxiao9313,45,Phase 1: HDD,1789101336910,2026-09-11
naoka_ueno,45,Phase 1: HDD,1789101337046,2026-09-11
llucholba,65,Phase 2: RAM,1789101954806,2026-09-11
shadowladyex,65,Phase 2: RAM,1789101954809,2026-09-11
lmbs00,65,Phase 2: RAM,1789101954815,2026-09-11
mori2323,65,Phase 2: RAM,1789101954818,2026-09-11
xiaoxiao9313,65,Phase 2: RAM,1789101954821,2026-09-11
slay_da_b,65,Phase 2: RAM,1789101954824,2026-09-11
snoopys030,65,Phase 2: RAM,1789101954827,2026-09-11
ikaliayev,65,Phase 2: RAM,1789101954828,2026-09-11
dahhel,65,Phase 2: RAM,1789101954987,2026-09-11
dahhel,45,Phase 1: GPU,1789103002609,2026-09-11
ikaliayev,45,Phase 1: GPU,1789103002622,2026-09-11
lmbs00,45,Phase 1: GPU,1789103002624,2026-09-11
naoka_ueno,45,Phase 1: GPU,1789103002640,2026-09-11
dahhel,65,Phase 2: HDD,1789103486568,2026-09-11
snoopys030,65,Phase 2: HDD,1789103486582,2026-09-11
ikaliayev,65,Phase 2: HDD,1789103486586,2026-09-11
xiaoxiao9313,65,Phase 2: HDD,1789103486588,2026-09-11
shadowladyex,65,Phase 2: HDD,1789103486592,2026-09-11
lmbs00,65,Phase 2: HDD,1789103486594,2026-09-11
slay_da_b,65,Phase 2: HDD,1789103486660,2026-09-11
ikaliayev,45,Phase 1: CPU,1789105446937,2026-09-11
avin_novor,45,Phase 1: CPU,1789105446940,2026-09-11
hopelessss_,45,Phase 1: CPU,1789105446945,2026-09-11
shadowladyex,45,Phase 1: CPU,1789105446954,2026-09-11
pika_gamy,45,Phase 1: CPU,1789105446957,2026-09-11
lmbs00,45,Phase 1: CPU,1789105446973,2026-09-11
mori2323,45,Phase 1: CPU,1789105446984,2026-09-11
xiaoxiao9313,45,Phase 1: CPU,1789105446987,2026-09-11
hopelessss_,65,Phase 2: HDD,1789106108965,2026-09-11
pika_gamy,65,Phase 2: HDD,1789106108981,2026-09-11
ikaliayev,65,Phase 2: HDD,1789106108988,2026-09-11
slay_da_b,65,Phase 2: HDD,1789106108990,2026-09-11
alburldador,65,Phase 2: HDD,1789106108996,2026-09-11
snoopys030,65,Phase 2: HDD,1789106108999,2026-09-11
mori2323,65,Phase 2: HDD,1789106109003,2026-09-11
xiaoxiao9313,65,Phase 2: HDD,1789106109069,2026-09-11
lmbs00,65,Phase 2: HDD,1789106109083,2026-09-11
hopelessss_,45,Phase 1: HDD,1789107586003,2026-09-11
mori2323,45,Phase 1: HDD,1789107586023,2026-09-11
pika_gamy,45,Phase 1: HDD,1789107586026,2026-09-11
ikaliayev,45,Phase 1: HDD,1789107586029,2026-09-11
alfims,45,Phase 1: HDD,1789107586031,2026-09-11
lmbs00,45,Phase 1: HDD,1789107586033,2026-09-11
alburldador,45,Phase 1: HDD,1789107586035,2026-09-11
xiaoxiao9313,45,Phase 1: HDD,1789107586040,2026-09-11
alburldador,65,Phase 2: RAM,1789108235542,2026-09-11
ikaliayev,65,Phase 2: RAM,1789108235554,2026-09-11
darkranx,65,Phase 2: RAM,1789108235557,2026-09-11
shadowladyex,65,Phase 2: RAM,1789108235561,2026-09-11
lmbs00,65,Phase 2: RAM,1789108235565,2026-09-11
xiaoxiao9313,65,Phase 2: RAM,1789108235570,2026-09-11
hopelessss_,65,Phase 2: RAM,1789108235579,2026-09-11
alfims,65,Phase 2: RAM,1789108235585,2026-09-11
mori2323,65,Phase 2: RAM,1789108235612,2026-09-11
mori2323,45,Phase 1: CPU,1789109562177,2026-09-11
hopelessss_,45,Phase 1: CPU,1789109562196,2026-09-11
ikaliayev,45,Phase 1: CPU,1789109562199,2026-09-11
alburldador,45,Phase 1: CPU,1789109562249,2026-09-11
lmbs00,45,Phase 1: CPU,1789109562262,2026-09-11
xiaoxiao9313,45,Phase 1: CPU,1789109562264,2026-09-11
alfims,45,Phase 1: CPU,1789109562282,2026-09-11
slay_da_b,45,Phase 1: CPU,1789109562286,2026-09-11
ikaliayev,65,Phase 2: RAM,1789110043252,2026-09-11
hopelessss_,65,Phase 2: RAM,1789110043256,2026-09-11
lmbs00,65,Phase 2: RAM,1789110043260,2026-09-11
mori2323,65,Phase 2: RAM,1789110043263,2026-09-11
alburldador,65,Phase 2: RAM,1789110043272,2026-09-11
snoopys030,65,Phase 2: RAM,1789110043277,2026-09-11
mori2323,45,Phase 1: HDD,1789111450898,2026-09-11
naoka_ueno,45,Phase 1: HDD,1789111450914,2026-09-11
ikaliayev,45,Phase 1: HDD,1789111450921,2026-09-11
hopelessss_,45,Phase 1: HDD,1789111450924,2026-09-11
snoopys030,45,Phase 1: HDD,1789111450929,2026-09-11
shadowladyex,45,Phase 1: HDD,1789111450931,2026-09-11
alburldador,45,Phase 1: HDD,1789111451022,2026-09-11
lmbs00,45,Phase 1: HDD,1789111451044,2026-09-11
shadowladyex,65,Phase 2: GPU,1789111991921,2026-09-11
ikaliayev,65,Phase 2: GPU,1789111991927,2026-09-11
mori2323,65,Phase 2: GPU,1789111991931,2026-09-11
lmbs00,65,Phase 2: GPU,1789111991989,2026-09-11
snoopys030,65,Phase 2: GPU,1789111992025,2026-09-11
naoka_ueno,65,Phase 2: GPU,1789111992046,2026-09-11
ikaliayev,45,Phase 1: HDD,1789113186654,2026-09-11
mori2323,45,Phase 1: HDD,1789113186664,2026-09-11
pika_gamy,45,Phase 1: HDD,1789113186809,2026-09-11
snoopys030,45,Phase 1: HDD,1789113186813,2026-09-11
shadowladyex,45,Phase 1: HDD,1789113186815,2026-09-11
alburldador,45,Phase 1: HDD,1789113186817,2026-09-11
naoka_ueno,45,Phase 1: HDD,1789114760899,2026-09-11
pika_gamy,45,Phase 1: HDD,1789114760918,2026-09-11
shadowladyex,45,Phase 1: HDD,1789114760923,2026-09-11
snoopys030,45,Phase 1: HDD,1789114760926,2026-09-11
ikaliayev,45,Phase 1: HDD,1789114760929,2026-09-11
mori2323,45,Phase 1: HDD,1789114760931,2026-09-11
alburldador,45,Phase 1: HDD,1789114760932,2026-09-11
llucholba,65,Phase 2: CPU,1789115370272,2026-09-11
shadowladyex,65,Phase 2: CPU,1789115370284,2026-09-11
snoopys030,65,Phase 2: CPU,1789115370286,2026-09-11
alburldador,65,Phase 2: CPU,1789115370288,2026-09-11
mori2323,65,Phase 2: CPU,1789115370290,2026-09-11
ikaliayev,65,Phase 2: CPU,1789115370292,2026-09-11
xiaoxiao9313,65,Phase 2: CPU,1789115370294,2026-09-11
lillakra,65,Phase 2: CPU,1789115370309,2026-09-11
snoopys030,45,Phase 1: GPU,1789116523929,2026-09-11
xiaoxiao9313,45,Phase 1: GPU,1789116523933,2026-09-11
mori2323,45,Phase 1: GPU,1789116523938,2026-09-11
shadowladyex,45,Phase 1: GPU,1789116523960,2026-09-11
mori2323,45,Phase 1: CPU,1789117910164,2026-09-11
pika_gamy,45,Phase 1: CPU,1789117910191,2026-09-11
xiaoxiao9313,45,Phase 1: CPU,1789117910194,2026-09-11
slay_da_b,45,Phase 1: CPU,1789117910196,2026-09-11
alburldador,45,Phase 1: CPU,1789117910198,2026-09-11
xiaoxiao9313,45,Phase 1: GPU,1789120095158,2026-09-11
snoopys030,45,Phase 1: GPU,1789120095163,2026-09-11
alburldador,45,Phase 1: GPU,1789120095169,2026-09-11
shadowladyex,45,Phase 1: GPU,1789120095173,2026-09-11
darkranx,45,Phase 1: GPU,1789120095186,2026-09-11
pika_gamy,45,Phase 1: GPU,1789120095191,2026-09-11
alexwifi42,45,Phase 1: GPU,1789120095201,2026-09-11
snoopys030,65,Phase 2: HDD,1789120686049,2026-09-11
alburldador,65,Phase 2: HDD,1789120686054,2026-09-11
alexwifi42,65,Phase 2: HDD,1789120686069,2026-09-11
mori2323,65,Phase 2: HDD,1789120686090,2026-09-11
silent_luc,65,Phase 2: HDD,1789120686120,2026-09-11
pika_gamy,65,Phase 2: HDD,1789120686185,2026-09-11
xiaoxiao9313,65,Phase 2: HDD,1789120686189,2026-09-11
alburldador,45,Phase 1: CPU,1789121741830,2026-09-11
pika_gamy,45,Phase 1: CPU,1789121741833,2026-09-11
snoopys030,45,Phase 1: CPU,1789121741836,2026-09-11
xiaoxiao9313,45,Phase 1: CPU,1789121741910,2026-09-11
alfims,65,Phase 2: RAM,1789122199744,2026-09-11
xiaoxiao9313,65,Phase 2: RAM,1789122199750,2026-09-11
silent_luc,65,Phase 2: RAM,1789122199751,2026-09-11
shadowladyex,65,Phase 2: RAM,1789122199752,2026-09-11
alburldador,65,Phase 2: RAM,1789122199757,2026-09-11
alburldador,90,Phase 3: HDD,1789122756812,2026-09-11
shadowladyex,90,Phase 3: HDD,1789122756817,2026-09-11
operacional_cae,90,Phase 3: HDD,1789122756820,2026-09-11
silent_luc,90,Phase 3: HDD,1789122756822,2026-09-11
mori2323,90,Phase 3: HDD,1789122756828,2026-09-11
alphonsoe,90,Phase 3: HDD,1789122756831,2026-09-11
xiaoxiao9313,90,Phase 3: HDD,1789122756834,2026-09-11
snoopys030,90,Phase 3: HDD,1789122756836,2026-09-11
hopelessss_,90,Phase 3: HDD,1789122756837,2026-09-11
pika_gamy,90,Phase 3: HDD,1789122756839,2026-09-11
ivanpetrov32,45,Phase 1: HDD,1789125031416,2026-09-11
lovegamesandthings00000,45,Phase 1: HDD,1789125031441,2026-09-11
alburldador,45,Phase 1: HDD,1789125031443,2026-09-11
silent_luc,45,Phase 1: HDD,1789125031451,2026-09-11
alphonsoe,45,Phase 1: HDD,1789125031458,2026-09-11
alexwifi42,45,Phase 1: HDD,1789125031460,2026-09-11
mori2323,45,Phase 1: HDD,1789125031463,2026-09-11
xiaoxiao9313,45,Phase 1: HDD,1789125031465,2026-09-11
snoopys030,45,Phase 1: HDD,1789125031467,2026-09-11
pika_gamy,45,Phase 1: HDD,1789125031548,2026-09-11
shadowladyex,45,Phase 1: HDD,1789125031551,2026-09-11
alfims,45,Phase 1: HDD,1789125031552,2026-09-11
alphonsoe,65,Phase 2: CPU,1789125723074,2026-09-11
shadowladyex,65,Phase 2: CPU,1789125723085,2026-09-11
snoopys030,65,Phase 2: CPU,1789125723094,2026-09-11
alburldador,65,Phase 2: CPU,1789125723097,2026-09-11
pika_gamy,65,Phase 2: CPU,1789125723101,2026-09-11
xiaoxiao9313,65,Phase 2: CPU,1789125723107,2026-09-11
avin_novor,65,Phase 2: CPU,1789125723121,2026-09-11
silent_luc,65,Phase 2: CPU,1789125723232,2026-09-11
avin_novor,90,Phase 3: GPU,1789126217085,2026-09-11
shadowladyex,90,Phase 3: GPU,1789126217091,2026-09-11
alphonsoe,90,Phase 3: GPU,1789126217093,2026-09-11
snoopys030,90,Phase 3: GPU,1789126217098,2026-09-11
alburldador,90,Phase 3: GPU,1789126217104,2026-09-11
xiaoxiao9313,90,Phase 3: GPU,1789126217106,2026-09-11
pika_gamy,90,Phase 3: GPU,1789126217176,2026-09-11
alexwifi42,90,Phase 3: GPU,1789126217183,2026-09-11
mori2323,45,Phase 1: RAM,1789127479678,2026-09-11
shadowladyex,45,Phase 1: RAM,1789127479682,2026-09-11
pika_gamy,45,Phase 1: RAM,1789127479687,2026-09-11
snoopys030,45,Phase 1: RAM,1789127479698,2026-09-11
xiaoxiao9313,45,Phase 1: RAM,1789127479711,2026-09-11
alexwifi42,45,Phase 1: RAM,1789127479714,2026-09-11
alphonsoe,45,Phase 1: RAM,1789127479718,2026-09-11
alburldador,45,Phase 1: RAM,1789127479778,2026-09-11
shadowladyex,65,Phase 2: HDD,1789128211686,2026-09-11
silent_luc,65,Phase 2: HDD,1789128211693,2026-09-11
lovegamesandthings00000,65,Phase 2: HDD,1789128211709,2026-09-11
xiaoxiao9313,65,Phase 2: HDD,1789128211714,2026-09-11
snoopys030,65,Phase 2: HDD,1789128211718,2026-09-11
yurigiu,65,Phase 2: HDD,1789128211726,2026-09-11
pika_gamy,65,Phase 2: HDD,1789128211732,2026-09-11
alexwifi42,65,Phase 2: HDD,1789128211734,2026-09-11
alphonsoe,65,Phase 2: HDD,1789128211736,2026-09-11
mori2323,65,Phase 2: HDD,1789128211785,2026-09-11
alburldador,45,Phase 1: GPU,1789129650390,2026-09-11
snoopys030,45,Phase 1: GPU,1789129650407,2026-09-11
valase,45,Phase 1: GPU,1789129650409,2026-09-11
shadowladyex,45,Phase 1: GPU,1789129650417,2026-09-11
silent_luc,45,Phase 1: GPU,1789129650424,2026-09-11
xiaoxiao9313,45,Phase 1: GPU,1789129650429,2026-09-11
pika_gamy,45,Phase 1: GPU,1789129650500,2026-09-11
mori2323,45,Phase 1: GPU,1789129650506,2026-09-11
thanossoul,45,Phase 1: GPU,1789129650561,2026-09-11
alphonsoe,45,Phase 1: GPU,1789129650575,2026-09-11
shadowladyex,65,Phase 2: HDD,1789130387562,2026-09-11
valase,65,Phase 2: HDD,1789130387565,2026-09-11
pika_gamy,65,Phase 2: HDD,1789130387569,2026-09-11
hopelessss_,65,Phase 2: HDD,1789130387583,2026-09-11
xiaoxiao9313,65,Phase 2: HDD,1789130387610,2026-09-11
thanossoul,65,Phase 2: HDD,1789130387647,2026-09-11
silent_luc,65,Phase 2: HDD,1789130387649,2026-09-11
alphonsoe,65,Phase 2: HDD,1789130387656,2026-09-11
alburldador,65,Phase 2: HDD,1789130387665,2026-09-11
mori2323,65,Phase 2: HDD,1789130387667,2026-09-11
lovegamesandthings00000,90,Phase 3: CPU,1789131055512,2026-09-11
snoopys030,90,Phase 3: CPU,1789131055517,2026-09-11
shadowladyex,90,Phase 3: CPU,1789131055521,2026-09-11
alburldador,90,Phase 3: CPU,1789131055531,2026-09-11
madagascaradam,90,Phase 3: CPU,1789131055533,2026-09-11
silent_luc,90,Phase 3: CPU,1789131055537,2026-09-11
pika_gamy,90,Phase 3: CPU,1789131055541,2026-09-11
alphonsoe,90,Phase 3: CPU,1789131055549,2026-09-11
valase,90,Phase 3: CPU,1789131055552,2026-09-11
hopelessss_,90,Phase 3: CPU,1789131055553,2026-09-11
mori2323,90,Phase 3: CPU,1789131055555,2026-09-11
thanossoul,90,Phase 3: CPU,1789131055560,2026-09-11
alburldador,45,Phase 1: GPU,1789132518434,2026-09-11
valase,45,Phase 1: GPU,1789132518443,2026-09-11
snoopys030,45,Phase 1: GPU,1789132518449,2026-09-11
lovegamesandthings00000,45,Phase 1: GPU,1789132518451,2026-09-11
alphonsoe,45,Phase 1: GPU,1789132518478,2026-09-11
xiaoxiao9313,45,Phase 1: GPU,1789132518486,2026-09-11
ivanpetrov32,45,Phase 1: GPU,1789132518493,2026-09-11
shadowladyex,45,Phase 1: GPU,1789132518533,2026-09-11
mori2323,45,Phase 1: GPU,1789132518548,2026-09-11
madagascaradam,45,Phase 1: GPU,1789132518589,2026-09-11
hopelessss_,45,Phase 1: GPU,1789132518639,2026-09-11
hopelessss_,65,Phase 2: HDD,1789133135270,2026-09-11
xiaoxiao9313,65,Phase 2: HDD,1789133135281,2026-09-11
shadowladyex,65,Phase 2: HDD,1789133135284,2026-09-11
valase,65,Phase 2: HDD,1789133135287,2026-09-11
mori2323,65,Phase 2: HDD,1789133135292,2026-09-11
alburldador,65,Phase 2: HDD,1789133135294,2026-09-11
snoopys030,65,Phase 2: HDD,1789133135323,2026-09-11
alfims,65,Phase 2: HDD,1789133135330,2026-09-11
thanossoul,65,Phase 2: HDD,1789133135334,2026-09-11
snoopys030,45,Phase 1: RAM,1789134225015,2026-09-11
alburldador,45,Phase 1: RAM,1789134225021,2026-09-11
shadowladyex,45,Phase 1: RAM,1789134225042,2026-09-11
alphonsoe,45,Phase 1: RAM,1789134225049,2026-09-11
alburldador,65,Phase 2: CPU,1789134917164,2026-09-11
alfims,65,Phase 2: CPU,1789134917171,2026-09-11
player0451,65,Phase 2: CPU,1789134917177,2026-09-11
mori2323,65,Phase 2: CPU,1789134917184,2026-09-11
thanossoul,65,Phase 2: CPU,1789134917210,2026-09-11
xiaoxiao9313,65,Phase 2: CPU,1789134917218,2026-09-11
snoopys030,65,Phase 2: CPU,1789134917266,2026-09-11
shadowladyex,65,Phase 2: CPU,1789134917274,2026-09-11
valase,65,Phase 2: CPU,1789134917341,2026-09-11
xiaoxiao9313,45,Phase 1: HDD,1789136501813,2026-09-11
thanossoul,45,Phase 1: HDD,1789136501826,2026-09-11
valase,45,Phase 1: HDD,1789136501830,2026-09-11
mori2323,45,Phase 1: HDD,1789136501839,2026-09-11
alexwifi42,45,Phase 1: HDD,1789136501841,2026-09-11
alphonsoe,45,Phase 1: HDD,1789136501851,2026-09-11
alfims,45,Phase 1: HDD,1789136501853,2026-09-11
avin_novor,45,Phase 1: HDD,1789136501855,2026-09-11
louis_of_apshai,45,Phase 1: HDD,1789136501858,2026-09-11
silent_luc,45,Phase 1: HDD,1789136501862,2026-09-11
alburldador,45,Phase 1: HDD,1789136501864,2026-09-11
snoopys030,45,Phase 1: HDD,1789136501867,2026-09-11
xiaoxiao9313,65,Phase 2: RAM,1789136973534,2026-09-11
avin_novor,65,Phase 2: RAM,1789136973547,2026-09-11
snoopys030,65,Phase 2: RAM,1789136973555,2026-09-11
cerebralx1,65,Phase 2: RAM,1789136973560,2026-09-11
valase,65,Phase 2: RAM,1789136973564,2026-09-11
mori2323,65,Phase 2: RAM,1789136973570,2026-09-11
cerebralx1,90,Phase 3: GPU,1789137606530,2026-09-11
valase,90,Phase 3: GPU,1789137606540,2026-09-11
alexwifi42,90,Phase 3: GPU,1789137606543,2026-09-11
snoopys030,90,Phase 3: GPU,1789137606573,2026-09-11
louis_of_apshai,90,Phase 3: GPU,1789137606577,2026-09-11
mori2323,90,Phase 3: GPU,1789137606581,2026-09-11
alphonsoe,90,Phase 3: GPU,1789137606585,2026-09-11
alburldador,90,Phase 3: GPU,1789137606614,2026-09-11
avin_novor,90,Phase 3: GPU,1789137606627,2026-09-11
silent_luc,90,Phase 3: GPU,1789137606629,2026-09-11
xiaoxiao9313,90,Phase 3: GPU,1789137607213,2026-09-11
mori2323,45,Phase 1: RAM,1789139050939,2026-09-11
cerebralx1,45,Phase 1: RAM,1789139050954,2026-09-11
alphonsoe,45,Phase 1: RAM,1789139050961,2026-09-11
xiaoxiao9313,45,Phase 1: RAM,1789139050964,2026-09-11
valase,45,Phase 1: RAM,1789139050965,2026-09-11
avin_novor,45,Phase 1: RAM,1789139050967,2026-09-11
silent_luc,45,Phase 1: RAM,1789139050970,2026-09-11
thanossoul,45,Phase 1: RAM,1789139050988,2026-09-11
alburldador,45,Phase 1: RAM,1789139051044,2026-09-11
hopelessss_,45,Phase 1: RAM,1789139051051,2026-09-11
silent_luc,65,Phase 2: CPU,1789139604235,2026-09-11
cerebralx1,65,Phase 2: CPU,1789139604243,2026-09-11
lillakra,65,Phase 2: CPU,1789139604270,2026-09-11
thanossoul,65,Phase 2: CPU,1789139604272,2026-09-11
xiaoxiao9313,65,Phase 2: CPU,1789139604346,2026-09-11
avin_novor,65,Phase 2: CPU,1789139604364,2026-09-11
valase,65,Phase 2: CPU,1789139604728,2026-09-11
lmbs00,45,Phase 1: HDD,1789140913952,2026-09-11
valase,45,Phase 1: HDD,1789140913957,2026-09-11
cerebralx1,45,Phase 1: HDD,1789140913963,2026-09-11
alphonsoe,45,Phase 1: HDD,1789140913967,2026-09-11
silent_luc,45,Phase 1: HDD,1789140913969,2026-09-11
xiaoxiao9313,45,Phase 1: HDD,1789140913982,2026-09-11
mori2323,45,Phase 1: HDD,1789140913984,2026-09-11
avin_novor,45,Phase 1: HDD,1789140914063,2026-09-11
alburldador,45,Phase 1: HDD,1789140914067,2026-09-11
alexwifi42,65,Phase 2: GPU,1789141686955,2026-09-11
avin_novor,65,Phase 2: GPU,1789141686958,2026-09-11
alburldador,65,Phase 2: GPU,1789141686968,2026-09-11
thanossoul,65,Phase 2: GPU,1789141686976,2026-09-11
silent_luc,65,Phase 2: GPU,1789141686981,2026-09-11
cerebralx1,65,Phase 2: GPU,1789141686982,2026-09-11
alphonsoe,65,Phase 2: GPU,1789141687016,2026-09-11
xiaoxiao9313,65,Phase 2: GPU,1789141687022,2026-09-11
ikaliayev,65,Phase 2: GPU,1789141687025,2026-09-11
lmbs00,65,Phase 2: GPU,1789141687029,2026-09-11
mori2323,65,Phase 2: GPU,1789141687031,2026-09-11
valase,65,Phase 2: GPU,1789141687034,2026-09-11
dahhel,45,Phase 1: CPU,1789143488605,2026-09-11
alphonsoe,45,Phase 1: CPU,1789143488619,2026-09-11
hopelessss_,45,Phase 1: CPU,1789143488623,2026-09-11
lmbs00,45,Phase 1: CPU,1789143488625,2026-09-11
lovegamesandthings00000,45,Phase 1: CPU,1789143488635,2026-09-11
valase,45,Phase 1: CPU,1789143488637,2026-09-11
ikaliayev,45,Phase 1: CPU,1789143488640,2026-09-11
thanossoul,45,Phase 1: CPU,1789143488642,2026-09-11
avin_novor,45,Phase 1: CPU,1789143488650,2026-09-11
calypso_ba,45,Phase 1: CPU,1789143488674,2026-09-11
alburldador,45,Phase 1: CPU,1789143488677,2026-09-11
mori2323,45,Phase 1: CPU,1789143488682,2026-09-11
xiaoxiao9313,45,Phase 1: CPU,1789143488692,2026-09-11
pika_gamy,45,Phase 1: CPU,1789143488699,2026-09-11
cerebralx1,45,Phase 1: CPU,1789143488708,2026-09-11
silent_luc,45,Phase 1: CPU,1789143488843,2026-09-11
cerebralx1,65,Phase 2: HDD,1789144257272,2026-09-11
xiaoxiao9313,65,Phase 2: HDD,1789144257274,2026-09-11
valase,65,Phase 2: HDD,1789144257284,2026-09-11
lmbs00,65,Phase 2: HDD,1789144257290,2026-09-11
avin_novor,65,Phase 2: HDD,1789144257299,2026-09-11
dahhel,65,Phase 2: HDD,1789144257310,2026-09-11
mori2323,65,Phase 2: HDD,1789144257314,2026-09-11
hopelessss_,65,Phase 2: HDD,1789144257380,2026-09-11
alburldador,65,Phase 2: HDD,1789144257386,2026-09-11
calypso_ba,65,Phase 2: HDD,1789144257388,2026-09-11
pika_gamy,65,Phase 2: HDD,1789144257437,2026-09-11
ikaliayev,65,Phase 2: HDD,1789144257455,2026-09-11
lmbs00,45,Phase 1: RAM,1789145727204,2026-09-11
alburldador,45,Phase 1: RAM,1789145727217,2026-09-11
dahhel,45,Phase 1: RAM,1789145727219,2026-09-11
player0451,45,Phase 1: RAM,1789145727226,2026-09-11
silent_luc,45,Phase 1: RAM,1789145727228,2026-09-11
xiaoxiao9313,45,Phase 1: RAM,1789145727233,2026-09-11
avin_novor,45,Phase 1: RAM,1789145727243,2026-09-11
valase,45,Phase 1: RAM,1789145727296,2026-09-11
pika_gamy,45,Phase 1: RAM,1789145727297,2026-09-11
mori2323,45,Phase 1: RAM,1789145727299,2026-09-11
ikaliayev,45,Phase 1: RAM,1789145727301,2026-09-11
thanossoul,65,Phase 2: CPU,1789146214942,2026-09-11
pika_gamy,65,Phase 2: CPU,1789146214952,2026-09-11
xiaoxiao9313,65,Phase 2: CPU,1789146214954,2026-09-11
operacional_cae,65,Phase 2: CPU,1789146214963,2026-09-11
mori2323,65,Phase 2: CPU,1789146214967,2026-09-11
avin_novor,65,Phase 2: CPU,1789146215008,2026-09-11
dahhel,65,Phase 2: CPU,1789146215038,2026-09-11
valase,65,Phase 2: CPU,1789146215189,2026-09-11
valase,45,Phase 1: CPU,1789147564651,2026-09-11
mori2323,45,Phase 1: CPU,1789147564663,2026-09-11
lmbs00,45,Phase 1: CPU,1789147564667,2026-09-11
xiaoxiao9313,45,Phase 1: CPU,1789147564676,2026-09-11
ikaliayev,45,Phase 1: CPU,1789147564678,2026-09-11
pika_gamy,45,Phase 1: CPU,1789147564683,2026-09-11
dahhel,45,Phase 1: CPU,1789147564688,2026-09-11
alburldador,45,Phase 1: CPU,1789147564726,2026-09-11
alexwifi42,65,Phase 2: HDD,1789148346666,2026-09-11
ikaliayev,65,Phase 2: HDD,1789148346671,2026-09-11
player0451,65,Phase 2: HDD,1789148346677,2026-09-11
valase,65,Phase 2: HDD,1789148346681,2026-09-11
llucholba,65,Phase 2: HDD,1789148346685,2026-09-11
pika_gamy,65,Phase 2: HDD,1789148346686,2026-09-11
mori2323,65,Phase 2: HDD,1789148346688,2026-09-11
xiaoxiao9313,65,Phase 2: HDD,1789148346691,2026-09-11
lmbs00,65,Phase 2: HDD,1789148346734,2026-09-11
dahhel,65,Phase 2: HDD,1789148346741,2026-09-11
alburldador,65,Phase 2: HDD,1789148346759,2026-09-11
lmbs00,90,Phase 3: RAM,1789148912770,2026-09-11
hopelessss_,90,Phase 3: RAM,1789148912775,2026-09-11
valase,90,Phase 3: RAM,1789148912780,2026-09-11
pika_gamy,90,Phase 3: RAM,1789148912788,2026-09-11
slay_da_b,90,Phase 3: RAM,1789148912790,2026-09-11
silent_luc,90,Phase 3: RAM,1789148912791,2026-09-11
xiaoxiao9313,90,Phase 3: RAM,1789148912799,2026-09-11
dahhel,90,Phase 3: RAM,1789148912801,2026-09-11
mori2323,90,Phase 3: RAM,1789148912802,2026-09-11
ikaliayev,90,Phase 3: RAM,1789148912804,2026-09-11
alburldador,90,Phase 3: RAM,1789148912805,2026-09-11
xiaoxiao9313,45,Phase 1: RAM,1789150369034,2026-09-11
lmbs00,45,Phase 1: RAM,1789150369047,2026-09-11
hopelessss_,45,Phase 1: RAM,1789150369050,2026-09-11
alburldador,45,Phase 1: RAM,1789150369052,2026-09-11
dahhel,45,Phase 1: RAM,1789150369070,2026-09-11
llucholba,45,Phase 1: RAM,1789150369087,2026-09-11
avin_novor,45,Phase 1: RAM,1789150369092,2026-09-11
ikaliayev,45,Phase 1: RAM,1789150369106,2026-09-11
mori2323,45,Phase 1: RAM,1789150369120,2026-09-11
player0451,45,Phase 1: RAM,1789150369122,2026-09-11
alburldador,65,Phase 2: GPU,1789150856359,2026-09-11
hopelessss_,65,Phase 2: GPU,1789150856364,2026-09-11
ikaliayev,65,Phase 2: GPU,1789150856369,2026-09-11
pika_gamy,65,Phase 2: GPU,1789150856373,2026-09-11
dahhel,65,Phase 2: GPU,1789150856380,2026-09-11
xiaoxiao9313,65,Phase 2: GPU,1789150856384,2026-09-11
lmbs00,65,Phase 2: GPU,1789150856404,2026-09-11
lmbs00,45,Phase 1: HDD,1789152346498,2026-09-11
ikaliayev,45,Phase 1: HDD,1789152346510,2026-09-11
xiaoxiao9313,45,Phase 1: HDD,1789152346512,2026-09-11
silent_luc,45,Phase 1: HDD,1789152346519,2026-09-11
player0451,45,Phase 1: HDD,1789152346524,2026-09-11
dahhel,45,Phase 1: HDD,1789152346531,2026-09-11
alburldador,45,Phase 1: HDD,1789152346558,2026-09-11
pika_gamy,45,Phase 1: HDD,1789152346572,2026-09-11
hopelessss_,45,Phase 1: HDD,1789152346575,2026-09-11
valase,45,Phase 1: HDD,1789152346580,2026-09-11
avin_novor,45,Phase 1: HDD,1789152346617,2026-09-11
valase,65,Phase 2: RAM,1789153179118,2026-09-11
lmbs00,65,Phase 2: RAM,1789153179125,2026-09-11
hopelessss_,65,Phase 2: RAM,1789153179132,2026-09-11
puphik,65,Phase 2: RAM,1789153179134,2026-09-11
alexwifi42,65,Phase 2: RAM,1789153179138,2026-09-11
pika_gamy,65,Phase 2: RAM,1789153179145,2026-09-11
ikaliayev,65,Phase 2: RAM,1789153179162,2026-09-11
avin_novor,65,Phase 2: RAM,1789153179168,2026-09-11
dahhel,65,Phase 2: RAM,1789153179192,2026-09-11
xiaoxiao9313,65,Phase 2: RAM,1789153179194,2026-09-11
thanossoul,65,Phase 2: RAM,1789153179196,2026-09-11
mori2323,65,Phase 2: RAM,1789153179198,2026-09-11
dahhel,45,Phase 1: CPU,1789154647200,2026-09-11
mori2323,45,Phase 1: CPU,1789154647210,2026-09-11
ikaliayev,45,Phase 1: CPU,1789154647212,2026-09-11
xiaoxiao9313,45,Phase 1: CPU,1789154647235,2026-09-11
lmbs00,45,Phase 1: CPU,1789154647237,2026-09-11
pika_gamy,45,Phase 1: CPU,1789154647239,2026-09-11
valase,45,Phase 1: CPU,1789154647242,2026-09-11
shadowladyex,45,Phase 1: CPU,1789154647244,2026-09-11
avin_novor,45,Phase 1: CPU,1789154647264,2026-09-11
thanossoul,45,Phase 1: CPU,1789154647267,2026-09-11
silent_luc,45,Phase 1: CPU,1789154647271,2026-09-11
xiaoxiao9313,65,Phase 2: RAM,1789155324939,2026-09-11
ikaliayev,65,Phase 2: RAM,1789155324942,2026-09-11
shadowladyex,65,Phase 2: RAM,1789155324950,2026-09-11
lmbs00,65,Phase 2: RAM,1789155324952,2026-09-11
dahhel,65,Phase 2: RAM,1789155324954,2026-09-11
thanossoul,65,Phase 2: RAM,1789155324955,2026-09-11
pika_gamy,65,Phase 2: RAM,1789155324959,2026-09-11
valase,65,Phase 2: RAM,1789155324962,2026-09-11
avin_novor,65,Phase 2: RAM,1789155324983,2026-09-11
lmbs00,45,Phase 1: RAM,1789156774328,2026-09-11
valase,45,Phase 1: RAM,1789156774337,2026-09-11
dahhel,45,Phase 1: RAM,1789156774342,2026-09-11
shadowladyex,45,Phase 1: RAM,1789156774345,2026-09-11
cerebralx1,45,Phase 1: RAM,1789156774361,2026-09-11
pika_gamy,45,Phase 1: RAM,1789156774363,2026-09-11
ikaliayev,45,Phase 1: RAM,1789156774371,2026-09-11
avin_novor,45,Phase 1: RAM,1789156774373,2026-09-11
mori2323,45,Phase 1: RAM,1789156774375,2026-09-11
silent_luc,45,Phase 1: RAM,1789156774380,2026-09-11
player0451,45,Phase 1: RAM,1789156774382,2026-09-11
valase,65,Phase 2: HDD,1789157518731,2026-09-11
mori2323,65,Phase 2: HDD,1789157518733,2026-09-11
alburldador,65,Phase 2: HDD,1789157518736,2026-09-11
ikaliayev,65,Phase 2: HDD,1789157518741,2026-09-11
shadowladyex,65,Phase 2: HDD,1789157518742,2026-09-11
pika_gamy,65,Phase 2: HDD,1789157518747,2026-09-11
dahhel,65,Phase 2: HDD,1789157518762,2026-09-11
cerebralx1,65,Phase 2: HDD,1789157518764,2026-09-11
lmbs00,65,Phase 2: HDD,1789157518773,2026-09-11
player0451,65,Phase 2: HDD,1789157518775,2026-09-11
cerebralx1,90,Phase 3: CPU,1789158136812,2026-09-11
lmbs00,90,Phase 3: CPU,1789158136816,2026-09-11
llucholba,90,Phase 3: CPU,1789158136821,2026-09-11
mori2323,90,Phase 3: CPU,1789158136827,2026-09-11
alburldador,90,Phase 3: CPU,1789158136837,2026-09-11
shadowladyex,90,Phase 3: CPU,1789158136840,2026-09-11
ikaliayev,90,Phase 3: CPU,1789158136842,2026-09-11
valase,90,Phase 3: CPU,1789158136846,2026-09-11
pika_gamy,90,Phase 3: CPU,1789158136868,2026-09-11
avin_novor,90,Phase 3: CPU,1789158136872,2026-09-11
thanossoul,90,Phase 3: CPU,1789158136875,2026-09-11
valase,45,Phase 1: GPU,1789159700289,2026-09-11
yurigiu,45,Phase 1: GPU,1789159700302,2026-09-11
pika_gamy,45,Phase 1: GPU,1789159700304,2026-09-11
mori2323,45,Phase 1: GPU,1789159700308,2026-09-11
cerebralx1,45,Phase 1: GPU,1789159700317,2026-09-11
avin_novor,45,Phase 1: GPU,1789159700319,2026-09-11
alexwifi42,45,Phase 1: GPU,1789159700321,2026-09-11
shadowladyex,45,Phase 1: GPU,1789159700327,2026-09-11
lmbs00,45,Phase 1: GPU,1789159700329,2026-09-11
silent_luc,45,Phase 1: GPU,1789159700337,2026-09-11
alburldador,45,Phase 1: GPU,1789159700339,2026-09-11
ikaliayev,45,Phase 1: GPU,1789159700340,2026-09-11
lmbs00,65,Phase 2: RAM,1789160347710,2026-09-11
ikaliayev,65,Phase 2: RAM,1789160347712,2026-09-11
avin_novor,65,Phase 2: RAM,1789160347746,2026-09-11
shadowladyex,65,Phase 2: RAM,1789160347759,2026-09-11
pika_gamy,65,Phase 2: RAM,1789160347765,2026-09-11
mori2323,65,Phase 2: RAM,1789160347778,2026-09-11
silent_luc,65,Phase 2: RAM,1789160347804,2026-09-11
dahhel,65,Phase 2: RAM,1789160347829,2026-09-11
valase,65,Phase 2: RAM,1789160347878,2026-09-11
player0451,90,Phase 3: CPU,1789160858627,2026-09-11
pika_gamy,90,Phase 3: CPU,1789160858633,2026-09-11
dahhel,90,Phase 3: CPU,1789160858636,2026-09-11
mori2323,90,Phase 3: CPU,1789160858640,2026-09-11
ikaliayev,90,Phase 3: CPU,1789160858644,2026-09-11
alburldador,90,Phase 3: CPU,1789160858650,2026-09-11
shadowladyex,90,Phase 3: CPU,1789160858652,2026-09-11
lmbs00,90,Phase 3: CPU,1789160858657,2026-09-11
hopelessss_,90,Phase 3: CPU,1789160858659,2026-09-11
pika_gamy,120,Phase 4: HDD,1789161370622,2026-09-11
hopelessss_,120,Phase 4: HDD,1789161370634,2026-09-11
dahhel,120,Phase 4: HDD,1789161370638,2026-09-11
lovegamesandthings00000,120,Phase 4: HDD,1789161370671,2026-09-11
silent_luc,120,Phase 4: HDD,1789161370673,2026-09-11
ikaliayev,120,Phase 4: HDD,1789161370675,2026-09-11
alburldador,120,Phase 4: HDD,1789161370680,2026-09-11
shadowladyex,120,Phase 4: HDD,1789161370682,2026-09-11
thanossoul,120,Phase 4: HDD,1789161370685,2026-09-11
mori2323,120,Phase 4: HDD,1789161370694,2026-09-11
avin_novor,120,Phase 4: HDD,1789161370739,2026-09-11
pika_gamy,125,proStar bonus: all 4 phases,1789161371196,2026-09-11
ikaliayev,125,proStar bonus: all 4 phases,1789161371203,2026-09-11
shadowladyex,125,proStar bonus: all 4 phases,1789161371207,2026-09-11
mori2323,125,proStar bonus: all 4 phases,1789161371240,2026-09-11
thanossoul,45,Phase 1: GPU,1789162396271,2026-09-11
avin_novor,45,Phase 1: GPU,1789162396283,2026-09-11
alburldador,45,Phase 1: GPU,1789162396313,2026-09-11
lmbs00,45,Phase 1: GPU,1789162396315,2026-09-11
pika_gamy,45,Phase 1: GPU,1789162396471,2026-09-11
valase,45,Phase 1: GPU,1789162396496,2026-09-11
mori2323,45,Phase 1: GPU,1789162396510,2026-09-11
dahhel,45,Phase 1: GPU,1789162396573,2026-09-11
shadowladyex,45,Phase 1: GPU,1789162396575,2026-09-11
ikaliayev,45,Phase 1: GPU,1789162396814,2026-09-11
shadowladyex,65,Phase 2: HDD,1789163150689,2026-09-11
dahhel,65,Phase 2: HDD,1789163150691,2026-09-11
avin_novor,65,Phase 2: HDD,1789163150698,2026-09-11
valase,65,Phase 2: HDD,1789163150699,2026-09-11
ikaliayev,65,Phase 2: HDD,1789163150701,2026-09-11
lmbs00,65,Phase 2: HDD,1789163150707,2026-09-11
hopelessss_,65,Phase 2: HDD,1789163150720,2026-09-11
thanossoul,65,Phase 2: HDD,1789163150728,2026-09-11
mori2323,65,Phase 2: HDD,1789163150730,2026-09-11
alburldador,65,Phase 2: HDD,1789163150734,2026-09-11
pika_gamy,65,Phase 2: HDD,1789163150736,2026-09-11
ikaliayev,90,Phase 3: RAM,1789163696683,2026-09-11
lmbs00,90,Phase 3: RAM,1789163696689,2026-09-11
valase,90,Phase 3: RAM,1789163696692,2026-09-11
thanossoul,90,Phase 3: RAM,1789163696693,2026-09-11
player0451,90,Phase 3: RAM,1789163696695,2026-09-11
dahhel,90,Phase 3: RAM,1789163696708,2026-09-11
mori2323,90,Phase 3: RAM,1789163696709,2026-09-11
shadowladyex,90,Phase 3: RAM,1789163696744,2026-09-11
alburldador,90,Phase 3: RAM,1789163696780,2026-09-11
pika_gamy,90,Phase 3: RAM,1789163696786,2026-09-11
avin_novor,90,Phase 3: RAM,1789163696789,2026-09-11
lmbs00,45,Phase 1: GPU,1789164976577,2026-09-11
dahhel,45,Phase 1: GPU,1789164976580,2026-09-11
pika_gamy,45,Phase 1: GPU,1789164976588,2026-09-11
ikaliayev,45,Phase 1: GPU,1789164976602,2026-09-11
shadowladyex,45,Phase 1: GPU,1789164976606,2026-09-11
alburldador,45,Phase 1: GPU,1789164976645,2026-09-11
hopelessss_,45,Phase 1: GPU,1789164976654,2026-09-11
yurigiu,45,Phase 1: GPU,1789164976659,2026-09-11
hopelessss_,65,Phase 2: RAM,1789165665578,2026-09-11
dahhel,65,Phase 2: RAM,1789165665584,2026-09-11
thanossoul,65,Phase 2: RAM,1789165665597,2026-09-11
valase,65,Phase 2: RAM,1789165665610,2026-09-11
ikaliayev,65,Phase 2: RAM,1789165665612,2026-09-11
lmbs00,65,Phase 2: RAM,1789165665613,2026-09-11
pika_gamy,65,Phase 2: RAM,1789165665662,2026-09-11
alburldador,65,Phase 2: RAM,1789165665685,2026-09-11
shadowladyex,65,Phase 2: RAM,1789165665689,2026-09-11
shadowladyex,90,Phase 3: HDD,1789166103645,2026-09-11
valase,90,Phase 3: HDD,1789166103657,2026-09-11
ikaliayev,90,Phase 3: HDD,1789166103663,2026-09-11
louis_of_apshai,90,Phase 3: HDD,1789166103675,2026-09-11
pika_gamy,90,Phase 3: HDD,1789166103677,2026-09-11
hopelessss_,90,Phase 3: HDD,1789166103678,2026-09-11
alburldador,90,Phase 3: HDD,1789166103682,2026-09-11
silent_luc,90,Phase 3: HDD,1789166103685,2026-09-11
dahhel,90,Phase 3: HDD,1789166103782,2026-09-11
dahhel,45,Phase 1: CPU,1789167304544,2026-09-11
hopelessss_,45,Phase 1: CPU,1789167304640,2026-09-11
lmbs00,45,Phase 1: CPU,1789167304645,2026-09-11
shadowladyex,45,Phase 1: CPU,1789167304649,2026-09-11
pika_gamy,45,Phase 1: CPU,1789167304664,2026-09-11
valase,45,Phase 1: CPU,1789167304761,2026-09-11
ikaliayev,45,Phase 1: CPU,1789167304795,2026-09-11
lmbs00,65,Phase 2: HDD,1789167728540,2026-09-11
valase,65,Phase 2: HDD,1789167728542,2026-09-11
shadowladyex,65,Phase 2: HDD,1789167728546,2026-09-11
dahhel,65,Phase 2: HDD,1789167728548,2026-09-11
ikaliayev,65,Phase 2: HDD,1789167728565,2026-09-11
silent_luc,65,Phase 2: HDD,1789167728571,2026-09-11
pika_gamy,65,Phase 2: HDD,1789167728582,2026-09-11
shadowladyex,45,Phase 1: CPU,1789169159192,2026-09-11
madagascaradam,45,Phase 1: CPU,1789169159202,2026-09-11
snoopys030,45,Phase 1: CPU,1789169159225,2026-09-11
dahhel,45,Phase 1: CPU,1789169159238,2026-09-11
pika_gamy,45,Phase 1: CPU,1789169159241,2026-09-11
ikaliayev,45,Phase 1: CPU,1789169159244,2026-09-11
valase,45,Phase 1: CPU,1789169159248,2026-09-11
hopelessss_,45,Phase 1: CPU,1789169159250,2026-09-11
llucholba,45,Phase 1: CPU,1789169159252,2026-09-11
silent_luc,45,Phase 1: CPU,1789169159256,2026-09-11
dahhel,65,Phase 2: GPU,1789169624310,2026-09-11
lmbs00,65,Phase 2: GPU,1789169624316,2026-09-11
valase,65,Phase 2: GPU,1789169624322,2026-09-11
pika_gamy,65,Phase 2: GPU,1789169624331,2026-09-11
shadowladyex,65,Phase 2: GPU,1789169624333,2026-09-11
ikaliayev,65,Phase 2: GPU,1789169624388,2026-09-11
snoopys030,90,Phase 3: HDD,1789170166288,2026-09-11
ikaliayev,90,Phase 3: HDD,1789170166294,2026-09-11
lmbs00,90,Phase 3: HDD,1789170166302,2026-09-11
valase,90,Phase 3: HDD,1789170166307,2026-09-11
silent_luc,90,Phase 3: HDD,1789170166314,2026-09-11
shadowladyex,90,Phase 3: HDD,1789170166317,2026-09-11
player0451,90,Phase 3: HDD,1789170166324,2026-09-11
dahhel,90,Phase 3: HDD,1789170166326,2026-09-11
madagascaradam,90,Phase 3: HDD,1789170166327,2026-09-11
madagascaradam,45,Phase 1: CPU,1789171590145,2026-09-12
valase,45,Phase 1: CPU,1789171590153,2026-09-12
snoopys030,45,Phase 1: CPU,1789171590165,2026-09-12
silent_luc,45,Phase 1: CPU,1789171590177,2026-09-12
shadowladyex,45,Phase 1: CPU,1789171590179,2026-09-12
dahhel,45,Phase 1: CPU,1789171590183,2026-09-12
ikaliayev,45,Phase 1: CPU,1789171590184,2026-09-12
thanossoul,45,Phase 1: CPU,1789171590186,2026-09-12
pika_gamy,45,Phase 1: CPU,1789171590188,2026-09-12
lmbs00,45,Phase 1: CPU,1789171590192,2026-09-12
shadowladyex,65,Phase 2: GPU,1789172352914,2026-09-12
thanossoul,65,Phase 2: GPU,1789172352916,2026-09-12
dahhel,65,Phase 2: GPU,1789172352923,2026-09-12
ikaliayev,65,Phase 2: GPU,1789172352928,2026-09-12
pika_gamy,65,Phase 2: GPU,1789172352931,2026-09-12
valase,65,Phase 2: GPU,1789172352933,2026-09-12
lmbs00,65,Phase 2: GPU,1789172352935,2026-09-12
snoopys030,65,Phase 2: GPU,1789172352938,2026-09-12
silent_luc,65,Phase 2: GPU,1789172352941,2026-09-12
alexwifi42,65,Phase 2: GPU,1789172352942,2026-09-12
valase,45,Phase 1: CPU,1789174002726,2026-09-12
shadowladyex,45,Phase 1: CPU,1789174002742,2026-09-12
snoopys030,45,Phase 1: CPU,1789174002750,2026-09-12
lmbs00,45,Phase 1: CPU,1789174002757,2026-09-12
pika_gamy,45,Phase 1: CPU,1789174002761,2026-09-12
ikaliayev,45,Phase 1: CPU,1789174002765,2026-09-12
dahhel,45,Phase 1: CPU,1789174002768,2026-09-12
thanossoul,65,Phase 2: RAM,1789174546646,2026-09-12
snoopys030,65,Phase 2: RAM,1789174546656,2026-09-12
pika_gamy,65,Phase 2: RAM,1789174546669,2026-09-12
lmbs00,65,Phase 2: RAM,1789174546681,2026-09-12
ikaliayev,65,Phase 2: RAM,1789174546685,2026-09-12
dahhel,65,Phase 2: RAM,1789174546689,2026-09-12
shadowladyex,65,Phase 2: RAM,1789174546766,2026-09-12
lmbs00,45,Phase 1: GPU,1789175802812,2026-09-12
shadowladyex,45,Phase 1: GPU,1789175802817,2026-09-12
ikaliayev,45,Phase 1: GPU,1789175802818,2026-09-12
dahhel,45,Phase 1: GPU,1789175802839,2026-09-12
valase,45,Phase 1: GPU,1789175802867,2026-09-12
alexwifi42,45,Phase 1: GPU,1789175802924,2026-09-12
snoopys030,45,Phase 1: GPU,1789175802946,2026-09-12
shadowladyex,65,Phase 2: HDD,1789176355711,2026-09-12
dahhel,65,Phase 2: HDD,1789176355716,2026-09-12
lmbs00,65,Phase 2: HDD,1789176355731,2026-09-12
valase,65,Phase 2: HDD,1789176355737,2026-09-12
snoopys030,65,Phase 2: HDD,1789176355738,2026-09-12
madagascaradam,65,Phase 2: HDD,1789176355741,2026-09-12
madagascaradam,90,Phase 3: RAM,1789176814777,2026-09-12
snoopys030,90,Phase 3: RAM,1789176814781,2026-09-12
shadowladyex,90,Phase 3: RAM,1789176814783,2026-09-12
valase,90,Phase 3: RAM,1789176814839,2026-09-12
dahhel,90,Phase 3: RAM,1789176814847,2026-09-12
ikaliayev,90,Phase 3: RAM,1789176814856,2026-09-12
lmbs00,90,Phase 3: RAM,1789176814858,2026-09-12
lmbs00,45,Phase 1: GPU,1789177941478,2026-09-12
dahhel,45,Phase 1: GPU,1789177941485,2026-09-12
shadowladyex,45,Phase 1: GPU,1789177941487,2026-09-12
snoopys030,45,Phase 1: GPU,1789177941489,2026-09-12
ikaliayev,45,Phase 1: GPU,1789177941494,2026-09-12
valase,45,Phase 1: GPU,1789177941612,2026-09-12
thanossoul,65,Phase 2: CPU,1789178409525,2026-09-12
valase,65,Phase 2: CPU,1789178409530,2026-09-12
shadowladyex,65,Phase 2: CPU,1789178409533,2026-09-12
dahhel,65,Phase 2: CPU,1789178409537,2026-09-12
lmbs00,65,Phase 2: CPU,1789178409539,2026-09-12
ikaliayev,45,Phase 1: HDD,1789179706078,2026-09-12
snoopys030,45,Phase 1: HDD,1789179706164,2026-09-12
shadowladyex,45,Phase 1: HDD,1789179706166,2026-09-12
dahhel,45,Phase 1: HDD,1789179706167,2026-09-12
silent_luc,45,Phase 1: HDD,1789179706171,2026-09-12
thanossoul,45,Phase 1: HDD,1789179706173,2026-09-12
lmbs00,45,Phase 1: HDD,1789179706175,2026-09-12
alyssrentori,65,Phase 2: GPU,1789180393095,2026-09-12
ikaliayev,65,Phase 2: GPU,1789180393109,2026-09-12
lovegamesandthings00000,65,Phase 2: GPU,1789180393123,2026-09-12
thanossoul,65,Phase 2: GPU,1789180393126,2026-09-12
lmbs00,65,Phase 2: GPU,1789180393128,2026-09-12
shadowladyex,65,Phase 2: GPU,1789180393131,2026-09-12
llucholba,65,Phase 2: GPU,1789180393132,2026-09-12
snoopys030,65,Phase 2: GPU,1789180393141,2026-09-12
dahhel,65,Phase 2: GPU,1789180393144,2026-09-12
thanossoul,45,Phase 1: HDD,1789181837455,2026-09-12
snoopys030,45,Phase 1: HDD,1789181837474,2026-09-12
silent_luc,45,Phase 1: HDD,1789181837476,2026-09-12
dahhel,45,Phase 1: HDD,1789181837478,2026-09-12
llucholba,45,Phase 1: HDD,1789181837481,2026-09-12
ikaliayev,45,Phase 1: HDD,1789181837484,2026-09-12
slay_da_b,45,Phase 1: HDD,1789181837485,2026-09-12
lmbs00,45,Phase 1: HDD,1789181837487,2026-09-12
shadowladyex,45,Phase 1: HDD,1789181837522,2026-09-12
player0451,65,Phase 2: RAM,1789182386818,2026-09-12
thanossoul,65,Phase 2: RAM,1789182386824,2026-09-12
shadowladyex,65,Phase 2: RAM,1789182386827,2026-09-12
xiaoxiao9313,65,Phase 2: RAM,1789182386829,2026-09-12
dahhel,65,Phase 2: RAM,1789182386833,2026-09-12
ikaliayev,65,Phase 2: RAM,1789182386835,2026-09-12
lmbs00,65,Phase 2: RAM,1789182386846,2026-09-12
ikaliayev,90,Phase 3: CPU,1789182920856,2026-09-12
shadowladyex,90,Phase 3: CPU,1789182920872,2026-09-12
player0451,90,Phase 3: CPU,1789182920878,2026-09-12
lmbs00,90,Phase 3: CPU,1789182920883,2026-09-12
dahhel,90,Phase 3: CPU,1789182920905,2026-09-12
thanossoul,90,Phase 3: CPU,1789182920914,2026-09-12
xiaoxiao9313,90,Phase 3: CPU,1789182920925,2026-09-12
snoopys030,90,Phase 3: CPU,1789182920934,2026-09-12
thanossoul,45,Phase 1: GPU,1789184248558,2026-09-12
llucholba,45,Phase 1: GPU,1789184248564,2026-09-12
dahhel,45,Phase 1: GPU,1789184248568,2026-09-12
ikaliayev,45,Phase 1: GPU,1789184248571,2026-09-12
lmbs00,45,Phase 1: GPU,1789184248573,2026-09-12
snoopys030,45,Phase 1: GPU,1789184248577,2026-09-12
shadowladyex,45,Phase 1: GPU,1789184248582,2026-09-12
xiaoxiao9313,45,Phase 1: GPU,1789184248589,2026-09-12
snoopys030,65,Phase 2: HDD,1789184979574,2026-09-12
thanossoul,65,Phase 2: HDD,1789184979578,2026-09-12
shadowladyex,65,Phase 2: HDD,1789184979590,2026-09-12
xiaoxiao9313,65,Phase 2: HDD,1789184979596,2026-09-12
ikaliayev,65,Phase 2: HDD,1789184979598,2026-09-12
dahhel,65,Phase 2: HDD,1789184979599,2026-09-12
avin_novor,65,Phase 2: HDD,1789184979601,2026-09-12
slay_da_b,65,Phase 2: HDD,1789184979606,2026-09-12
lmbs00,65,Phase 2: HDD,1789184979607,2026-09-12
player0451,45,Phase 1: CPU,1789186417902,2026-09-12
xiaoxiao9313,45,Phase 1: CPU,1789186417921,2026-09-12
ikaliayev,45,Phase 1: CPU,1789186417941,2026-09-12
snoopys030,45,Phase 1: CPU,1789186417944,2026-09-12
lmbs00,45,Phase 1: CPU,1789186417947,2026-09-12
slay_da_b,45,Phase 1: CPU,1789186417949,2026-09-12
madagascaradam,45,Phase 1: CPU,1789186417950,2026-09-12
dahhel,45,Phase 1: CPU,1789186417953,2026-09-12
avin_novor,45,Phase 1: CPU,1789186417955,2026-09-12
shadowladyex,45,Phase 1: CPU,1789186417957,2026-09-12
shadowladyex,65,Phase 2: GPU,1789187099486,2026-09-12
snoopys030,65,Phase 2: GPU,1789187099491,2026-09-12
xiaoxiao9313,65,Phase 2: GPU,1789187099497,2026-09-12
avin_novor,65,Phase 2: GPU,1789187099501,2026-09-12
dahhel,65,Phase 2: GPU,1789187099513,2026-09-12
lmbs00,65,Phase 2: GPU,1789187099518,2026-09-12
darkranx,65,Phase 2: GPU,1789187099520,2026-09-12
madagascaradam,65,Phase 2: GPU,1789187099526,2026-09-12
ikaliayev,65,Phase 2: GPU,1789187099555,2026-09-12
slay_da_b,90,Phase 3: RAM,1789187772509,2026-09-12
alphonsoe,90,Phase 3: RAM,1789187772514,2026-09-12
dahhel,90,Phase 3: RAM,1789187772517,2026-09-12
lmbs00,90,Phase 3: RAM,1789187772524,2026-09-12
snoopys030,90,Phase 3: RAM,1789187772526,2026-09-12
shadowladyex,90,Phase 3: RAM,1789187772528,2026-09-12
madagascaradam,90,Phase 3: RAM,1789187772536,2026-09-12
puphik,90,Phase 3: RAM,1789187772538,2026-09-12
avin_novor,90,Phase 3: RAM,1789187772541,2026-09-12
darkranx,90,Phase 3: RAM,1789187772542,2026-09-12
ikaliayev,90,Phase 3: RAM,1789187772546,2026-09-12
alphonsoe,45,Phase 1: HDD,1789189137092,2026-09-12
lmbs00,45,Phase 1: HDD,1789189137099,2026-09-12
dahhel,45,Phase 1: HDD,1789189137105,2026-09-12
shadowladyex,45,Phase 1: HDD,1789189137108,2026-09-12
avin_novor,45,Phase 1: HDD,1789189137114,2026-09-12
xiaoxiao9313,45,Phase 1: HDD,1789189137115,2026-09-12
ikaliayev,45,Phase 1: HDD,1789189137118,2026-09-12
slay_da_b,45,Phase 1: HDD,1789189137121,2026-09-12
snoopys030,45,Phase 1: HDD,1789189137130,2026-09-12
shadowladyex,65,Phase 2: GPU,1789189713102,2026-09-12
xiaoxiao9313,65,Phase 2: GPU,1789189713112,2026-09-12
avin_novor,65,Phase 2: GPU,1789189713114,2026-09-12
ikaliayev,65,Phase 2: GPU,1789189713115,2026-09-12
snoopys030,65,Phase 2: GPU,1789189713119,2026-09-12
dahhel,65,Phase 2: GPU,1789189713126,2026-09-12
alphonsoe,65,Phase 2: GPU,1789189713132,2026-09-12
lmbs00,65,Phase 2: GPU,1789189713150,2026-09-12
avin_novor,45,Phase 1: RAM,1789191307971,2026-09-12
snoopys030,45,Phase 1: RAM,1789191307986,2026-09-12
ikaliayev,45,Phase 1: RAM,1789191307988,2026-09-12
mori2323,45,Phase 1: RAM,1789191307992,2026-09-12
lmbs00,45,Phase 1: RAM,1789191308014,2026-09-12
player0451,45,Phase 1: RAM,1789191308016,2026-09-12
alphonsoe,45,Phase 1: RAM,1789191308020,2026-09-12
alfims,45,Phase 1: RAM,1789191308023,2026-09-12
xiaoxiao9313,45,Phase 1: RAM,1789191308025,2026-09-12
shadowladyex,45,Phase 1: RAM,1789191308027,2026-09-12
slay_da_b,45,Phase 1: RAM,1789191308033,2026-09-12
alburldador,45,Phase 1: RAM,1789191308069,2026-09-12
dahhel,45,Phase 1: RAM,1789191308101,2026-09-12
lmbs00,65,Phase 2: GPU,1789192002902,2026-09-12
alburldador,65,Phase 2: GPU,1789192002910,2026-09-12
xiaoxiao9313,65,Phase 2: GPU,1789192002914,2026-09-12
dahhel,65,Phase 2: GPU,1789192002916,2026-09-12
mori2323,65,Phase 2: GPU,1789192002918,2026-09-12
snoopys030,65,Phase 2: GPU,1789192002925,2026-09-12
avin_novor,65,Phase 2: GPU,1789192002929,2026-09-12
slay_da_b,65,Phase 2: GPU,1789192002932,2026-09-12
ikaliayev,65,Phase 2: GPU,1789192002940,2026-09-12
lmbs00,45,Phase 1: RAM,1789193129679,2026-09-12
ikaliayev,45,Phase 1: RAM,1789193129688,2026-09-12
xiaoxiao9313,45,Phase 1: RAM,1789193129690,2026-09-12
avin_novor,45,Phase 1: RAM,1789193129692,2026-09-12
alphonsoe,45,Phase 1: RAM,1789193129695,2026-09-12
alburldador,45,Phase 1: RAM,1789193129697,2026-09-12
dahhel,45,Phase 1: RAM,1789193129741,2026-09-12
snoopys030,65,Phase 2: GPU,1789193928658,2026-09-12
mori2323,65,Phase 2: GPU,1789193928659,2026-09-12
slay_da_b,65,Phase 2: GPU,1789193928670,2026-09-12
llucholba,65,Phase 2: GPU,1789193928672,2026-09-12
shadowladyex,65,Phase 2: GPU,1789193928674,2026-09-12
avin_novor,65,Phase 2: GPU,1789193928678,2026-09-12
lmbs00,65,Phase 2: GPU,1789193928680,2026-09-12
alburldador,65,Phase 2: GPU,1789193928684,2026-09-12
alphonsoe,65,Phase 2: GPU,1789193928686,2026-09-12
ikaliayev,65,Phase 2: GPU,1789193928687,2026-09-12
xiaoxiao9313,65,Phase 2: GPU,1789193928694,2026-09-12
dahhel,65,Phase 2: GPU,1789193928699,2026-09-12
lmbs00,45,Phase 1: CPU,1789195359904,2026-09-12
darkranx,45,Phase 1: CPU,1789195359913,2026-09-12
alphonsoe,45,Phase 1: CPU,1789195359920,2026-09-12
ikaliayev,45,Phase 1: CPU,1789195359922,2026-09-12
snoopys030,45,Phase 1: CPU,1789195359925,2026-09-12
dahhel,45,Phase 1: CPU,1789195359942,2026-09-12
xiaoxiao9313,45,Phase 1: CPU,1789195359944,2026-09-12
avin_novor,45,Phase 1: CPU,1789195359946,2026-09-12
mori2323,45,Phase 1: CPU,1789195359949,2026-09-12
alburldador,45,Phase 1: CPU,1789195359953,2026-09-12
xiaoxiao9313,65,Phase 2: RAM,1789196007462,2026-09-12
dahhel,65,Phase 2: RAM,1789196007465,2026-09-12
darkranx,65,Phase 2: RAM,1789196007470,2026-09-12
ikaliayev,65,Phase 2: RAM,1789196007472,2026-09-12
mori2323,65,Phase 2: RAM,1789196007476,2026-09-12
lmbs00,65,Phase 2: RAM,1789196007485,2026-09-12
avin_novor,65,Phase 2: RAM,1789196007490,2026-09-12
alphonsoe,65,Phase 2: RAM,1789196007491,2026-09-12
snoopys030,65,Phase 2: RAM,1789196007494,2026-09-12
slay_da_b,90,Phase 3: GPU,1789196526493,2026-09-12
shadowladyex,90,Phase 3: GPU,1789196526497,2026-09-12
xiaoxiao9313,90,Phase 3: GPU,1789196526500,2026-09-12
snoopys030,90,Phase 3: GPU,1789196526514,2026-09-12
mori2323,90,Phase 3: GPU,1789196526516,2026-09-12
dahhel,90,Phase 3: GPU,1789196526522,2026-09-12
alphonsoe,90,Phase 3: GPU,1789196526532,2026-09-12
lmbs00,90,Phase 3: GPU,1789196526565,2026-09-12
ikaliayev,90,Phase 3: GPU,1789196526610,2026-09-12
avin_novor,90,Phase 3: GPU,1789196526724,2026-09-12
mori2323,45,Phase 1: HDD,1789197837105,2026-09-12
dahhel,45,Phase 1: HDD,1789197837117,2026-09-12
lmbs00,45,Phase 1: HDD,1789197837120,2026-09-12
alburldador,45,Phase 1: HDD,1789197837122,2026-09-12
ikaliayev,45,Phase 1: HDD,1789197837125,2026-09-12
alphonsoe,45,Phase 1: HDD,1789197837129,2026-09-12
xiaoxiao9313,45,Phase 1: HDD,1789197837130,2026-09-12
pika_gamy,45,Phase 1: HDD,1789197837135,2026-09-12
snoopys030,45,Phase 1: HDD,1789197837144,2026-09-12
xiaoxiao9313,65,Phase 2: CPU,1789198311201,2026-09-12
dahhel,65,Phase 2: CPU,1789198311205,2026-09-12
mori2323,65,Phase 2: CPU,1789198311210,2026-09-12
alfims,65,Phase 2: CPU,1789198311212,2026-09-12
alphonsoe,65,Phase 2: CPU,1789198311213,2026-09-12
ikaliayev,65,Phase 2: CPU,1789198311217,2026-09-12
alburldador,65,Phase 2: CPU,1789198311235,2026-09-12
slay_da_b,90,Phase 3: RAM,1789198904319,2026-09-12
ikaliayev,90,Phase 3: RAM,1789198904323,2026-09-12
pika_gamy,90,Phase 3: RAM,1789198904331,2026-09-12
xiaoxiao9313,90,Phase 3: RAM,1789198904334,2026-09-12
lmbs00,90,Phase 3: RAM,1789198904335,2026-09-12
alburldador,90,Phase 3: RAM,1789198904337,2026-09-12
darkranx,90,Phase 3: RAM,1789198904338,2026-09-12
mori2323,90,Phase 3: RAM,1789198904340,2026-09-12
dahhel,90,Phase 3: RAM,1789198904341,2026-09-12
alphonsoe,90,Phase 3: RAM,1789198904343,2026-09-12
snoopys030,90,Phase 3: RAM,1789198904345,2026-09-12
xiaoxiao9313,45,Phase 1: HDD,1789200129801,2026-09-12
alburldador,45,Phase 1: HDD,1789200129803,2026-09-12
snoopys030,45,Phase 1: HDD,1789200129807,2026-09-12
yurigiu,45,Phase 1: HDD,1789200129809,2026-09-12
ikaliayev,45,Phase 1: HDD,1789200129813,2026-09-12
mori2323,45,Phase 1: HDD,1789200129818,2026-09-12
alphonsoe,45,Phase 1: HDD,1789200129825,2026-09-12
ikaliayev,45,Phase 1: CPU,1789201526448,2026-09-12
xiaoxiao9313,45,Phase 1: CPU,1789201526456,2026-09-12
snoopys030,45,Phase 1: CPU,1789201526470,2026-09-12
alburldador,45,Phase 1: CPU,1789201526477,2026-09-12
alphonsoe,45,Phase 1: CPU,1789201526479,2026-09-12
snoopys030,65,Phase 2: GPU,1789202012424,2026-09-12
alburldador,65,Phase 2: GPU,1789202012440,2026-09-12
xiaoxiao9313,65,Phase 2: GPU,1789202012444,2026-09-12
alphonsoe,65,Phase 2: GPU,1789202012448,2026-09-12
mori2323,65,Phase 2: GPU,1789202012462,2026-09-12
ikaliayev,65,Phase 2: GPU,1789202012613,2026-09-12
ikaliayev,45,Phase 1: GPU,1789203190350,2026-09-12
xiaoxiao9313,45,Phase 1: GPU,1789203190353,2026-09-12
alburldador,45,Phase 1: GPU,1789203190357,2026-09-12
alphonsoe,45,Phase 1: GPU,1789203190359,2026-09-12
mori2323,45,Phase 1: GPU,1789203190360,2026-09-12
alburldador,65,Phase 2: CPU,1789203693356,2026-09-12
snoopys030,65,Phase 2: CPU,1789203693374,2026-09-12
mori2323,65,Phase 2: CPU,1789203693381,2026-09-12
alphonsoe,65,Phase 2: CPU,1789203693387,2026-09-12
ikaliayev,65,Phase 2: CPU,1789203693391,2026-09-12
xiaoxiao9313,65,Phase 2: CPU,1789203693403,2026-09-12
alphonsoe,45,Phase 1: RAM,1789204710101,2026-09-12
alburldador,45,Phase 1: RAM,1789204710105,2026-09-12
puphik,45,Phase 1: RAM,1789204710111,2026-09-12
alfims,45,Phase 1: CPU,1789206866635,2026-09-12
pika_gamy,45,Phase 1: CPU,1789206866714,2026-09-12
mori2323,45,Phase 1: CPU,1789206866716,2026-09-12
xiaoxiao9313,45,Phase 1: CPU,1789206866719,2026-09-12
alphonsoe,45,Phase 1: CPU,1789206866720,2026-09-12
snoopys030,45,Phase 1: CPU,1789206866721,2026-09-12
alfims,45,Phase 1: RAM,1789208463535,2026-09-12
mori2323,45,Phase 1: RAM,1789208463555,2026-09-12
alexwifi42,45,Phase 1: RAM,1789208463557,2026-09-12
xiaoxiao9313,45,Phase 1: RAM,1789208463559,2026-09-12
snoopys030,45,Phase 1: RAM,1789208463575,2026-09-12
alphonsoe,45,Phase 1: RAM,1789208463578,2026-09-12
silent_luc,45,Phase 1: RAM,1789208463581,2026-09-12
alburldador,45,Phase 1: RAM,1789208463586,2026-09-12
xiaoxiao9313,65,Phase 2: CPU,1789209181419,2026-09-12
slay_da_b,65,Phase 2: CPU,1789209181427,2026-09-12
alburldador,65,Phase 2: CPU,1789209181428,2026-09-12
pika_gamy,65,Phase 2: CPU,1789209181431,2026-09-12
hopelessss_,65,Phase 2: CPU,1789209181435,2026-09-12
silent_luc,65,Phase 2: CPU,1789209181440,2026-09-12
alexwifi42,65,Phase 2: CPU,1789209181441,2026-09-12
mori2323,65,Phase 2: CPU,1789209181444,2026-09-12
snoopys030,65,Phase 2: CPU,1789209181484,2026-09-12
alburldador,45,Phase 1: HDD,1789210245189,2026-09-12
snoopys030,45,Phase 1: HDD,1789210245191,2026-09-12
mori2323,45,Phase 1: HDD,1789210245195,2026-09-12
xiaoxiao9313,45,Phase 1: HDD,1789210245197,2026-09-12
pika_gamy,45,Phase 1: CPU,1789211554962,2026-09-12
alburldador,45,Phase 1: CPU,1789211554964,2026-09-12
xiaoxiao9313,45,Phase 1: CPU,1789211554982,2026-09-12
silent_luc,45,Phase 1: CPU,1789211554988,2026-09-12
snoopys030,45,Phase 1: CPU,1789211555014,2026-09-12
mori2323,45,Phase 1: GPU,1789213632348,2026-09-12
xiaoxiao9313,45,Phase 1: GPU,1789213632350,2026-09-12
silent_luc,45,Phase 1: GPU,1789213632353,2026-09-12
alburldador,45,Phase 1: GPU,1789213632416,2026-09-12
mori2323,65,Phase 2: HDD,1789214101296,2026-09-12
snoopys030,65,Phase 2: HDD,1789214101302,2026-09-12
slay_da_b,65,Phase 2: HDD,1789214101312,2026-09-12
pika_gamy,65,Phase 2: HDD,1789214101315,2026-09-12
alburldador,65,Phase 2: HDD,1789214101321,2026-09-12
silent_luc,45,Phase 1: CPU,1789215282166,2026-09-12
thanossoul,45,Phase 1: CPU,1789215282169,2026-09-12
alburldador,45,Phase 1: CPU,1789215282176,2026-09-12
xiaoxiao9313,45,Phase 1: CPU,1789215282179,2026-09-12
mori2323,45,Phase 1: CPU,1789215282181,2026-09-12
alexwifi42,45,Phase 1: CPU,1789215282183,2026-09-12
hopelessss_,65,Phase 2: GPU,1789215824088,2026-09-12
mori2323,65,Phase 2: GPU,1789215824099,2026-09-12
xiaoxiao9313,65,Phase 2: GPU,1789215824118,2026-09-12
alburldador,65,Phase 2: GPU,1789215824119,2026-09-12
pika_gamy,65,Phase 2: GPU,1789215824122,2026-09-12
alphonsoe,65,Phase 2: GPU,1789215824140,2026-09-12
pika_gamy,45,Phase 1: CPU,1789217579385,2026-09-12
alphonsoe,45,Phase 1: CPU,1789217579389,2026-09-12
alfims,45,Phase 1: CPU,1789217579416,2026-09-12
alburldador,45,Phase 1: CPU,1789217579419,2026-09-12
alfims,65,Phase 2: GPU,1789218021409,2026-09-12
thanossoul,65,Phase 2: GPU,1789218021416,2026-09-12
alburldador,65,Phase 2: GPU,1789218021418,2026-09-12
pika_gamy,65,Phase 2: GPU,1789218021431,2026-09-12
alphonsoe,65,Phase 2: GPU,1789218021436,2026-09-12
xiaoxiao9313,65,Phase 2: GPU,1789218021438,2026-09-12
xiaoxiao9313,45,Phase 1: GPU,1789219393658,2026-09-12
shadowladyex,45,Phase 1: GPU,1789219393660,2026-09-12
mori2323,45,Phase 1: GPU,1789219393737,2026-09-12
silent_luc,45,Phase 1: GPU,1789219393740,2026-09-12
thanossoul,45,Phase 1: GPU,1789219393742,2026-09-12
pika_gamy,45,Phase 1: GPU,1789219393743,2026-09-12
alburldador,45,Phase 1: GPU,1789219393745,2026-09-12
snoopys030,45,Phase 1: GPU,1789219393747,2026-09-12
alphonsoe,45,Phase 1: GPU,1789219393750,2026-09-12
mori2323,65,Phase 2: RAM,1789219915675,2026-09-12
xiaoxiao9313,65,Phase 2: RAM,1789219915678,2026-09-12
shadowladyex,65,Phase 2: RAM,1789219915758,2026-09-12
alburldador,65,Phase 2: RAM,1789219915764,2026-09-12
silent_luc,65,Phase 2: RAM,1789219915765,2026-09-12
alphonsoe,65,Phase 2: RAM,1789219915794,2026-09-12
mori2323,45,Phase 1: CPU,1789221213272,2026-09-12
shadowladyex,45,Phase 1: CPU,1789221213276,2026-09-12
thanossoul,45,Phase 1: CPU,1789221213278,2026-09-12
xiaoxiao9313,45,Phase 1: CPU,1789221213280,2026-09-12
alphonsoe,45,Phase 1: CPU,1789221213284,2026-09-12
pika_gamy,45,Phase 1: CPU,1789221213286,2026-09-12
shadowladyex,65,Phase 2: RAM,1789221775368,2026-09-12
thanossoul,65,Phase 2: RAM,1789221775371,2026-09-12
xiaoxiao9313,65,Phase 2: RAM,1789221775384,2026-09-12
silent_luc,65,Phase 2: RAM,1789221775388,2026-09-12
alburldador,65,Phase 2: RAM,1789221775403,2026-09-12
pika_gamy,65,Phase 2: RAM,1789221775407,2026-09-12
cerebralx1,45,Phase 1: RAM,1789223134176,2026-09-12
lovegamesandthings00000,45,Phase 1: RAM,1789223134179,2026-09-12
xiaoxiao9313,45,Phase 1: RAM,1789223134191,2026-09-12
silent_luc,45,Phase 1: RAM,1789223134193,2026-09-12
shadowladyex,45,Phase 1: RAM,1789223134195,2026-09-12
thanossoul,45,Phase 1: RAM,1789223134253,2026-09-12
mori2323,45,Phase 1: RAM,1789223134260,2026-09-12
alburldador,45,Phase 1: RAM,1789223134261,2026-09-12
pika_gamy,45,Phase 1: RAM,1789223134264,2026-09-12
pika_gamy,65,Phase 2: CPU,1789223942227,2026-09-12
alphonsoe,65,Phase 2: CPU,1789223942230,2026-09-12
cerebralx1,65,Phase 2: CPU,1789223942233,2026-09-12
alburldador,65,Phase 2: CPU,1789223942237,2026-09-12
madagascaradam,65,Phase 2: CPU,1789223942241,2026-09-12
shadowladyex,65,Phase 2: CPU,1789223942243,2026-09-12
thanossoul,65,Phase 2: CPU,1789223942250,2026-09-12
xiaoxiao9313,65,Phase 2: CPU,1789223942279,2026-09-12
mori2323,65,Phase 2: CPU,1789223942283,2026-09-12
silent_luc,65,Phase 2: CPU,1789223942285,2026-09-12
madagascaradam,90,Phase 3: HDD,1789224419290,2026-09-12
alfims,90,Phase 3: HDD,1789224419294,2026-09-12
alburldador,90,Phase 3: HDD,1789224419308,2026-09-12
alphonsoe,90,Phase 3: HDD,1789224419312,2026-09-12
lovegamesandthings00000,90,Phase 3: HDD,1789224419335,2026-09-12
shadowladyex,90,Phase 3: HDD,1789224419340,2026-09-12
cerebralx1,90,Phase 3: HDD,1789224419341,2026-09-12
mori2323,90,Phase 3: HDD,1789224419343,2026-09-12
alburldador,45,Phase 1: GPU,1789225820459,2026-09-12
pika_gamy,45,Phase 1: GPU,1789225820469,2026-09-12
cerebralx1,45,Phase 1: GPU,1789225820476,2026-09-12
alexwifi42,45,Phase 1: GPU,1789225820478,2026-09-12
mori2323,45,Phase 1: GPU,1789225820482,2026-09-12
thanossoul,45,Phase 1: GPU,1789225820488,2026-09-12
shadowladyex,45,Phase 1: GPU,1789225820490,2026-09-12
lmbs00,45,Phase 1: GPU,1789225820501,2026-09-12
xiaoxiao9313,45,Phase 1: GPU,1789225820503,2026-09-12
yurigiu,45,Phase 1: GPU,1789225820506,2026-09-12
alphonsoe,45,Phase 1: GPU,1789225820564,2026-09-12
thanossoul,65,Phase 2: CPU,1789226575888,2026-09-12
shadowladyex,65,Phase 2: CPU,1789226575894,2026-09-12
alburldador,65,Phase 2: CPU,1789226575897,2026-09-12
silent_luc,65,Phase 2: CPU,1789226575900,2026-09-12
pika_gamy,65,Phase 2: CPU,1789226575908,2026-09-12
alphonsoe,65,Phase 2: CPU,1789226575913,2026-09-12
lovegamesandthings00000,65,Phase 2: CPU,1789226575922,2026-09-12
lmbs00,65,Phase 2: CPU,1789226575924,2026-09-12
cerebralx1,65,Phase 2: CPU,1789226575927,2026-09-12
dahhel,65,Phase 2: CPU,1789226575929,2026-09-12
mori2323,65,Phase 2: CPU,1789226575991,2026-09-12
xiaoxiao9313,65,Phase 2: CPU,1789226576083,2026-09-12
dahhel,90,Phase 3: RAM,1789227079836,2026-09-12
lmbs00,90,Phase 3: RAM,1789227079850,2026-09-12
alburldador,90,Phase 3: RAM,1789227079860,2026-09-12
silent_luc,90,Phase 3: RAM,1789227079862,2026-09-12
cerebralx1,90,Phase 3: RAM,1789227079867,2026-09-12
mori2323,90,Phase 3: RAM,1789227079868,2026-09-12
lovegamesandthings00000,90,Phase 3: RAM,1789227079870,2026-09-12
alphonsoe,90,Phase 3: RAM,1789227079871,2026-09-12
pika_gamy,90,Phase 3: RAM,1789227079875,2026-09-12
shadowladyex,90,Phase 3: RAM,1789227079877,2026-09-12
xiaoxiao9313,90,Phase 3: RAM,1789227080027,2026-09-12
pika_gamy,45,Phase 1: GPU,1789228479905,2026-09-12
xiaoxiao9313,45,Phase 1: GPU,1789228479916,2026-09-12
ikaliayev,45,Phase 1: GPU,1789228479936,2026-09-12
lmbs00,45,Phase 1: GPU,1789228479938,2026-09-12
dahhel,45,Phase 1: GPU,1789228479940,2026-09-12
alburldador,45,Phase 1: GPU,1789228479943,2026-09-12
mori2323,45,Phase 1: GPU,1789228479945,2026-09-12
thanossoul,45,Phase 1: GPU,1789228479946,2026-09-12
alphonsoe,45,Phase 1: GPU,1789228479950,2026-09-12
cerebralx1,45,Phase 1: GPU,1789228479952,2026-09-12
silent_luc,45,Phase 1: GPU,1789228479954,2026-09-12
ikaliayev,65,Phase 2: RAM,1789229072598,2026-09-12
cerebralx1,65,Phase 2: RAM,1789229072600,2026-09-12
mori2323,65,Phase 2: RAM,1789229072605,2026-09-12
dahhel,65,Phase 2: RAM,1789229072612,2026-09-12
xiaoxiao9313,65,Phase 2: RAM,1789229072613,2026-09-12
alburldador,65,Phase 2: RAM,1789229072636,2026-09-12
avin_novor,65,Phase 2: RAM,1789229072645,2026-09-12
lmbs00,65,Phase 2: RAM,1789229072655,2026-09-12
silent_luc,65,Phase 2: RAM,1789229072662,2026-09-12
pika_gamy,65,Phase 2: RAM,1789229072665,2026-09-12
avin_novor,45,Phase 1: HDD,1789230283225,2026-09-12
alburldador,45,Phase 1: HDD,1789230283230,2026-09-12
ikaliayev,45,Phase 1: HDD,1789230283241,2026-09-12
dahhel,45,Phase 1: HDD,1789230283245,2026-09-12
xiaoxiao9313,45,Phase 1: HDD,1789230283264,2026-09-12
pika_gamy,45,Phase 1: HDD,1789230283269,2026-09-12
lmbs00,45,Phase 1: HDD,1789230283272,2026-09-12
cerebralx1,45,Phase 1: HDD,1789230283284,2026-09-12
alburldador,65,Phase 2: CPU,1789230909162,2026-09-12
xiaoxiao9313,65,Phase 2: CPU,1789230909167,2026-09-12
cerebralx1,65,Phase 2: CPU,1789230909182,2026-09-12
mori2323,65,Phase 2: CPU,1789230909186,2026-09-12
player0451,65,Phase 2: CPU,1789230909192,2026-09-12
dahhel,65,Phase 2: CPU,1789230909201,2026-09-12
slay_da_b,65,Phase 2: CPU,1789230909241,2026-09-12
pika_gamy,65,Phase 2: CPU,1789230909252,2026-09-12
lmbs00,65,Phase 2: CPU,1789230909253,2026-09-12
ikaliayev,65,Phase 2: CPU,1789230909259,2026-09-12
alburldador,45,Phase 1: CPU,1789232444943,2026-09-12
pika_gamy,45,Phase 1: CPU,1789232444951,2026-09-12
cerebralx1,45,Phase 1: CPU,1789232444964,2026-09-12
yurigiu,45,Phase 1: CPU,1789232444966,2026-09-12
mori2323,45,Phase 1: CPU,1789232444971,2026-09-12
avin_novor,45,Phase 1: CPU,1789232444974,2026-09-12
ikaliayev,45,Phase 1: CPU,1789232444975,2026-09-12
xiaoxiao9313,45,Phase 1: CPU,1789232444977,2026-09-12
dahhel,45,Phase 1: CPU,1789232444980,2026-09-12
lmbs00,45,Phase 1: CPU,1789232444983,2026-09-12
silent_luc,45,Phase 1: CPU,1789232444992,2026-09-12
thanossoul,65,Phase 2: GPU,1789233054055,2026-09-12
xiaoxiao9313,65,Phase 2: GPU,1789233054057,2026-09-12
dahhel,65,Phase 2: GPU,1789233054062,2026-09-12
silent_luc,65,Phase 2: GPU,1789233054068,2026-09-12
alexwifi42,65,Phase 2: GPU,1789233054075,2026-09-12
ikaliayev,65,Phase 2: GPU,1789233054078,2026-09-12
alburldador,65,Phase 2: GPU,1789233054081,2026-09-12
mori2323,65,Phase 2: GPU,1789233054085,2026-09-12
pika_gamy,65,Phase 2: GPU,1789233054107,2026-09-12
mori2323,90,Phase 3: HDD,1789233747071,2026-09-12
xiaoxiao9313,90,Phase 3: HDD,1789233747075,2026-09-12
dahhel,90,Phase 3: HDD,1789233747089,2026-09-12
alexwifi42,90,Phase 3: HDD,1789233747096,2026-09-12
pika_gamy,90,Phase 3: HDD,1789233747098,2026-09-12
silent_luc,90,Phase 3: HDD,1789233747104,2026-09-12
player0451,90,Phase 3: HDD,1789233747106,2026-09-12
alburldador,90,Phase 3: HDD,1789233747115,2026-09-12
thanossoul,90,Phase 3: HDD,1789233747118,2026-09-12
lmbs00,90,Phase 3: HDD,1789233747120,2026-09-12
ikaliayev,90,Phase 3: HDD,1789233747128,2026-09-12
avin_novor,45,Phase 1: CPU,1789235228301,2026-09-12
silent_luc,45,Phase 1: CPU,1789235228322,2026-09-12
mori2323,45,Phase 1: CPU,1789235228324,2026-09-12
pika_gamy,45,Phase 1: CPU,1789235228326,2026-09-12
alburldador,45,Phase 1: CPU,1789235228330,2026-09-12
thanossoul,45,Phase 1: CPU,1789235228332,2026-09-12
xiaoxiao9313,45,Phase 1: CPU,1789235228357,2026-09-12
lmbs00,45,Phase 1: CPU,1789235228360,2026-09-12
ikaliayev,45,Phase 1: CPU,1789235228362,2026-09-12
dahhel,45,Phase 1: CPU,1789235228364,2026-09-12
hopelessss_,45,Phase 1: CPU,1789235228389,2026-09-12
lmbs00,65,Phase 2: RAM,1789236014866,2026-09-12
ikaliayev,65,Phase 2: RAM,1789236014907,2026-09-12
pika_gamy,65,Phase 2: RAM,1789236014965,2026-09-12
mori2323,65,Phase 2: RAM,1789236014969,2026-09-12
hopelessss_,65,Phase 2: RAM,1789236015017,2026-09-12
alburldador,65,Phase 2: RAM,1789236015021,2026-09-12
thanossoul,65,Phase 2: RAM,1789236015048,2026-09-12
avin_novor,65,Phase 2: RAM,1789236015056,2026-09-12
xiaoxiao9313,65,Phase 2: RAM,1789236015068,2026-09-12
dahhel,65,Phase 2: RAM,1789236015342,2026-09-12
alexwifi42,65,Phase 2: RAM,1789236015408,2026-09-12
hopelessss_,90,Phase 3: GPU,1789236478870,2026-09-12
ikaliayev,90,Phase 3: GPU,1789236478873,2026-09-12
xiaoxiao9313,90,Phase 3: GPU,1789236478877,2026-09-12
pika_gamy,90,Phase 3: GPU,1789236478878,2026-09-12
silent_luc,90,Phase 3: GPU,1789236478882,2026-09-12
alburldador,90,Phase 3: GPU,1789236478885,2026-09-12
lmbs00,90,Phase 3: GPU,1789236478894,2026-09-12
mori2323,90,Phase 3: GPU,1789236478916,2026-09-12
dahhel,90,Phase 3: GPU,1789236478924,2026-09-12
alburldador,45,Phase 1: GPU,1789237851994,2026-09-12
alexwifi42,45,Phase 1: GPU,1789237852003,2026-09-12
dahhel,45,Phase 1: GPU,1789237852006,2026-09-12
pika_gamy,45,Phase 1: GPU,1789237852012,2026-09-12
mori2323,45,Phase 1: GPU,1789237852014,2026-09-12
hopelessss_,45,Phase 1: GPU,1789237852016,2026-09-12
xiaoxiao9313,45,Phase 1: GPU,1789237852020,2026-09-12
lmbs00,45,Phase 1: GPU,1789237852025,2026-09-12
ikaliayev,45,Phase 1: GPU,1789237852049,2026-09-12
mori2323,65,Phase 2: HDD,1789238758723,2026-09-12
dahhel,65,Phase 2: HDD,1789238758730,2026-09-12
hopelessss_,65,Phase 2: HDD,1789238758732,2026-09-12
pika_gamy,65,Phase 2: HDD,1789238758740,2026-09-12
player0451,65,Phase 2: HDD,1789238758750,2026-09-12
silent_luc,65,Phase 2: HDD,1789238758756,2026-09-12
avin_novor,65,Phase 2: HDD,1789238758763,2026-09-12
alburldador,65,Phase 2: HDD,1789238758766,2026-09-12
xiaoxiao9313,65,Phase 2: HDD,1789238758826,2026-09-12
lillakra,65,Phase 2: HDD,1789238758832,2026-09-12
lmbs00,65,Phase 2: HDD,1789238758837,2026-09-12
ikaliayev,65,Phase 2: HDD,1789238758848,2026-09-12
ikaliayev,90,Phase 3: CPU,1789239314593,2026-09-12
avin_novor,90,Phase 3: CPU,1789239314602,2026-09-12
dahhel,90,Phase 3: CPU,1789239314610,2026-09-12
alburldador,90,Phase 3: CPU,1789239314615,2026-09-12
silent_luc,90,Phase 3: CPU,1789239314629,2026-09-12
pika_gamy,90,Phase 3: CPU,1789239314669,2026-09-12
hopelessss_,90,Phase 3: CPU,1789239314680,2026-09-12
mori2323,90,Phase 3: CPU,1789239314685,2026-09-12
dahhel,45,Phase 1: CPU,1789240515265,2026-09-12
hopelessss_,45,Phase 1: CPU,1789240515270,2026-09-12
alburldador,45,Phase 1: CPU,1789240515294,2026-09-12
pika_gamy,45,Phase 1: CPU,1789240515336,2026-09-12
ikaliayev,45,Phase 1: CPU,1789240515508,2026-09-12
lmbs00,45,Phase 1: CPU,1789240515561,2026-09-12
dahhel,65,Phase 2: GPU,1789240928339,2026-09-12
hopelessss_,65,Phase 2: GPU,1789240928341,2026-09-12
pika_gamy,65,Phase 2: GPU,1789240928344,2026-09-12
ikaliayev,65,Phase 2: GPU,1789240928359,2026-09-12
lmbs00,65,Phase 2: GPU,1789240928372,2026-09-12
hopelessss_,90,Phase 3: HDD,1789241383266,2026-09-12
lmbs00,90,Phase 3: HDD,1789241383270,2026-09-12
ikaliayev,90,Phase 3: HDD,1789241383277,2026-09-12
pika_gamy,90,Phase 3: HDD,1789241383281,2026-09-12
silent_luc,90,Phase 3: HDD,1789241383283,2026-09-12
alburldador,90,Phase 3: HDD,1789241383295,2026-09-12
dahhel,90,Phase 3: HDD,1789241383298,2026-09-12
dahhel,45,Phase 1: GPU,1789242561989,2026-09-12
silent_luc,45,Phase 1: GPU,1789242561993,2026-09-12
ikaliayev,45,Phase 1: GPU,1789242562027,2026-09-12
alburldador,45,Phase 1: GPU,1789242562031,2026-09-12
pika_gamy,45,Phase 1: GPU,1789242562053,2026-09-12
ikaliayev,45,Phase 1: HDD,1789244282247,2026-09-12
alfims,45,Phase 1: HDD,1789244282258,2026-09-12
lmbs00,45,Phase 1: HDD,1789244282269,2026-09-12
alburldador,45,Phase 1: HDD,1789244282277,2026-09-12
operacional_cae,45,Phase 1: HDD,1789244282280,2026-09-12
silent_luc,45,Phase 1: HDD,1789244282305,2026-09-12
alexwifi42,45,Phase 1: HDD,1789244282309,2026-09-12
pika_gamy,45,Phase 1: HDD,1789244282330,2026-09-12
dahhel,45,Phase 1: HDD,1789244282406,2026-09-12
pika_gamy,65,Phase 2: GPU,1789244905647,2026-09-12
ikaliayev,65,Phase 2: GPU,1789244905659,2026-09-12
lillakra,65,Phase 2: GPU,1789244905662,2026-09-12
dahhel,65,Phase 2: GPU,1789244905666,2026-09-12
lmbs00,65,Phase 2: GPU,1789244905669,2026-09-12
alburldador,65,Phase 2: GPU,1789244905670,2026-09-12
silent_luc,65,Phase 2: GPU,1789244905676,2026-09-12
pika_gamy,90,Phase 3: CPU,1789245433602,2026-09-12
operacional_cae,90,Phase 3: CPU,1789245433606,2026-09-12
silent_luc,90,Phase 3: CPU,1789245433624,2026-09-12
ikaliayev,90,Phase 3: CPU,1789245433628,2026-09-12
avin_novor,90,Phase 3: CPU,1789245433641,2026-09-12
dahhel,90,Phase 3: CPU,1789245433645,2026-09-12
lmbs00,90,Phase 3: CPU,1789245433657,2026-09-12
shadowladyex,45,Phase 1: HDD,1789246725495,2026-09-12
silent_luc,45,Phase 1: HDD,1789246725497,2026-09-12
ikaliayev,45,Phase 1: HDD,1789246725500,2026-09-12
alburldador,45,Phase 1: HDD,1789246725502,2026-09-12
lmbs00,45,Phase 1: HDD,1789246725504,2026-09-12
pika_gamy,45,Phase 1: HDD,1789246725512,2026-09-12
dahhel,45,Phase 1: HDD,1789246725525,2026-09-12
lmbs00,65,Phase 2: CPU,1789247344435,2026-09-12
dahhel,65,Phase 2: CPU,1789247344443,2026-09-12
pika_gamy,65,Phase 2: CPU,1789247344459,2026-09-12
alburldador,65,Phase 2: CPU,1789247344491,2026-09-12
ikaliayev,65,Phase 2: CPU,1789247344494,2026-09-12
shadowladyex,65,Phase 2: CPU,1789247344513,2026-09-12
silent_luc,65,Phase 2: CPU,1789247344599,2026-09-12
shadowladyex,90,Phase 3: RAM,1789247762462,2026-09-12
lmbs00,90,Phase 3: RAM,1789247762470,2026-09-12
ikaliayev,90,Phase 3: RAM,1789247762473,2026-09-12
alburldador,90,Phase 3: RAM,1789247762480,2026-09-12
lovegamesandthings00000,90,Phase 3: RAM,1789247762484,2026-09-12
silent_luc,90,Phase 3: RAM,1789247762501,2026-09-12
dahhel,90,Phase 3: RAM,1789247762513,2026-09-12
pika_gamy,90,Phase 3: RAM,1789247762517,2026-09-12
alburldador,45,Phase 1: CPU,1789249207865,2026-09-12
shadowladyex,45,Phase 1: CPU,1789249207876,2026-09-12
puphik,45,Phase 1: CPU,1789249207888,2026-09-12
madagascaradam,45,Phase 1: CPU,1789249207910,2026-09-12
yurigiu,45,Phase 1: CPU,1789249207912,2026-09-12
dahhel,45,Phase 1: CPU,1789249207914,2026-09-12
pika_gamy,45,Phase 1: CPU,1789249207920,2026-09-12
lmbs00,45,Phase 1: CPU,1789249207924,2026-09-12
alexwifi42,45,Phase 1: CPU,1789249207933,2026-09-12
ikaliayev,45,Phase 1: CPU,1789249207936,2026-09-12
silent_luc,45,Phase 1: CPU,1789249207945,2026-09-12
lmbs00,65,Phase 2: HDD,1789249811315,2026-09-12
shadowladyex,65,Phase 2: HDD,1789249811323,2026-09-12
dahhel,65,Phase 2: HDD,1789249811325,2026-09-12
silent_luc,65,Phase 2: HDD,1789249811329,2026-09-12
player0451,65,Phase 2: HDD,1789249811334,2026-09-12
ikaliayev,65,Phase 2: HDD,1789249811336,2026-09-12
pika_gamy,65,Phase 2: HDD,1789249811339,2026-09-12
puphik,65,Phase 2: HDD,1789249811342,2026-09-12
ikaliayev,45,Phase 1: HDD,1789251049130,2026-09-12
shadowladyex,45,Phase 1: HDD,1789251049164,2026-09-12
lmbs00,45,Phase 1: HDD,1789251049172,2026-09-12
pika_gamy,45,Phase 1: HDD,1789251049174,2026-09-12
dahhel,45,Phase 1: HDD,1789251049230,2026-09-12
silent_luc,45,Phase 1: HDD,1789251049249,2026-09-12
lmbs00,45,Phase 1: GPU,1789252673925,2026-09-12
dahhel,45,Phase 1: GPU,1789252673933,2026-09-12
ikaliayev,45,Phase 1: GPU,1789252673935,2026-09-12
pika_gamy,45,Phase 1: GPU,1789252673945,2026-09-12
llucholba,45,Phase 1: GPU,1789252673946,2026-09-12
avin_novor,45,Phase 1: GPU,1789252673950,2026-09-12
shadowladyex,45,Phase 1: GPU,1789252673952,2026-09-12
silent_luc,45,Phase 1: GPU,1789252673954,2026-09-12
alexwifi42,45,Phase 1: GPU,1789252673955,2026-09-12
silent_luc,65,Phase 2: CPU,1789253155972,2026-09-12
ikaliayev,65,Phase 2: CPU,1789253155976,2026-09-12
thanossoul,65,Phase 2: CPU,1789253155982,2026-09-12
dahhel,65,Phase 2: CPU,1789253155990,2026-09-12
madagascaradam,65,Phase 2: CPU,1789253155994,2026-09-12
pika_gamy,65,Phase 2: CPU,1789253156005,2026-09-12
shadowladyex,65,Phase 2: CPU,1789253156013,2026-09-12
dahhel,45,Phase 1: GPU,1789254556683,2026-09-12
thanossoul,45,Phase 1: GPU,1789254556693,2026-09-12
madagascaradam,45,Phase 1: GPU,1789254556697,2026-09-12
ikaliayev,45,Phase 1: GPU,1789254556702,2026-09-12
alexwifi42,45,Phase 1: GPU,1789254556703,2026-09-12
lmbs00,45,Phase 1: GPU,1789254556705,2026-09-12
silent_luc,45,Phase 1: GPU,1789254556707,2026-09-12
pika_gamy,45,Phase 1: GPU,1789254556710,2026-09-12
dahhel,65,Phase 2: RAM,1789255313672,2026-09-12
alexwifi42,65,Phase 2: RAM,1789255313678,2026-09-12
ikaliayev,65,Phase 2: RAM,1789255313680,2026-09-12
snoopys030,65,Phase 2: RAM,1789255313692,2026-09-12
lmbs00,65,Phase 2: RAM,1789255313694,2026-09-12
shadowladyex,65,Phase 2: RAM,1789255313704,2026-09-12
silent_luc,65,Phase 2: RAM,1789255313718,2026-09-12
pika_gamy,65,Phase 2: RAM,1789255313719,2026-09-12
avin_novor,65,Phase 2: RAM,1789255313730,2026-09-12
thanossoul,90,Phase 3: CPU,1789255864691,2026-09-12
silent_luc,90,Phase 3: CPU,1789255864699,2026-09-12
snoopys030,90,Phase 3: CPU,1789255864703,2026-09-12
lmbs00,90,Phase 3: CPU,1789255864709,2026-09-12
dahhel,90,Phase 3: CPU,1789255864736,2026-09-12
ikaliayev,90,Phase 3: CPU,1789255864759,2026-09-12
player0451,90,Phase 3: CPU,1789255864806,2026-09-12
pika_gamy,90,Phase 3: CPU,1789255864883,2026-09-12
avin_novor,120,Phase 4: HDD,1789256310696,2026-09-12
hopelessss_,120,Phase 4: HDD,1789256310701,2026-09-12
shadowladyex,120,Phase 4: HDD,1789256310709,2026-09-12
dahhel,120,Phase 4: HDD,1789256310710,2026-09-12
silent_luc,120,Phase 4: HDD,1789256310711,2026-09-12
ikaliayev,120,Phase 4: HDD,1789256310713,2026-09-12
pika_gamy,120,Phase 4: HDD,1789256310718,2026-09-12
snoopys030,120,Phase 4: HDD,1789256310721,2026-09-12
dahhel,125,proStar bonus: all 4 phases,1789256311158,2026-09-12
ikaliayev,125,proStar bonus: all 4 phases,1789256311160,2026-09-12
silent_luc,125,proStar bonus: all 4 phases,1789256311174,2026-09-12
pika_gamy,125,proStar bonus: all 4 phases,1789256311177,2026-09-12
thanossoul,45,Phase 1: RAM,1789257151869,2026-09-12
hopelessss_,45,Phase 1: RAM,1789257151872,2026-09-12
ikaliayev,45,Phase 1: RAM,1789257151881,2026-09-12
dahhel,45,Phase 1: RAM,1789257151882,2026-09-12
pika_gamy,45,Phase 1: RAM,1789257151884,2026-09-12
silent_luc,45,Phase 1: RAM,1789257151888,2026-09-12
madagascaradam,65,Phase 2: GPU,1789257931886,2026-09-13
thanossoul,65,Phase 2: GPU,1789257931892,2026-09-13
pika_gamy,65,Phase 2: GPU,1789257931900,2026-09-13
ikaliayev,65,Phase 2: GPU,1789257931906,2026-09-13
avin_novor,65,Phase 2: GPU,1789257931907,2026-09-13
silent_luc,65,Phase 2: GPU,1789257931910,2026-09-13
lovegamesandthings00000,65,Phase 2: GPU,1789257931914,2026-09-13
lmbs00,65,Phase 2: GPU,1789257931924,2026-09-13
shadowladyex,65,Phase 2: GPU,1789257931928,2026-09-13
hopelessss_,65,Phase 2: GPU,1789257931950,2026-09-13
snoopys030,45,Phase 1: HDD,1789259194675,2026-09-13
pika_gamy,45,Phase 1: HDD,1789259194680,2026-09-13
valase,45,Phase 1: HDD,1789259194685,2026-09-13
ikaliayev,45,Phase 1: HDD,1789259194696,2026-09-13
silent_luc,45,Phase 1: HDD,1789259194700,2026-09-13
lmbs00,45,Phase 1: HDD,1789259194707,2026-09-13
shadowladyex,45,Phase 1: HDD,1789259194711,2026-09-13
thanossoul,45,Phase 1: HDD,1789259194731,2026-09-13
pika_gamy,65,Phase 2: GPU,1789259812654,2026-09-13
silent_luc,65,Phase 2: GPU,1789259812656,2026-09-13
thanossoul,65,Phase 2: GPU,1789259812658,2026-09-13
snoopys030,65,Phase 2: GPU,1789259812662,2026-09-13
ikaliayev,65,Phase 2: GPU,1789259812665,2026-09-13
shadowladyex,65,Phase 2: GPU,1789259812666,2026-09-13
lmbs00,65,Phase 2: GPU,1789259812673,2026-09-13
valase,65,Phase 2: GPU,1789259812674,2026-09-13
snoopys030,45,Phase 1: RAM,1789261224013,2026-09-13
louis_of_apshai,45,Phase 1: RAM,1789261224022,2026-09-13
dahhel,45,Phase 1: RAM,1789261224033,2026-09-13
shadowladyex,45,Phase 1: RAM,1789261224035,2026-09-13
lmbs00,45,Phase 1: RAM,1789261224037,2026-09-13
silent_luc,45,Phase 1: RAM,1789261224041,2026-09-13
pika_gamy,45,Phase 1: RAM,1789261224042,2026-09-13
ikaliayev,45,Phase 1: RAM,1789261224044,2026-09-13
valase,45,Phase 1: RAM,1789261224050,2026-09-13
snoopys030,65,Phase 2: GPU,1789261837603,2026-09-13
shadowladyex,65,Phase 2: GPU,1789261837619,2026-09-13
dahhel,65,Phase 2: GPU,1789261837622,2026-09-13
lmbs00,65,Phase 2: GPU,1789261837626,2026-09-13
pika_gamy,65,Phase 2: GPU,1789261837663,2026-09-13
ikaliayev,65,Phase 2: GPU,1789261837671,2026-09-13
valase,65,Phase 2: GPU,1789261837673,2026-09-13
lmbs00,90,Phase 3: CPU,1789262485594,2026-09-13
pika_gamy,90,Phase 3: CPU,1789262485618,2026-09-13
valase,90,Phase 3: CPU,1789262485623,2026-09-13
silent_luc,90,Phase 3: CPU,1789262485630,2026-09-13
ikaliayev,90,Phase 3: CPU,1789262485633,2026-09-13
shadowladyex,90,Phase 3: CPU,1789262485634,2026-09-13
mori2323,90,Phase 3: CPU,1789262485637,2026-09-13
dahhel,90,Phase 3: CPU,1789262485640,2026-09-13
madagascaradam,90,Phase 3: CPU,1789262485661,2026-09-13
snoopys030,90,Phase 3: CPU,1789262485672,2026-09-13
pika_gamy,120,Phase 4: HDD,1789263023625,2026-09-13
ikaliayev,120,Phase 4: HDD,1789263023627,2026-09-13
mori2323,120,Phase 4: HDD,1789263023630,2026-09-13
lmbs00,120,Phase 4: HDD,1789263023640,2026-09-13
avin_novor,120,Phase 4: HDD,1789263023645,2026-09-13
madagascaradam,120,Phase 4: HDD,1789263023649,2026-09-13
valase,120,Phase 4: HDD,1789263023651,2026-09-13
dahhel,120,Phase 4: HDD,1789263023653,2026-09-13
silent_luc,120,Phase 4: HDD,1789263023657,2026-09-13
shadowladyex,120,Phase 4: HDD,1789263023815,2026-09-13
dahhel,83,proStar bonus: all 4 phases,1789263024364,2026-09-13
pika_gamy,83,proStar bonus: all 4 phases,1789263024368,2026-09-13
valase,83,proStar bonus: all 4 phases,1789263024376,2026-09-13
lmbs00,83,proStar bonus: all 4 phases,1789263024380,2026-09-13
shadowladyex,83,proStar bonus: all 4 phases,1789263024384,2026-09-13
ikaliayev,83,proStar bonus: all 4 phases,1789263024387,2026-09-13
dahhel,45,Phase 1: RAM,1789264049177,2026-09-13
puphik,45,Phase 1: RAM,1789264049192,2026-09-13
lmbs00,45,Phase 1: RAM,1789264049196,2026-09-13
valase,45,Phase 1: RAM,1789264049204,2026-09-13
ikaliayev,45,Phase 1: RAM,1789264049207,2026-09-13
mori2323,45,Phase 1: RAM,1789264049209,2026-09-13
shadowladyex,45,Phase 1: RAM,1789264049213,2026-09-13
silent_luc,45,Phase 1: RAM,1789264049214,2026-09-13
pika_gamy,45,Phase 1: RAM,1789264049219,2026-09-13
snoopys030,45,Phase 1: RAM,1789264049222,2026-09-13
mori2323,65,Phase 2: HDD,1789264886772,2026-09-13
snoopys030,65,Phase 2: HDD,1789264886782,2026-09-13
slay_da_b,65,Phase 2: HDD,1789264886784,2026-09-13
shadowladyex,65,Phase 2: HDD,1789264886787,2026-09-13
ikaliayev,65,Phase 2: HDD,1789264886791,2026-09-13
pika_gamy,65,Phase 2: HDD,1789264886794,2026-09-13
silent_luc,65,Phase 2: HDD,1789264886800,2026-09-13
dahhel,65,Phase 2: HDD,1789264886804,2026-09-13
avin_novor,65,Phase 2: HDD,1789264886805,2026-09-13
valase,65,Phase 2: HDD,1789264886810,2026-09-13
player0451,65,Phase 2: HDD,1789264886812,2026-09-13
lmbs00,65,Phase 2: HDD,1789264886814,2026-09-13
dahhel,90,Phase 3: CPU,1789265432787,2026-09-13
mori2323,90,Phase 3: CPU,1789265432802,2026-09-13
ikaliayev,90,Phase 3: CPU,1789265432807,2026-09-13
valase,90,Phase 3: CPU,1789265432815,2026-09-13
snoopys030,90,Phase 3: CPU,1789265432816,2026-09-13
pika_gamy,90,Phase 3: CPU,1789265432818,2026-09-13
shadowladyex,90,Phase 3: CPU,1789265432819,2026-09-13
silent_luc,90,Phase 3: CPU,1789265432822,2026-09-13
avin_novor,90,Phase 3: CPU,1789265432824,2026-09-13
lmbs00,90,Phase 3: CPU,1789265432826,2026-09-13
valase,45,Phase 1: HDD,1789266724659,2026-09-13
silent_luc,45,Phase 1: HDD,1789266724662,2026-09-13
mori2323,45,Phase 1: HDD,1789266724681,2026-09-13
lmbs00,45,Phase 1: HDD,1789266724699,2026-09-13
lovegamesandthings00000,45,Phase 1: HDD,1789266724722,2026-09-13
ikaliayev,45,Phase 1: HDD,1789266724741,2026-09-13
shadowladyex,45,Phase 1: HDD,1789266724766,2026-09-13
dahhel,45,Phase 1: HDD,1789266724767,2026-09-13
avin_novor,65,Phase 2: GPU,1789267440694,2026-09-13
lmbs00,65,Phase 2: GPU,1789267440701,2026-09-13
valase,65,Phase 2: GPU,1789267440705,2026-09-13
shadowladyex,65,Phase 2: GPU,1789267440707,2026-09-13
dahhel,65,Phase 2: GPU,1789267440712,2026-09-13
thanossoul,65,Phase 2: GPU,1789267440717,2026-09-13
mori2323,65,Phase 2: GPU,1789267440718,2026-09-13
pika_gamy,65,Phase 2: GPU,1789267440747,2026-09-13
snoopys030,65,Phase 2: GPU,1789267440754,2026-09-13
ikaliayev,65,Phase 2: GPU,1789267440794,2026-09-13
ikaliayev,45,Phase 1: GPU,1789268734811,2026-09-13
shadowladyex,45,Phase 1: GPU,1789268734818,2026-09-13
dahhel,45,Phase 1: GPU,1789268734820,2026-09-13
slay_da_b,45,Phase 1: GPU,1789268734825,2026-09-13
valase,45,Phase 1: GPU,1789268734826,2026-09-13
thanossoul,45,Phase 1: GPU,1789268734831,2026-09-13
snoopys030,45,Phase 1: GPU,1789268734854,2026-09-13
lmbs00,45,Phase 1: GPU,1789268734863,2026-09-13
madagascaradam,65,Phase 2: HDD,1789269405711,2026-09-13
dahhel,65,Phase 2: HDD,1789269405718,2026-09-13
lmbs00,65,Phase 2: HDD,1789269405728,2026-09-13
shadowladyex,65,Phase 2: HDD,1789269405733,2026-09-13
ikaliayev,65,Phase 2: HDD,1789269405752,2026-09-13
avin_novor,65,Phase 2: HDD,1789269405758,2026-09-13
valase,65,Phase 2: HDD,1789269405765,2026-09-13
xiaoxiao9313,65,Phase 2: HDD,1789269405789,2026-09-13
valase,45,Phase 1: GPU,1789270857975,2026-09-13
thanossoul,45,Phase 1: GPU,1789270858036,2026-09-13
xiaoxiao9313,45,Phase 1: GPU,1789270858059,2026-09-13
lmbs00,45,Phase 1: GPU,1789270858069,2026-09-13
shadowladyex,45,Phase 1: GPU,1789270858071,2026-09-13
mori2323,45,Phase 1: GPU,1789270858081,2026-09-13
avin_novor,45,Phase 1: GPU,1789270858082,2026-09-13
dahhel,45,Phase 1: GPU,1789270858086,2026-09-13
snoopys030,45,Phase 1: GPU,1789270858088,2026-09-13
madagascaradam,45,Phase 1: GPU,1789270858090,2026-09-13
ikaliayev,45,Phase 1: GPU,1789270858091,2026-09-13
avin_novor,65,Phase 2: CPU,1789271665435,2026-09-13
ivanpetrov32,65,Phase 2: CPU,1789271665441,2026-09-13
lmbs00,65,Phase 2: CPU,1789271665444,2026-09-13
xiaoxiao9313,65,Phase 2: CPU,1789271665453,2026-09-13
slay_da_b,65,Phase 2: CPU,1789271665455,2026-09-13
dahhel,65,Phase 2: CPU,1789271665460,2026-09-13
mori2323,65,Phase 2: CPU,1789271665471,2026-09-13
valase,65,Phase 2: CPU,1789271665473,2026-09-13
shadowladyex,65,Phase 2: CPU,1789271665476,2026-09-13
ikaliayev,65,Phase 2: CPU,1789271665477,2026-09-13
snoopys030,90,Phase 3: RAM,1789272078427,2026-09-13
shadowladyex,90,Phase 3: RAM,1789272078452,2026-09-13
dahhel,90,Phase 3: RAM,1789272078456,2026-09-13
mori2323,90,Phase 3: RAM,1789272078462,2026-09-13
xiaoxiao9313,90,Phase 3: RAM,1789272078464,2026-09-13
valase,90,Phase 3: RAM,1789272078465,2026-09-13
lmbs00,90,Phase 3: RAM,1789272078471,2026-09-13
ikaliayev,90,Phase 3: RAM,1789272078477,2026-09-13
dahhel,45,Phase 1: GPU,1789273492803,2026-09-13
xiaoxiao9313,45,Phase 1: GPU,1789273492824,2026-09-13
avin_novor,45,Phase 1: GPU,1789273492828,2026-09-13
shadowladyex,45,Phase 1: GPU,1789273492832,2026-09-13
ikaliayev,45,Phase 1: GPU,1789273492834,2026-09-13
snoopys030,45,Phase 1: GPU,1789273492836,2026-09-13
valase,45,Phase 1: GPU,1789273492838,2026-09-13
lmbs00,45,Phase 1: GPU,1789273492842,2026-09-13
mori2323,45,Phase 1: GPU,1789273492857,2026-09-13
xiaoxiao9313,65,Phase 2: RAM,1789274294181,2026-09-13
alphonsoe,65,Phase 2: RAM,1789274294185,2026-09-13
ikaliayev,65,Phase 2: RAM,1789274294200,2026-09-13
lmbs00,65,Phase 2: RAM,1789274294209,2026-09-13
avin_novor,65,Phase 2: RAM,1789274294214,2026-09-13
mori2323,65,Phase 2: RAM,1789274294216,2026-09-13
valase,65,Phase 2: RAM,1789274294220,2026-09-13
dahhel,65,Phase 2: RAM,1789274294226,2026-09-13
shadowladyex,65,Phase 2: RAM,1789274294228,2026-09-13
slay_da_b,65,Phase 2: RAM,1789274294234,2026-09-13
snoopys030,65,Phase 2: RAM,1789274294242,2026-09-13
valase,90,Phase 3: CPU,1789274806149,2026-09-13
slay_da_b,90,Phase 3: CPU,1789274806158,2026-09-13
mori2323,90,Phase 3: CPU,1789274806160,2026-09-13
dahhel,90,Phase 3: CPU,1789274806164,2026-09-13
lmbs00,90,Phase 3: CPU,1789274806167,2026-09-13
ikaliayev,90,Phase 3: CPU,1789274806172,2026-09-13
shadowladyex,90,Phase 3: CPU,1789274806175,2026-09-13
xiaoxiao9313,90,Phase 3: CPU,1789274806176,2026-09-13
alphonsoe,90,Phase 3: CPU,1789274806181,2026-09-13
alburldador,45,Phase 1: CPU,1789276456889,2026-09-13
dahhel,45,Phase 1: CPU,1789276456909,2026-09-13
ikaliayev,45,Phase 1: CPU,1789276456911,2026-09-13
valase,45,Phase 1: CPU,1789276456913,2026-09-13
lmbs00,45,Phase 1: CPU,1789276456919,2026-09-13
snoopys030,45,Phase 1: CPU,1789276456921,2026-09-13
xiaoxiao9313,45,Phase 1: CPU,1789276456923,2026-09-13
avin_novor,45,Phase 1: CPU,1789276456926,2026-09-13
player0451,45,Phase 1: CPU,1789276456928,2026-09-13
mori2323,45,Phase 1: CPU,1789276456932,2026-09-13
darkranx,45,Phase 1: CPU,1789276456941,2026-09-13
alphonsoe,45,Phase 1: CPU,1789276456943,2026-09-13
shadowladyex,45,Phase 1: CPU,1789276456944,2026-09-13
xiaoxiao9313,65,Phase 2: GPU,1789277385440,2026-09-13
mori2323,65,Phase 2: GPU,1789277385471,2026-09-13
shadowladyex,65,Phase 2: GPU,1789277385474,2026-09-13
valase,65,Phase 2: GPU,1789277385477,2026-09-13
alburldador,65,Phase 2: GPU,1789277385478,2026-09-13
lmbs00,65,Phase 2: GPU,1789277385480,2026-09-13
madagascaradam,65,Phase 2: GPU,1789277385483,2026-09-13
dahhel,65,Phase 2: GPU,1789277385486,2026-09-13
slay_da_b,65,Phase 2: GPU,1789277385538,2026-09-13
snoopys030,65,Phase 2: GPU,1789277385552,2026-09-13
alphonsoe,65,Phase 2: GPU,1789277385554,2026-09-13
ikaliayev,65,Phase 2: GPU,1789277385555,2026-09-13
lmbs00,90,Phase 3: HDD,1789278067252,2026-09-13
mori2323,90,Phase 3: HDD,1789278067257,2026-09-13
dahhel,90,Phase 3: HDD,1789278067259,2026-09-13
madagascaradam,90,Phase 3: HDD,1789278067264,2026-09-13
ikaliayev,90,Phase 3: HDD,1789278067271,2026-09-13
alphonsoe,90,Phase 3: HDD,1789278067290,2026-09-13
alburldador,90,Phase 3: HDD,1789278067307,2026-09-13
slay_da_b,90,Phase 3: HDD,1789278067311,2026-09-13
avin_novor,90,Phase 3: HDD,1789278067329,2026-09-13
valase,90,Phase 3: HDD,1789278067330,2026-09-13
alburldador,120,Phase 4: RAM,1789278587198,2026-09-13
avin_novor,120,Phase 4: RAM,1789278587203,2026-09-13
alphonsoe,120,Phase 4: RAM,1789278587206,2026-09-13
lovegamesandthings00000,120,Phase 4: RAM,1789278587210,2026-09-13
shadowladyex,120,Phase 4: RAM,1789278587215,2026-09-13
xiaoxiao9313,120,Phase 4: RAM,1789278587218,2026-09-13
snoopys030,120,Phase 4: RAM,1789278587221,2026-09-13
dahhel,120,Phase 4: RAM,1789278587242,2026-09-13
slay_da_b,120,Phase 4: RAM,1789278587244,2026-09-13
mori2323,120,Phase 4: RAM,1789278587245,2026-09-13
ikaliayev,120,Phase 4: RAM,1789278587246,2026-09-13
alphonsoe,100,proStar bonus: all 4 phases,1789278587864,2026-09-13
mori2323,100,proStar bonus: all 4 phases,1789278587866,2026-09-13
dahhel,100,proStar bonus: all 4 phases,1789278587873,2026-09-13
alburldador,100,proStar bonus: all 4 phases,1789278587876,2026-09-13
ikaliayev,100,proStar bonus: all 4 phases,1789278587900,2026-09-13
dahhel,45,Phase 1: HDD,1789279613713,2026-09-13
alburldador,45,Phase 1: HDD,1789279613731,2026-09-13
snoopys030,45,Phase 1: HDD,1789279613734,2026-09-13
shadowladyex,45,Phase 1: HDD,1789279613736,2026-09-13
ikaliayev,45,Phase 1: HDD,1789279613738,2026-09-13
ivanpetrov32,45,Phase 1: HDD,1789279613742,2026-09-13
alphonsoe,45,Phase 1: HDD,1789279613744,2026-09-13
xiaoxiao9313,45,Phase 1: HDD,1789279613763,2026-09-13
lmbs00,45,Phase 1: HDD,1789279613769,2026-09-13
mori2323,45,Phase 1: HDD,1789279613782,2026-09-13
ikaliayev,65,Phase 2: RAM,1789280248773,2026-09-13
avin_novor,65,Phase 2: RAM,1789280248780,2026-09-13
alphonsoe,65,Phase 2: RAM,1789280248785,2026-09-13
alburldador,65,Phase 2: RAM,1789280248788,2026-09-13
mori2323,65,Phase 2: RAM,1789280248794,2026-09-13
xiaoxiao9313,65,Phase 2: RAM,1789280248806,2026-09-13
lmbs00,65,Phase 2: RAM,1789280248876,2026-09-13
slay_da_b,65,Phase 2: RAM,1789280248878,2026-09-13
lmbs00,45,Phase 1: RAM,1789281555505,2026-09-13
mori2323,45,Phase 1: RAM,1789281555507,2026-09-13
alburldador,45,Phase 1: RAM,1789281555512,2026-09-13
xiaoxiao9313,45,Phase 1: RAM,1789281555515,2026-09-13
slay_da_b,45,Phase 1: RAM,1789281555518,2026-09-13
alphonsoe,45,Phase 1: RAM,1789281555523,2026-09-13
avin_novor,45,Phase 1: RAM,1789281555524,2026-09-13
ikaliayev,45,Phase 1: RAM,1789281555531,2026-09-13
shadowladyex,45,Phase 1: RAM,1789281555532,2026-09-13
ikaliayev,65,Phase 2: HDD,1789282056482,2026-09-13
lmbs00,65,Phase 2: HDD,1789282056487,2026-09-13
avin_novor,65,Phase 2: HDD,1789282056488,2026-09-13
mori2323,65,Phase 2: HDD,1789282056491,2026-09-13
alphonsoe,65,Phase 2: HDD,1789282056494,2026-09-13
alburldador,65,Phase 2: HDD,1789282056496,2026-09-13
pika_gamy,45,Phase 1: RAM,1789283565767,2026-09-13
shadowladyex,45,Phase 1: RAM,1789283565774,2026-09-13
avin_novor,45,Phase 1: RAM,1789283565787,2026-09-13
alphonsoe,45,Phase 1: RAM,1789283565792,2026-09-13
ikaliayev,45,Phase 1: RAM,1789283565794,2026-09-13
lmbs00,45,Phase 1: RAM,1789283565796,2026-09-13
snoopys030,45,Phase 1: RAM,1789283565797,2026-09-13
xiaoxiao9313,45,Phase 1: RAM,1789283565844,2026-09-13
mori2323,45,Phase 1: RAM,1789283565848,2026-09-13
alburldador,45,Phase 1: RAM,1789283565871,2026-09-13
alphonsoe,65,Phase 2: CPU,1789284142210,2026-09-13
xiaoxiao9313,65,Phase 2: CPU,1789284142216,2026-09-13
ikaliayev,65,Phase 2: CPU,1789284142221,2026-09-13
alburldador,65,Phase 2: CPU,1789284142224,2026-09-13
lmbs00,65,Phase 2: CPU,1789284142226,2026-09-13
shadowladyex,65,Phase 2: CPU,1789284142228,2026-09-13
mori2323,65,Phase 2: CPU,1789284142232,2026-09-13
snoopys030,65,Phase 2: CPU,1789284142331,2026-09-13
xiaoxiao9313,90,Phase 3: HDD,1789284649179,2026-09-13
snoopys030,90,Phase 3: HDD,1789284649184,2026-09-13
alburldador,90,Phase 3: HDD,1789284649203,2026-09-13
mori2323,90,Phase 3: HDD,1789284649205,2026-09-13
alphonsoe,90,Phase 3: HDD,1789284649206,2026-09-13
ikaliayev,90,Phase 3: HDD,1789284649269,2026-09-13
lmbs00,90,Phase 3: HDD,1789284649277,2026-09-13
shadowladyex,90,Phase 3: HDD,1789284649280,2026-09-13
ikaliayev,45,Phase 1: GPU,1789285984649,2026-09-13
alphonsoe,45,Phase 1: GPU,1789285984663,2026-09-13
shadowladyex,45,Phase 1: GPU,1789285984669,2026-09-13
snoopys030,45,Phase 1: GPU,1789285984671,2026-09-13
lmbs00,45,Phase 1: GPU,1789285984673,2026-09-13
alburldador,45,Phase 1: GPU,1789285984675,2026-09-13
xiaoxiao9313,45,Phase 1: GPU,1789285984678,2026-09-13
mori2323,45,Phase 1: GPU,1789285984680,2026-09-13
mori2323,65,Phase 2: RAM,1789286454164,2026-09-13
shadowladyex,65,Phase 2: RAM,1789286454174,2026-09-13
alphonsoe,65,Phase 2: RAM,1789286454179,2026-09-13
xiaoxiao9313,65,Phase 2: RAM,1789286454189,2026-09-13
ikaliayev,65,Phase 2: RAM,1789286454206,2026-09-13
xiaoxiao9313,45,Phase 1: HDD,1789287789277,2026-09-13
shadowladyex,45,Phase 1: HDD,1789287789280,2026-09-13
alphonsoe,45,Phase 1: HDD,1789287789288,2026-09-13
alfims,45,Phase 1: HDD,1789287789290,2026-09-13
ikaliayev,45,Phase 1: HDD,1789287789294,2026-09-13
snoopys030,45,Phase 1: HDD,1789287789295,2026-09-13
mori2323,45,Phase 1: HDD,1789287789299,2026-09-13
alburldador,45,Phase 1: HDD,1789287789303,2026-09-13
snoopys030,65,Phase 2: CPU,1789288367329,2026-09-13
ikaliayev,65,Phase 2: CPU,1789288367331,2026-09-13
mori2323,65,Phase 2: CPU,1789288367336,2026-09-13
alburldador,65,Phase 2: CPU,1789288367339,2026-09-13
alphonsoe,65,Phase 2: CPU,1789288367354,2026-09-13
xiaoxiao9313,65,Phase 2: CPU,1789288367357,2026-09-13
shadowladyex,65,Phase 2: CPU,1789288367359,2026-09-13
ikaliayev,45,Phase 1: GPU,1789289815234,2026-09-13
pika_gamy,45,Phase 1: GPU,1789289815247,2026-09-13
naoka_ueno,45,Phase 1: GPU,1789289815263,2026-09-13
snoopys030,45,Phase 1: GPU,1789289815266,2026-09-13
shadowladyex,45,Phase 1: GPU,1789289815267,2026-09-13
alburldador,45,Phase 1: GPU,1789289815269,2026-09-13
mori2323,45,Phase 1: GPU,1789289815273,2026-09-13
xiaoxiao9313,45,Phase 1: GPU,1789289815275,2026-09-13
alfims,45,Phase 1: GPU,1789289815277,2026-09-13
ikaliayev,65,Phase 2: CPU,1789290350229,2026-09-13
naoka_ueno,65,Phase 2: CPU,1789290350231,2026-09-13
alburldador,65,Phase 2: CPU,1789290350236,2026-09-13
mori2323,65,Phase 2: CPU,1789290350238,2026-09-13
xiaoxiao9313,65,Phase 2: CPU,1789290350315,2026-09-13
mori2323,90,Phase 3: HDD,1789291033094,2026-09-13
shadowladyex,90,Phase 3: HDD,1789291033109,2026-09-13
ikaliayev,90,Phase 3: HDD,1789291033120,2026-09-13
naoka_ueno,90,Phase 3: HDD,1789291033131,2026-09-13
alburldador,90,Phase 3: HDD,1789291033138,2026-09-13
pika_gamy,90,Phase 3: HDD,1789291033140,2026-09-13
xiaoxiao9313,90,Phase 3: HDD,1789291033142,2026-09-13
snoopys030,90,Phase 3: HDD,1789291033146,2026-09-13
yurigiu,90,Phase 3: HDD,1789291033147,2026-09-13
alfims,90,Phase 3: HDD,1789291033149,2026-09-13
shadowladyex,45,Phase 1: HDD,1789292354225,2026-09-13
pika_gamy,45,Phase 1: HDD,1789292354239,2026-09-13
snoopys030,45,Phase 1: HDD,1789292354242,2026-09-13
xiaoxiao9313,45,Phase 1: HDD,1789292354244,2026-09-13
alburldador,45,Phase 1: HDD,1789292354258,2026-09-13
mori2323,45,Phase 1: HDD,1789292354264,2026-09-13
ikaliayev,45,Phase 1: HDD,1789292354266,2026-09-13
naoka_ueno,45,Phase 1: HDD,1789292354270,2026-09-13
shadowladyex,65,Phase 2: CPU,1789292919080,2026-09-13
ikaliayev,65,Phase 2: CPU,1789292919085,2026-09-13
pika_gamy,65,Phase 2: CPU,1789292919096,2026-09-13
alexwifi42,65,Phase 2: CPU,1789292919100,2026-09-13
naoka_ueno,65,Phase 2: CPU,1789292919150,2026-09-13
xiaoxiao9313,65,Phase 2: CPU,1789292919152,2026-09-13
ikaliayev,90,Phase 3: GPU,1789293426591,2026-09-13
naoka_ueno,90,Phase 3: GPU,1789293426602,2026-09-13
snoopys030,90,Phase 3: GPU,1789293426606,2026-09-13
pika_gamy,90,Phase 3: GPU,1789293426611,2026-09-13
xiaoxiao9313,90,Phase 3: GPU,1789293426618,2026-09-13
mori2323,90,Phase 3: GPU,1789293426636,2026-09-13
shadowladyex,90,Phase 3: GPU,1789293426738,2026-09-13
shadowladyex,45,Phase 1: RAM,1789294604014,2026-09-13
alfims,45,Phase 1: RAM,1789294604022,2026-09-13
alburldador,45,Phase 1: RAM,1789294604024,2026-09-13
pika_gamy,45,Phase 1: RAM,1789294604025,2026-09-13
silent_luc,45,Phase 1: RAM,1789294604095,2026-09-13
xiaoxiao9313,45,Phase 1: RAM,1789294604098,2026-09-13
snoopys030,65,Phase 2: CPU,1789295129959,2026-09-13
alburldador,65,Phase 2: CPU,1789295129962,2026-09-13
pika_gamy,65,Phase 2: CPU,1789295129966,2026-09-13
mori2323,65,Phase 2: CPU,1789295129997,2026-09-13
alfims,65,Phase 2: CPU,1789295130063,2026-09-13
shadowladyex,65,Phase 2: CPU,1789295130067,2026-09-13
silent_luc,65,Phase 2: CPU,1789295130069,2026-09-13
silent_luc,45,Phase 1: RAM,1789296497997,2026-09-13
alfims,45,Phase 1: RAM,1789296498000,2026-09-13
xiaoxiao9313,45,Phase 1: RAM,1789296498002,2026-09-13
mori2323,45,Phase 1: RAM,1789296498008,2026-09-13
snoopys030,45,Phase 1: RAM,1789296498009,2026-09-13
alburldador,45,Phase 1: RAM,1789296498011,2026-09-13
pika_gamy,45,Phase 1: RAM,1789296498013,2026-09-13
shadowladyex,45,Phase 1: RAM,1789296498015,2026-09-13
mori2323,65,Phase 2: GPU,1789297044905,2026-09-13
xiaoxiao9313,65,Phase 2: GPU,1789297044911,2026-09-13
shadowladyex,65,Phase 2: GPU,1789297044914,2026-09-13
pika_gamy,65,Phase 2: GPU,1789297044916,2026-09-13
alburldador,65,Phase 2: GPU,1789297044920,2026-09-13
hopelessss_,65,Phase 2: GPU,1789297044928,2026-09-13
snoopys030,65,Phase 2: GPU,1789297044930,2026-09-13
dahhel,45,Phase 1: HDD,1789298547145,2026-09-13
xiaoxiao9313,45,Phase 1: HDD,1789298547159,2026-09-13
alburldador,45,Phase 1: HDD,1789298547168,2026-09-13
alexwifi42,45,Phase 1: HDD,1789298547175,2026-09-13
mori2323,45,Phase 1: HDD,1789298547178,2026-09-13
shadowladyex,45,Phase 1: HDD,1789298547180,2026-09-13
silent_luc,45,Phase 1: HDD,1789298547182,2026-09-13
snoopys030,45,Phase 1: HDD,1789298547187,2026-09-13
pika_gamy,45,Phase 1: HDD,1789298547189,2026-09-13
avin_novor,45,Phase 1: HDD,1789298547194,2026-09-13
lovegamesandthings00000,45,Phase 1: HDD,1789298547198,2026-09-13
alburldador,65,Phase 2: GPU,1789299200755,2026-09-13
mori2323,65,Phase 2: GPU,1789299200766,2026-09-13
pika_gamy,65,Phase 2: GPU,1789299200773,2026-09-13
hopelessss_,65,Phase 2: GPU,1789299200776,2026-09-13
shadowladyex,65,Phase 2: GPU,1789299200780,2026-09-13
snoopys030,65,Phase 2: GPU,1789299200790,2026-09-13
alphonsoe,65,Phase 2: GPU,1789299200820,2026-09-13
xiaoxiao9313,65,Phase 2: GPU,1789299200822,2026-09-13
avin_novor,65,Phase 2: GPU,1789299200830,2026-09-13
silent_luc,90,Phase 3: RAM,1789299741735,2026-09-13
alburldador,90,Phase 3: RAM,1789299741737,2026-09-13
xiaoxiao9313,90,Phase 3: RAM,1789299741741,2026-09-13
alphonsoe,90,Phase 3: RAM,1789299741742,2026-09-13
lillakra,90,Phase 3: RAM,1789299741747,2026-09-13
mori2323,90,Phase 3: RAM,1789299741748,2026-09-13
pika_gamy,90,Phase 3: RAM,1789299741824,2026-09-13
snoopys030,90,Phase 3: RAM,1789299741835,2026-09-13
alburldador,120,Phase 4: CPU,1789300159884,2026-09-13
xiaoxiao9313,120,Phase 4: CPU,1789300159889,2026-09-13
snoopys030,120,Phase 4: CPU,1789300159893,2026-09-13
avin_novor,120,Phase 4: CPU,1789300159909,2026-09-13
hopelessss_,120,Phase 4: CPU,1789300159912,2026-09-13
pika_gamy,120,Phase 4: CPU,1789300159964,2026-09-13
silent_luc,120,Phase 4: CPU,1789300159976,2026-09-13
mori2323,120,Phase 4: CPU,1789300159979,2026-09-13
alphonsoe,120,Phase 4: CPU,1789300159982,2026-09-13
xiaoxiao9313,100,proStar bonus: all 4 phases,1789300160452,2026-09-13
snoopys030,100,proStar bonus: all 4 phases,1789300160458,2026-09-13
pika_gamy,100,proStar bonus: all 4 phases,1789300160460,2026-09-13
mori2323,100,proStar bonus: all 4 phases,1789300160463,2026-09-13
alburldador,100,proStar bonus: all 4 phases,1789300160467,2026-09-13
snoopys030,45,Phase 1: CPU,1789301126030,2026-09-13
avin_novor,45,Phase 1: CPU,1789301126048,2026-09-13
mori2323,45,Phase 1: CPU,1789301126051,2026-09-13
alexwifi42,45,Phase 1: CPU,1789301126053,2026-09-13
alphonsoe,45,Phase 1: CPU,1789301126060,2026-09-13
pika_gamy,45,Phase 1: CPU,1789301126064,2026-09-13
alburldador,45,Phase 1: CPU,1789301126068,2026-09-13
silent_luc,45,Phase 1: CPU,1789301126071,2026-09-13
xiaoxiao9313,45,Phase 1: CPU,1789301126073,2026-09-13
alburldador,65,Phase 2: HDD,1789301849086,2026-09-13
xiaoxiao9313,65,Phase 2: HDD,1789301849093,2026-09-13
avin_novor,65,Phase 2: HDD,1789301849103,2026-09-13
alphonsoe,65,Phase 2: HDD,1789301849105,2026-09-13
hopelessss_,65,Phase 2: HDD,1789301849110,2026-09-13
alexwifi42,65,Phase 2: HDD,1789301849112,2026-09-13
silent_luc,65,Phase 2: HDD,1789301849116,2026-09-13
pika_gamy,65,Phase 2: HDD,1789301849119,2026-09-13
snoopys030,65,Phase 2: HDD,1789301849127,2026-09-13
mori2323,65,Phase 2: HDD,1789301849129,2026-09-13
cerebralx1,65,Phase 2: HDD,1789301849142,2026-09-13
avin_novor,90,Phase 3: GPU,1789302454096,2026-09-13
alphonsoe,90,Phase 3: GPU,1789302454103,2026-09-13
xiaoxiao9313,90,Phase 3: GPU,1789302454107,2026-09-13
alburldador,90,Phase 3: GPU,1789302454113,2026-09-13
snoopys030,90,Phase 3: GPU,1789302454118,2026-09-13
mori2323,90,Phase 3: GPU,1789302454120,2026-09-13
cerebralx1,90,Phase 3: GPU,1789302454124,2026-09-13
alfims,90,Phase 3: GPU,1789302454126,2026-09-13
pika_gamy,90,Phase 3: GPU,1789302454128,2026-09-13
silent_luc,90,Phase 3: GPU,1789302454341,2026-09-13
alphonsoe,45,Phase 1: CPU,1789303723899,2026-09-13
alburldador,45,Phase 1: CPU,1789303723902,2026-09-13
snoopys030,45,Phase 1: CPU,1789303723905,2026-09-13
alexwifi42,45,Phase 1: CPU,1789303723910,2026-09-13
pika_gamy,45,Phase 1: CPU,1789303723912,2026-09-13
hopelessss_,45,Phase 1: CPU,1789303723920,2026-09-13
xiaoxiao9313,45,Phase 1: CPU,1789303723936,2026-09-13
cerebralx1,45,Phase 1: CPU,1789303724087,2026-09-13
mori2323,65,Phase 2: GPU,1789304459962,2026-09-13
silent_luc,65,Phase 2: GPU,1789304459976,2026-09-13
lovegamesandthings00000,65,Phase 2: GPU,1789304459979,2026-09-13
hopelessss_,65,Phase 2: GPU,1789304459986,2026-09-13
alburldador,65,Phase 2: GPU,1789304459989,2026-09-13
pika_gamy,65,Phase 2: GPU,1789304459992,2026-09-13
cerebralx1,65,Phase 2: GPU,1789304459996,2026-09-13
xiaoxiao9313,65,Phase 2: GPU,1789304459997,2026-09-13
alphonsoe,65,Phase 2: GPU,1789304460019,2026-09-13
snoopys030,65,Phase 2: GPU,1789304460022,2026-09-13
pika_gamy,90,Phase 3: HDD,1789304979905,2026-09-13
alexwifi42,90,Phase 3: HDD,1789304979934,2026-09-13
hopelessss_,90,Phase 3: HDD,1789304979938,2026-09-13
cerebralx1,90,Phase 3: HDD,1789304979941,2026-09-13
mori2323,90,Phase 3: HDD,1789304979949,2026-09-13
alburldador,90,Phase 3: HDD,1789304979950,2026-09-13
snoopys030,90,Phase 3: HDD,1789304979956,2026-09-13
xiaoxiao9313,90,Phase 3: HDD,1789304979976,2026-09-13
alphonsoe,45,Phase 1: CPU,1789306251049,2026-09-13
pika_gamy,45,Phase 1: CPU,1789306251110,2026-09-13
hopelessss_,45,Phase 1: CPU,1789306251116,2026-09-13
snoopys030,45,Phase 1: CPU,1789306251117,2026-09-13
xiaoxiao9313,45,Phase 1: CPU,1789306251121,2026-09-13
mori2323,45,Phase 1: CPU,1789306251125,2026-09-13
alburldador,45,Phase 1: CPU,1789306251128,2026-09-13
silent_luc,45,Phase 1: CPU,1789306251130,2026-09-13
alburldador,65,Phase 2: RAM,1789306730982,2026-09-13
xiaoxiao9313,65,Phase 2: RAM,1789306730986,2026-09-13
snoopys030,65,Phase 2: RAM,1789306730991,2026-09-13
lovegamesandthings00000,65,Phase 2: RAM,1789306730995,2026-09-13
cerebralx1,65,Phase 2: RAM,1789306731001,2026-09-13
pika_gamy,65,Phase 2: RAM,1789306731002,2026-09-13
alburldador,45,Phase 1: HDD,1789308050189,2026-09-13
snoopys030,45,Phase 1: HDD,1789308050198,2026-09-13
alfims,45,Phase 1: HDD,1789308050204,2026-09-13
cerebralx1,45,Phase 1: HDD,1789308050205,2026-09-13
alphonsoe,45,Phase 1: HDD,1789308050218,2026-09-13
xiaoxiao9313,45,Phase 1: HDD,1789308050225,2026-09-13
hopelessss_,45,Phase 1: HDD,1789308050236,2026-09-13
silent_luc,45,Phase 1: HDD,1789308050258,2026-09-13
pika_gamy,45,Phase 1: HDD,1789308050282,2026-09-13
mori2323,65,Phase 2: RAM,1789308486232,2026-09-13
snoopys030,65,Phase 2: RAM,1789308486298,2026-09-13
hopelessss_,65,Phase 2: RAM,1789308486304,2026-09-13
pika_gamy,65,Phase 2: RAM,1789308486306,2026-09-13
alburldador,65,Phase 2: RAM,1789308486307,2026-09-13
cerebralx1,65,Phase 2: RAM,1789308486310,2026-09-13
mori2323,45,Phase 1: GPU,1789309943680,2026-09-13
yurigiu,45,Phase 1: GPU,1789309943689,2026-09-13
pika_gamy,45,Phase 1: GPU,1789309943691,2026-09-13
silent_luc,45,Phase 1: GPU,1789309943698,2026-09-13
hopelessss_,45,Phase 1: GPU,1789309943702,2026-09-13
madagascaradam,45,Phase 1: GPU,1789309943706,2026-09-13
alburldador,45,Phase 1: GPU,1789309943712,2026-09-13
thanossoul,45,Phase 1: GPU,1789309943780,2026-09-13
alphonsoe,45,Phase 1: GPU,1789309943871,2026-09-13
hopelessss_,65,Phase 2: HDD,1789310456003,2026-09-13
mori2323,65,Phase 2: HDD,1789310456008,2026-09-13
madagascaradam,65,Phase 2: HDD,1789310456010,2026-09-13
pika_gamy,65,Phase 2: HDD,1789310456016,2026-09-13
silent_luc,65,Phase 2: HDD,1789310456017,2026-09-13
alburldador,45,Phase 1: CPU,1789311722868,2026-09-13
pika_gamy,45,Phase 1: CPU,1789311722872,2026-09-13
hopelessss_,45,Phase 1: CPU,1789311722873,2026-09-13
mori2323,45,Phase 1: CPU,1789311722879,2026-09-13
calypso_ba,45,Phase 1: CPU,1789311722882,2026-09-13
silent_luc,45,Phase 1: CPU,1789311722885,2026-09-13
valase,45,Phase 1: CPU,1789311722887,2026-09-13
lmbs00,45,Phase 1: CPU,1789311722891,2026-09-13
silent_luc,65,Phase 2: GPU,1789312142029,2026-09-13
pika_gamy,65,Phase 2: GPU,1789312142033,2026-09-13
alburldador,65,Phase 2: GPU,1789312142046,2026-09-13
valase,65,Phase 2: GPU,1789312142098,2026-09-13
hopelessss_,65,Phase 2: GPU,1789312142107,2026-09-13
lmbs00,65,Phase 2: GPU,1789312142177,2026-09-13
lmbs00,45,Phase 1: GPU,1789314275315,2026-09-13
ikaliayev,45,Phase 1: GPU,1789314275327,2026-09-13
mori2323,45,Phase 1: GPU,1789314275338,2026-09-13
avin_novor,45,Phase 1: GPU,1789314275343,2026-09-13
hopelessss_,45,Phase 1: GPU,1789314275359,2026-09-13
alburldador,45,Phase 1: GPU,1789314275368,2026-09-13
pika_gamy,45,Phase 1: GPU,1789314275370,2026-09-13
valase,45,Phase 1: GPU,1789314275374,2026-09-13
silent_luc,45,Phase 1: GPU,1789314275410,2026-09-13
dahhel,45,Phase 1: GPU,1789314275416,2026-09-13
lmbs00,65,Phase 2: HDD,1789314763766,2026-09-13
hopelessss_,65,Phase 2: HDD,1789314763770,2026-09-13
pika_gamy,65,Phase 2: HDD,1789314763779,2026-09-13
silent_luc,65,Phase 2: HDD,1789314763786,2026-09-13
valase,65,Phase 2: HDD,1789314763787,2026-09-13
ikaliayev,65,Phase 2: HDD,1789314763791,2026-09-13
dahhel,65,Phase 2: HDD,1789314763798,2026-09-13
hopelessss_,90,Phase 3: RAM,1789315382765,2026-09-13
mori2323,90,Phase 3: RAM,1789315382767,2026-09-13
alburldador,90,Phase 3: RAM,1789315382771,2026-09-13
ikaliayev,90,Phase 3: RAM,1789315382777,2026-09-13
valase,90,Phase 3: RAM,1789315382785,2026-09-13
lmbs00,90,Phase 3: RAM,1789315382788,2026-09-13
dahhel,90,Phase 3: RAM,1789315382832,2026-09-13
pika_gamy,90,Phase 3: RAM,1789315382881,2026-09-13
avin_novor,90,Phase 3: RAM,1789315382896,2026-09-13
silent_luc,90,Phase 3: RAM,1789315382937,2026-09-13
hopelessss_,45,Phase 1: GPU,1789316876254,2026-09-13
xiaoxiao9313,45,Phase 1: GPU,1789316876262,2026-09-13
dahhel,45,Phase 1: GPU,1789316876267,2026-09-13
alburldador,45,Phase 1: GPU,1789316876271,2026-09-13
valase,45,Phase 1: GPU,1789316876274,2026-09-13
avin_novor,45,Phase 1: GPU,1789316876276,2026-09-13
ikaliayev,45,Phase 1: GPU,1789316876284,2026-09-13
mori2323,45,Phase 1: GPU,1789316876290,2026-09-13
pika_gamy,45,Phase 1: GPU,1789316876291,2026-09-13
thanossoul,45,Phase 1: GPU,1789316876296,2026-09-13
silent_luc,45,Phase 1: GPU,1789316876304,2026-09-13
lmbs00,45,Phase 1: GPU,1789316876305,2026-09-13
valase,65,Phase 2: HDD,1789317793146,2026-09-13
avin_novor,65,Phase 2: HDD,1789317793162,2026-09-13
pika_gamy,65,Phase 2: HDD,1789317793165,2026-09-13
alburldador,65,Phase 2: HDD,1789317793168,2026-09-13
lmbs00,65,Phase 2: HDD,1789317793179,2026-09-13
mori2323,65,Phase 2: HDD,1789317793182,2026-09-13
thanossoul,65,Phase 2: HDD,1789317793186,2026-09-13
dahhel,65,Phase 2: HDD,1789317793188,2026-09-13
ikaliayev,65,Phase 2: HDD,1789317793190,2026-09-13
silent_luc,65,Phase 2: HDD,1789317793203,2026-09-13
hopelessss_,65,Phase 2: HDD,1789317793206,2026-09-13
player0451,65,Phase 2: HDD,1789317793221,2026-09-13
lmbs00,90,Phase 3: CPU,1789318549568,2026-09-13
valase,90,Phase 3: CPU,1789318549581,2026-09-13
lovegamesandthings00000,90,Phase 3: CPU,1789318549588,2026-09-13
ikaliayev,90,Phase 3: CPU,1789318549590,2026-09-13
pika_gamy,90,Phase 3: CPU,1789318549602,2026-09-13
xiaoxiao9313,90,Phase 3: CPU,1789318549611,2026-09-13
mori2323,90,Phase 3: CPU,1789318549615,2026-09-13
dahhel,90,Phase 3: CPU,1789318549617,2026-09-13
thanossoul,90,Phase 3: CPU,1789318549618,2026-09-13
hopelessss_,90,Phase 3: CPU,1789318549619,2026-09-13
avin_novor,90,Phase 3: CPU,1789318549621,2026-09-13
silent_luc,90,Phase 3: CPU,1789318549623,2026-09-13
lmbs00,45,Phase 1: HDD,1789320205686,2026-09-13
slay_da_b,45,Phase 1: HDD,1789320205699,2026-09-13
alburldador,45,Phase 1: HDD,1789320205703,2026-09-13
alexwifi42,45,Phase 1: HDD,1789320205712,2026-09-13
hopelessss_,45,Phase 1: HDD,1789320205721,2026-09-13
yurigiu,45,Phase 1: HDD,1789320205724,2026-09-13
silent_luc,45,Phase 1: HDD,1789320205726,2026-09-13
avin_novor,45,Phase 1: HDD,1789320205728,2026-09-13
dahhel,45,Phase 1: HDD,1789320205730,2026-09-13
mori2323,45,Phase 1: HDD,1789320205737,2026-09-13
xiaoxiao9313,45,Phase 1: HDD,1789320205742,2026-09-13
ikaliayev,45,Phase 1: HDD,1789320205756,2026-09-13
xiaoxiao9313,65,Phase 2: RAM,1789320993293,2026-09-13
dahhel,65,Phase 2: RAM,1789320993302,2026-09-13
avin_novor,65,Phase 2: RAM,1789320993305,2026-09-13
valase,65,Phase 2: RAM,1789320993310,2026-09-13
shadowladyex,65,Phase 2: RAM,1789320993311,2026-09-13
ikaliayev,65,Phase 2: RAM,1789320993315,2026-09-13
pika_gamy,65,Phase 2: RAM,1789320993318,2026-09-13
silent_luc,65,Phase 2: RAM,1789320993322,2026-09-13
hopelessss_,65,Phase 2: RAM,1789320993326,2026-09-13
alburldador,65,Phase 2: RAM,1789320993328,2026-09-13
mori2323,65,Phase 2: RAM,1789320993333,2026-09-13
xiaoxiao9313,45,Phase 1: GPU,1789322515449,2026-09-13
dahhel,45,Phase 1: GPU,1789322515457,2026-09-13
avin_novor,45,Phase 1: GPU,1789322515462,2026-09-13
alburldador,45,Phase 1: GPU,1789322515465,2026-09-13
thanossoul,45,Phase 1: GPU,1789322515467,2026-09-13
slay_da_b,45,Phase 1: GPU,1789322515473,2026-09-13
hopelessss_,45,Phase 1: GPU,1789322515475,2026-09-13
ikaliayev,45,Phase 1: GPU,1789322515479,2026-09-13
pika_gamy,45,Phase 1: GPU,1789322515483,2026-09-13
mori2323,45,Phase 1: GPU,1789322515490,2026-09-13
valase,45,Phase 1: GPU,1789322515496,2026-09-13
shadowladyex,45,Phase 1: GPU,1789322515498,2026-09-13
lmbs00,45,Phase 1: GPU,1789322515501,2026-09-13
pika_gamy,65,Phase 2: RAM,1789323357014,2026-09-13
thanossoul,65,Phase 2: RAM,1789323357017,2026-09-13
mori2323,65,Phase 2: RAM,1789323357024,2026-09-13
dahhel,65,Phase 2: RAM,1789323357026,2026-09-13
avin_novor,65,Phase 2: RAM,1789323357035,2026-09-13
alburldador,65,Phase 2: RAM,1789323357038,2026-09-13
xiaoxiao9313,65,Phase 2: RAM,1789323357040,2026-09-13
shadowladyex,65,Phase 2: RAM,1789323357043,2026-09-13
lmbs00,65,Phase 2: RAM,1789323357045,2026-09-13
hopelessss_,65,Phase 2: RAM,1789323357052,2026-09-13
ikaliayev,65,Phase 2: RAM,1789323357057,2026-09-13
madagascaradam,65,Phase 2: RAM,1789323357058,2026-09-13
valase,65,Phase 2: RAM,1789323357061,2026-09-13
alexwifi42,65,Phase 2: RAM,1789323357151,2026-09-13
hopelessss_,90,Phase 3: CPU,1789323903141,2026-09-13
dahhel,90,Phase 3: CPU,1789323903143,2026-09-13
lmbs00,90,Phase 3: CPU,1789323903144,2026-09-13
thanossoul,90,Phase 3: CPU,1789323903146,2026-09-13
pika_gamy,90,Phase 3: CPU,1789323903158,2026-09-13
ikaliayev,90,Phase 3: CPU,1789323903160,2026-09-13
mori2323,90,Phase 3: CPU,1789323903163,2026-09-13
valase,90,Phase 3: CPU,1789323903165,2026-09-13
ura3535,90,Phase 3: CPU,1789323903166,2026-09-13
shadowladyex,90,Phase 3: CPU,1789323903169,2026-09-13
xiaoxiao9313,90,Phase 3: CPU,1789323903171,2026-09-13
xiaoxiao9313,45,Phase 1: CPU,1789325440438,2026-09-13
lmbs00,45,Phase 1: CPU,1789325440447,2026-09-13
hopelessss_,45,Phase 1: CPU,1789325440449,2026-09-13
ikaliayev,45,Phase 1: CPU,1789325440451,2026-09-13
alburldador,45,Phase 1: CPU,1789325440461,2026-09-13
dahhel,45,Phase 1: CPU,1789325440471,2026-09-13
avin_novor,45,Phase 1: CPU,1789325440473,2026-09-13
mori2323,45,Phase 1: CPU,1789325440475,2026-09-13
shadowladyex,45,Phase 1: CPU,1789325440478,2026-09-13
madagascaradam,45,Phase 1: CPU,1789325440481,2026-09-13
alexwifi42,45,Phase 1: CPU,1789325440482,2026-09-13
valase,45,Phase 1: CPU,1789325440484,2026-09-13
xiaoxiao9313,65,Phase 2: RAM,1789326203768,2026-09-13
lmbs00,65,Phase 2: RAM,1789326203773,2026-09-13
shadowladyex,65,Phase 2: RAM,1789326203782,2026-09-13
alburldador,65,Phase 2: RAM,1789326203791,2026-09-13
mori2323,65,Phase 2: RAM,1789326203794,2026-09-13
ikaliayev,65,Phase 2: RAM,1789326203797,2026-09-13
avin_novor,65,Phase 2: RAM,1789326203809,2026-09-13
dahhel,65,Phase 2: RAM,1789326203816,2026-09-13
thanossoul,65,Phase 2: RAM,1789326203862,2026-09-13
hopelessss_,65,Phase 2: RAM,1789326203864,2026-09-13
valase,65,Phase 2: RAM,1789326203868,2026-09-13
xiaoxiao9313,45,Phase 1: GPU,1789327771762,2026-09-13
lmbs00,45,Phase 1: GPU,1789327771775,2026-09-13
dahhel,45,Phase 1: GPU,1789327771777,2026-09-13
ura3535,45,Phase 1: GPU,1789327771781,2026-09-13
hopelessss_,45,Phase 1: GPU,1789327771790,2026-09-13
ikaliayev,45,Phase 1: GPU,1789327771793,2026-09-13
shadowladyex,45,Phase 1: GPU,1789327771798,2026-09-13
robin3one,45,Phase 1: GPU,1789327771801,2026-09-13
mori2323,45,Phase 1: GPU,1789327771803,2026-09-13
avin_novor,45,Phase 1: GPU,1789327771806,2026-09-13
alburldador,45,Phase 1: GPU,1789327771809,2026-09-13
valase,45,Phase 1: GPU,1789327771813,2026-09-13
avin_novor,65,Phase 2: CPU,1789328663407,2026-09-13
madagascaradam,65,Phase 2: CPU,1789328663409,2026-09-13
ura3535,65,Phase 2: CPU,1789328663412,2026-09-13
hopelessss_,65,Phase 2: CPU,1789328663416,2026-09-13
alburldador,65,Phase 2: CPU,1789328663429,2026-09-13
mori2323,65,Phase 2: CPU,1789328663436,2026-09-13
xiaoxiao9313,65,Phase 2: CPU,1789328663448,2026-09-13
lmbs00,65,Phase 2: CPU,1789328663483,2026-09-13
lillakra,65,Phase 2: CPU,1789328663487,2026-09-13
dahhel,65,Phase 2: CPU,1789328663489,2026-09-13
valase,65,Phase 2: CPU,1789328663490,2026-09-13
ikaliayev,65,Phase 2: CPU,1789328663497,2026-09-13
shadowladyex,65,Phase 2: CPU,1789328663505,2026-09-13
silent_luc,90,Phase 3: RAM,1789329226401,2026-09-13
pika_gamy,90,Phase 3: RAM,1789329226403,2026-09-13
alburldador,90,Phase 3: RAM,1789329226407,2026-09-13
shadowladyex,90,Phase 3: RAM,1789329226430,2026-09-13
xiaoxiao9313,90,Phase 3: RAM,1789329226432,2026-09-13
madagascaradam,90,Phase 3: RAM,1789329226433,2026-09-13
valase,90,Phase 3: RAM,1789329226470,2026-09-13
hopelessss_,90,Phase 3: RAM,1789329226475,2026-09-13
lmbs00,90,Phase 3: RAM,1789329226478,2026-09-13
ikaliayev,90,Phase 3: RAM,1789329226479,2026-09-13
valase,45,Phase 1: HDD,1789330633173,2026-09-13
silent_luc,45,Phase 1: HDD,1789330633174,2026-09-13
shadowladyex,45,Phase 1: HDD,1789330633177,2026-09-13
dahhel,45,Phase 1: HDD,1789330633179,2026-09-13
alburldador,45,Phase 1: HDD,1789330633182,2026-09-13
hopelessss_,45,Phase 1: HDD,1789330633184,2026-09-13
lmbs00,45,Phase 1: HDD,1789330633186,2026-09-13
ikaliayev,45,Phase 1: HDD,1789330633189,2026-09-13
xiaoxiao9313,45,Phase 1: HDD,1789330633190,2026-09-13
avin_novor,45,Phase 1: HDD,1789330633200,2026-09-13
valase,65,Phase 2: RAM,1789331354415,2026-09-13
xiaoxiao9313,65,Phase 2: RAM,1789331354425,2026-09-13
hopelessss_,65,Phase 2: RAM,1789331354430,2026-09-13
avin_novor,65,Phase 2: RAM,1789331354431,2026-09-13
dahhel,65,Phase 2: RAM,1789331354434,2026-09-13
mori2323,65,Phase 2: RAM,1789331354436,2026-09-13
lmbs00,65,Phase 2: RAM,1789331354438,2026-09-13
shadowladyex,65,Phase 2: RAM,1789331354440,2026-09-13
ikaliayev,65,Phase 2: RAM,1789331354442,2026-09-13
lovegamesandthings00000,65,Phase 2: RAM,1789331354444,2026-09-13
alburldador,65,Phase 2: RAM,1789331354446,2026-09-13
lmbs00,45,Phase 1: GPU,1789332985278,2026-09-13
dahhel,45,Phase 1: GPU,1789332985289,2026-09-13
silent_luc,45,Phase 1: GPU,1789332985297,2026-09-13
ikaliayev,45,Phase 1: GPU,1789332985299,2026-09-13
mori2323,45,Phase 1: GPU,1789332985301,2026-09-13
alburldador,45,Phase 1: GPU,1789332985305,2026-09-13
hopelessss_,45,Phase 1: GPU,1789332985307,2026-09-13
valase,45,Phase 1: GPU,1789332985309,2026-09-13
thanossoul,45,Phase 1: GPU,1789332985310,2026-09-13
shadowladyex,45,Phase 1: GPU,1789332985312,2026-09-13
xiaoxiao9313,45,Phase 1: GPU,1789332985319,2026-09-13
avin_novor,45,Phase 1: GPU,1789332985323,2026-09-13
pika_gamy,45,Phase 1: GPU,1789332985542,2026-09-13
ikaliayev,65,Phase 2: HDD,1789333698923,2026-09-13
hopelessss_,65,Phase 2: HDD,1789333698928,2026-09-13
silent_luc,65,Phase 2: HDD,1789333698932,2026-09-13
alburldador,65,Phase 2: HDD,1789333698936,2026-09-13
pika_gamy,65,Phase 2: HDD,1789333698942,2026-09-13
dahhel,65,Phase 2: HDD,1789333698948,2026-09-13
thanossoul,65,Phase 2: HDD,1789333698952,2026-09-13
shadowladyex,65,Phase 2: HDD,1789333698956,2026-09-13
valase,65,Phase 2: HDD,1789333698957,2026-09-13
ura3535,65,Phase 2: HDD,1789333698969,2026-09-13
mori2323,65,Phase 2: HDD,1789333698972,2026-09-13
alburldador,45,Phase 1: HDD,1789335119618,2026-09-13
pika_gamy,45,Phase 1: HDD,1789335119649,2026-09-13
puphik,45,Phase 1: HDD,1789335119673,2026-09-13
shadowladyex,45,Phase 1: HDD,1789335119685,2026-09-13
ikaliayev,45,Phase 1: HDD,1789335119687,2026-09-13
thanossoul,45,Phase 1: HDD,1789335119691,2026-09-13
dahhel,45,Phase 1: HDD,1789335119694,2026-09-13
silent_luc,45,Phase 1: HDD,1789335119696,2026-09-13
valase,45,Phase 1: HDD,1789335119699,2026-09-13
mori2323,45,Phase 1: HDD,1789335119701,2026-09-13
hopelessss_,45,Phase 1: HDD,1789335119713,2026-09-13
dahhel,65,Phase 2: RAM,1789335555658,2026-09-13
alburldador,65,Phase 2: RAM,1789335555662,2026-09-13
pika_gamy,65,Phase 2: RAM,1789335555664,2026-09-13
shadowladyex,65,Phase 2: RAM,1789335555669,2026-09-13
thanossoul,65,Phase 2: RAM,1789335555673,2026-09-13
operacional_cae,65,Phase 2: RAM,1789335555676,2026-09-13
hopelessss_,65,Phase 2: RAM,1789335555678,2026-09-13
mori2323,45,Phase 1: RAM,1789336943693,2026-09-13
shadowladyex,45,Phase 1: RAM,1789336943701,2026-09-13
avin_novor,45,Phase 1: RAM,1789336943705,2026-09-13
alexwifi42,45,Phase 1: RAM,1789336943709,2026-09-13
ikaliayev,45,Phase 1: RAM,1789336943711,2026-09-13
valase,45,Phase 1: RAM,1789336943718,2026-09-13
alburldador,45,Phase 1: RAM,1789336943720,2026-09-13
dahhel,45,Phase 1: RAM,1789336943724,2026-09-13
hopelessss_,45,Phase 1: RAM,1789336943729,2026-09-13
pika_gamy,45,Phase 1: RAM,1789336943731,2026-09-13
silent_luc,45,Phase 1: RAM,1789336943735,2026-09-13
ikaliayev,65,Phase 2: GPU,1789337456003,2026-09-13
valase,65,Phase 2: GPU,1789337456006,2026-09-13
dahhel,65,Phase 2: GPU,1789337456017,2026-09-13
pika_gamy,65,Phase 2: GPU,1789337456032,2026-09-13
hopelessss_,65,Phase 2: GPU,1789337456036,2026-09-13
silent_luc,65,Phase 2: GPU,1789337456038,2026-09-13
shadowladyex,65,Phase 2: GPU,1789337456043,2026-09-13
silent_luc,45,Phase 1: GPU,1789338746712,2026-09-13
valase,45,Phase 1: GPU,1789338746716,2026-09-13
dahhel,45,Phase 1: GPU,1789338746726,2026-09-13
hopelessss_,45,Phase 1: GPU,1789338746727,2026-09-13
shadowladyex,45,Phase 1: GPU,1789338746734,2026-09-13
pika_gamy,45,Phase 1: GPU,1789338746736,2026-09-13
operacional_cae,45,Phase 1: GPU,1789338746737,2026-09-13
ikaliayev,45,Phase 1: RAM,1789340456859,2026-09-13
silent_luc,45,Phase 1: RAM,1789340456869,2026-09-13
lovegamesandthings00000,45,Phase 1: RAM,1789340456876,2026-09-13
shadowladyex,45,Phase 1: RAM,1789340456878,2026-09-13
snoopys030,45,Phase 1: RAM,1789340456880,2026-09-13
avin_novor,45,Phase 1: RAM,1789340456881,2026-09-13
dahhel,45,Phase 1: RAM,1789340456889,2026-09-13
valase,45,Phase 1: RAM,1789340456891,2026-09-13
hopelessss_,45,Phase 1: RAM,1789340456894,2026-09-13
pika_gamy,45,Phase 1: RAM,1789340456896,2026-09-13
dahhel,65,Phase 2: GPU,1789340963587,2026-09-13
pika_gamy,65,Phase 2: GPU,1789340963604,2026-09-13
hopelessss_,65,Phase 2: GPU,1789340963609,2026-09-13
valase,65,Phase 2: GPU,1789340963632,2026-09-13
louis_of_apshai,65,Phase 2: GPU,1789340963634,2026-09-13
shadowladyex,65,Phase 2: GPU,1789340963641,2026-09-13
pika_gamy,45,Phase 1: RAM,1789342035215,2026-09-13
shadowladyex,45,Phase 1: RAM,1789342035218,2026-09-13
hopelessss_,45,Phase 1: RAM,1789342035225,2026-09-13
dahhel,45,Phase 1: RAM,1789342035228,2026-09-13
silent_luc,45,Phase 1: RAM,1789342035231,2026-09-13
hopelessss_,65,Phase 2: CPU,1789342644130,2026-09-13
lovegamesandthings00000,65,Phase 2: CPU,1789342644138,2026-09-13
silent_luc,65,Phase 2: CPU,1789342644139,2026-09-13
snoopys030,65,Phase 2: CPU,1789342644146,2026-09-13
shadowladyex,65,Phase 2: CPU,1789342644148,2026-09-13
pika_gamy,65,Phase 2: CPU,1789342644150,2026-09-13
valase,65,Phase 2: CPU,1789342644164,2026-09-13
valase,45,Phase 1: CPU,1789343761228,2026-09-13
pika_gamy,45,Phase 1: CPU,1789343761242,2026-09-13
shadowladyex,45,Phase 1: CPU,1789343761248,2026-09-13
hopelessss_,45,Phase 1: CPU,1789343761254,2026-09-13
shadowladyex,65,Phase 2: HDD,1789344290184,2026-09-14
thanossoul,65,Phase 2: HDD,1789344290189,2026-09-14
pika_gamy,65,Phase 2: HDD,1789344290194,2026-09-14
valase,65,Phase 2: HDD,1789344290209,2026-09-14
lovegamesandthings00000,65,Phase 2: HDD,1789344290221,2026-09-14
hopelessss_,65,Phase 2: HDD,1789344290226,2026-09-14
silent_luc,90,Phase 3: RAM,1789344806259,2026-09-14
thanossoul,90,Phase 3: RAM,1789344806286,2026-09-14
pika_gamy,90,Phase 3: RAM,1789344806291,2026-09-14
shadowladyex,90,Phase 3: RAM,1789344806295,2026-09-14
hopelessss_,90,Phase 3: RAM,1789344806299,2026-09-14
snoopys030,90,Phase 3: RAM,1789344806301,2026-09-14
valase,90,Phase 3: RAM,1789344806315,2026-09-14
snoopys030,45,Phase 1: RAM,1789346195566,2026-09-14
valase,45,Phase 1: RAM,1789346195585,2026-09-14
avin_novor,45,Phase 1: RAM,1789346195591,2026-09-14
madagascaradam,45,Phase 1: RAM,1789346195594,2026-09-14
hopelessss_,45,Phase 1: RAM,1789346195595,2026-09-14
dahhel,45,Phase 1: RAM,1789346195597,2026-09-14
thanossoul,45,Phase 1: RAM,1789346195599,2026-09-14
shadowladyex,45,Phase 1: RAM,1789346195601,2026-09-14
silent_luc,65,Phase 2: CPU,1789346942175,2026-09-14
valase,65,Phase 2: CPU,1789346942186,2026-09-14
snoopys030,65,Phase 2: CPU,1789346942188,2026-09-14
louis_of_apshai,65,Phase 2: CPU,1789346942193,2026-09-14
thanossoul,65,Phase 2: CPU,1789346942196,2026-09-14
hopelessss_,65,Phase 2: CPU,1789346942197,2026-09-14
shadowladyex,65,Phase 2: CPU,1789346942200,2026-09-14
dahhel,65,Phase 2: CPU,1789346942203,2026-09-14
player0451,65,Phase 2: CPU,1789346942204,2026-09-14
madagascaradam,90,Phase 3: HDD,1789347564238,2026-09-14
avin_novor,90,Phase 3: HDD,1789347564241,2026-09-14
dahhel,90,Phase 3: HDD,1789347564244,2026-09-14
thanossoul,90,Phase 3: HDD,1789347564249,2026-09-14
shadowladyex,90,Phase 3: HDD,1789347564253,2026-09-14
valase,90,Phase 3: HDD,1789347564256,2026-09-14
silent_luc,90,Phase 3: HDD,1789347564260,2026-09-14
hopelessss_,90,Phase 3: HDD,1789347564262,2026-09-14
snoopys030,120,Phase 4: GPU,1789347979435,2026-09-14
valase,120,Phase 4: GPU,1789347979443,2026-09-14
dahhel,120,Phase 4: GPU,1789347979448,2026-09-14
silent_luc,120,Phase 4: GPU,1789347979450,2026-09-14
hopelessss_,120,Phase 4: GPU,1789347979455,2026-09-14
shadowladyex,120,Phase 4: GPU,1789347979457,2026-09-14
avin_novor,120,Phase 4: GPU,1789347979461,2026-09-14
lovegamesandthings00000,120,Phase 4: GPU,1789347979473,2026-09-14
shadowladyex,125,proStar bonus: all 4 phases,1789347979908,2026-09-14
dahhel,125,proStar bonus: all 4 phases,1789347979912,2026-09-14
hopelessss_,125,proStar bonus: all 4 phases,1789347979923,2026-09-14
valase,125,proStar bonus: all 4 phases,1789347979930,2026-09-14
avin_novor,45,Phase 1: RAM,1789348945618,2026-09-14
dahhel,45,Phase 1: RAM,1789348945636,2026-09-14
valase,45,Phase 1: RAM,1789348945639,2026-09-14
silent_luc,45,Phase 1: RAM,1789348945641,2026-09-14
shadowladyex,45,Phase 1: RAM,1789348945644,2026-09-14
hopelessss_,45,Phase 1: RAM,1789348945646,2026-09-14
lmbs00,45,Phase 1: RAM,1789348945648,2026-09-14
snoopys030,45,Phase 1: RAM,1789348945651,2026-09-14
lmbs00,65,Phase 2: CPU,1789349621911,2026-09-14
snoopys030,65,Phase 2: CPU,1789349621920,2026-09-14
shadowladyex,65,Phase 2: CPU,1789349621922,2026-09-14
dahhel,65,Phase 2: CPU,1789349621927,2026-09-14
silent_luc,65,Phase 2: CPU,1789349621929,2026-09-14
avin_novor,65,Phase 2: CPU,1789349621932,2026-09-14
hopelessss_,65,Phase 2: CPU,1789349621948,2026-09-14
valase,65,Phase 2: CPU,1789349621952,2026-09-14
dahhel,90,Phase 3: HDD,1789350181942,2026-09-14
avin_novor,90,Phase 3: HDD,1789350181945,2026-09-14
silent_luc,90,Phase 3: HDD,1789350181948,2026-09-14
shadowladyex,90,Phase 3: HDD,1789350181952,2026-09-14
snoopys030,90,Phase 3: HDD,1789350181955,2026-09-14
valase,90,Phase 3: HDD,1789350181969,2026-09-14
lovegamesandthings00000,90,Phase 3: HDD,1789350181972,2026-09-14
lmbs00,90,Phase 3: HDD,1789350182067,2026-09-14
dahhel,45,Phase 1: HDD,1789351523801,2026-09-14
avin_novor,45,Phase 1: HDD,1789351523805,2026-09-14
shadowladyex,45,Phase 1: HDD,1789351523809,2026-09-14
silent_luc,45,Phase 1: HDD,1789351523817,2026-09-14
snoopys030,45,Phase 1: HDD,1789351523823,2026-09-14
valase,45,Phase 1: HDD,1789351523830,2026-09-14
hopelessss_,45,Phase 1: HDD,1789351523835,2026-09-14
lmbs00,45,Phase 1: HDD,1789351523869,2026-09-14
dahhel,65,Phase 2: CPU,1789352190818,2026-09-14
shadowladyex,65,Phase 2: CPU,1789352190828,2026-09-14
valase,65,Phase 2: CPU,1789352190832,2026-09-14
hopelessss_,65,Phase 2: CPU,1789352190842,2026-09-14
snoopys030,65,Phase 2: CPU,1789352190844,2026-09-14
madagascaradam,65,Phase 2: CPU,1789352190846,2026-09-14
dahhel,90,Phase 3: RAM,1789352618840,2026-09-14
valase,90,Phase 3: RAM,1789352618846,2026-09-14
shadowladyex,90,Phase 3: RAM,1789352618850,2026-09-14
lmbs00,90,Phase 3: RAM,1789352618854,2026-09-14
snoopys030,90,Phase 3: RAM,1789352618863,2026-09-14
hopelessss_,90,Phase 3: RAM,1789352618867,2026-09-14
silent_luc,120,Phase 4: GPU,1789353263780,2026-09-14
hopelessss_,120,Phase 4: GPU,1789353263790,2026-09-14
valase,120,Phase 4: GPU,1789353263793,2026-09-14
lmbs00,120,Phase 4: GPU,1789353263797,2026-09-14
shadowladyex,120,Phase 4: GPU,1789353263800,2026-09-14
avin_novor,120,Phase 4: GPU,1789353263806,2026-09-14
madagascaradam,120,Phase 4: GPU,1789353263809,2026-09-14
ikaliayev,120,Phase 4: GPU,1789353263814,2026-09-14
dahhel,120,Phase 4: GPU,1789353263825,2026-09-14
slay_da_b,120,Phase 4: GPU,1789353263877,2026-09-14
snoopys030,120,Phase 4: GPU,1789353263885,2026-09-14
snoopys030,100,proStar bonus: all 4 phases,1789353264527,2026-09-14
shadowladyex,100,proStar bonus: all 4 phases,1789353264535,2026-09-14
hopelessss_,100,proStar bonus: all 4 phases,1789353264543,2026-09-14
dahhel,100,proStar bonus: all 4 phases,1789353264545,2026-09-14
valase,100,proStar bonus: all 4 phases,1789353264580,2026-09-14
shadowladyex,45,Phase 1: RAM,1789354289578,2026-09-14
player0451,45,Phase 1: RAM,1789354289592,2026-09-14
hopelessss_,45,Phase 1: RAM,1789354289594,2026-09-14
ikaliayev,45,Phase 1: RAM,1789354289595,2026-09-14
snoopys030,45,Phase 1: RAM,1789354289632,2026-09-14
alfims,45,Phase 1: RAM,1789354289634,2026-09-14
dahhel,45,Phase 1: RAM,1789354289636,2026-09-14
slay_da_b,45,Phase 1: RAM,1789354289652,2026-09-14
lmbs00,45,Phase 1: RAM,1789354289654,2026-09-14
snoopys030,65,Phase 2: GPU,1789355044086,2026-09-14
shadowladyex,65,Phase 2: GPU,1789355044118,2026-09-14
ikaliayev,65,Phase 2: GPU,1789355044124,2026-09-14
dahhel,65,Phase 2: GPU,1789355044126,2026-09-14
player0451,65,Phase 2: GPU,1789355044130,2026-09-14
avin_novor,65,Phase 2: GPU,1789355044135,2026-09-14
alfims,65,Phase 2: GPU,1789355044157,2026-09-14
lmbs00,65,Phase 2: GPU,1789355044204,2026-09-14
hopelessss_,65,Phase 2: GPU,1789355044232,2026-09-14
hopelessss_,90,Phase 3: CPU,1789355504079,2026-09-14
shadowladyex,90,Phase 3: CPU,1789355504082,2026-09-14
alfims,90,Phase 3: CPU,1789355504084,2026-09-14
snoopys030,90,Phase 3: CPU,1789355504087,2026-09-14
lmbs00,90,Phase 3: CPU,1789355504090,2026-09-14
dahhel,90,Phase 3: CPU,1789355504107,2026-09-14
alfims,45,Phase 1: GPU,1789357008157,2026-09-14
dahhel,45,Phase 1: GPU,1789357008168,2026-09-14
darkranx,45,Phase 1: GPU,1789357008170,2026-09-14
lmbs00,45,Phase 1: GPU,1789357008183,2026-09-14
avin_novor,45,Phase 1: GPU,1789357008185,2026-09-14
thanossoul,45,Phase 1: GPU,1789357008186,2026-09-14
hopelessss_,45,Phase 1: GPU,1789357008191,2026-09-14
shadowladyex,45,Phase 1: GPU,1789357008194,2026-09-14
ikaliayev,45,Phase 1: GPU,1789357008196,2026-09-14
snoopys030,45,Phase 1: GPU,1789357008199,2026-09-14
xiaoxiao9313,45,Phase 1: GPU,1789357008202,2026-09-14
naoka_ueno,65,Phase 2: HDD,1789357760839,2026-09-14
alfims,65,Phase 2: HDD,1789357760848,2026-09-14
hopelessss_,65,Phase 2: HDD,1789357760852,2026-09-14
shadowladyex,65,Phase 2: HDD,1789357760883,2026-09-14
xiaoxiao9313,65,Phase 2: HDD,1789357760886,2026-09-14
lmbs00,65,Phase 2: HDD,1789357760888,2026-09-14
snoopys030,65,Phase 2: HDD,1789357760907,2026-09-14
ikaliayev,65,Phase 2: HDD,1789357760928,2026-09-14
avin_novor,65,Phase 2: HDD,1789357760939,2026-09-14
dahhel,65,Phase 2: HDD,1789357760954,2026-09-14
alfims,90,Phase 3: CPU,1789358580852,2026-09-14
hopelessss_,90,Phase 3: CPU,1789358580890,2026-09-14
darkranx,90,Phase 3: CPU,1789358580902,2026-09-14
thanossoul,90,Phase 3: CPU,1789358580904,2026-09-14
slay_da_b,90,Phase 3: CPU,1789358580905,2026-09-14
ikaliayev,90,Phase 3: CPU,1789358580907,2026-09-14
naoka_ueno,90,Phase 3: CPU,1789358580908,2026-09-14
dahhel,90,Phase 3: CPU,1789358580910,2026-09-14
xiaoxiao9313,90,Phase 3: CPU,1789358580912,2026-09-14
avin_novor,90,Phase 3: CPU,1789358580916,2026-09-14
lmbs00,90,Phase 3: CPU,1789358580940,2026-09-14
snoopys030,90,Phase 3: CPU,1789358580953,2026-09-14
shadowladyex,90,Phase 3: CPU,1789358581139,2026-09-14
hopelessss_,45,Phase 1: GPU,1789359995510,2026-09-14
shadowladyex,45,Phase 1: GPU,1789359995513,2026-09-14
avin_novor,45,Phase 1: GPU,1789359995519,2026-09-14
snoopys030,45,Phase 1: GPU,1789359995520,2026-09-14
slay_da_b,45,Phase 1: GPU,1789359995524,2026-09-14
ikaliayev,45,Phase 1: GPU,1789359995526,2026-09-14
darkranx,45,Phase 1: GPU,1789359995547,2026-09-14
naoka_ueno,45,Phase 1: GPU,1789359995550,2026-09-14
lmbs00,45,Phase 1: GPU,1789359995585,2026-09-14
lmbs00,45,Phase 1: HDD,1789361687058,2026-09-14
xiaoxiao9313,45,Phase 1: HDD,1789361687071,2026-09-14
avin_novor,45,Phase 1: HDD,1789361687074,2026-09-14
darkranx,45,Phase 1: HDD,1789361687086,2026-09-14
shadowladyex,45,Phase 1: HDD,1789361687088,2026-09-14
alfims,45,Phase 1: HDD,1789361687108,2026-09-14
hopelessss_,45,Phase 1: HDD,1789361687114,2026-09-14
naoka_ueno,45,Phase 1: HDD,1789361687120,2026-09-14
snoopys030,45,Phase 1: HDD,1789361687191,2026-09-14
lovegamesandthings00000,45,Phase 1: HDD,1789361687208,2026-09-14
xiaoxiao9313,65,Phase 2: RAM,1789362278422,2026-09-14
naoka_ueno,65,Phase 2: RAM,1789362278434,2026-09-14
shadowladyex,65,Phase 2: RAM,1789362278451,2026-09-14
snoopys030,65,Phase 2: RAM,1789362278453,2026-09-14
lmbs00,65,Phase 2: RAM,1789362278462,2026-09-14
hopelessss_,65,Phase 2: RAM,1789362278464,2026-09-14
robin3one,65,Phase 2: RAM,1789362278469,2026-09-14
lovegamesandthings00000,65,Phase 2: RAM,1789362278471,2026-09-14
hopelessss_,45,Phase 1: GPU,1789363552284,2026-09-14
naoka_ueno,45,Phase 1: GPU,1789363552286,2026-09-14
lmbs00,45,Phase 1: GPU,1789363552292,2026-09-14
avin_novor,45,Phase 1: GPU,1789363552295,2026-09-14
ikaliayev,45,Phase 1: GPU,1789363552298,2026-09-14
robin3one,45,Phase 1: GPU,1789363552302,2026-09-14
shadowladyex,45,Phase 1: GPU,1789363552308,2026-09-14
snoopys030,45,Phase 1: GPU,1789363552339,2026-09-14
avin_novor,65,Phase 2: HDD,1789364306257,2026-09-14
snoopys030,65,Phase 2: HDD,1789364306267,2026-09-14
lmbs00,65,Phase 2: HDD,1789364306272,2026-09-14
alfims,65,Phase 2: HDD,1789364306320,2026-09-14
shadowladyex,65,Phase 2: HDD,1789364306325,2026-09-14
hopelessss_,65,Phase 2: HDD,1789364306353,2026-09-14
ikaliayev,65,Phase 2: HDD,1789364306363,2026-09-14
robin3one,65,Phase 2: HDD,1789364306370,2026-09-14
naoka_ueno,65,Phase 2: HDD,1789364306384,2026-09-14
slay_da_b,65,Phase 2: HDD,1789364306391,2026-09-14
pika_gamy,65,Phase 2: HDD,1789364307203,2026-09-14
lmbs00,45,Phase 1: GPU,1789365469995,2026-09-14
hopelessss_,45,Phase 1: GPU,1789365470000,2026-09-14
pika_gamy,45,Phase 1: GPU,1789365470013,2026-09-14
naoka_ueno,45,Phase 1: GPU,1789365470018,2026-09-14
alburldador,45,Phase 1: GPU,1789365470023,2026-09-14
shadowladyex,45,Phase 1: GPU,1789365470026,2026-09-14
hopelessss_,65,Phase 2: HDD,1789366080939,2026-09-14
ikaliayev,65,Phase 2: HDD,1789366080948,2026-09-14
snoopys030,65,Phase 2: HDD,1789366080957,2026-09-14
shadowladyex,65,Phase 2: HDD,1789366080971,2026-09-14
pika_gamy,65,Phase 2: HDD,1789366080974,2026-09-14
lmbs00,65,Phase 2: HDD,1789366080975,2026-09-14
robin3one,65,Phase 2: HDD,1789366080976,2026-09-14
alburldador,65,Phase 2: HDD,1789366081020,2026-09-14
naoka_ueno,65,Phase 2: HDD,1789366081043,2026-09-14
avin_novor,65,Phase 2: HDD,1789366081049,2026-09-14
pika_gamy,45,Phase 1: HDD,1789367271813,2026-09-14
lmbs00,45,Phase 1: HDD,1789367271821,2026-09-14
alburldador,45,Phase 1: HDD,1789367271823,2026-09-14
hopelessss_,45,Phase 1: HDD,1789367271905,2026-09-14
ikaliayev,45,Phase 1: HDD,1789367271908,2026-09-14
snoopys030,45,Phase 1: HDD,1789367271910,2026-09-14
player0451,45,Phase 1: HDD,1789367271934,2026-09-14
ikaliayev,65,Phase 2: GPU,1789367708762,2026-09-14
snoopys030,65,Phase 2: GPU,1789367708767,2026-09-14
lmbs00,65,Phase 2: GPU,1789367708771,2026-09-14
naoka_ueno,65,Phase 2: GPU,1789367708775,2026-09-14
hopelessss_,65,Phase 2: GPU,1789367708786,2026-09-14
robin3one,45,Phase 1: HDD,1789369098261,2026-09-14
naoka_ueno,45,Phase 1: HDD,1789369098276,2026-09-14
mori2323,45,Phase 1: HDD,1789369098287,2026-09-14
ikaliayev,45,Phase 1: HDD,1789369098289,2026-09-14
alburldador,45,Phase 1: HDD,1789369098295,2026-09-14
hopelessss_,45,Phase 1: HDD,1789369098297,2026-09-14
shadowladyex,45,Phase 1: HDD,1789369098298,2026-09-14
snoopys030,45,Phase 1: HDD,1789369098300,2026-09-14
lmbs00,45,Phase 1: HDD,1789369098303,2026-09-14
naoka_ueno,65,Phase 2: GPU,1789369564897,2026-09-14
mori2323,65,Phase 2: GPU,1789369564900,2026-09-14
robin3one,65,Phase 2: GPU,1789369564904,2026-09-14
lmbs00,65,Phase 2: GPU,1789369564911,2026-09-14
ikaliayev,65,Phase 2: GPU,1789369564912,2026-09-14
hopelessss_,65,Phase 2: GPU,1789369564917,2026-09-14
naoka_ueno,90,Phase 3: CPU,1789370077869,2026-09-14
alburldador,90,Phase 3: CPU,1789370077870,2026-09-14
shadowladyex,90,Phase 3: CPU,1789370077876,2026-09-14
ikaliayev,90,Phase 3: CPU,1789370077877,2026-09-14
snoopys030,90,Phase 3: CPU,1789370077883,2026-09-14
mori2323,90,Phase 3: CPU,1789370077887,2026-09-14
lmbs00,90,Phase 3: CPU,1789370077890,2026-09-14
lmbs00,45,Phase 1: GPU,1789371298041,2026-09-14
slay_da_b,45,Phase 1: GPU,1789371298043,2026-09-14
robin3one,45,Phase 1: GPU,1789371298045,2026-09-14
mori2323,45,Phase 1: GPU,1789371298050,2026-09-14
snoopys030,45,Phase 1: GPU,1789371298052,2026-09-14
naoka_ueno,45,Phase 1: GPU,1789371298069,2026-09-14
alburldador,45,Phase 1: GPU,1789371298071,2026-09-14
mori2323,45,Phase 1: CPU,1789372964337,2026-09-14
robin3one,45,Phase 1: CPU,1789372964355,2026-09-14
xiaoxiao9313,45,Phase 1: CPU,1789372964362,2026-09-14
ikaliayev,45,Phase 1: CPU,1789372964366,2026-09-14
lmbs00,45,Phase 1: CPU,1789372964371,2026-09-14
shadowladyex,45,Phase 1: CPU,1789372964375,2026-09-14
naoka_ueno,45,Phase 1: CPU,1789372964377,2026-09-14
snoopys030,45,Phase 1: CPU,1789372964380,2026-09-14
alfims,45,Phase 1: CPU,1789372964383,2026-09-14
shadowladyex,65,Phase 2: RAM,1789373518837,2026-09-14
naoka_ueno,65,Phase 2: RAM,1789373518850,2026-09-14
alburldador,65,Phase 2: RAM,1789373518854,2026-09-14
xiaoxiao9313,65,Phase 2: RAM,1789373518862,2026-09-14
snoopys030,65,Phase 2: RAM,1789373518869,2026-09-14
mori2323,65,Phase 2: RAM,1789373518872,2026-09-14
robin3one,65,Phase 2: RAM,1789373518892,2026-09-14
alburldador,45,Phase 1: RAM,1789374589605,2026-09-14
xiaoxiao9313,45,Phase 1: RAM,1789374589607,2026-09-14
naoka_ueno,45,Phase 1: RAM,1789374589610,2026-09-14
snoopys030,45,Phase 1: RAM,1789374589612,2026-09-14
xiaoxiao9313,65,Phase 2: HDD,1789375055594,2026-09-14
shadowladyex,65,Phase 2: HDD,1789375055617,2026-09-14
alburldador,65,Phase 2: HDD,1789375055623,2026-09-14
mori2323,65,Phase 2: HDD,1789375055624,2026-09-14
naoka_ueno,65,Phase 2: HDD,1789375055639,2026-09-14
snoopys030,65,Phase 2: HDD,1789375055642,2026-09-14
xiaoxiao9313,45,Phase 1: CPU,1789376625043,2026-09-14
snoopys030,45,Phase 1: CPU,1789376625051,2026-09-14
ikaliayev,45,Phase 1: CPU,1789376625059,2026-09-14
robin3one,45,Phase 1: CPU,1789376625061,2026-09-14
shadowladyex,45,Phase 1: CPU,1789376625066,2026-09-14
valase,45,Phase 1: CPU,1789376625074,2026-09-14
naoka_ueno,45,Phase 1: CPU,1789376625076,2026-09-14
alburldador,45,Phase 1: CPU,1789376625135,2026-09-14
pika_gamy,45,Phase 1: CPU,1789376625144,2026-09-14
slay_da_b,45,Phase 1: CPU,1789376625146,2026-09-14
mori2323,45,Phase 1: CPU,1789376625152,2026-09-14
xiaoxiao9313,65,Phase 2: GPU,1789377320787,2026-09-14
pika_gamy,65,Phase 2: GPU,1789377320791,2026-09-14
naoka_ueno,65,Phase 2: GPU,1789377320801,2026-09-14
alburldador,65,Phase 2: GPU,1789377320804,2026-09-14
mori2323,65,Phase 2: GPU,1789377320808,2026-09-14
valase,65,Phase 2: GPU,1789377320814,2026-09-14
ikaliayev,65,Phase 2: GPU,1789377320816,2026-09-14
snoopys030,65,Phase 2: GPU,1789377320822,2026-09-14
shadowladyex,65,Phase 2: GPU,1789377320833,2026-09-14
mori2323,90,Phase 3: HDD,1789377902774,2026-09-14
xiaoxiao9313,90,Phase 3: HDD,1789377902778,2026-09-14
pika_gamy,90,Phase 3: HDD,1789377902786,2026-09-14
louis_of_apshai,90,Phase 3: HDD,1789377902789,2026-09-14
shadowladyex,90,Phase 3: HDD,1789377902792,2026-09-14
alburldador,90,Phase 3: HDD,1789377902793,2026-09-14
snoopys030,90,Phase 3: HDD,1789377902794,2026-09-14
naoka_ueno,90,Phase 3: HDD,1789377902797,2026-09-14
slay_da_b,90,Phase 3: HDD,1789377902799,2026-09-14
alburldador,120,Phase 4: RAM,1789378374787,2026-09-14
shadowladyex,120,Phase 4: RAM,1789378374792,2026-09-14
louis_of_apshai,120,Phase 4: RAM,1789378374798,2026-09-14
robin3one,120,Phase 4: RAM,1789378374812,2026-09-14
pika_gamy,120,Phase 4: RAM,1789378374817,2026-09-14
xiaoxiao9313,120,Phase 4: RAM,1789378374824,2026-09-14
naoka_ueno,120,Phase 4: RAM,1789378374830,2026-09-14
mori2323,120,Phase 4: RAM,1789378374835,2026-09-14
snoopys030,120,Phase 4: RAM,1789378374940,2026-09-14
snoopys030,71,proStar bonus: all 4 phases,1789378375367,2026-09-14
mori2323,71,proStar bonus: all 4 phases,1789378375369,2026-09-14
pika_gamy,71,proStar bonus: all 4 phases,1789378375377,2026-09-14
shadowladyex,71,proStar bonus: all 4 phases,1789378375379,2026-09-14
alburldador,71,proStar bonus: all 4 phases,1789378375380,2026-09-14
naoka_ueno,71,proStar bonus: all 4 phases,1789378375383,2026-09-14
xiaoxiao9313,71,proStar bonus: all 4 phases,1789378375384,2026-09-14
alburldador,45,Phase 1: GPU,1789379401229,2026-09-14
snoopys030,45,Phase 1: GPU,1789379401256,2026-09-14
mori2323,45,Phase 1: GPU,1789379401264,2026-09-14
shadowladyex,45,Phase 1: GPU,1789379401268,2026-09-14
robin3one,45,Phase 1: GPU,1789379401274,2026-09-14
pika_gamy,45,Phase 1: GPU,1789379401278,2026-09-14
alexwifi42,45,Phase 1: GPU,1789379401284,2026-09-14
xiaoxiao9313,45,Phase 1: GPU,1789379401287,2026-09-14
naoka_ueno,45,Phase 1: GPU,1789379401306,2026-09-14
slay_da_b,45,Phase 1: GPU,1789379401314,2026-09-14
mori2323,65,Phase 2: RAM,1789379981158,2026-09-14
xiaoxiao9313,65,Phase 2: RAM,1789379981182,2026-09-14
alburldador,65,Phase 2: RAM,1789379981184,2026-09-14
alexwifi42,65,Phase 2: RAM,1789379981192,2026-09-14
snoopys030,65,Phase 2: RAM,1789379981193,2026-09-14
naoka_ueno,65,Phase 2: RAM,1789379981195,2026-09-14
shadowladyex,65,Phase 2: RAM,1789379981198,2026-09-14
alburldador,45,Phase 1: GPU,1789381102040,2026-09-14
yurigiu,45,Phase 1: GPU,1789381102053,2026-09-14
shadowladyex,45,Phase 1: GPU,1789381102058,2026-09-14
mori2323,45,Phase 1: GPU,1789381102105,2026-09-14
shadowladyex,65,Phase 2: HDD,1789381766182,2026-09-14
snoopys030,65,Phase 2: HDD,1789381766184,2026-09-14
mori2323,65,Phase 2: HDD,1789381766185,2026-09-14
naoka_ueno,65,Phase 2: HDD,1789381766188,2026-09-14
silent_luc,65,Phase 2: HDD,1789381766190,2026-09-14
robin3one,65,Phase 2: HDD,1789381766191,2026-09-14
slay_da_b,65,Phase 2: HDD,1789381766192,2026-09-14
alburldador,65,Phase 2: HDD,1789381766220,2026-09-14
xiaoxiao9313,65,Phase 2: HDD,1789381766221,2026-09-14
alburldador,45,Phase 1: RAM,1789383195396,2026-09-14
mori2323,45,Phase 1: RAM,1789383195416,2026-09-14
puphik,45,Phase 1: RAM,1789383195418,2026-09-14
alphonsoe,45,Phase 1: RAM,1789383195420,2026-09-14
snoopys030,45,Phase 1: RAM,1789383195423,2026-09-14
shadowladyex,45,Phase 1: RAM,1789383195424,2026-09-14
robin3one,45,Phase 1: RAM,1789383195426,2026-09-14
silent_luc,45,Phase 1: RAM,1789383195429,2026-09-14
xiaoxiao9313,65,Phase 2: GPU,1789383750898,2026-09-14
louis_of_apshai,65,Phase 2: GPU,1789383750910,2026-09-14
shadowladyex,65,Phase 2: GPU,1789383750915,2026-09-14
alburldador,65,Phase 2: GPU,1789383750931,2026-09-14
alphonsoe,65,Phase 2: GPU,1789383750968,2026-09-14
snoopys030,65,Phase 2: GPU,1789383751004,2026-09-14
alexwifi42,90,Phase 3: CPU,1789384215869,2026-09-14
shadowladyex,90,Phase 3: CPU,1789384215890,2026-09-14
alburldador,90,Phase 3: CPU,1789384215892,2026-09-14
xiaoxiao9313,90,Phase 3: CPU,1789384215893,2026-09-14
mori2323,90,Phase 3: CPU,1789384216022,2026-09-14
alphonsoe,90,Phase 3: CPU,1789384216025,2026-09-14
snoopys030,90,Phase 3: CPU,1789384216044,2026-09-14
silent_luc,90,Phase 3: CPU,1789384216047,2026-09-14
snoopys030,45,Phase 1: RAM,1789385343124,2026-09-14
xiaoxiao9313,45,Phase 1: RAM,1789385343126,2026-09-14
silent_luc,45,Phase 1: RAM,1789385343128,2026-09-14
mori2323,45,Phase 1: RAM,1789385343131,2026-09-14
shadowladyex,45,Phase 1: RAM,1789385343181,2026-09-14
alphonsoe,45,Phase 1: RAM,1789385343200,2026-09-14
silent_luc,45,Phase 1: RAM,1789386927546,2026-09-14
xiaoxiao9313,45,Phase 1: RAM,1789386927560,2026-09-14
shadowladyex,45,Phase 1: RAM,1789386927568,2026-09-14
alexwifi42,45,Phase 1: RAM,1789386927570,2026-09-14
robin3one,45,Phase 1: RAM,1789386927572,2026-09-14
alphonsoe,45,Phase 1: RAM,1789386927574,2026-09-14
alburldador,45,Phase 1: RAM,1789386927577,2026-09-14
mori2323,45,Phase 1: RAM,1789386927579,2026-09-14
snoopys030,45,Phase 1: RAM,1789386927581,2026-09-14
yurigiu,65,Phase 2: CPU,1789387594065,2026-09-14
silent_luc,65,Phase 2: CPU,1789387594103,2026-09-14
shadowladyex,65,Phase 2: CPU,1789387594121,2026-09-14
alburldador,65,Phase 2: CPU,1789387594207,2026-09-14
robin3one,65,Phase 2: CPU,1789387594212,2026-09-14
alfims,65,Phase 2: CPU,1789387594217,2026-09-14
alphonsoe,65,Phase 2: CPU,1789387594260,2026-09-14
xiaoxiao9313,65,Phase 2: CPU,1789387594265,2026-09-14
mori2323,65,Phase 2: CPU,1789387594278,2026-09-14
alphonsoe,45,Phase 1: RAM,1789388978035,2026-09-14
mori2323,45,Phase 1: RAM,1789388978052,2026-09-14
ivanpetrov32,45,Phase 1: RAM,1789388978056,2026-09-14
snoopys030,45,Phase 1: RAM,1789388978059,2026-09-14
robin3one,45,Phase 1: RAM,1789388978063,2026-09-14
shadowladyex,45,Phase 1: RAM,1789388978065,2026-09-14
alburldador,45,Phase 1: RAM,1789388978069,2026-09-14
silent_luc,45,Phase 1: RAM,1789388978092,2026-09-14
xiaoxiao9313,45,Phase 1: RAM,1789388978104,2026-09-14
shadowladyex,65,Phase 2: HDD,1789389628049,2026-09-14
robin3one,65,Phase 2: HDD,1789389628068,2026-09-14
lovegamesandthings00000,65,Phase 2: HDD,1789389628074,2026-09-14
slay_da_b,65,Phase 2: HDD,1789389628080,2026-09-14
mori2323,65,Phase 2: HDD,1789389628086,2026-09-14
silent_luc,65,Phase 2: HDD,1789389628088,2026-09-14
alphonsoe,65,Phase 2: HDD,1789389628093,2026-09-14
alburldador,65,Phase 2: HDD,1789389628200,2026-09-14
snoopys030,65,Phase 2: HDD,1789389628213,2026-09-14
silent_luc,45,Phase 1: CPU,1789391187808,2026-09-14
alphonsoe,45,Phase 1: CPU,1789391187820,2026-09-14
pika_gamy,45,Phase 1: CPU,1789391187822,2026-09-14
alburldador,45,Phase 1: CPU,1789391187824,2026-09-14
lovegamesandthings00000,45,Phase 1: CPU,1789391187830,2026-09-14
snoopys030,45,Phase 1: CPU,1789391187832,2026-09-14
shadowladyex,45,Phase 1: CPU,1789391187834,2026-09-14
xiaoxiao9313,45,Phase 1: CPU,1789391187843,2026-09-14
louis_of_apshai,45,Phase 1: CPU,1789391187846,2026-09-14
madagascaradam,45,Phase 1: CPU,1789391187849,2026-09-14
ivanpetrov32,45,Phase 1: CPU,1789391187852,2026-09-14
mori2323,45,Phase 1: CPU,1789391187855,2026-09-14
xiaoxiao9313,65,Phase 2: GPU,1789391870865,2026-09-14
ivanpetrov32,65,Phase 2: GPU,1789391870876,2026-09-14
lovegamesandthings00000,65,Phase 2: GPU,1789391870888,2026-09-14
pika_gamy,65,Phase 2: GPU,1789391870905,2026-09-14
alphonsoe,65,Phase 2: GPU,1789391870962,2026-09-14
alburldador,65,Phase 2: GPU,1789391870979,2026-09-14
silent_luc,65,Phase 2: GPU,1789391870984,2026-09-14
shadowladyex,65,Phase 2: GPU,1789391871123,2026-09-14
madagascaradam,65,Phase 2: GPU,1789391871140,2026-09-14
ivanpetrov32,90,Phase 3: HDD,1789392672863,2026-09-14
thanossoul,90,Phase 3: HDD,1789392672874,2026-09-14
pika_gamy,90,Phase 3: HDD,1789392672883,2026-09-14
alburldador,90,Phase 3: HDD,1789392672885,2026-09-14
alfims,90,Phase 3: HDD,1789392672890,2026-09-14
alphonsoe,90,Phase 3: HDD,1789392672892,2026-09-14
slay_da_b,90,Phase 3: HDD,1789392672901,2026-09-14
alexwifi42,90,Phase 3: HDD,1789392672911,2026-09-14
xiaoxiao9313,90,Phase 3: HDD,1789392672915,2026-09-14
snoopys030,90,Phase 3: HDD,1789392673101,2026-09-14
shadowladyex,90,Phase 3: HDD,1789392673107,2026-09-14
silent_luc,90,Phase 3: HDD,1789392673111,2026-09-14
mori2323,90,Phase 3: HDD,1789392673112,2026-09-14
silent_luc,45,Phase 1: GPU,1789394017534,2026-09-14
alburldador,45,Phase 1: GPU,1789394017555,2026-09-14
ivanpetrov32,45,Phase 1: GPU,1789394017557,2026-09-14
alphonsoe,45,Phase 1: GPU,1789394017558,2026-09-14
shadowladyex,45,Phase 1: GPU,1789394017560,2026-09-14
mori2323,45,Phase 1: GPU,1789394017563,2026-09-14
alfims,45,Phase 1: GPU,1789394017565,2026-09-14
xiaoxiao9313,45,Phase 1: GPU,1789394017568,2026-09-14
thanossoul,45,Phase 1: GPU,1789394017571,2026-09-14
mori2323,65,Phase 2: HDD,1789394510547,2026-09-14
silent_luc,65,Phase 2: HDD,1789394510572,2026-09-14
xiaoxiao9313,65,Phase 2: HDD,1789394510578,2026-09-14
shadowladyex,65,Phase 2: HDD,1789394510586,2026-09-14
alburldador,65,Phase 2: HDD,1789394510615,2026-09-14
louis_of_apshai,65,Phase 2: HDD,1789394510634,2026-09-14
alphonsoe,45,Phase 1: HDD,1789396061638,2026-09-14
shadowladyex,45,Phase 1: HDD,1789396061654,2026-09-14
mori2323,45,Phase 1: HDD,1789396061658,2026-09-14
ivanpetrov32,45,Phase 1: HDD,1789396061664,2026-09-14
snoopys030,45,Phase 1: HDD,1789396061666,2026-09-14
xiaoxiao9313,45,Phase 1: HDD,1789396061669,2026-09-14
pika_gamy,45,Phase 1: HDD,1789396061672,2026-09-14
yurigiu,45,Phase 1: HDD,1789396061691,2026-09-14
silent_luc,45,Phase 1: HDD,1789396061696,2026-09-14
alburldador,45,Phase 1: HDD,1789396061704,2026-09-14
ikaliayev,45,Phase 1: HDD,1789396061759,2026-09-14
hopelessss_,45,Phase 1: HDD,1789396061773,2026-09-14
alfims,65,Phase 2: RAM,1789396969222,2026-09-14
alburldador,65,Phase 2: RAM,1789396969227,2026-09-14
ivanpetrov32,65,Phase 2: RAM,1789396969231,2026-09-14
avin_novor,65,Phase 2: RAM,1789396969234,2026-09-14
mori2323,65,Phase 2: RAM,1789396969250,2026-09-14
xiaoxiao9313,65,Phase 2: RAM,1789396969252,2026-09-14
thanossoul,65,Phase 2: RAM,1789396969255,2026-09-14
silent_luc,65,Phase 2: RAM,1789396969263,2026-09-14
alphonsoe,65,Phase 2: RAM,1789396969267,2026-09-14
pika_gamy,65,Phase 2: RAM,1789396969268,2026-09-14
lovegamesandthings00000,65,Phase 2: RAM,1789396969272,2026-09-14
ikaliayev,65,Phase 2: RAM,1789396969282,2026-09-14
slay_da_b,65,Phase 2: RAM,1789396969295,2026-09-14
shadowladyex,65,Phase 2: RAM,1789396969425,2026-09-14
mori2323,90,Phase 3: CPU,1789397456360,2026-09-14
thanossoul,90,Phase 3: CPU,1789397456362,2026-09-14
ikaliayev,90,Phase 3: CPU,1789397456364,2026-09-14
silent_luc,90,Phase 3: CPU,1789397456365,2026-09-14
lmbs00,90,Phase 3: CPU,1789397456366,2026-09-14
snoopys030,90,Phase 3: CPU,1789397456370,2026-09-14
pika_gamy,90,Phase 3: CPU,1789397456372,2026-09-14
ivanpetrov32,90,Phase 3: CPU,1789397456373,2026-09-14
hopelessss_,90,Phase 3: CPU,1789397456374,2026-09-14
shadowladyex,90,Phase 3: CPU,1789397456432,2026-09-14
hopelessss_,45,Phase 1: CPU,1789399092345,2026-09-14
alburldador,45,Phase 1: CPU,1789399092361,2026-09-14
alphonsoe,45,Phase 1: CPU,1789399092363,2026-09-14
avin_novor,45,Phase 1: CPU,1789399092365,2026-09-14
ivanpetrov32,45,Phase 1: CPU,1789399092367,2026-09-14
thanossoul,45,Phase 1: CPU,1789399092368,2026-09-14
alexwifi42,45,Phase 1: CPU,1789399092371,2026-09-14
player0451,45,Phase 1: CPU,1789399092374,2026-09-14
lmbs00,45,Phase 1: CPU,1789399092393,2026-09-14
ikaliayev,45,Phase 1: CPU,1789399092403,2026-09-14
shadowladyex,45,Phase 1: CPU,1789399092407,2026-09-14
silent_luc,45,Phase 1: CPU,1789399092408,2026-09-14
pika_gamy,45,Phase 1: CPU,1789399092415,2026-09-14
mori2323,45,Phase 1: CPU,1789399092418,2026-09-14
xiaoxiao9313,45,Phase 1: CPU,1789399092420,2026-09-14
mori2323,65,Phase 2: GPU,1789399926407,2026-09-14
avin_novor,65,Phase 2: GPU,1789399926421,2026-09-14
thanossoul,65,Phase 2: GPU,1789399926424,2026-09-14
alfims,65,Phase 2: GPU,1789399926431,2026-09-14
lmbs00,65,Phase 2: GPU,1789399926437,2026-09-14
ikaliayev,65,Phase 2: GPU,1789399926445,2026-09-14
alphonsoe,65,Phase 2: GPU,1789399926452,2026-09-14
hopelessss_,65,Phase 2: GPU,1789399926456,2026-09-14
alburldador,65,Phase 2: GPU,1789399926531,2026-09-14
xiaoxiao9313,65,Phase 2: GPU,1789399926537,2026-09-14
alyssrentori,65,Phase 2: GPU,1789399926578,2026-09-14
shadowladyex,65,Phase 2: GPU,1789399926624,2026-09-14
pika_gamy,65,Phase 2: GPU,1789399926688,2026-09-14
silent_luc,65,Phase 2: GPU,1789399926767,2026-09-14
mori2323,45,Phase 1: RAM,1789401385748,2026-09-14
ikaliayev,45,Phase 1: RAM,1789401385761,2026-09-14
shadowladyex,45,Phase 1: RAM,1789401385765,2026-09-14
dahhel,45,Phase 1: RAM,1789401385768,2026-09-14
alphonsoe,45,Phase 1: RAM,1789401385772,2026-09-14
pika_gamy,45,Phase 1: RAM,1789401385805,2026-09-14
thanossoul,45,Phase 1: RAM,1789401385810,2026-09-14
cerebralx1,45,Phase 1: RAM,1789401385812,2026-09-14
alburldador,45,Phase 1: RAM,1789401385816,2026-09-14
silent_luc,45,Phase 1: RAM,1789401385937,2026-09-14
xiaoxiao9313,45,Phase 1: RAM,1789401385946,2026-09-14
avin_novor,45,Phase 1: RAM,1789401385966,2026-09-14
cerebralx1,65,Phase 2: CPU,1789401868217,2026-09-14
silent_luc,65,Phase 2: CPU,1789401868219,2026-09-14
ikaliayev,65,Phase 2: CPU,1789401868227,2026-09-14
mori2323,65,Phase 2: CPU,1789401868229,2026-09-14
alburldador,65,Phase 2: CPU,1789401868233,2026-09-14
pika_gamy,65,Phase 2: CPU,1789401868240,2026-09-14
shadowladyex,65,Phase 2: CPU,1789401868308,2026-09-14
player0451,65,Phase 2: CPU,1789401868327,2026-09-14
dahhel,65,Phase 2: CPU,1789401868345,2026-09-14
hopelessss_,90,Phase 3: HDD,1789402305124,2026-09-14
ikaliayev,90,Phase 3: HDD,1789402305128,2026-09-14
avin_novor,90,Phase 3: HDD,1789402305137,2026-09-14
cerebralx1,90,Phase 3: HDD,1789402305142,2026-09-14
pika_gamy,90,Phase 3: HDD,1789402305146,2026-09-14
lmbs00,90,Phase 3: HDD,1789402305150,2026-09-14
mori2323,90,Phase 3: HDD,1789402305160,2026-09-14
xiaoxiao9313,90,Phase 3: HDD,1789402305165,2026-09-14
shadowladyex,90,Phase 3: HDD,1789402305166,2026-09-14
dahhel,90,Phase 3: HDD,1789402305170,2026-09-14
alburldador,90,Phase 3: HDD,1789402305199,2026-09-14
cerebralx1,45,Phase 1: HDD,1789403891122,2026-09-14
alfims,45,Phase 1: HDD,1789403891156,2026-09-14
pika_gamy,45,Phase 1: HDD,1789403891158,2026-09-14
xiaoxiao9313,45,Phase 1: HDD,1789403891161,2026-09-14
hopelessss_,45,Phase 1: HDD,1789403891163,2026-09-14
alburldador,45,Phase 1: HDD,1789403891165,2026-09-14
shadowladyex,45,Phase 1: HDD,1789403891172,2026-09-14
avin_novor,45,Phase 1: HDD,1789403891174,2026-09-14
lmbs00,45,Phase 1: HDD,1789403891176,2026-09-14
dahhel,45,Phase 1: HDD,1789403891178,2026-09-14
silent_luc,45,Phase 1: HDD,1789403891179,2026-09-14
ikaliayev,45,Phase 1: HDD,1789403891182,2026-09-14
mori2323,45,Phase 1: HDD,1789403891185,2026-09-14
dahhel,65,Phase 2: RAM,1789404499220,2026-09-14
pika_gamy,65,Phase 2: RAM,1789404499222,2026-09-14
shadowladyex,65,Phase 2: RAM,1789404499229,2026-09-14
hopelessss_,65,Phase 2: RAM,1789404499233,2026-09-14
alburldador,65,Phase 2: RAM,1789404499237,2026-09-14
silent_luc,65,Phase 2: RAM,1789404499238,2026-09-14
alexwifi42,65,Phase 2: RAM,1789404499240,2026-09-14
lmbs00,65,Phase 2: RAM,1789404499246,2026-09-14
mori2323,65,Phase 2: RAM,1789404499248,2026-09-14
ikaliayev,65,Phase 2: RAM,1789404499249,2026-09-14
alexwifi42,90,Phase 3: CPU,1789405011212,2026-09-14
alburldador,90,Phase 3: CPU,1789405011214,2026-09-14
hopelessss_,90,Phase 3: CPU,1789405011222,2026-09-14
silent_luc,90,Phase 3: CPU,1789405011225,2026-09-14
lmbs00,90,Phase 3: CPU,1789405011228,2026-09-14
shadowladyex,90,Phase 3: CPU,1789405011249,2026-09-14
mori2323,90,Phase 3: CPU,1789405011256,2026-09-14
xiaoxiao9313,90,Phase 3: CPU,1789405011265,2026-09-14
dahhel,90,Phase 3: CPU,1789405011267,2026-09-14
cerebralx1,90,Phase 3: CPU,1789405011269,2026-09-14
silent_luc,45,Phase 1: HDD,1789406504143,2026-09-14
lmbs00,45,Phase 1: HDD,1789406504155,2026-09-14
avin_novor,45,Phase 1: HDD,1789406504164,2026-09-14
mori2323,45,Phase 1: HDD,1789406504166,2026-09-14
xiaoxiao9313,45,Phase 1: HDD,1789406504175,2026-09-14
dahhel,45,Phase 1: HDD,1789406504177,2026-09-14
alburldador,45,Phase 1: HDD,1789406504180,2026-09-14
cerebralx1,45,Phase 1: HDD,1789406504182,2026-09-14
hopelessss_,45,Phase 1: HDD,1789406504183,2026-09-14
shadowladyex,45,Phase 1: HDD,1789406504186,2026-09-14
ivanpetrov32,45,Phase 1: HDD,1789406504206,2026-09-14
pika_gamy,45,Phase 1: HDD,1789406504253,2026-09-14
hopelessss_,65,Phase 2: GPU,1789407359042,2026-09-14
xiaoxiao9313,65,Phase 2: GPU,1789407359044,2026-09-14
silent_luc,65,Phase 2: GPU,1789407359050,2026-09-14
pika_gamy,65,Phase 2: GPU,1789407359058,2026-09-14
lmbs00,65,Phase 2: GPU,1789407359060,2026-09-14
alburldador,65,Phase 2: GPU,1789407359061,2026-09-14
ivanpetrov32,65,Phase 2: GPU,1789407359066,2026-09-14
dahhel,65,Phase 2: GPU,1789407359069,2026-09-14
shadowladyex,65,Phase 2: GPU,1789407359070,2026-09-14
cerebralx1,65,Phase 2: GPU,1789407359081,2026-09-14
mori2323,65,Phase 2: GPU,1789407359099,2026-09-14
avin_novor,65,Phase 2: GPU,1789407359149,2026-09-14
lovegamesandthings00000,90,Phase 3: CPU,1789408027082,2026-09-14
xiaoxiao9313,90,Phase 3: CPU,1789408027085,2026-09-14
ivanpetrov32,90,Phase 3: CPU,1789408027096,2026-09-14
lmbs00,90,Phase 3: CPU,1789408027098,2026-09-14
mori2323,90,Phase 3: CPU,1789408027101,2026-09-14
pika_gamy,90,Phase 3: CPU,1789408027104,2026-09-14
dahhel,90,Phase 3: CPU,1789408027126,2026-09-14
shadowladyex,90,Phase 3: CPU,1789408027189,2026-09-14
hopelessss_,90,Phase 3: CPU,1789408027256,2026-09-14
silent_luc,90,Phase 3: CPU,1789408027274,2026-09-14
cerebralx1,90,Phase 3: CPU,1789408027351,2026-09-14
ikaliayev,90,Phase 3: CPU,1789408027387,2026-09-14
alburldador,90,Phase 3: CPU,1789408027389,2026-09-14
yurigiu,45,Phase 1: RAM,1789409299807,2026-09-14
dahhel,45,Phase 1: RAM,1789409299812,2026-09-14
avin_novor,45,Phase 1: RAM,1789409299816,2026-09-14
pika_gamy,45,Phase 1: RAM,1789409299823,2026-09-14
hopelessss_,45,Phase 1: RAM,1789409299825,2026-09-14
shadowladyex,45,Phase 1: RAM,1789409299847,2026-09-14
mori2323,45,Phase 1: RAM,1789409299862,2026-09-14
alburldador,45,Phase 1: RAM,1789409299876,2026-09-14
thanossoul,65,Phase 2: CPU,1789410066827,2026-09-14
lmbs00,65,Phase 2: CPU,1789410066834,2026-09-14
cerebralx1,65,Phase 2: CPU,1789410066838,2026-09-14
mori2323,65,Phase 2: CPU,1789410066881,2026-09-14
dahhel,65,Phase 2: CPU,1789410066891,2026-09-14
shadowladyex,65,Phase 2: CPU,1789410066899,2026-09-14
pika_gamy,65,Phase 2: CPU,1789410066906,2026-09-14
ivanpetrov32,65,Phase 2: CPU,1789410066913,2026-09-14
xiaoxiao9313,65,Phase 2: CPU,1789410066948,2026-09-14
alburldador,65,Phase 2: CPU,1789410067080,2026-09-14
alfims,65,Phase 2: CPU,1789410067160,2026-09-14
xiaoxiao9313,45,Phase 1: RAM,1789411927120,2026-09-14
player0451,45,Phase 1: RAM,1789411927137,2026-09-14
alfims,45,Phase 1: RAM,1789411927146,2026-09-14
mori2323,45,Phase 1: RAM,1789411927148,2026-09-14
alburldador,45,Phase 1: RAM,1789411927151,2026-09-14
avin_novor,45,Phase 1: RAM,1789411927154,2026-09-14
ivanpetrov32,45,Phase 1: RAM,1789411927156,2026-09-14
pika_gamy,45,Phase 1: RAM,1789411927167,2026-09-14
lovegamesandthings00000,45,Phase 1: RAM,1789411927169,2026-09-14
silent_luc,45,Phase 1: RAM,1789411927173,2026-09-14
thanossoul,45,Phase 1: RAM,1789411927174,2026-09-14
alexwifi42,45,Phase 1: RAM,1789411927178,2026-09-14
louis_of_apshai,45,Phase 1: RAM,1789411927182,2026-09-14
dahhel,45,Phase 1: RAM,1789411927237,2026-09-14
hopelessss_,45,Phase 1: RAM,1789411927238,2026-09-14
shadowladyex,45,Phase 1: RAM,1789411927240,2026-09-14
dahhel,65,Phase 2: HDD,1789412781902,2026-09-14
alfims,65,Phase 2: HDD,1789412781929,2026-09-14
cerebralx1,65,Phase 2: HDD,1789412781933,2026-09-14
alexwifi42,65,Phase 2: HDD,1789412781934,2026-09-14
shadowladyex,65,Phase 2: HDD,1789412781935,2026-09-14
alburldador,65,Phase 2: HDD,1789412781938,2026-09-14
pika_gamy,65,Phase 2: HDD,1789412781944,2026-09-14
avin_novor,65,Phase 2: HDD,1789412781947,2026-09-14
xiaoxiao9313,65,Phase 2: HDD,1789412781949,2026-09-14
lmbs00,65,Phase 2: HDD,1789412781993,2026-09-14
silent_luc,65,Phase 2: HDD,1789412781996,2026-09-14
hopelessss_,65,Phase 2: HDD,1789412781998,2026-09-14
mori2323,65,Phase 2: HDD,1789412782097,2026-09-14
lmbs00,90,Phase 3: CPU,1789413443089,2026-09-14
player0451,90,Phase 3: CPU,1789413443102,2026-09-14
xiaoxiao9313,90,Phase 3: CPU,1789413443104,2026-09-14
alburldador,90,Phase 3: CPU,1789413443105,2026-09-14
shadowladyex,90,Phase 3: CPU,1789413443107,2026-09-14
mori2323,90,Phase 3: CPU,1789413443109,2026-09-14
alfims,90,Phase 3: CPU,1789413443114,2026-09-14
dahhel,90,Phase 3: CPU,1789413443118,2026-09-14
pika_gamy,90,Phase 3: CPU,1789413443150,2026-09-14
hopelessss_,90,Phase 3: CPU,1789413443159,2026-09-14
avin_novor,90,Phase 3: CPU,1789413443183,2026-09-14
cerebralx1,90,Phase 3: CPU,1789413443209,2026-09-14
silent_luc,90,Phase 3: CPU,1789413443215,2026-09-14
xiaoxiao9313,45,Phase 1: CPU,1789414941410,2026-09-14
silent_luc,45,Phase 1: CPU,1789414941421,2026-09-14
shadowladyex,45,Phase 1: CPU,1789414941431,2026-09-14
dahhel,45,Phase 1: CPU,1789414941433,2026-09-14
mori2323,45,Phase 1: CPU,1789414941441,2026-09-14
lmbs00,45,Phase 1: CPU,1789414941443,2026-09-14
ivanpetrov32,45,Phase 1: CPU,1789414941444,2026-09-14
avin_novor,45,Phase 1: CPU,1789414941446,2026-09-14
louis_of_apshai,45,Phase 1: CPU,1789414941453,2026-09-14
pika_gamy,45,Phase 1: CPU,1789414941458,2026-09-14
hopelessss_,45,Phase 1: CPU,1789414941462,2026-09-14
alburldador,45,Phase 1: CPU,1789414941542,2026-09-14
alburldador,65,Phase 2: GPU,1789415404751,2026-09-14
pika_gamy,65,Phase 2: GPU,1789415404765,2026-09-14
hopelessss_,65,Phase 2: GPU,1789415404790,2026-09-14
mori2323,65,Phase 2: GPU,1789415404796,2026-09-14
shadowladyex,65,Phase 2: GPU,1789415404848,2026-09-14
dahhel,65,Phase 2: GPU,1789415404884,2026-09-14
silent_luc,65,Phase 2: GPU,1789415404920,2026-09-14
avin_novor,65,Phase 2: GPU,1789415404934,2026-09-14
lmbs00,65,Phase 2: GPU,1789415404977,2026-09-14
silent_luc,45,Phase 1: HDD,1789416932148,2026-09-14
dahhel,45,Phase 1: HDD,1789416932156,2026-09-14
hopelessss_,45,Phase 1: HDD,1789416932166,2026-09-14
yurigiu,45,Phase 1: HDD,1789416932170,2026-09-14
shadowladyex,45,Phase 1: HDD,1789416932172,2026-09-14
alburldador,45,Phase 1: HDD,1789416932174,2026-09-14
pika_gamy,45,Phase 1: HDD,1789416932176,2026-09-14
lmbs00,45,Phase 1: HDD,1789416932198,2026-09-14
mori2323,45,Phase 1: HDD,1789416932216,2026-09-14
lovegamesandthings00000,45,Phase 1: HDD,1789416932220,2026-09-14
thanossoul,45,Phase 1: HDD,1789416932332,2026-09-14
lmbs00,65,Phase 2: RAM,1789417627236,2026-09-14
dahhel,65,Phase 2: RAM,1789417627242,2026-09-14
thanossoul,65,Phase 2: RAM,1789417627248,2026-09-14
shadowladyex,65,Phase 2: RAM,1789417627251,2026-09-14
pika_gamy,65,Phase 2: RAM,1789417627262,2026-09-14
mori2323,65,Phase 2: RAM,1789417627275,2026-09-14
silent_luc,65,Phase 2: RAM,1789417627278,2026-09-14
alburldador,65,Phase 2: RAM,1789417627304,2026-09-14
avin_novor,65,Phase 2: RAM,1789417627314,2026-09-14
dahhel,45,Phase 1: HDD,1789419009141,2026-09-14
shadowladyex,45,Phase 1: HDD,1789419009156,2026-09-14
hopelessss_,45,Phase 1: HDD,1789419009174,2026-09-14
mori2323,45,Phase 1: HDD,1789419009182,2026-09-14
silent_luc,45,Phase 1: HDD,1789419009185,2026-09-14
valase,45,Phase 1: HDD,1789419009187,2026-09-14
lmbs00,45,Phase 1: HDD,1789419009190,2026-09-14
alburldador,45,Phase 1: HDD,1789419009192,2026-09-14
pika_gamy,45,Phase 1: HDD,1789419009195,2026-09-14
avin_novor,45,Phase 1: HDD,1789419009249,2026-09-14
alburldador,65,Phase 2: CPU,1789419833964,2026-09-14
pika_gamy,65,Phase 2: CPU,1789419833969,2026-09-14
lovegamesandthings00000,65,Phase 2: CPU,1789419833982,2026-09-14
avin_novor,65,Phase 2: CPU,1789419833984,2026-09-14
dahhel,65,Phase 2: CPU,1789419833988,2026-09-14
valase,65,Phase 2: CPU,1789419833990,2026-09-14
silent_luc,65,Phase 2: CPU,1789419833994,2026-09-14
mori2323,65,Phase 2: CPU,1789419833999,2026-09-14
shadowladyex,65,Phase 2: CPU,1789419834002,2026-09-14
thanossoul,65,Phase 2: CPU,1789419834005,2026-09-14
hopelessss_,65,Phase 2: CPU,1789419834010,2026-09-14
lmbs00,65,Phase 2: CPU,1789419834012,2026-09-14
alburldador,90,Phase 3: GPU,1789420376981,2026-09-14
mori2323,90,Phase 3: GPU,1789420376990,2026-09-14
lovegamesandthings00000,90,Phase 3: GPU,1789420376994,2026-09-14
alexwifi42,90,Phase 3: GPU,1789420377009,2026-09-14
valase,90,Phase 3: GPU,1789420377013,2026-09-14
shadowladyex,90,Phase 3: GPU,1789420377016,2026-09-14
lmbs00,90,Phase 3: GPU,1789420377060,2026-09-14
avin_novor,90,Phase 3: GPU,1789420377182,2026-09-14
dahhel,90,Phase 3: GPU,1789420377184,2026-09-14
hopelessss_,90,Phase 3: GPU,1789420377185,2026-09-14
pika_gamy,90,Phase 3: GPU,1789420377186,2026-09-14
avin_novor,45,Phase 1: RAM,1789421919572,2026-09-14
dahhel,45,Phase 1: RAM,1789421919585,2026-09-14
valase,45,Phase 1: RAM,1789421919587,2026-09-14
mori2323,45,Phase 1: RAM,1789421919589,2026-09-14
pika_gamy,45,Phase 1: RAM,1789421919595,2026-09-14
shadowladyex,45,Phase 1: RAM,1789421919597,2026-09-14
alexwifi42,45,Phase 1: RAM,1789421919605,2026-09-14
alburldador,45,Phase 1: RAM,1789421919607,2026-09-14
thanossoul,45,Phase 1: RAM,1789421919609,2026-09-14
silent_luc,45,Phase 1: RAM,1789421919613,2026-09-14
lmbs00,45,Phase 1: RAM,1789421919616,2026-09-14
ikaliayev,45,Phase 1: RAM,1789421919618,2026-09-14
shadowladyex,65,Phase 2: CPU,1789422778531,2026-09-14
ikaliayev,65,Phase 2: CPU,1789422778536,2026-09-14
mori2323,65,Phase 2: CPU,1789422778548,2026-09-14
avin_novor,65,Phase 2: CPU,1789422778555,2026-09-14
lmbs00,65,Phase 2: CPU,1789422778557,2026-09-14
silent_luc,65,Phase 2: CPU,1789422778562,2026-09-14
dahhel,65,Phase 2: CPU,1789422778566,2026-09-14
thanossoul,65,Phase 2: CPU,1789422778570,2026-09-14
hopelessss_,65,Phase 2: CPU,1789422778573,2026-09-14
valase,65,Phase 2: CPU,1789422778575,2026-09-14
pika_gamy,65,Phase 2: CPU,1789422778585,2026-09-14
alburldador,65,Phase 2: CPU,1789422778661,2026-09-14
silent_luc,90,Phase 3: GPU,1789423391696,2026-09-14
alburldador,90,Phase 3: GPU,1789423391698,2026-09-14
lmbs00,90,Phase 3: GPU,1789423391699,2026-09-14
hopelessss_,90,Phase 3: GPU,1789423391700,2026-09-14
pika_gamy,90,Phase 3: GPU,1789423391702,2026-09-14
dahhel,90,Phase 3: GPU,1789423391704,2026-09-14
alexwifi42,90,Phase 3: GPU,1789423391705,2026-09-14
thanossoul,90,Phase 3: GPU,1789423391707,2026-09-14
ikaliayev,90,Phase 3: GPU,1789423391711,2026-09-14
mori2323,90,Phase 3: GPU,1789423391713,2026-09-14
avin_novor,90,Phase 3: GPU,1789423391716,2026-09-14
shadowladyex,90,Phase 3: GPU,1789423391718,2026-09-14
valase,120,Phase 4: HDD,1789423826544,2026-09-14
dahhel,120,Phase 4: HDD,1789423826546,2026-09-14
lmbs00,120,Phase 4: HDD,1789423826553,2026-09-14
shadowladyex,120,Phase 4: HDD,1789423826558,2026-09-14
silent_luc,120,Phase 4: HDD,1789423826566,2026-09-14
alexwifi42,120,Phase 4: HDD,1789423826571,2026-09-14
hopelessss_,120,Phase 4: HDD,1789423826575,2026-09-14
mori2323,120,Phase 4: HDD,1789423826579,2026-09-14
avin_novor,120,Phase 4: HDD,1789423826581,2026-09-14
alburldador,120,Phase 4: HDD,1789423826589,2026-09-14
pika_gamy,120,Phase 4: HDD,1789423826592,2026-09-14
ikaliayev,120,Phase 4: HDD,1789423826609,2026-09-14
alburldador,55,proStar bonus: all 4 phases,1789423827133,2026-09-14
lmbs00,55,proStar bonus: all 4 phases,1789423827140,2026-09-14
pika_gamy,55,proStar bonus: all 4 phases,1789423827142,2026-09-14
silent_luc,55,proStar bonus: all 4 phases,1789423827143,2026-09-14
avin_novor,55,proStar bonus: all 4 phases,1789423827146,2026-09-14
ikaliayev,55,proStar bonus: all 4 phases,1789423827148,2026-09-14
mori2323,55,proStar bonus: all 4 phases,1789423827150,2026-09-14
shadowladyex,55,proStar bonus: all 4 phases,1789423827153,2026-09-14
dahhel,55,proStar bonus: all 4 phases,1789423827174,2026-09-14
silent_luc,45,Phase 1: CPU,1789424912252,2026-09-14
pika_gamy,45,Phase 1: CPU,1789424912284,2026-09-14
ikaliayev,45,Phase 1: CPU,1789424912288,2026-09-14
lmbs00,45,Phase 1: CPU,1789424912314,2026-09-14
madagascaradam,45,Phase 1: CPU,1789424912321,2026-09-14
thanossoul,45,Phase 1: CPU,1789424912327,2026-09-14
dahhel,45,Phase 1: CPU,1789424912346,2026-09-14
avin_novor,45,Phase 1: CPU,1789424912351,2026-09-14
mori2323,45,Phase 1: CPU,1789424912357,2026-09-14
valase,45,Phase 1: CPU,1789424912360,2026-09-14
shadowladyex,45,Phase 1: CPU,1789424913059,2026-09-14
shadowladyex,65,Phase 2: RAM,1789425668973,2026-09-14
pika_gamy,65,Phase 2: RAM,1789425668977,2026-09-14
avin_novor,65,Phase 2: RAM,1789425668979,2026-09-14
ikaliayev,65,Phase 2: RAM,1789425668981,2026-09-14
dahhel,65,Phase 2: RAM,1789425668986,2026-09-14
silent_luc,65,Phase 2: RAM,1789425668988,2026-09-14
player0451,65,Phase 2: RAM,1789425668990,2026-09-14
hopelessss_,65,Phase 2: RAM,1789425668996,2026-09-14
alburldador,65,Phase 2: RAM,1789425669042,2026-09-14
valase,65,Phase 2: RAM,1789425669175,2026-09-14
lmbs00,65,Phase 2: RAM,1789425669907,2026-09-14
avin_novor,90,Phase 3: HDD,1789426134930,2026-09-14
dahhel,90,Phase 3: HDD,1789426134933,2026-09-14
silent_luc,90,Phase 3: HDD,1789426134943,2026-09-14
alburldador,90,Phase 3: HDD,1789426134945,2026-09-14
lmbs00,90,Phase 3: HDD,1789426134952,2026-09-14
valase,90,Phase 3: HDD,1789426134953,2026-09-14
shadowladyex,90,Phase 3: HDD,1789426134955,2026-09-14
hopelessss_,90,Phase 3: HDD,1789426134957,2026-09-14
pika_gamy,90,Phase 3: HDD,1789426134993,2026-09-14
ikaliayev,90,Phase 3: HDD,1789426134997,2026-09-14
dahhel,45,Phase 1: HDD,1789427516017,2026-09-14
ikaliayev,45,Phase 1: HDD,1789427516024,2026-09-14
snoopys030,45,Phase 1: HDD,1789427516027,2026-09-14
silent_luc,45,Phase 1: HDD,1789427516030,2026-09-14
pika_gamy,45,Phase 1: HDD,1789427516033,2026-09-14
valase,45,Phase 1: HDD,1789427516040,2026-09-14
shadowladyex,45,Phase 1: HDD,1789427516044,2026-09-14
lmbs00,45,Phase 1: HDD,1789427516059,2026-09-14
alburldador,45,Phase 1: HDD,1789427516095,2026-09-14
snoopys030,65,Phase 2: GPU,1789428193917,2026-09-14
shadowladyex,65,Phase 2: GPU,1789428193929,2026-09-14
lmbs00,65,Phase 2: GPU,1789428193942,2026-09-14
hopelessss_,65,Phase 2: GPU,1789428193946,2026-09-14
valase,65,Phase 2: GPU,1789428193947,2026-09-14
pika_gamy,65,Phase 2: GPU,1789428193949,2026-09-14
silent_luc,65,Phase 2: GPU,1789428193953,2026-09-14
dahhel,65,Phase 2: GPU,1789428193955,2026-09-14
ikaliayev,65,Phase 2: GPU,1789428193956,2026-09-14
player0451,90,Phase 3: CPU,1789428739923,2026-09-14
valase,90,Phase 3: CPU,1789428739938,2026-09-14
pika_gamy,90,Phase 3: CPU,1789428739945,2026-09-14
silent_luc,90,Phase 3: CPU,1789428739950,2026-09-14
shadowladyex,90,Phase 3: CPU,1789428739953,2026-09-14
hopelessss_,90,Phase 3: CPU,1789428739958,2026-09-14
madagascaradam,90,Phase 3: CPU,1789428739977,2026-09-14
thanossoul,90,Phase 3: CPU,1789428739988,2026-09-14
snoopys030,90,Phase 3: CPU,1789428740021,2026-09-14
ikaliayev,90,Phase 3: CPU,1789428740042,2026-09-14
silent_luc,45,Phase 1: RAM,1789430290850,2026-09-14
madagascaradam,45,Phase 1: RAM,1789430290871,2026-09-14
lmbs00,45,Phase 1: RAM,1789430290876,2026-09-14
aswd002,45,Phase 1: RAM,1789430290881,2026-09-14
hopelessss_,45,Phase 1: RAM,1789430290902,2026-09-14
snoopys030,45,Phase 1: RAM,1789430290906,2026-09-14
pika_gamy,45,Phase 1: RAM,1789430290908,2026-09-14
valase,45,Phase 1: RAM,1789430290910,2026-09-14
ikaliayev,45,Phase 1: RAM,1789430290914,2026-09-14
dahhel,45,Phase 1: RAM,1789430290918,2026-09-14
thanossoul,45,Phase 1: RAM,1789430290920,2026-09-14
shadowladyex,45,Phase 1: RAM,1789430290922,2026-09-14
hopelessss_,65,Phase 2: CPU,1789431112956,2026-09-15
player0451,65,Phase 2: CPU,1789431112960,2026-09-15
shadowladyex,65,Phase 2: CPU,1789431112964,2026-09-15
snoopys030,65,Phase 2: CPU,1789431112968,2026-09-15
valase,65,Phase 2: CPU,1789431112980,2026-09-15
lmbs00,65,Phase 2: CPU,1789431112984,2026-09-15
thanossoul,65,Phase 2: CPU,1789431112988,2026-09-15
lovegamesandthings00000,65,Phase 2: CPU,1789431112994,2026-09-15
avin_novor,65,Phase 2: CPU,1789431112996,2026-09-15
ikaliayev,65,Phase 2: CPU,1789431113004,2026-09-15
silent_luc,65,Phase 2: CPU,1789431113006,2026-09-15
shadowladyex,90,Phase 3: GPU,1789431614951,2026-09-15
silent_luc,90,Phase 3: GPU,1789431614961,2026-09-15
ikaliayev,90,Phase 3: GPU,1789431614978,2026-09-15
avin_novor,90,Phase 3: GPU,1789431614984,2026-09-15
lmbs00,90,Phase 3: GPU,1789431614988,2026-09-15
dahhel,90,Phase 3: GPU,1789431615067,2026-09-15
hopelessss_,90,Phase 3: GPU,1789431615070,2026-09-15
valase,90,Phase 3: GPU,1789431615101,2026-09-15
shadowladyex,45,Phase 1: RAM,1789433015915,2026-09-15
lmbs00,45,Phase 1: RAM,1789433015919,2026-09-15
dahhel,45,Phase 1: RAM,1789433015921,2026-09-15
silent_luc,45,Phase 1: RAM,1789433015925,2026-09-15
aswd002,45,Phase 1: RAM,1789433015940,2026-09-15
snoopys030,45,Phase 1: RAM,1789433015960,2026-09-15
hopelessss_,45,Phase 1: RAM,1789433015965,2026-09-15
valase,45,Phase 1: RAM,1789433015972,2026-09-15
ikaliayev,45,Phase 1: RAM,1789433015976,2026-09-15
valase,65,Phase 2: CPU,1789433603021,2026-09-15
lmbs00,65,Phase 2: CPU,1789433603023,2026-09-15
snoopys030,65,Phase 2: CPU,1789433603025,2026-09-15
dahhel,65,Phase 2: CPU,1789433603070,2026-09-15
avin_novor,65,Phase 2: CPU,1789433603077,2026-09-15
silent_luc,65,Phase 2: CPU,1789433603081,2026-09-15
ikaliayev,65,Phase 2: CPU,1789433603087,2026-09-15
shadowladyex,65,Phase 2: CPU,1789433603107,2026-09-15
avin_novor,90,Phase 3: HDD,1789434083946,2026-09-15
snoopys030,90,Phase 3: HDD,1789434083951,2026-09-15
shadowladyex,90,Phase 3: HDD,1789434083954,2026-09-15
valase,90,Phase 3: HDD,1789434083960,2026-09-15
ikaliayev,90,Phase 3: HDD,1789434083962,2026-09-15
hopelessss_,90,Phase 3: HDD,1789434083963,2026-09-15
silent_luc,90,Phase 3: HDD,1789434083976,2026-09-15
dahhel,90,Phase 3: HDD,1789434084112,2026-09-15
lmbs00,90,Phase 3: HDD,1789434084121,2026-09-15
ikaliayev,45,Phase 1: RAM,1789435604237,2026-09-15
hopelessss_,45,Phase 1: RAM,1789435604257,2026-09-15
shadowladyex,45,Phase 1: RAM,1789435604261,2026-09-15
silent_luc,45,Phase 1: RAM,1789435604272,2026-09-15
lmbs00,45,Phase 1: RAM,1789435604274,2026-09-15
madagascaradam,45,Phase 1: RAM,1789435604275,2026-09-15
valase,45,Phase 1: RAM,1789435604277,2026-09-15
avin_novor,45,Phase 1: RAM,1789435604280,2026-09-15
dahhel,45,Phase 1: RAM,1789435604285,2026-09-15
snoopys030,45,Phase 1: RAM,1789435604288,2026-09-15
dahhel,65,Phase 2: HDD,1789436198875,2026-09-15
silent_luc,65,Phase 2: HDD,1789436198888,2026-09-15
snoopys030,65,Phase 2: HDD,1789436198897,2026-09-15
hopelessss_,65,Phase 2: HDD,1789436198899,2026-09-15
valase,65,Phase 2: HDD,1789436198901,2026-09-15
ikaliayev,65,Phase 2: HDD,1789436198906,2026-09-15
lmbs00,65,Phase 2: HDD,1789436198908,2026-09-15
shadowladyex,65,Phase 2: HDD,1789436198913,2026-09-15
snoopys030,90,Phase 3: GPU,1789436777881,2026-09-15
dahhel,90,Phase 3: GPU,1789436777883,2026-09-15
silent_luc,90,Phase 3: GPU,1789436777885,2026-09-15
lovegamesandthings00000,90,Phase 3: GPU,1789436777887,2026-09-15
shadowladyex,90,Phase 3: GPU,1789436777890,2026-09-15
hopelessss_,90,Phase 3: GPU,1789436777894,2026-09-15
lmbs00,90,Phase 3: GPU,1789436777896,2026-09-15
valase,90,Phase 3: GPU,1789436777897,2026-09-15
ikaliayev,90,Phase 3: GPU,1789436777900,2026-09-15
shadowladyex,45,Phase 1: HDD,1789438027031,2026-09-15
silent_luc,45,Phase 1: HDD,1789438027033,2026-09-15
dahhel,45,Phase 1: HDD,1789438027038,2026-09-15
ikaliayev,45,Phase 1: HDD,1789438027044,2026-09-15
valase,45,Phase 1: HDD,1789438027045,2026-09-15
lmbs00,45,Phase 1: HDD,1789438027057,2026-09-15
snoopys030,45,Phase 1: HDD,1789438027077,2026-09-15
snoopys030,65,Phase 2: GPU,1789438841178,2026-09-15
madagascaradam,65,Phase 2: GPU,1789438841191,2026-09-15
dahhel,65,Phase 2: GPU,1789438841195,2026-09-15
avin_novor,65,Phase 2: GPU,1789438841197,2026-09-15
lmbs00,65,Phase 2: GPU,1789438841201,2026-09-15
ikaliayev,65,Phase 2: GPU,1789438841204,2026-09-15
silent_luc,65,Phase 2: GPU,1789438841206,2026-09-15
valase,65,Phase 2: GPU,1789438841209,2026-09-15
shadowladyex,65,Phase 2: GPU,1789438841230,2026-09-15
dahhel,90,Phase 3: RAM,1789439471982,2026-09-15
aswd002,90,Phase 3: RAM,1789439471988,2026-09-15
silent_luc,90,Phase 3: RAM,1789439471989,2026-09-15
player0451,90,Phase 3: RAM,1789439471991,2026-09-15
thanossoul,90,Phase 3: RAM,1789439471996,2026-09-15
lmbs00,90,Phase 3: RAM,1789439471997,2026-09-15
shadowladyex,90,Phase 3: RAM,1789439472001,2026-09-15
snoopys030,90,Phase 3: RAM,1789439472003,2026-09-15
ikaliayev,90,Phase 3: RAM,1789439472025,2026-09-15
xiaoxiao9313,120,Phase 4: CPU,1789439950021,2026-09-15
lmbs00,120,Phase 4: CPU,1789439950031,2026-09-15
silent_luc,120,Phase 4: CPU,1789439950033,2026-09-15
dahhel,120,Phase 4: CPU,1789439950046,2026-09-15
valase,120,Phase 4: CPU,1789439950059,2026-09-15
shadowladyex,120,Phase 4: CPU,1789439950089,2026-09-15
thanossoul,120,Phase 4: CPU,1789439950096,2026-09-15
slay_da_b,120,Phase 4: CPU,1789439950139,2026-09-15
ikaliayev,120,Phase 4: CPU,1789439950198,2026-09-15
ikaliayev,100,proStar bonus: all 4 phases,1789439950798,2026-09-15
shadowladyex,100,proStar bonus: all 4 phases,1789439950800,2026-09-15
dahhel,100,proStar bonus: all 4 phases,1789439950804,2026-09-15
lmbs00,100,proStar bonus: all 4 phases,1789439950894,2026-09-15
silent_luc,100,proStar bonus: all 4 phases,1789439950999,2026-09-15
lovegamesandthings00000,45,Phase 1: CPU,1789440791339,2026-09-15
snoopys030,45,Phase 1: CPU,1789440791342,2026-09-15
lmbs00,45,Phase 1: CPU,1789440791345,2026-09-15
ikaliayev,45,Phase 1: CPU,1789440791348,2026-09-15
thanossoul,45,Phase 1: CPU,1789440791350,2026-09-15
shadowladyex,45,Phase 1: CPU,1789440791386,2026-09-15
dahhel,45,Phase 1: CPU,1789440791388,2026-09-15
lmbs00,65,Phase 2: RAM,1789441350378,2026-09-15
xiaoxiao9313,65,Phase 2: RAM,1789441350389,2026-09-15
shadowladyex,65,Phase 2: RAM,1789441350395,2026-09-15
thanossoul,65,Phase 2: RAM,1789441350399,2026-09-15
dahhel,65,Phase 2: RAM,1789441350405,2026-09-15
ikaliayev,65,Phase 2: RAM,1789441350410,2026-09-15
snoopys030,65,Phase 2: RAM,1789441350501,2026-09-15
xiaoxiao9313,45,Phase 1: RAM,1789442767540,2026-09-15
snoopys030,45,Phase 1: RAM,1789442767550,2026-09-15
slay_da_b,45,Phase 1: RAM,1789442767559,2026-09-15
dahhel,45,Phase 1: RAM,1789442767565,2026-09-15
thanossoul,45,Phase 1: RAM,1789442767588,2026-09-15
avin_novor,45,Phase 1: RAM,1789442767633,2026-09-15
ikaliayev,45,Phase 1: RAM,1789442767659,2026-09-15
aswd002,45,Phase 1: RAM,1789442767694,2026-09-15
shadowladyex,45,Phase 1: RAM,1789442767733,2026-09-15
lmbs00,45,Phase 1: RAM,1789442768276,2026-09-15
dahhel,65,Phase 2: GPU,1789443352167,2026-09-15
xiaoxiao9313,65,Phase 2: GPU,1789443352170,2026-09-15
shadowladyex,65,Phase 2: GPU,1789443352176,2026-09-15
slay_da_b,65,Phase 2: GPU,1789443352182,2026-09-15
snoopys030,65,Phase 2: GPU,1789443352187,2026-09-15
ikaliayev,65,Phase 2: GPU,1789443352196,2026-09-15
lmbs00,65,Phase 2: GPU,1789443352200,2026-09-15
ura3535,45,Phase 1: HDD,1789444841073,2026-09-15
ivanpetrov32,45,Phase 1: HDD,1789444841083,2026-09-15
avin_novor,45,Phase 1: HDD,1789444841087,2026-09-15
dahhel,45,Phase 1: HDD,1789444841105,2026-09-15
lmbs00,45,Phase 1: HDD,1789444841110,2026-09-15
snoopys030,45,Phase 1: HDD,1789444841112,2026-09-15
xiaoxiao9313,45,Phase 1: HDD,1789444841116,2026-09-15
ikaliayev,45,Phase 1: HDD,1789444841124,2026-09-15
shadowladyex,45,Phase 1: HDD,1789444841126,2026-09-15
player0451,45,Phase 1: HDD,1789444841129,2026-09-15
dahhel,65,Phase 2: CPU,1789445502852,2026-09-15
alfims,65,Phase 2: CPU,1789445502856,2026-09-15
ivanpetrov32,65,Phase 2: CPU,1789445502870,2026-09-15
lmbs00,65,Phase 2: CPU,1789445502873,2026-09-15
shadowladyex,65,Phase 2: CPU,1789445502881,2026-09-15
snoopys030,65,Phase 2: CPU,1789445502892,2026-09-15
lovegamesandthings00000,65,Phase 2: CPU,1789445502896,2026-09-15
ikaliayev,65,Phase 2: CPU,1789445502903,2026-09-15
xiaoxiao9313,65,Phase 2: CPU,1789445502921,2026-09-15
dahhel,90,Phase 3: GPU,1789446144983,2026-09-15
shadowladyex,90,Phase 3: GPU,1789446144989,2026-09-15
avin_novor,90,Phase 3: GPU,1789446144993,2026-09-15
xiaoxiao9313,90,Phase 3: GPU,1789446145007,2026-09-15
snoopys030,90,Phase 3: GPU,1789446145012,2026-09-15
ivanpetrov32,90,Phase 3: GPU,1789446145016,2026-09-15
alfims,90,Phase 3: GPU,1789446145017,2026-09-15
lmbs00,90,Phase 3: GPU,1789446145020,2026-09-15
puphik,90,Phase 3: GPU,1789446145024,2026-09-15
ikaliayev,90,Phase 3: GPU,1789446145026,2026-09-15
lmbs00,45,Phase 1: GPU,1789447173704,2026-09-15
snoopys030,45,Phase 1: GPU,1789447173708,2026-09-15
ikaliayev,45,Phase 1: GPU,1789447173714,2026-09-15
dahhel,45,Phase 1: GPU,1789447173719,2026-09-15
ikaliayev,65,Phase 2: RAM,1789447714635,2026-09-15
avin_novor,65,Phase 2: RAM,1789447714654,2026-09-15
lmbs00,65,Phase 2: RAM,1789447714657,2026-09-15
dahhel,65,Phase 2: RAM,1789447714662,2026-09-15
snoopys030,65,Phase 2: RAM,1789447714664,2026-09-15
madagascaradam,65,Phase 2: RAM,1789447714667,2026-09-15
ivanpetrov32,65,Phase 2: RAM,1789447714669,2026-09-15
avin_novor,45,Phase 1: GPU,1789449040297,2026-09-15
ivanpetrov32,45,Phase 1: GPU,1789449040299,2026-09-15
madagascaradam,45,Phase 1: GPU,1789449040302,2026-09-15
ikaliayev,45,Phase 1: GPU,1789449040305,2026-09-15
dahhel,45,Phase 1: GPU,1789449040317,2026-09-15
lmbs00,45,Phase 1: GPU,1789449040321,2026-09-15
slay_da_b,45,Phase 1: GPU,1789449040339,2026-09-15
snoopys030,45,Phase 1: GPU,1789449040342,2026-09-15
ivanpetrov32,65,Phase 2: HDD,1789449641361,2026-09-15
ikaliayev,65,Phase 2: HDD,1789449641363,2026-09-15
xiaoxiao9313,65,Phase 2: HDD,1789449641365,2026-09-15
snoopys030,65,Phase 2: HDD,1789449641366,2026-09-15
dahhel,65,Phase 2: HDD,1789449641367,2026-09-15
robin3one,65,Phase 2: HDD,1789449641370,2026-09-15
alfims,65,Phase 2: HDD,1789449641371,2026-09-15
lmbs00,65,Phase 2: HDD,1789449641373,2026-09-15
robin3one,45,Phase 1: RAM,1789450913550,2026-09-15
lmbs00,45,Phase 1: RAM,1789450913563,2026-09-15
wolfmaron999,45,Phase 1: RAM,1789450913566,2026-09-15
snoopys030,45,Phase 1: RAM,1789450913569,2026-09-15
ikaliayev,45,Phase 1: RAM,1789450913574,2026-09-15
xiaoxiao9313,45,Phase 1: RAM,1789450913578,2026-09-15
dahhel,45,Phase 1: RAM,1789450913586,2026-09-15
xiaoxiao9313,45,Phase 1: HDD,1789452443114,2026-09-15
ikaliayev,45,Phase 1: HDD,1789452443122,2026-09-15
ivanpetrov32,45,Phase 1: HDD,1789452443127,2026-09-15
alburldador,45,Phase 1: HDD,1789452443129,2026-09-15
snoopys030,45,Phase 1: HDD,1789452443131,2026-09-15
lmbs00,45,Phase 1: HDD,1789452443135,2026-09-15
robin3one,45,Phase 1: HDD,1789452443163,2026-09-15
xiaoxiao9313,65,Phase 2: GPU,1789452934362,2026-09-15
ikaliayev,65,Phase 2: GPU,1789452934372,2026-09-15
snoopys030,65,Phase 2: GPU,1789452934374,2026-09-15
lmbs00,65,Phase 2: GPU,1789452934438,2026-09-15
alburldador,65,Phase 2: GPU,1789452934453,2026-09-15
lmbs00,45,Phase 1: HDD,1789454270957,2026-09-15
ikaliayev,45,Phase 1: HDD,1789454270967,2026-09-15
alburldador,45,Phase 1: HDD,1789454270969,2026-09-15
ivanpetrov32,45,Phase 1: HDD,1789454270975,2026-09-15
lovegamesandthings00000,45,Phase 1: HDD,1789454270977,2026-09-15
snoopys030,45,Phase 1: HDD,1789454270978,2026-09-15
robin3one,45,Phase 1: HDD,1789454270982,2026-09-15
xiaoxiao9313,45,Phase 1: HDD,1789454270997,2026-09-15
lmbs00,65,Phase 2: CPU,1789454923097,2026-09-15
robin3one,65,Phase 2: CPU,1789454923102,2026-09-15
ivanpetrov32,65,Phase 2: CPU,1789454923107,2026-09-15
mori2323,65,Phase 2: CPU,1789454923111,2026-09-15
snoopys030,65,Phase 2: CPU,1789454923125,2026-09-15
alfims,65,Phase 2: CPU,1789454923129,2026-09-15
ikaliayev,65,Phase 2: CPU,1789454923131,2026-09-15
ikaliayev,90,Phase 3: RAM,1789455416973,2026-09-15
xiaoxiao9313,90,Phase 3: RAM,1789455416997,2026-09-15
robin3one,90,Phase 3: RAM,1789455417002,2026-09-15
ivanpetrov32,90,Phase 3: RAM,1789455417011,2026-09-15
snoopys030,90,Phase 3: RAM,1789455417014,2026-09-15
lmbs00,90,Phase 3: RAM,1789455417021,2026-09-15
lmbs00,45,Phase 1: CPU,1789456783315,2026-09-15
xiaoxiao9313,45,Phase 1: CPU,1789456783323,2026-09-15
snoopys030,45,Phase 1: CPU,1789456783326,2026-09-15
ivanpetrov32,45,Phase 1: CPU,1789456783334,2026-09-15
robin3one,45,Phase 1: CPU,1789456783337,2026-09-15
valase,45,Phase 1: CPU,1789456783341,2026-09-15
ikaliayev,45,Phase 1: CPU,1789456783375,2026-09-15
alburldador,45,Phase 1: CPU,1789456783380,2026-09-15
mori2323,45,Phase 1: CPU,1789456783388,2026-09-15
alfims,65,Phase 2: GPU,1789457420655,2026-09-15
lmbs00,65,Phase 2: GPU,1789457420658,2026-09-15
ikaliayev,65,Phase 2: GPU,1789457420662,2026-09-15
xiaoxiao9313,65,Phase 2: GPU,1789457420668,2026-09-15
mori2323,65,Phase 2: GPU,1789457420673,2026-09-15
alburldador,65,Phase 2: GPU,1789457420679,2026-09-15
snoopys030,65,Phase 2: GPU,1789457420691,2026-09-15
robin3one,65,Phase 2: GPU,1789457420700,2026-09-15
ikaliayev,90,Phase 3: HDD,1789457926629,2026-09-15
robin3one,90,Phase 3: HDD,1789457926645,2026-09-15
xiaoxiao9313,90,Phase 3: HDD,1789457926649,2026-09-15
mori2323,90,Phase 3: HDD,1789457926658,2026-09-15
snoopys030,90,Phase 3: HDD,1789457926660,2026-09-15
alburldador,90,Phase 3: HDD,1789457926669,2026-09-15
alburldador,45,Phase 1: GPU,1789459117603,2026-09-15
mori2323,45,Phase 1: GPU,1789459117611,2026-09-15
ikaliayev,45,Phase 1: GPU,1789459117617,2026-09-15
ivanpetrov32,45,Phase 1: GPU,1789459117622,2026-09-15
xiaoxiao9313,45,Phase 1: GPU,1789459117627,2026-09-15
robin3one,45,Phase 1: GPU,1789459117629,2026-09-15
robin3one,65,Phase 2: HDD,1789459714344,2026-09-15
ikaliayev,65,Phase 2: HDD,1789459714352,2026-09-15
snoopys030,65,Phase 2: HDD,1789459714354,2026-09-15
ivanpetrov32,65,Phase 2: HDD,1789459714356,2026-09-15
alburldador,65,Phase 2: HDD,1789459714359,2026-09-15
xiaoxiao9313,65,Phase 2: HDD,1789459714366,2026-09-15
mori2323,65,Phase 2: HDD,1789459714400,2026-09-15
snoopys030,90,Phase 3: RAM,1789460204271,2026-09-15
mori2323,90,Phase 3: RAM,1789460204280,2026-09-15
xiaoxiao9313,90,Phase 3: RAM,1789460204285,2026-09-15
ikaliayev,90,Phase 3: RAM,1789460204291,2026-09-15
ivanpetrov32,90,Phase 3: RAM,1789460204304,2026-09-15
alburldador,90,Phase 3: RAM,1789460204353,2026-09-15
xiaoxiao9313,45,Phase 1: HDD,1789461575951,2026-09-15
mori2323,45,Phase 1: HDD,1789461575953,2026-09-15
ikaliayev,45,Phase 1: HDD,1789461575961,2026-09-15
snoopys030,45,Phase 1: HDD,1789461575963,2026-09-15
alburldador,45,Phase 1: HDD,1789461575997,2026-09-15
ivanpetrov32,45,Phase 1: HDD,1789461575999,2026-09-15
slay_da_b,45,Phase 1: HDD,1789461576003,2026-09-15
alfims,45,Phase 1: HDD,1789461576006,2026-09-15
ivanpetrov32,65,Phase 2: RAM,1789462372940,2026-09-15
snoopys030,65,Phase 2: RAM,1789462372945,2026-09-15
xiaoxiao9313,65,Phase 2: RAM,1789462372955,2026-09-15
ikaliayev,65,Phase 2: RAM,1789462372961,2026-09-15
alfims,65,Phase 2: RAM,1789462372966,2026-09-15
pika_gamy,65,Phase 2: RAM,1789462372970,2026-09-15
alburldador,65,Phase 2: RAM,1789462372976,2026-09-15
mori2323,65,Phase 2: RAM,1789462372995,2026-09-15
hopelessss_,65,Phase 2: RAM,1789462373041,2026-09-15
yurigiu,90,Phase 3: CPU,1789462993939,2026-09-15
alburldador,90,Phase 3: CPU,1789462993944,2026-09-15
hopelessss_,90,Phase 3: CPU,1789462993952,2026-09-15
ivanpetrov32,90,Phase 3: CPU,1789462993955,2026-09-15
pika_gamy,90,Phase 3: CPU,1789462993956,2026-09-15
ikaliayev,90,Phase 3: CPU,1789462993965,2026-09-15
mori2323,90,Phase 3: CPU,1789462994012,2026-09-15
xiaoxiao9313,90,Phase 3: CPU,1789462994033,2026-09-15
robin3one,120,Phase 4: GPU,1789463585956,2026-09-15
hopelessss_,120,Phase 4: GPU,1789463585959,2026-09-15
alfims,120,Phase 4: GPU,1789463585968,2026-09-15
ivanpetrov32,120,Phase 4: GPU,1789463585971,2026-09-15
ikaliayev,120,Phase 4: GPU,1789463585974,2026-09-15
mori2323,120,Phase 4: GPU,1789463585997,2026-09-15
alburldador,120,Phase 4: GPU,1789463586014,2026-09-15
wolfmaron999,120,Phase 4: GPU,1789463586076,2026-09-15
ivanpetrov32,125,proStar bonus: all 4 phases,1789463586546,2026-09-15
ikaliayev,125,proStar bonus: all 4 phases,1789463586549,2026-09-15
alburldador,125,proStar bonus: all 4 phases,1789463586554,2026-09-15
mori2323,125,proStar bonus: all 4 phases,1789463586560,2026-09-15
alburldador,45,Phase 1: CPU,1789464426997,2026-09-15
alfims,45,Phase 1: CPU,1789464427005,2026-09-15
snoopys030,45,Phase 1: CPU,1789464427008,2026-09-15
ivanpetrov32,45,Phase 1: CPU,1789464427011,2026-09-15
mori2323,45,Phase 1: CPU,1789464427048,2026-09-15
hopelessss_,45,Phase 1: CPU,1789464427050,2026-09-15
ikaliayev,45,Phase 1: CPU,1789464427054,2026-09-15
hopelessss_,65,Phase 2: HDD,1789465008995,2026-09-15
alburldador,65,Phase 2: HDD,1789465009000,2026-09-15
snoopys030,65,Phase 2: HDD,1789465009003,2026-09-15
mori2323,65,Phase 2: HDD,1789465009007,2026-09-15
ivanpetrov32,65,Phase 2: HDD,1789465009009,2026-09-15
ikaliayev,65,Phase 2: HDD,1789465009011,2026-09-15
xiaoxiao9313,65,Phase 2: HDD,1789465009017,2026-09-15
pika_gamy,65,Phase 2: HDD,1789465009018,2026-09-15
mori2323,90,Phase 3: RAM,1789465504076,2026-09-15
slay_da_b,90,Phase 3: RAM,1789465504136,2026-09-15
ikaliayev,90,Phase 3: RAM,1789465504137,2026-09-15
alburldador,90,Phase 3: RAM,1789465504147,2026-09-15
hopelessss_,90,Phase 3: RAM,1789465504149,2026-09-15
xiaoxiao9313,90,Phase 3: RAM,1789465504151,2026-09-15
ivanpetrov32,90,Phase 3: RAM,1789465504207,2026-09-15
pika_gamy,90,Phase 3: RAM,1789465504217,2026-09-15
snoopys030,90,Phase 3: RAM,1789465504304,2026-09-15
xiaoxiao9313,45,Phase 1: RAM,1789467130640,2026-09-15
silent_luc,45,Phase 1: RAM,1789467130649,2026-09-15
ivanpetrov32,45,Phase 1: RAM,1789467130656,2026-09-15
hopelessss_,45,Phase 1: RAM,1789467130659,2026-09-15
alfims,45,Phase 1: RAM,1789467130660,2026-09-15
ikaliayev,45,Phase 1: RAM,1789467130663,2026-09-15
cerebralx1,45,Phase 1: RAM,1789467130686,2026-09-15
alburldador,45,Phase 1: RAM,1789467130690,2026-09-15
snoopys030,45,Phase 1: RAM,1789467130696,2026-09-15
robin3one,45,Phase 1: RAM,1789467130698,2026-09-15
slay_da_b,45,Phase 1: RAM,1789467130700,2026-09-15
mori2323,45,Phase 1: RAM,1789467130722,2026-09-15
pika_gamy,45,Phase 1: RAM,1789467130730,2026-09-15
mori2323,65,Phase 2: GPU,1789467716948,2026-09-15
ikaliayev,65,Phase 2: GPU,1789467716964,2026-09-15
hopelessss_,65,Phase 2: GPU,1789467716967,2026-09-15
robin3one,65,Phase 2: GPU,1789467716969,2026-09-15
ivanpetrov32,65,Phase 2: GPU,1789467716972,2026-09-15
pika_gamy,65,Phase 2: GPU,1789467716976,2026-09-15
alburldador,65,Phase 2: GPU,1789467716988,2026-09-15
cerebralx1,65,Phase 2: GPU,1789467716992,2026-09-15
alfims,90,Phase 3: HDD,1789468437942,2026-09-15
xiaoxiao9313,90,Phase 3: HDD,1789468437945,2026-09-15
alburldador,90,Phase 3: HDD,1789468437948,2026-09-15
cerebralx1,90,Phase 3: HDD,1789468437955,2026-09-15
slay_da_b,90,Phase 3: HDD,1789468437958,2026-09-15
pika_gamy,90,Phase 3: HDD,1789468437963,2026-09-15
silent_luc,90,Phase 3: HDD,1789468437966,2026-09-15
snoopys030,90,Phase 3: HDD,1789468437970,2026-09-15
hopelessss_,90,Phase 3: HDD,1789468437972,2026-09-15
ikaliayev,90,Phase 3: HDD,1789468437980,2026-09-15
mori2323,90,Phase 3: HDD,1789468437986,2026-09-15
ivanpetrov32,90,Phase 3: HDD,1789468437994,2026-09-15
cerebralx1,120,Phase 4: CPU,1789468968969,2026-09-15
silent_luc,120,Phase 4: CPU,1789468968973,2026-09-15
ivanpetrov32,120,Phase 4: CPU,1789468968978,2026-09-15
hopelessss_,120,Phase 4: CPU,1789468968986,2026-09-15
yurigiu,120,Phase 4: CPU,1789468968988,2026-09-15
pika_gamy,120,Phase 4: CPU,1789468968991,2026-09-15
ikaliayev,120,Phase 4: CPU,1789468968996,2026-09-15
xiaoxiao9313,120,Phase 4: CPU,1789468968999,2026-09-15
snoopys030,120,Phase 4: CPU,1789468969036,2026-09-15
alburldador,120,Phase 4: CPU,1789468969045,2026-09-15
mori2323,120,Phase 4: CPU,1789468969051,2026-09-15
alburldador,71,proStar bonus: all 4 phases,1789468969514,2026-09-15
ikaliayev,71,proStar bonus: all 4 phases,1789468969520,2026-09-15
hopelessss_,71,proStar bonus: all 4 phases,1789468969531,2026-09-15
pika_gamy,71,proStar bonus: all 4 phases,1789468969532,2026-09-15
cerebralx1,71,proStar bonus: all 4 phases,1789468969534,2026-09-15
mori2323,71,proStar bonus: all 4 phases,1789468969538,2026-09-15
ivanpetrov32,71,proStar bonus: all 4 phases,1789468969540,2026-09-15
hopelessss_,45,Phase 1: HDD,1789469809980,2026-09-15
ivanpetrov32,45,Phase 1: HDD,1789469809982,2026-09-15
ikaliayev,45,Phase 1: HDD,1789469809983,2026-09-15
pika_gamy,45,Phase 1: HDD,1789469809986,2026-09-15
mori2323,45,Phase 1: HDD,1789469809990,2026-09-15
alburldador,45,Phase 1: HDD,1789469809991,2026-09-15
xiaoxiao9313,45,Phase 1: HDD,1789469809995,2026-09-15
mori2323,65,Phase 2: RAM,1789470231963,2026-09-15
ikaliayev,65,Phase 2: RAM,1789470231966,2026-09-15
snoopys030,65,Phase 2: RAM,1789470231973,2026-09-15
alburldador,65,Phase 2: RAM,1789470231982,2026-09-15
hopelessss_,65,Phase 2: RAM,1789470232002,2026-09-15
pika_gamy,65,Phase 2: RAM,1789470232030,2026-09-15
silent_luc,90,Phase 3: CPU,1789470685963,2026-09-15
pika_gamy,90,Phase 3: CPU,1789470685965,2026-09-15
hopelessss_,90,Phase 3: CPU,1789470685969,2026-09-15
ikaliayev,90,Phase 3: CPU,1789470685972,2026-09-15
alburldador,90,Phase 3: CPU,1789470685975,2026-09-15
xiaoxiao9313,90,Phase 3: CPU,1789470685980,2026-09-15
operacional_cae,90,Phase 3: CPU,1789470685982,2026-09-15
alphonsoe,90,Phase 3: CPU,1789470686074,2026-09-15
alphonsoe,45,Phase 1: GPU,1789472126368,2026-09-15
silent_luc,45,Phase 1: GPU,1789472126382,2026-09-15
xiaoxiao9313,45,Phase 1: GPU,1789472126389,2026-09-15
alburldador,45,Phase 1: GPU,1789472126391,2026-09-15
hopelessss_,45,Phase 1: GPU,1789472126393,2026-09-15
ivanpetrov32,45,Phase 1: GPU,1789472126399,2026-09-15
ikaliayev,45,Phase 1: GPU,1789472126401,2026-09-15
pika_gamy,45,Phase 1: GPU,1789472126405,2026-09-15
alexwifi42,45,Phase 1: GPU,1789472126407,2026-09-15
snoopys030,45,Phase 1: GPU,1789472126475,2026-09-15
robin3one,65,Phase 2: RAM,1789472927631,2026-09-15
xiaoxiao9313,65,Phase 2: RAM,1789472927644,2026-09-15
pika_gamy,65,Phase 2: RAM,1789472927669,2026-09-15
slay_da_b,65,Phase 2: RAM,1789472927674,2026-09-15
hopelessss_,65,Phase 2: RAM,1789472927681,2026-09-15
alburldador,65,Phase 2: RAM,1789472927686,2026-09-15
shadowladyex,65,Phase 2: RAM,1789472927687,2026-09-15
silent_luc,65,Phase 2: RAM,1789472927699,2026-09-15
ivanpetrov32,65,Phase 2: RAM,1789472927708,2026-09-15
alphonsoe,65,Phase 2: RAM,1789472927710,2026-09-15
snoopys030,65,Phase 2: RAM,1789472927716,2026-09-15
avin_novor,65,Phase 2: RAM,1789472927736,2026-09-15
alphonsoe,45,Phase 1: HDD,1789474387928,2026-09-15
xiaoxiao9313,45,Phase 1: HDD,1789474387939,2026-09-15
silent_luc,45,Phase 1: HDD,1789474387949,2026-09-15
alburldador,45,Phase 1: HDD,1789474387957,2026-09-15
mori2323,45,Phase 1: HDD,1789474387981,2026-09-15
pika_gamy,45,Phase 1: HDD,1789474387987,2026-09-15
robin3one,45,Phase 1: HDD,1789474387994,2026-09-15
snoopys030,45,Phase 1: HDD,1789474387997,2026-09-15
shadowladyex,45,Phase 1: HDD,1789474388018,2026-09-15
hopelessss_,45,Phase 1: HDD,1789474388075,2026-09-15
operacional_cae,45,Phase 1: HDD,1789474388101,2026-09-15
pika_gamy,65,Phase 2: GPU,1789475326616,2026-09-15
alphonsoe,65,Phase 2: GPU,1789475326627,2026-09-15
mori2323,65,Phase 2: GPU,1789475326631,2026-09-15
xiaoxiao9313,65,Phase 2: GPU,1789475326641,2026-09-15
slay_da_b,65,Phase 2: GPU,1789475326642,2026-09-15
snoopys030,65,Phase 2: GPU,1789475326645,2026-09-15
hopelessss_,65,Phase 2: GPU,1789475326648,2026-09-15
alexwifi42,65,Phase 2: GPU,1789475326650,2026-09-15
silent_luc,65,Phase 2: GPU,1789475326652,2026-09-15
lovegamesandthings00000,65,Phase 2: GPU,1789475326655,2026-09-15
alfims,65,Phase 2: GPU,1789475326657,2026-09-15
shadowladyex,65,Phase 2: GPU,1789475326658,2026-09-15
alburldador,65,Phase 2: GPU,1789475326659,2026-09-15
robin3one,65,Phase 2: GPU,1789475326661,2026-09-15
madagascaradam,45,Phase 1: CPU,1789476878364,2026-09-15
mori2323,45,Phase 1: CPU,1789476878379,2026-09-15
alphonsoe,45,Phase 1: CPU,1789476878382,2026-09-15
silent_luc,45,Phase 1: CPU,1789476878384,2026-09-15
shadowladyex,45,Phase 1: CPU,1789476878386,2026-09-15
thanossoul,45,Phase 1: CPU,1789476878388,2026-09-15
pika_gamy,45,Phase 1: CPU,1789476878392,2026-09-15
robin3one,45,Phase 1: CPU,1789476878401,2026-09-15
xiaoxiao9313,45,Phase 1: CPU,1789476878403,2026-09-15
slay_da_b,45,Phase 1: CPU,1789476878405,2026-09-15
snoopys030,45,Phase 1: CPU,1789476878412,2026-09-15
alfims,45,Phase 1: CPU,1789476878415,2026-09-15
ivanpetrov32,45,Phase 1: CPU,1789476878421,2026-09-15
alburldador,45,Phase 1: CPU,1789476878431,2026-09-15
xiaoxiao9313,65,Phase 2: GPU,1789477655113,2026-09-15
snoopys030,65,Phase 2: GPU,1789477655121,2026-09-15
mori2323,65,Phase 2: GPU,1789477655125,2026-09-15
alphonsoe,65,Phase 2: GPU,1789477655129,2026-09-15
hopelessss_,65,Phase 2: GPU,1789477655130,2026-09-15
silent_luc,65,Phase 2: GPU,1789477655185,2026-09-15
cerebralx1,65,Phase 2: GPU,1789477655189,2026-09-15
thanossoul,65,Phase 2: GPU,1789477655191,2026-09-15
shadowladyex,65,Phase 2: GPU,1789477655193,2026-09-15
madagascaradam,65,Phase 2: GPU,1789477655194,2026-09-15
robin3one,65,Phase 2: GPU,1789477655211,2026-09-15
ivanpetrov32,65,Phase 2: GPU,1789477655224,2026-09-15
alburldador,65,Phase 2: GPU,1789477655301,2026-09-15
ivanpetrov32,90,Phase 3: HDD,1789478348211,2026-09-15
madagascaradam,90,Phase 3: HDD,1789478348213,2026-09-15
hopelessss_,90,Phase 3: HDD,1789478348214,2026-09-15
robin3one,90,Phase 3: HDD,1789478348218,2026-09-15
slay_da_b,90,Phase 3: HDD,1789478348279,2026-09-15
alburldador,90,Phase 3: HDD,1789478348291,2026-09-15
cerebralx1,90,Phase 3: HDD,1789478348293,2026-09-15
mori2323,90,Phase 3: HDD,1789478348297,2026-09-15
snoopys030,90,Phase 3: HDD,1789478348298,2026-09-15
shadowladyex,90,Phase 3: HDD,1789478348299,2026-09-15
silent_luc,90,Phase 3: HDD,1789478348302,2026-09-15
xiaoxiao9313,90,Phase 3: HDD,1789478348303,2026-09-15
thanossoul,90,Phase 3: HDD,1789478348304,2026-09-15
xiaoxiao9313,45,Phase 1: GPU,1789479540882,2026-09-15
alphonsoe,45,Phase 1: GPU,1789479540889,2026-09-15
shadowladyex,45,Phase 1: GPU,1789479540902,2026-09-15
hopelessss_,45,Phase 1: GPU,1789479540945,2026-09-15
silent_luc,45,Phase 1: GPU,1789479540953,2026-09-15
cerebralx1,45,Phase 1: GPU,1789479540955,2026-09-15
alburldador,45,Phase 1: GPU,1789479540958,2026-09-15
snoopys030,45,Phase 1: GPU,1789479540963,2026-09-15
mori2323,65,Phase 2: RAM,1789480236856,2026-09-15
shadowladyex,65,Phase 2: RAM,1789480236863,2026-09-15
cerebralx1,65,Phase 2: RAM,1789480236865,2026-09-15
hopelessss_,65,Phase 2: RAM,1789480236872,2026-09-15
alphonsoe,65,Phase 2: RAM,1789480236874,2026-09-15
avin_novor,65,Phase 2: RAM,1789480236875,2026-09-15
thanossoul,65,Phase 2: RAM,1789480236880,2026-09-15
silent_luc,65,Phase 2: RAM,1789480236885,2026-09-15
snoopys030,65,Phase 2: RAM,1789480236922,2026-09-15
xiaoxiao9313,65,Phase 2: RAM,1789480236989,2026-09-15
silent_luc,90,Phase 3: HDD,1789480666895,2026-09-15
thanossoul,90,Phase 3: HDD,1789480666900,2026-09-15
shadowladyex,90,Phase 3: HDD,1789480666905,2026-09-15
ivanpetrov32,90,Phase 3: HDD,1789480666912,2026-09-15
alphonsoe,90,Phase 3: HDD,1789480666914,2026-09-15
xiaoxiao9313,90,Phase 3: HDD,1789480666945,2026-09-15
avin_novor,90,Phase 3: HDD,1789480666947,2026-09-15
alburldador,90,Phase 3: HDD,1789480666969,2026-09-15
hopelessss_,90,Phase 3: HDD,1789480666972,2026-09-15
snoopys030,90,Phase 3: HDD,1789480667040,2026-09-15
ivanpetrov32,45,Phase 1: RAM,1789482077823,2026-09-15
snoopys030,45,Phase 1: RAM,1789482077832,2026-09-15
shadowladyex,45,Phase 1: RAM,1789482077856,2026-09-15
hopelessss_,45,Phase 1: RAM,1789482077892,2026-09-15
player0451,45,Phase 1: RAM,1789482077897,2026-09-15
xiaoxiao9313,45,Phase 1: RAM,1789482077926,2026-09-15
alphonsoe,45,Phase 1: RAM,1789482077931,2026-09-15
mori2323,45,Phase 1: RAM,1789482077932,2026-09-15
silent_luc,45,Phase 1: RAM,1789482077937,2026-09-15
silent_luc,65,Phase 2: CPU,1789482922807,2026-09-15
snoopys030,65,Phase 2: CPU,1789482922811,2026-09-15
shadowladyex,65,Phase 2: CPU,1789482922814,2026-09-15
puphik,65,Phase 2: CPU,1789482922882,2026-09-15
player0451,65,Phase 2: CPU,1789482922894,2026-09-15
thanossoul,65,Phase 2: CPU,1789482922899,2026-09-15
ivanpetrov32,65,Phase 2: CPU,1789482922901,2026-09-15
alphonsoe,65,Phase 2: CPU,1789482922902,2026-09-15
avin_novor,65,Phase 2: CPU,1789482922980,2026-09-15
alburldador,65,Phase 2: CPU,1789482922981,2026-09-15
hopelessss_,65,Phase 2: CPU,1789482922984,2026-09-15
mori2323,65,Phase 2: CPU,1789482922985,2026-09-15
xiaoxiao9313,65,Phase 2: CPU,1789482922989,2026-09-15
operacional_cae,90,Phase 3: HDD,1789483725704,2026-09-15
alphonsoe,90,Phase 3: HDD,1789483725706,2026-09-15
louis_of_apshai,90,Phase 3: HDD,1789483725712,2026-09-15
xiaoxiao9313,90,Phase 3: HDD,1789483725715,2026-09-15
alexwifi42,90,Phase 3: HDD,1789483725727,2026-09-15
shadowladyex,90,Phase 3: HDD,1789483725735,2026-09-15
yurigiu,90,Phase 3: HDD,1789483725736,2026-09-15
snoopys030,90,Phase 3: HDD,1789483725739,2026-09-15
robin3one,90,Phase 3: HDD,1789483725775,2026-09-15
hopelessss_,90,Phase 3: HDD,1789483725781,2026-09-15
mori2323,90,Phase 3: HDD,1789483725785,2026-09-15
alburldador,90,Phase 3: HDD,1789483725787,2026-09-15
silent_luc,90,Phase 3: HDD,1789483725837,2026-09-15
ivanpetrov32,90,Phase 3: HDD,1789483725870,2026-09-15
lmbs00,45,Phase 1: HDD,1789485180731,2026-09-15
avin_novor,45,Phase 1: HDD,1789485180743,2026-09-15
shadowladyex,45,Phase 1: HDD,1789485180754,2026-09-15
alphonsoe,45,Phase 1: HDD,1789485180757,2026-09-15
robin3one,45,Phase 1: HDD,1789485180762,2026-09-15
mori2323,45,Phase 1: HDD,1789485180766,2026-09-15
player0451,45,Phase 1: HDD,1789485180768,2026-09-15
alburldador,45,Phase 1: HDD,1789485180789,2026-09-15
silent_luc,45,Phase 1: HDD,1789485180832,2026-09-15
pika_gamy,45,Phase 1: HDD,1789485180845,2026-09-15
xiaoxiao9313,45,Phase 1: HDD,1789485180946,2026-09-15
xiaoxiao9313,65,Phase 2: GPU,1789485685361,2026-09-15
lmbs00,65,Phase 2: GPU,1789485685379,2026-09-15
silent_luc,65,Phase 2: GPU,1789485685380,2026-09-15
alphonsoe,65,Phase 2: GPU,1789485685382,2026-09-15
mori2323,65,Phase 2: GPU,1789485685383,2026-09-15
shadowladyex,65,Phase 2: GPU,1789485685385,2026-09-15
alburldador,65,Phase 2: GPU,1789485685390,2026-09-15
pika_gamy,65,Phase 2: GPU,1789485685394,2026-09-15
alphonsoe,45,Phase 1: RAM,1789487123341,2026-09-15
hopelessss_,45,Phase 1: RAM,1789487123371,2026-09-15
silent_luc,45,Phase 1: RAM,1789487123375,2026-09-15
lmbs00,45,Phase 1: RAM,1789487123377,2026-09-15
player0451,45,Phase 1: RAM,1789487123378,2026-09-15
mori2323,45,Phase 1: RAM,1789487123385,2026-09-15
shadowladyex,45,Phase 1: RAM,1789487123388,2026-09-15
alburldador,45,Phase 1: RAM,1789487123391,2026-09-15
xiaoxiao9313,45,Phase 1: RAM,1789487123393,2026-09-15
avin_novor,45,Phase 1: RAM,1789487123395,2026-09-15
pika_gamy,45,Phase 1: RAM,1789487123397,2026-09-15
pika_gamy,65,Phase 2: GPU,1789487706035,2026-09-15
mori2323,65,Phase 2: GPU,1789487706041,2026-09-15
lmbs00,65,Phase 2: GPU,1789487706050,2026-09-15
shadowladyex,65,Phase 2: GPU,1789487706071,2026-09-15
alburldador,65,Phase 2: GPU,1789487706092,2026-09-15
robin3one,65,Phase 2: GPU,1789487706097,2026-09-15
avin_novor,65,Phase 2: GPU,1789487706108,2026-09-15
xiaoxiao9313,65,Phase 2: GPU,1789487706115,2026-09-15
silent_luc,65,Phase 2: GPU,1789487706124,2026-09-15
dahhel,65,Phase 2: GPU,1789487706127,2026-09-15
alexwifi42,90,Phase 3: HDD,1789488254007,2026-09-15
xiaoxiao9313,90,Phase 3: HDD,1789488254014,2026-09-15
silent_luc,90,Phase 3: HDD,1789488254016,2026-09-15
dahhel,90,Phase 3: HDD,1789488254022,2026-09-15
lmbs00,90,Phase 3: HDD,1789488254027,2026-09-15
mori2323,90,Phase 3: HDD,1789488254028,2026-09-15
avin_novor,90,Phase 3: HDD,1789488254037,2026-09-15
alburldador,90,Phase 3: HDD,1789488254041,2026-09-15
hopelessss_,90,Phase 3: HDD,1789488254046,2026-09-15
pika_gamy,90,Phase 3: HDD,1789488254067,2026-09-15
thanossoul,90,Phase 3: HDD,1789488254101,2026-09-15
shadowladyex,90,Phase 3: HDD,1789488254105,2026-09-15
dahhel,45,Phase 1: RAM,1789489629074,2026-09-15
alburldador,45,Phase 1: RAM,1789489629085,2026-09-15
silent_luc,45,Phase 1: RAM,1789489629087,2026-09-15
xiaoxiao9313,45,Phase 1: RAM,1789489629095,2026-09-15
hopelessss_,45,Phase 1: RAM,1789489629101,2026-09-15
pika_gamy,45,Phase 1: RAM,1789489629107,2026-09-15
thanossoul,45,Phase 1: RAM,1789489629115,2026-09-15
ivanpetrov32,45,Phase 1: RAM,1789489629118,2026-09-15
avin_novor,45,Phase 1: RAM,1789489629123,2026-09-15
cerebralx1,45,Phase 1: RAM,1789489629128,2026-09-15
mori2323,45,Phase 1: RAM,1789489629887,2026-09-15
shadowladyex,65,Phase 2: HDD,1789490326628,2026-09-15
mori2323,65,Phase 2: HDD,1789490326634,2026-09-15
cerebralx1,65,Phase 2: HDD,1789490326637,2026-09-15
hopelessss_,65,Phase 2: HDD,1789490326646,2026-09-15
dahhel,65,Phase 2: HDD,1789490326653,2026-09-15
avin_novor,65,Phase 2: HDD,1789490326655,2026-09-15
alburldador,65,Phase 2: HDD,1789490326658,2026-09-15
thanossoul,65,Phase 2: HDD,1789490326663,2026-09-15
xiaoxiao9313,65,Phase 2: HDD,1789490326673,2026-09-15
pika_gamy,65,Phase 2: HDD,1789490326683,2026-09-15
silent_luc,65,Phase 2: HDD,1789490326701,2026-09-15
dahhel,90,Phase 3: CPU,1789490843604,2026-09-15
xiaoxiao9313,90,Phase 3: CPU,1789490843615,2026-09-15
mori2323,90,Phase 3: CPU,1789490843619,2026-09-15
lmbs00,90,Phase 3: CPU,1789490843623,2026-09-15
silent_luc,90,Phase 3: CPU,1789490843627,2026-09-15
hopelessss_,90,Phase 3: CPU,1789490843636,2026-09-15
alburldador,90,Phase 3: CPU,1789490843641,2026-09-15
shadowladyex,90,Phase 3: CPU,1789490843651,2026-09-15
pika_gamy,90,Phase 3: CPU,1789490843671,2026-09-15
cerebralx1,90,Phase 3: CPU,1789490843742,2026-09-15
avin_novor,45,Phase 1: HDD,1789492356050,2026-09-15
cerebralx1,45,Phase 1: HDD,1789492356064,2026-09-15
lmbs00,45,Phase 1: HDD,1789492356068,2026-09-15
xiaoxiao9313,45,Phase 1: HDD,1789492356070,2026-09-15
alyssrentori,45,Phase 1: HDD,1789492356078,2026-09-15
pika_gamy,45,Phase 1: HDD,1789492356081,2026-09-15
shadowladyex,45,Phase 1: HDD,1789492356083,2026-09-15
hopelessss_,45,Phase 1: HDD,1789492356084,2026-09-15
mori2323,45,Phase 1: HDD,1789492356088,2026-09-15
dahhel,45,Phase 1: HDD,1789492356162,2026-09-15
silent_luc,45,Phase 1: HDD,1789492356170,2026-09-15
alburldador,45,Phase 1: HDD,1789492356241,2026-09-15
hopelessss_,65,Phase 2: CPU,1789492935346,2026-09-15
xiaoxiao9313,65,Phase 2: CPU,1789492935350,2026-09-15
alburldador,65,Phase 2: CPU,1789492935354,2026-09-15
lmbs00,65,Phase 2: CPU,1789492935362,2026-09-15
mori2323,65,Phase 2: CPU,1789492935364,2026-09-15
shadowladyex,65,Phase 2: CPU,1789492935372,2026-09-15
avin_novor,65,Phase 2: CPU,1789492935376,2026-09-15
cerebralx1,65,Phase 2: CPU,1789492935379,2026-09-15
dahhel,65,Phase 2: CPU,1789492935411,2026-09-15
pika_gamy,45,Phase 1: GPU,1789494496458,2026-09-15
xiaoxiao9313,45,Phase 1: GPU,1789494496478,2026-09-15
avin_novor,45,Phase 1: GPU,1789494496486,2026-09-15
cerebralx1,45,Phase 1: GPU,1789494496488,2026-09-15
mori2323,45,Phase 1: GPU,1789494496491,2026-09-15
silent_luc,45,Phase 1: GPU,1789494496497,2026-09-15
lmbs00,45,Phase 1: GPU,1789494496499,2026-09-15
dahhel,45,Phase 1: GPU,1789494496503,2026-09-15
louis_of_apshai,45,Phase 1: GPU,1789494496506,2026-09-15
shadowladyex,45,Phase 1: GPU,1789494496508,2026-09-15
alburldador,45,Phase 1: GPU,1789494496511,2026-09-15
hopelessss_,45,Phase 1: GPU,1789494496513,2026-09-15
thanossoul,65,Phase 2: HDD,1789495480484,2026-09-15
hopelessss_,65,Phase 2: HDD,1789495480497,2026-09-15
ura3535,65,Phase 2: HDD,1789495480509,2026-09-15
pika_gamy,65,Phase 2: HDD,1789495480519,2026-09-15
lmbs00,65,Phase 2: HDD,1789495480521,2026-09-15
alburldador,65,Phase 2: HDD,1789495480525,2026-09-15
shadowladyex,65,Phase 2: HDD,1789495480527,2026-09-15
lovegamesandthings00000,65,Phase 2: HDD,1789495480532,2026-09-15
avin_novor,65,Phase 2: HDD,1789495480534,2026-09-15
cerebralx1,65,Phase 2: HDD,1789495480537,2026-09-15
louis_of_apshai,65,Phase 2: HDD,1789495480577,2026-09-15
xiaoxiao9313,65,Phase 2: HDD,1789495480594,2026-09-15
dahhel,65,Phase 2: HDD,1789495480596,2026-09-15
mori2323,65,Phase 2: HDD,1789495480634,2026-09-15
yurigiu,90,Phase 3: CPU,1789495949247,2026-09-15
dahhel,90,Phase 3: CPU,1789495949250,2026-09-15
avin_novor,90,Phase 3: CPU,1789495949252,2026-09-15
alburldador,90,Phase 3: CPU,1789495949256,2026-09-15
alexwifi42,90,Phase 3: CPU,1789495949260,2026-09-15
ivanpetrov32,90,Phase 3: CPU,1789495949263,2026-09-15
shadowladyex,90,Phase 3: CPU,1789495949294,2026-09-15
mori2323,90,Phase 3: CPU,1789495949301,2026-09-15
xiaoxiao9313,90,Phase 3: CPU,1789495949313,2026-09-15
hopelessss_,90,Phase 3: CPU,1789495949351,2026-09-15
alburldador,120,Phase 4: RAM,1789496636224,2026-09-15
xiaoxiao9313,120,Phase 4: RAM,1789496636231,2026-09-15
shadowladyex,120,Phase 4: RAM,1789496636232,2026-09-15
pika_gamy,120,Phase 4: RAM,1789496636237,2026-09-15
mori2323,120,Phase 4: RAM,1789496636241,2026-09-15
silent_luc,120,Phase 4: RAM,1789496636247,2026-09-15
lmbs00,120,Phase 4: RAM,1789496636248,2026-09-15
robin3one,120,Phase 4: RAM,1789496636253,2026-09-15
avin_novor,120,Phase 4: RAM,1789496636256,2026-09-15
dahhel,120,Phase 4: RAM,1789496636263,2026-09-15
ivanpetrov32,120,Phase 4: RAM,1789496636269,2026-09-15
hopelessss_,120,Phase 4: RAM,1789496636314,2026-09-15
thanossoul,120,Phase 4: RAM,1789496636315,2026-09-15
ikaliayev,120,Phase 4: RAM,1789496636597,2026-09-15
alburldador,71,proStar bonus: all 4 phases,1789496637057,2026-09-15
shadowladyex,71,proStar bonus: all 4 phases,1789496637064,2026-09-15
avin_novor,71,proStar bonus: all 4 phases,1789496637068,2026-09-15
dahhel,71,proStar bonus: all 4 phases,1789496637072,2026-09-15
hopelessss_,71,proStar bonus: all 4 phases,1789496637074,2026-09-15
mori2323,71,proStar bonus: all 4 phases,1789496637077,2026-09-15
xiaoxiao9313,71,proStar bonus: all 4 phases,1789496637079,2026-09-15
xiaoxiao9313,45,Phase 1: CPU,1789498021983,2026-09-15
pika_gamy,45,Phase 1: CPU,1789498021991,2026-09-15
alburldador,45,Phase 1: CPU,1789498022006,2026-09-15
shadowladyex,45,Phase 1: CPU,1789498022009,2026-09-15
lmbs00,45,Phase 1: CPU,1789498022020,2026-09-15
thanossoul,45,Phase 1: CPU,1789498022024,2026-09-15
ivanpetrov32,45,Phase 1: CPU,1789498022026,2026-09-15
ikaliayev,45,Phase 1: CPU,1789498022028,2026-09-15
valase,45,Phase 1: CPU,1789498022030,2026-09-15
hopelessss_,45,Phase 1: CPU,1789498022032,2026-09-15
mori2323,45,Phase 1: CPU,1789498022036,2026-09-15
ura3535,45,Phase 1: CPU,1789498022039,2026-09-15
robin3one,45,Phase 1: CPU,1789498022043,2026-09-15
dahhel,45,Phase 1: CPU,1789498022046,2026-09-15
silent_luc,45,Phase 1: CPU,1789498022048,2026-09-15
alexwifi42,45,Phase 1: CPU,1789498022049,2026-09-15
avin_novor,45,Phase 1: CPU,1789498022050,2026-09-15
ura3535,65,Phase 2: HDD,1789498788354,2026-09-15
valase,65,Phase 2: HDD,1789498788361,2026-09-15
silent_luc,65,Phase 2: HDD,1789498788369,2026-09-15
alburldador,65,Phase 2: HDD,1789498788374,2026-09-15
dahhel,65,Phase 2: HDD,1789498788382,2026-09-15
lmbs00,65,Phase 2: HDD,1789498788384,2026-09-15
pika_gamy,65,Phase 2: HDD,1789498788387,2026-09-15
shadowladyex,65,Phase 2: HDD,1789498788392,2026-09-15
hopelessss_,65,Phase 2: HDD,1789498788393,2026-09-15
robin3one,65,Phase 2: HDD,1789498788413,2026-09-15
ikaliayev,65,Phase 2: HDD,1789498788426,2026-09-15
xiaoxiao9313,65,Phase 2: HDD,1789498788430,2026-09-15
mori2323,65,Phase 2: HDD,1789498788436,2026-09-15
lovegamesandthings00000,90,Phase 3: GPU,1789499230324,2026-09-15
shadowladyex,90,Phase 3: GPU,1789499230327,2026-09-15
valase,90,Phase 3: GPU,1789499230332,2026-09-15
mori2323,90,Phase 3: GPU,1789499230336,2026-09-15
avin_novor,90,Phase 3: GPU,1789499230396,2026-09-15
hopelessss_,90,Phase 3: GPU,1789499230399,2026-09-15
dahhel,90,Phase 3: GPU,1789499230400,2026-09-15
robin3one,90,Phase 3: GPU,1789499230475,2026-09-15
lmbs00,90,Phase 3: GPU,1789499230478,2026-09-15
pika_gamy,90,Phase 3: GPU,1789499230488,2026-09-15
ikaliayev,90,Phase 3: GPU,1789499230501,2026-09-15
ura3535,45,Phase 1: GPU,1789500978240,2026-09-15
mori2323,45,Phase 1: GPU,1789500978264,2026-09-15
silent_luc,45,Phase 1: GPU,1789500978266,2026-09-15
xiaoxiao9313,45,Phase 1: GPU,1789500978269,2026-09-15
avin_novor,45,Phase 1: GPU,1789500978271,2026-09-15
lmbs00,45,Phase 1: GPU,1789500978293,2026-09-15
hopelessss_,45,Phase 1: GPU,1789500978303,2026-09-15
dahhel,45,Phase 1: GPU,1789500978305,2026-09-15
shadowladyex,45,Phase 1: GPU,1789500978310,2026-09-15
alburldador,45,Phase 1: GPU,1789500978312,2026-09-15
lillakra,45,Phase 1: GPU,1789500978314,2026-09-15
lovegamesandthings00000,45,Phase 1: GPU,1789500978315,2026-09-15
ikaliayev,45,Phase 1: GPU,1789500978318,2026-09-15
thanossoul,45,Phase 1: GPU,1789500978319,2026-09-15
valase,45,Phase 1: GPU,1789500978327,2026-09-15
pika_gamy,45,Phase 1: GPU,1789500978426,2026-09-15
mori2323,65,Phase 2: CPU,1789501704977,2026-09-15
valase,65,Phase 2: CPU,1789501704984,2026-09-15
lmbs00,65,Phase 2: CPU,1789501704985,2026-09-15
ikaliayev,65,Phase 2: CPU,1789501704988,2026-09-15
pika_gamy,65,Phase 2: CPU,1789501705003,2026-09-15
dahhel,65,Phase 2: CPU,1789501705014,2026-09-15
xiaoxiao9313,65,Phase 2: CPU,1789501705016,2026-09-15
hopelessss_,65,Phase 2: CPU,1789501705025,2026-09-15
silent_luc,65,Phase 2: CPU,1789501705033,2026-09-15
thanossoul,65,Phase 2: CPU,1789501705037,2026-09-15
alexwifi42,65,Phase 2: CPU,1789501705039,2026-09-15
avin_novor,65,Phase 2: CPU,1789501705053,2026-09-15
avin_novor,45,Phase 1: GPU,1789503187809,2026-09-15
lmbs00,45,Phase 1: GPU,1789503187827,2026-09-15
dahhel,45,Phase 1: GPU,1789503187830,2026-09-15
pika_gamy,45,Phase 1: GPU,1789503187832,2026-09-15
hopelessss_,45,Phase 1: GPU,1789503187834,2026-09-15
mori2323,45,Phase 1: GPU,1789503187836,2026-09-15
alburldador,45,Phase 1: GPU,1789503187837,2026-09-15
silent_luc,45,Phase 1: GPU,1789503187889,2026-09-15
ikaliayev,45,Phase 1: GPU,1789503187932,2026-09-15
valase,45,Phase 1: GPU,1789503187936,2026-09-15
thanossoul,45,Phase 1: GPU,1789503187962,2026-09-15
lmbs00,65,Phase 2: HDD,1789503872854,2026-09-15
avin_novor,65,Phase 2: HDD,1789503872857,2026-09-15
silent_luc,65,Phase 2: HDD,1789503872864,2026-09-15
mori2323,65,Phase 2: HDD,1789503872872,2026-09-15
hopelessss_,65,Phase 2: HDD,1789503872874,2026-09-15
alfims,65,Phase 2: HDD,1789503872876,2026-09-15
dahhel,65,Phase 2: HDD,1789503872879,2026-09-15
valase,65,Phase 2: HDD,1789503872881,2026-09-15
louis_of_apshai,65,Phase 2: HDD,1789503872901,2026-09-15
ikaliayev,65,Phase 2: HDD,1789503872945,2026-09-15
mori2323,90,Phase 3: RAM,1789504311867,2026-09-15
ikaliayev,90,Phase 3: RAM,1789504311869,2026-09-15
lmbs00,90,Phase 3: RAM,1789504311874,2026-09-15
dahhel,90,Phase 3: RAM,1789504311878,2026-09-15
alburldador,90,Phase 3: RAM,1789504311881,2026-09-15
valase,90,Phase 3: RAM,1789504311885,2026-09-15
pika_gamy,90,Phase 3: RAM,1789504311898,2026-09-15
thanossoul,90,Phase 3: RAM,1789504311915,2026-09-15
hopelessss_,90,Phase 3: RAM,1789504311941,2026-09-15
silent_luc,90,Phase 3: RAM,1789504311943,2026-09-15
ikaliayev,45,Phase 1: RAM,1789505688665,2026-09-15
silent_luc,45,Phase 1: RAM,1789505688678,2026-09-15
avin_novor,45,Phase 1: RAM,1789505688681,2026-09-15
mori2323,45,Phase 1: RAM,1789505688699,2026-09-15
valase,45,Phase 1: RAM,1789505688701,2026-09-15
lmbs00,45,Phase 1: RAM,1789505688702,2026-09-15
dahhel,45,Phase 1: RAM,1789505688704,2026-09-15
pika_gamy,45,Phase 1: RAM,1789505688706,2026-09-15
alburldador,45,Phase 1: RAM,1789505688709,2026-09-15
hopelessss_,45,Phase 1: RAM,1789505688716,2026-09-15
ikaliayev,65,Phase 2: HDD,1789506361542,2026-09-15
avin_novor,65,Phase 2: HDD,1789506361546,2026-09-15
pika_gamy,65,Phase 2: HDD,1789506361549,2026-09-15
thanossoul,65,Phase 2: HDD,1789506361556,2026-09-15
hopelessss_,65,Phase 2: HDD,1789506361567,2026-09-15
lmbs00,65,Phase 2: HDD,1789506361578,2026-09-15
mori2323,65,Phase 2: HDD,1789506361580,2026-09-15
dahhel,65,Phase 2: HDD,1789506361584,2026-09-15
alburldador,65,Phase 2: HDD,1789506361588,2026-09-15
valase,65,Phase 2: HDD,1789506361589,2026-09-15
mori2323,90,Phase 3: GPU,1789506779520,2026-09-15
alburldador,90,Phase 3: GPU,1789506779526,2026-09-15
hopelessss_,90,Phase 3: GPU,1789506779529,2026-09-15
ikaliayev,90,Phase 3: GPU,1789506779542,2026-09-15
dahhel,90,Phase 3: GPU,1789506779544,2026-09-15
silent_luc,90,Phase 3: GPU,1789506779548,2026-09-15
alexwifi42,90,Phase 3: GPU,1789506779568,2026-09-15
valase,90,Phase 3: GPU,1789506779587,2026-09-15
dahhel,45,Phase 1: GPU,1789507968173,2026-09-15
valase,45,Phase 1: GPU,1789507968180,2026-09-15
lmbs00,45,Phase 1: GPU,1789507968188,2026-09-15
ikaliayev,45,Phase 1: GPU,1789507968191,2026-09-15
alburldador,45,Phase 1: GPU,1789507968204,2026-09-15
avin_novor,45,Phase 1: GPU,1789507968215,2026-09-15
mori2323,45,Phase 1: GPU,1789507968234,2026-09-15
thanossoul,65,Phase 2: HDD,1789508692119,2026-09-15
lmbs00,65,Phase 2: HDD,1789508692123,2026-09-15
ikaliayev,65,Phase 2: HDD,1789508692127,2026-09-15
silent_luc,65,Phase 2: HDD,1789508692136,2026-09-15
valase,65,Phase 2: HDD,1789508692140,2026-09-15
dahhel,65,Phase 2: HDD,1789508692146,2026-09-15
avin_novor,65,Phase 2: HDD,1789508692148,2026-09-15
operacional_cae,65,Phase 2: HDD,1789508692151,2026-09-15
pika_gamy,65,Phase 2: HDD,1789508692157,2026-09-15
mori2323,65,Phase 2: HDD,1789508692237,2026-09-15
pika_gamy,90,Phase 3: CPU,1789509161933,2026-09-15
silent_luc,90,Phase 3: CPU,1789509161945,2026-09-15
valase,90,Phase 3: CPU,1789509161949,2026-09-15
mori2323,90,Phase 3: CPU,1789509161952,2026-09-15
lmbs00,90,Phase 3: CPU,1789509161955,2026-09-15
dahhel,90,Phase 3: CPU,1789509161958,2026-09-15
ikaliayev,90,Phase 3: CPU,1789509161962,2026-09-15
avin_novor,90,Phase 3: CPU,1789509161976,2026-09-15
ikaliayev,45,Phase 1: RAM,1789510515969,2026-09-15
valase,45,Phase 1: RAM,1789510515972,2026-09-15
lmbs00,45,Phase 1: RAM,1789510515978,2026-09-15
mori2323,45,Phase 1: RAM,1789510515994,2026-09-15
avin_novor,45,Phase 1: RAM,1789510516043,2026-09-15
thanossoul,45,Phase 1: RAM,1789510516052,2026-09-15
dahhel,45,Phase 1: RAM,1789510516129,2026-09-15
pika_gamy,45,Phase 1: RAM,1789510516164,2026-09-15
silent_luc,45,Phase 1: RAM,1789510516308,2026-09-15
mori2323,65,Phase 2: GPU,1789511240806,2026-09-15
lmbs00,65,Phase 2: GPU,1789511240811,2026-09-15
pika_gamy,65,Phase 2: GPU,1789511240818,2026-09-15
thanossoul,65,Phase 2: GPU,1789511240838,2026-09-15
avin_novor,65,Phase 2: GPU,1789511240841,2026-09-15
valase,65,Phase 2: GPU,1789511240877,2026-09-15
madagascaradam,65,Phase 2: GPU,1789511240889,2026-09-15
ikaliayev,65,Phase 2: GPU,1789511240922,2026-09-15
dahhel,65,Phase 2: GPU,1789511240940,2026-09-15
pika_gamy,90,Phase 3: HDD,1789511695584,2026-09-15
louis_of_apshai,90,Phase 3: HDD,1789511695603,2026-09-15
dahhel,90,Phase 3: HDD,1789511695613,2026-09-15
lovegamesandthings00000,90,Phase 3: HDD,1789511695614,2026-09-15
avin_novor,90,Phase 3: HDD,1789511695620,2026-09-15
valase,90,Phase 3: HDD,1789511695623,2026-09-15
player0451,90,Phase 3: HDD,1789511695624,2026-09-15
ikaliayev,90,Phase 3: HDD,1789511695627,2026-09-15
mori2323,45,Phase 1: GPU,1789512975437,2026-09-15
valase,45,Phase 1: GPU,1789512975446,2026-09-15
avin_novor,45,Phase 1: GPU,1789512975448,2026-09-15
lmbs00,45,Phase 1: GPU,1789512975458,2026-09-15
ikaliayev,45,Phase 1: GPU,1789512975467,2026-09-15
dahhel,45,Phase 1: GPU,1789512975470,2026-09-15
louis_of_apshai,45,Phase 1: GPU,1789512975488,2026-09-15
pika_gamy,45,Phase 1: GPU,1789512975576,2026-09-15
alexwifi42,45,Phase 1: RAM,1789514506426,2026-09-15
ikaliayev,45,Phase 1: RAM,1789514506435,2026-09-15
pika_gamy,45,Phase 1: RAM,1789514506439,2026-09-15
valase,45,Phase 1: RAM,1789514506444,2026-09-15
lmbs00,45,Phase 1: RAM,1789514506449,2026-09-15
dahhel,45,Phase 1: RAM,1789514506453,2026-09-15
mori2323,45,Phase 1: RAM,1789514506455,2026-09-15
silent_luc,45,Phase 1: RAM,1789514506462,2026-09-15
lmbs00,65,Phase 2: GPU,1789515040041,2026-09-15
pika_gamy,65,Phase 2: GPU,1789515040045,2026-09-15
valase,65,Phase 2: GPU,1789515040050,2026-09-15
ikaliayev,65,Phase 2: GPU,1789515040053,2026-09-15
silent_luc,65,Phase 2: GPU,1789515040057,2026-09-15
alexwifi42,65,Phase 2: GPU,1789515040071,2026-09-15
valase,45,Phase 1: HDD,1789516340914,2026-09-15
dahhel,45,Phase 1: HDD,1789516340918,2026-09-15
lovegamesandthings00000,45,Phase 1: HDD,1789516340921,2026-09-15
snoopys030,45,Phase 1: HDD,1789516340925,2026-09-15
lmbs00,45,Phase 1: HDD,1789516340929,2026-09-15
pika_gamy,45,Phase 1: HDD,1789516340933,2026-09-15
ikaliayev,45,Phase 1: HDD,1789516341064,2026-09-15
silent_luc,65,Phase 2: RAM,1789517117958,2026-09-16
pika_gamy,65,Phase 2: RAM,1789517117967,2026-09-16
player0451,65,Phase 2: RAM,1789517117972,2026-09-16
ikaliayev,65,Phase 2: RAM,1789517117974,2026-09-16
mori2323,65,Phase 2: RAM,1789517117976,2026-09-16
lmbs00,65,Phase 2: RAM,1789517117981,2026-09-16
snoopys030,65,Phase 2: RAM,1789517117992,2026-09-16
thanossoul,65,Phase 2: RAM,1789517118055,2026-09-16
dahhel,65,Phase 2: RAM,1789517118059,2026-09-16
valase,65,Phase 2: RAM,1789517118095,2026-09-16
thanossoul,45,Phase 1: HDD,1789518503634,2026-09-16
shadowladyex,45,Phase 1: HDD,1789518503637,2026-09-16
snoopys030,45,Phase 1: HDD,1789518503642,2026-09-16
valase,45,Phase 1: HDD,1789518503646,2026-09-16
ikaliayev,45,Phase 1: HDD,1789518503653,2026-09-16
dahhel,45,Phase 1: HDD,1789518503659,2026-09-16
silent_luc,45,Phase 1: HDD,1789518503663,2026-09-16
pika_gamy,45,Phase 1: HDD,1789518503668,2026-09-16
ikaliayev,65,Phase 2: CPU,1789519096623,2026-09-16
valase,65,Phase 2: CPU,1789519096629,2026-09-16
silent_luc,65,Phase 2: CPU,1789519096636,2026-09-16
dahhel,65,Phase 2: CPU,1789519096637,2026-09-16
shadowladyex,65,Phase 2: CPU,1789519096641,2026-09-16
snoopys030,65,Phase 2: CPU,1789519096643,2026-09-16
lmbs00,65,Phase 2: CPU,1789519096651,2026-09-16
thanossoul,65,Phase 2: CPU,1789519096657,2026-09-16
dahhel,90,Phase 3: GPU,1789519597567,2026-09-16
silent_luc,90,Phase 3: GPU,1789519597569,2026-09-16
valase,90,Phase 3: GPU,1789519597578,2026-09-16
thanossoul,90,Phase 3: GPU,1789519597582,2026-09-16
pika_gamy,90,Phase 3: GPU,1789519597584,2026-09-16
ikaliayev,90,Phase 3: GPU,1789519597587,2026-09-16
shadowladyex,90,Phase 3: GPU,1789519597603,2026-09-16
dahhel,120,Phase 4: RAM,1789520087637,2026-09-16
silent_luc,120,Phase 4: RAM,1789520087646,2026-09-16
ikaliayev,120,Phase 4: RAM,1789520087656,2026-09-16
snoopys030,120,Phase 4: RAM,1789520087659,2026-09-16
valase,120,Phase 4: RAM,1789520087664,2026-09-16
lmbs00,120,Phase 4: RAM,1789520087666,2026-09-16
pika_gamy,120,Phase 4: RAM,1789520087669,2026-09-16
thanossoul,120,Phase 4: RAM,1789520087678,2026-09-16
shadowladyex,120,Phase 4: RAM,1789520087680,2026-09-16
thanossoul,83,proStar bonus: all 4 phases,1789520088209,2026-09-16
valase,83,proStar bonus: all 4 phases,1789520088214,2026-09-16
shadowladyex,83,proStar bonus: all 4 phases,1789520088216,2026-09-16
silent_luc,83,proStar bonus: all 4 phases,1789520088226,2026-09-16
ikaliayev,83,proStar bonus: all 4 phases,1789520088232,2026-09-16
dahhel,83,proStar bonus: all 4 phases,1789520088234,2026-09-16
pika_gamy,45,Phase 1: RAM,1789521172870,2026-09-16
valase,45,Phase 1: RAM,1789521172880,2026-09-16
dahhel,45,Phase 1: RAM,1789521172892,2026-09-16
lmbs00,45,Phase 1: RAM,1789521172895,2026-09-16
thanossoul,45,Phase 1: RAM,1789521172904,2026-09-16
shadowladyex,45,Phase 1: RAM,1789521172908,2026-09-16
snoopys030,45,Phase 1: RAM,1789521172909,2026-09-16
madagascaradam,45,Phase 1: RAM,1789521172914,2026-09-16
ikaliayev,45,Phase 1: RAM,1789521172916,2026-09-16
silent_luc,45,Phase 1: RAM,1789521172919,2026-09-16
thanossoul,65,Phase 2: CPU,1789522014559,2026-09-16
ikaliayev,65,Phase 2: CPU,1789522014565,2026-09-16
shadowladyex,65,Phase 2: CPU,1789522014567,2026-09-16
dahhel,65,Phase 2: CPU,1789522014571,2026-09-16
silent_luc,65,Phase 2: CPU,1789522014575,2026-09-16
pika_gamy,65,Phase 2: CPU,1789522014588,2026-09-16
alyssrentori,65,Phase 2: CPU,1789522014602,2026-09-16
valase,65,Phase 2: CPU,1789522014604,2026-09-16
lmbs00,65,Phase 2: CPU,1789522014661,2026-09-16
madagascaradam,65,Phase 2: CPU,1789522014663,2026-09-16
snoopys030,65,Phase 2: CPU,1789522014670,2026-09-16
shadowladyex,90,Phase 3: GPU,1789522478534,2026-09-16
lmbs00,90,Phase 3: GPU,1789522478536,2026-09-16
pika_gamy,90,Phase 3: GPU,1789522478541,2026-09-16
valase,90,Phase 3: GPU,1789522478543,2026-09-16
dahhel,90,Phase 3: GPU,1789522478550,2026-09-16
snoopys030,90,Phase 3: GPU,1789522478553,2026-09-16
ikaliayev,90,Phase 3: GPU,1789522478558,2026-09-16
valase,45,Phase 1: CPU,1789524009658,2026-09-16
pika_gamy,45,Phase 1: CPU,1789524009668,2026-09-16
dahhel,45,Phase 1: CPU,1789524009679,2026-09-16
silent_luc,45,Phase 1: CPU,1789524009685,2026-09-16
shadowladyex,45,Phase 1: CPU,1789524009687,2026-09-16
lovegamesandthings00000,45,Phase 1: CPU,1789524009691,2026-09-16
lmbs00,45,Phase 1: CPU,1789524009698,2026-09-16
madagascaradam,45,Phase 1: CPU,1789524009701,2026-09-16
snoopys030,45,Phase 1: CPU,1789524009752,2026-09-16
ikaliayev,45,Phase 1: CPU,1789524009791,2026-09-16
dahhel,65,Phase 2: HDD,1789524872300,2026-09-16
ikaliayev,65,Phase 2: HDD,1789524872304,2026-09-16
lmbs00,65,Phase 2: HDD,1789524872310,2026-09-16
silent_luc,65,Phase 2: HDD,1789524872311,2026-09-16
valase,65,Phase 2: HDD,1789524872314,2026-09-16
avin_novor,65,Phase 2: HDD,1789524872317,2026-09-16
pika_gamy,65,Phase 2: HDD,1789524872321,2026-09-16
shadowladyex,65,Phase 2: HDD,1789524872329,2026-09-16
louis_of_apshai,65,Phase 2: HDD,1789524872332,2026-09-16
snoopys030,65,Phase 2: HDD,1789524872336,2026-09-16
avin_novor,45,Phase 1: RAM,1789526273872,2026-09-16
thanossoul,45,Phase 1: RAM,1789526273887,2026-09-16
shadowladyex,45,Phase 1: RAM,1789526273891,2026-09-16
dahhel,45,Phase 1: RAM,1789526273893,2026-09-16
ikaliayev,45,Phase 1: RAM,1789526273895,2026-09-16
lmbs00,45,Phase 1: RAM,1789526273897,2026-09-16
snoopys030,45,Phase 1: RAM,1789526273899,2026-09-16
wolfmaron999,45,Phase 1: RAM,1789526273901,2026-09-16
louis_of_apshai,45,Phase 1: RAM,1789526273905,2026-09-16
snoopys030,65,Phase 2: CPU,1789526820178,2026-09-16
thanossoul,65,Phase 2: CPU,1789526820180,2026-09-16
ikaliayev,65,Phase 2: CPU,1789526820182,2026-09-16
shadowladyex,65,Phase 2: CPU,1789526820185,2026-09-16
dahhel,65,Phase 2: CPU,1789526820188,2026-09-16
lmbs00,65,Phase 2: CPU,1789526820205,2026-09-16
ikaliayev,45,Phase 1: HDD,1789528192118,2026-09-16
llucholba,45,Phase 1: HDD,1789528192128,2026-09-16
slay_da_b,45,Phase 1: HDD,1789528192132,2026-09-16
dahhel,45,Phase 1: HDD,1789528192135,2026-09-16
madagascaradam,45,Phase 1: HDD,1789528192146,2026-09-16
thanossoul,45,Phase 1: HDD,1789528192149,2026-09-16
lmbs00,45,Phase 1: HDD,1789528192156,2026-09-16
shadowladyex,45,Phase 1: HDD,1789528192216,2026-09-16
snoopys030,45,Phase 1: HDD,1789528192224,2026-09-16
avin_novor,65,Phase 2: CPU,1789528981036,2026-09-16
lovegamesandthings00000,65,Phase 2: CPU,1789528981038,2026-09-16
shadowladyex,65,Phase 2: CPU,1789528981041,2026-09-16
snoopys030,65,Phase 2: CPU,1789528981044,2026-09-16
xiaoxiao9313,65,Phase 2: CPU,1789528981046,2026-09-16
thanossoul,65,Phase 2: CPU,1789528981052,2026-09-16
llucholba,65,Phase 2: CPU,1789528981059,2026-09-16
dahhel,65,Phase 2: CPU,1789528981398,2026-09-16
ikaliayev,65,Phase 2: CPU,1789528981417,2026-09-16
slay_da_b,90,Phase 3: RAM,1789529657996,2026-09-16
dahhel,90,Phase 3: RAM,1789529658011,2026-09-16
ivanpetrov32,90,Phase 3: RAM,1789529658015,2026-09-16
llucholba,90,Phase 3: RAM,1789529658016,2026-09-16
shadowladyex,90,Phase 3: RAM,1789529658021,2026-09-16
xiaoxiao9313,90,Phase 3: RAM,1789529658022,2026-09-16
lmbs00,90,Phase 3: RAM,1789529658026,2026-09-16
madagascaradam,90,Phase 3: RAM,1789529658028,2026-09-16
ikaliayev,90,Phase 3: RAM,1789529658039,2026-09-16
avin_novor,90,Phase 3: RAM,1789529658153,2026-09-16
avin_novor,45,Phase 1: GPU,1789531063155,2026-09-16
snoopys030,45,Phase 1: GPU,1789531063170,2026-09-16
madagascaradam,45,Phase 1: GPU,1789531063172,2026-09-16
shadowladyex,45,Phase 1: GPU,1789531063178,2026-09-16
lmbs00,45,Phase 1: GPU,1789531063188,2026-09-16
slay_da_b,45,Phase 1: GPU,1789531063192,2026-09-16
ikaliayev,45,Phase 1: GPU,1789531063194,2026-09-16
ivanpetrov32,45,Phase 1: GPU,1789531063218,2026-09-16
dahhel,45,Phase 1: GPU,1789531063270,2026-09-16
avin_novor,65,Phase 2: CPU,1789531759622,2026-09-16
dahhel,65,Phase 2: CPU,1789531759628,2026-09-16
shadowladyex,65,Phase 2: CPU,1789531759629,2026-09-16
xiaoxiao9313,65,Phase 2: CPU,1789531759641,2026-09-16
lmbs00,65,Phase 2: CPU,1789531759642,2026-09-16
ikaliayev,65,Phase 2: CPU,1789531759649,2026-09-16
ivanpetrov32,65,Phase 2: CPU,1789531759650,2026-09-16
madagascaradam,65,Phase 2: CPU,1789531759651,2026-09-16
snoopys030,65,Phase 2: CPU,1789531759653,2026-09-16
dahhel,90,Phase 3: RAM,1789532305609,2026-09-16
snoopys030,90,Phase 3: RAM,1789532305612,2026-09-16
xiaoxiao9313,90,Phase 3: RAM,1789532305619,2026-09-16
avin_novor,90,Phase 3: RAM,1789532305621,2026-09-16
player0451,90,Phase 3: RAM,1789532305624,2026-09-16
ivanpetrov32,90,Phase 3: RAM,1789532305628,2026-09-16
ikaliayev,90,Phase 3: RAM,1789532305630,2026-09-16
lmbs00,90,Phase 3: RAM,1789532305635,2026-09-16
ivanpetrov32,45,Phase 1: CPU,1789533885518,2026-09-16
shadowladyex,45,Phase 1: CPU,1789533885528,2026-09-16
lmbs00,45,Phase 1: CPU,1789533885532,2026-09-16
xiaoxiao9313,45,Phase 1: CPU,1789533885534,2026-09-16
llucholba,45,Phase 1: CPU,1789533885552,2026-09-16
snoopys030,45,Phase 1: CPU,1789533885554,2026-09-16
alburldador,45,Phase 1: CPU,1789533885556,2026-09-16
ikaliayev,45,Phase 1: CPU,1789533885558,2026-09-16
avin_novor,45,Phase 1: CPU,1789533885560,2026-09-16
dahhel,45,Phase 1: CPU,1789533885562,2026-09-16
player0451,45,Phase 1: CPU,1789533885566,2026-09-16
llucholba,65,Phase 2: HDD,1789534689381,2026-09-16
ikaliayev,65,Phase 2: HDD,1789534689385,2026-09-16
lmbs00,65,Phase 2: HDD,1789534689390,2026-09-16
ivanpetrov32,65,Phase 2: HDD,1789534689397,2026-09-16
xiaoxiao9313,65,Phase 2: HDD,1789534689402,2026-09-16
shadowladyex,65,Phase 2: HDD,1789534689454,2026-09-16
avin_novor,65,Phase 2: HDD,1789534689461,2026-09-16
dahhel,65,Phase 2: HDD,1789534689476,2026-09-16
snoopys030,65,Phase 2: HDD,1789534690014,2026-09-16
alburldador,65,Phase 2: HDD,1789534690042,2026-09-16
shadowladyex,45,Phase 1: RAM,1789536013365,2026-09-16
ivanpetrov32,45,Phase 1: RAM,1789536013366,2026-09-16
ikaliayev,45,Phase 1: RAM,1789536013376,2026-09-16
snoopys030,45,Phase 1: RAM,1789536013463,2026-09-16
lmbs00,45,Phase 1: RAM,1789536013532,2026-09-16
llucholba,45,Phase 1: RAM,1789536013591,2026-09-16
slay_da_b,45,Phase 1: RAM,1789536013657,2026-09-16
alburldador,45,Phase 1: RAM,1789536014035,2026-09-16
lmbs00,65,Phase 2: CPU,1789536418307,2026-09-16
pika_gamy,65,Phase 2: CPU,1789536418313,2026-09-16
ivanpetrov32,65,Phase 2: CPU,1789536418318,2026-09-16
shadowladyex,65,Phase 2: CPU,1789536418320,2026-09-16
ikaliayev,65,Phase 2: CPU,1789536418325,2026-09-16
alburldador,65,Phase 2: CPU,1789536418347,2026-09-16
xiaoxiao9313,90,Phase 3: GPU,1789536925296,2026-09-16
avin_novor,90,Phase 3: GPU,1789536925298,2026-09-16
alfims,90,Phase 3: GPU,1789536925302,2026-09-16
shadowladyex,90,Phase 3: GPU,1789536925310,2026-09-16
pika_gamy,90,Phase 3: GPU,1789536925315,2026-09-16
lmbs00,90,Phase 3: GPU,1789536925318,2026-09-16
alburldador,90,Phase 3: GPU,1789536925321,2026-09-16
ikaliayev,90,Phase 3: GPU,1789536925329,2026-09-16
avin_novor,45,Phase 1: GPU,1789538173259,2026-09-16
llucholba,45,Phase 1: GPU,1789538173267,2026-09-16
lmbs00,45,Phase 1: GPU,1789538173274,2026-09-16
xiaoxiao9313,45,Phase 1: GPU,1789538173275,2026-09-16
ivanpetrov32,45,Phase 1: GPU,1789538173280,2026-09-16
pika_gamy,45,Phase 1: GPU,1789538173281,2026-09-16
shadowladyex,45,Phase 1: GPU,1789538173284,2026-09-16
ikaliayev,45,Phase 1: GPU,1789538173286,2026-09-16
shadowladyex,65,Phase 2: HDD,1789538984261,2026-09-16
alburldador,65,Phase 2: HDD,1789538984271,2026-09-16
xiaoxiao9313,65,Phase 2: HDD,1789538984273,2026-09-16
lmbs00,65,Phase 2: HDD,1789538984274,2026-09-16
avin_novor,65,Phase 2: HDD,1789538984341,2026-09-16
slay_da_b,65,Phase 2: HDD,1789538984343,2026-09-16
ivanpetrov32,65,Phase 2: HDD,1789538984344,2026-09-16
snoopys030,65,Phase 2: HDD,1789538984345,2026-09-16
alfims,65,Phase 2: HDD,1789538984347,2026-09-16
ikaliayev,65,Phase 2: HDD,1789538984353,2026-09-16
ikaliayev,45,Phase 1: CPU,1789540112828,2026-09-16
lmbs00,45,Phase 1: CPU,1789540112846,2026-09-16
xiaoxiao9313,45,Phase 1: CPU,1789540112858,2026-09-16
alburldador,45,Phase 1: CPU,1789540112865,2026-09-16
lmbs00,65,Phase 2: GPU,1789540691783,2026-09-16
ikaliayev,65,Phase 2: GPU,1789540691812,2026-09-16
alburldador,65,Phase 2: GPU,1789540691816,2026-09-16
xiaoxiao9313,65,Phase 2: GPU,1789540691843,2026-09-16
alfims,65,Phase 2: GPU,1789540691844,2026-09-16
pika_gamy,65,Phase 2: GPU,1789540691846,2026-09-16
snoopys030,65,Phase 2: GPU,1789540691847,2026-09-16
xiaoxiao9313,90,Phase 3: HDD,1789541342823,2026-09-16
shadowladyex,90,Phase 3: HDD,1789541342849,2026-09-16
pika_gamy,90,Phase 3: HDD,1789541342851,2026-09-16
slay_da_b,90,Phase 3: HDD,1789541342855,2026-09-16
ikaliayev,90,Phase 3: HDD,1789541342857,2026-09-16
alfims,90,Phase 3: HDD,1789541342859,2026-09-16
alburldador,90,Phase 3: HDD,1789541342863,2026-09-16
lmbs00,90,Phase 3: HDD,1789541342864,2026-09-16
llucholba,90,Phase 3: HDD,1789541342872,2026-09-16
robin3one,90,Phase 3: HDD,1789541342913,2026-09-16
snoopys030,45,Phase 1: RAM,1789542533560,2026-09-16
xiaoxiao9313,45,Phase 1: RAM,1789542533565,2026-09-16
ikaliayev,45,Phase 1: RAM,1789542533567,2026-09-16
ivanpetrov32,45,Phase 1: RAM,1789542533568,2026-09-16
lmbs00,45,Phase 1: RAM,1789542533597,2026-09-16
lmbs00,65,Phase 2: GPU,1789542955538,2026-09-16
ikaliayev,65,Phase 2: GPU,1789542955546,2026-09-16
snoopys030,65,Phase 2: GPU,1789542955547,2026-09-16
robin3one,65,Phase 2: GPU,1789542955549,2026-09-16
yurigiu,65,Phase 2: GPU,1789542955550,2026-09-16
ivanpetrov32,45,Phase 1: HDD,1789544417826,2026-09-16
naoka_ueno,45,Phase 1: HDD,1789544417839,2026-09-16
valase,45,Phase 1: HDD,1789544417854,2026-09-16
xiaoxiao9313,45,Phase 1: HDD,1789544417856,2026-09-16
ikaliayev,45,Phase 1: HDD,1789544417864,2026-09-16
robin3one,45,Phase 1: HDD,1789544417869,2026-09-16
snoopys030,45,Phase 1: HDD,1789544417870,2026-09-16
alburldador,45,Phase 1: HDD,1789544417872,2026-09-16
lmbs00,45,Phase 1: HDD,1789544417874,2026-09-16
wolfmaron999,45,Phase 1: HDD,1789544417876,2026-09-16
snoopys030,65,Phase 2: CPU,1789545246388,2026-09-16
naoka_ueno,65,Phase 2: CPU,1789545246390,2026-09-16
alburldador,65,Phase 2: CPU,1789545246399,2026-09-16
alfims,65,Phase 2: CPU,1789545246413,2026-09-16
xiaoxiao9313,65,Phase 2: CPU,1789545246426,2026-09-16
ivanpetrov32,65,Phase 2: CPU,1789545246433,2026-09-16
slay_da_b,65,Phase 2: CPU,1789545246438,2026-09-16
pika_gamy,65,Phase 2: CPU,1789545246442,2026-09-16
valase,65,Phase 2: CPU,1789545246446,2026-09-16
robin3one,65,Phase 2: CPU,1789545246448,2026-09-16
ikaliayev,65,Phase 2: CPU,1789545246557,2026-09-16
lmbs00,65,Phase 2: CPU,1789545246846,2026-09-16
robin3one,45,Phase 1: GPU,1789546420004,2026-09-16
alexwifi42,45,Phase 1: GPU,1789546420054,2026-09-16
ikaliayev,45,Phase 1: GPU,1789546420056,2026-09-16
naoka_ueno,45,Phase 1: GPU,1789546420060,2026-09-16
xiaoxiao9313,45,Phase 1: GPU,1789546420063,2026-09-16
ivanpetrov32,65,Phase 2: RAM,1789547026009,2026-09-16
naoka_ueno,65,Phase 2: RAM,1789547026011,2026-09-16
hopelessss_,65,Phase 2: RAM,1789547026014,2026-09-16
xiaoxiao9313,65,Phase 2: RAM,1789547026015,2026-09-16
alburldador,65,Phase 2: RAM,1789547026021,2026-09-16
snoopys030,65,Phase 2: RAM,1789547026024,2026-09-16
robin3one,65,Phase 2: RAM,1789547026025,2026-09-16
valase,65,Phase 2: RAM,1789547026030,2026-09-16
ikaliayev,65,Phase 2: RAM,1789547026041,2026-09-16
ivanpetrov32,45,Phase 1: HDD,1789548367537,2026-09-16
xiaoxiao9313,45,Phase 1: HDD,1789548367543,2026-09-16
hopelessss_,45,Phase 1: HDD,1789548367544,2026-09-16
alexwifi42,45,Phase 1: HDD,1789548367545,2026-09-16
alburldador,45,Phase 1: HDD,1789548367548,2026-09-16
valase,45,Phase 1: HDD,1789548367550,2026-09-16
ikaliayev,45,Phase 1: HDD,1789548367609,2026-09-16
naoka_ueno,45,Phase 1: HDD,1789548367622,2026-09-16
snoopys030,45,Phase 1: HDD,1789548367702,2026-09-16
snoopys030,65,Phase 2: GPU,1789548935396,2026-09-16
alfims,65,Phase 2: GPU,1789548935399,2026-09-16
ivanpetrov32,65,Phase 2: GPU,1789548935407,2026-09-16
hopelessss_,65,Phase 2: GPU,1789548935418,2026-09-16
xiaoxiao9313,65,Phase 2: GPU,1789548935422,2026-09-16
valase,65,Phase 2: GPU,1789548935424,2026-09-16
ikaliayev,65,Phase 2: GPU,1789548935426,2026-09-16
ikaliayev,45,Phase 1: CPU,1789550215041,2026-09-16
ivanpetrov32,45,Phase 1: CPU,1789550215045,2026-09-16
alexwifi42,45,Phase 1: CPU,1789550215053,2026-09-16
xiaoxiao9313,45,Phase 1: CPU,1789550215055,2026-09-16
alburldador,45,Phase 1: CPU,1789550215058,2026-09-16
snoopys030,45,Phase 1: CPU,1789550215062,2026-09-16
mori2323,65,Phase 2: GPU,1789550621995,2026-09-16
pika_gamy,65,Phase 2: GPU,1789550622005,2026-09-16
ikaliayev,65,Phase 2: GPU,1789550622018,2026-09-16
xiaoxiao9313,65,Phase 2: GPU,1789550622025,2026-09-16
alfims,65,Phase 2: GPU,1789550622029,2026-09-16
valase,90,Phase 3: HDD,1789551157203,2026-09-16
mori2323,90,Phase 3: HDD,1789551157205,2026-09-16
alexwifi42,90,Phase 3: HDD,1789551157208,2026-09-16
alfims,90,Phase 3: HDD,1789551157211,2026-09-16
pika_gamy,90,Phase 3: HDD,1789551157217,2026-09-16
alburldador,90,Phase 3: HDD,1789551157218,2026-09-16
snoopys030,90,Phase 3: HDD,1789551157221,2026-09-16
xiaoxiao9313,90,Phase 3: HDD,1789551157223,2026-09-16
ikaliayev,90,Phase 3: HDD,1789551157227,2026-09-16
xiaoxiao9313,45,Phase 1: CPU,1789552629263,2026-09-16
mori2323,45,Phase 1: CPU,1789552629271,2026-09-16
ikaliayev,45,Phase 1: CPU,1789552629279,2026-09-16
ivanpetrov32,45,Phase 1: CPU,1789552629281,2026-09-16
pika_gamy,45,Phase 1: CPU,1789552629283,2026-09-16
valase,45,Phase 1: CPU,1789552629344,2026-09-16
snoopys030,45,Phase 1: CPU,1789552629362,2026-09-16
alburldador,45,Phase 1: CPU,1789552629372,2026-09-16
silent_luc,45,Phase 1: CPU,1789552629501,2026-09-16
shadowladyex,45,Phase 1: CPU,1789552629523,2026-09-16
puphik,65,Phase 2: GPU,1789553617922,2026-09-16
snoopys030,65,Phase 2: GPU,1789553617945,2026-09-16
shadowladyex,65,Phase 2: GPU,1789553617952,2026-09-16
pika_gamy,65,Phase 2: GPU,1789553617959,2026-09-16
silent_luc,65,Phase 2: GPU,1789553617961,2026-09-16
alexwifi42,65,Phase 2: GPU,1789553617962,2026-09-16
naoka_ueno,65,Phase 2: GPU,1789553617966,2026-09-16
xiaoxiao9313,65,Phase 2: GPU,1789553617968,2026-09-16
alburldador,65,Phase 2: GPU,1789553617970,2026-09-16
ikaliayev,65,Phase 2: GPU,1789553617971,2026-09-16
robin3one,65,Phase 2: GPU,1789553617975,2026-09-16
valase,65,Phase 2: GPU,1789553617976,2026-09-16
ivanpetrov32,65,Phase 2: GPU,1789553617977,2026-09-16
xiaoxiao9313,45,Phase 1: GPU,1789554938766,2026-09-16
pika_gamy,45,Phase 1: GPU,1789554938768,2026-09-16
robin3one,45,Phase 1: GPU,1789554938772,2026-09-16
snoopys030,45,Phase 1: GPU,1789554938774,2026-09-16
naoka_ueno,45,Phase 1: GPU,1789554938778,2026-09-16
alexwifi42,45,Phase 1: GPU,1789554938798,2026-09-16
valase,45,Phase 1: GPU,1789554938800,2026-09-16
shadowladyex,45,Phase 1: GPU,1789554938819,2026-09-16
silent_luc,65,Phase 2: RAM,1789555433755,2026-09-16
alburldador,65,Phase 2: RAM,1789555433760,2026-09-16
shadowladyex,65,Phase 2: RAM,1789555433765,2026-09-16
alexwifi42,65,Phase 2: RAM,1789555433769,2026-09-16
xiaoxiao9313,65,Phase 2: RAM,1789555433811,2026-09-16
slay_da_b,65,Phase 2: RAM,1789555433819,2026-09-16
pika_gamy,45,Phase 1: GPU,1789556573486,2026-09-16
shadowladyex,45,Phase 1: GPU,1789556573489,2026-09-16
mori2323,45,Phase 1: GPU,1789556573501,2026-09-16
lovegamesandthings00000,45,Phase 1: GPU,1789556573510,2026-09-16
snoopys030,45,Phase 1: GPU,1789556573512,2026-09-16
xiaoxiao9313,45,Phase 1: GPU,1789556573524,2026-09-16
xiaoxiao9313,65,Phase 2: HDD,1789557004475,2026-09-16
alphonsoe,65,Phase 2: HDD,1789557004477,2026-09-16
silent_luc,65,Phase 2: HDD,1789557004483,2026-09-16
mori2323,65,Phase 2: HDD,1789557004484,2026-09-16
shadowladyex,65,Phase 2: HDD,1789557004486,2026-09-16
snoopys030,65,Phase 2: HDD,1789557004521,2026-09-16
ivanpetrov32,65,Phase 2: HDD,1789557004607,2026-09-16
snoopys030,45,Phase 1: HDD,1789558329140,2026-09-16
silent_luc,45,Phase 1: HDD,1789558329145,2026-09-16
xiaoxiao9313,45,Phase 1: HDD,1789558329146,2026-09-16
alphonsoe,45,Phase 1: HDD,1789558329151,2026-09-16
mori2323,45,Phase 1: HDD,1789558329152,2026-09-16
lovegamesandthings00000,45,Phase 1: HDD,1789558329158,2026-09-16
pika_gamy,45,Phase 1: HDD,1789558329165,2026-09-16
shadowladyex,45,Phase 1: HDD,1789558329170,2026-09-16
slay_da_b,45,Phase 1: HDD,1789558329283,2026-09-16
xiaoxiao9313,65,Phase 2: RAM,1789558893090,2026-09-16
silent_luc,65,Phase 2: RAM,1789558893102,2026-09-16
ivanpetrov32,65,Phase 2: RAM,1789558893104,2026-09-16
alphonsoe,65,Phase 2: RAM,1789558893114,2026-09-16
snoopys030,65,Phase 2: RAM,1789558893118,2026-09-16
mori2323,65,Phase 2: RAM,1789558893129,2026-09-16
shadowladyex,65,Phase 2: RAM,1789558893133,2026-09-16
xiaoxiao9313,45,Phase 1: GPU,1789559923711,2026-09-16
ivanpetrov32,45,Phase 1: GPU,1789559923713,2026-09-16
alphonsoe,45,Phase 1: GPU,1789559923715,2026-09-16
snoopys030,45,Phase 1: GPU,1789559924234,2026-09-16
pika_gamy,65,Phase 2: CPU,1789560363674,2026-09-16
shadowladyex,65,Phase 2: CPU,1789560363716,2026-09-16
alphonsoe,65,Phase 2: CPU,1789560363718,2026-09-16
xiaoxiao9313,65,Phase 2: CPU,1789560363745,2026-09-16
silent_luc,65,Phase 2: CPU,1789560363771,2026-09-16
lillakra,65,Phase 2: CPU,1789560363998,2026-09-16
lillakra,90,Phase 3: RAM,1789560829689,2026-09-16
alexwifi42,90,Phase 3: RAM,1789560829692,2026-09-16
snoopys030,90,Phase 3: RAM,1789560829694,2026-09-16
xiaoxiao9313,90,Phase 3: RAM,1789560829698,2026-09-16
pika_gamy,90,Phase 3: RAM,1789560829700,2026-09-16
alphonsoe,90,Phase 3: RAM,1789560829703,2026-09-16
silent_luc,90,Phase 3: RAM,1789560829706,2026-09-16
shadowladyex,90,Phase 3: RAM,1789560829712,2026-09-16
mori2323,45,Phase 1: CPU,1789562211315,2026-09-16
snoopys030,45,Phase 1: CPU,1789562211323,2026-09-16
shadowladyex,45,Phase 1: CPU,1789562211326,2026-09-16
operacional_cae,45,Phase 1: CPU,1789562211333,2026-09-16
alphonsoe,45,Phase 1: CPU,1789562211337,2026-09-16
xiaoxiao9313,45,Phase 1: CPU,1789562211340,2026-09-16
silent_luc,45,Phase 1: CPU,1789562211343,2026-09-16
slay_da_b,45,Phase 1: CPU,1789562211345,2026-09-16
ivanpetrov32,45,Phase 1: CPU,1789562211355,2026-09-16
alphonsoe,65,Phase 2: HDD,1789562752337,2026-09-16
ivanpetrov32,65,Phase 2: HDD,1789562752344,2026-09-16
mori2323,65,Phase 2: HDD,1789562752345,2026-09-16
shadowladyex,65,Phase 2: HDD,1789562752346,2026-09-16
pika_gamy,65,Phase 2: HDD,1789562752441,2026-09-16
xiaoxiao9313,65,Phase 2: HDD,1789562752452,2026-09-16
silent_luc,65,Phase 2: HDD,1789562752497,2026-09-16
mori2323,90,Phase 3: RAM,1789563280348,2026-09-16
pika_gamy,90,Phase 3: RAM,1789563280351,2026-09-16
xiaoxiao9313,90,Phase 3: RAM,1789563280353,2026-09-16
shadowladyex,90,Phase 3: RAM,1789563280356,2026-09-16
snoopys030,90,Phase 3: RAM,1789563280358,2026-09-16
madagascaradam,90,Phase 3: RAM,1789563280360,2026-09-16
cerebralx1,90,Phase 3: RAM,1789563280364,2026-09-16
louis_of_apshai,90,Phase 3: RAM,1789563280374,2026-09-16
alphonsoe,90,Phase 3: RAM,1789563280391,2026-09-16
xiaoxiao9313,45,Phase 1: GPU,1789564447638,2026-09-16
valase,45,Phase 1: GPU,1789564447650,2026-09-16
alexwifi42,45,Phase 1: GPU,1789564447657,2026-09-16
cerebralx1,45,Phase 1: GPU,1789564447662,2026-09-16
mori2323,45,Phase 1: GPU,1789564447801,2026-09-16
ivanpetrov32,65,Phase 2: HDD,1789565252987,2026-09-16
yurigiu,65,Phase 2: HDD,1789565252991,2026-09-16
xiaoxiao9313,65,Phase 2: HDD,1789565252995,2026-09-16
slay_da_b,65,Phase 2: HDD,1789565253003,2026-09-16
valase,65,Phase 2: HDD,1789565253007,2026-09-16
cerebralx1,65,Phase 2: HDD,1789565253010,2026-09-16
shadowladyex,65,Phase 2: HDD,1789565253016,2026-09-16
mori2323,65,Phase 2: HDD,1789565253019,2026-09-16
snoopys030,65,Phase 2: HDD,1789565253028,2026-09-16
alphonsoe,65,Phase 2: HDD,1789565253030,2026-09-16
silent_luc,65,Phase 2: HDD,1789565253105,2026-09-16
avin_novor,65,Phase 2: HDD,1789565253108,2026-09-16
thanossoul,45,Phase 1: GPU,1789566435722,2026-09-16
alphonsoe,45,Phase 1: GPU,1789566435725,2026-09-16
xiaoxiao9313,45,Phase 1: GPU,1789566435732,2026-09-16
valase,45,Phase 1: GPU,1789566435755,2026-09-16
cerebralx1,45,Phase 1: GPU,1789566435760,2026-09-16
shadowladyex,45,Phase 1: GPU,1789566435855,2026-09-16
silent_luc,45,Phase 1: GPU,1789566435862,2026-09-16
operacional_cae,45,Phase 1: GPU,1789566435985,2026-09-16
cerebralx1,65,Phase 2: CPU,1789566906720,2026-09-16
valase,65,Phase 2: CPU,1789566906724,2026-09-16
xiaoxiao9313,65,Phase 2: CPU,1789566906727,2026-09-16
shadowladyex,65,Phase 2: CPU,1789566906736,2026-09-16
silent_luc,65,Phase 2: CPU,1789566906737,2026-09-16
mori2323,65,Phase 2: CPU,1789566906742,2026-09-16
alphonsoe,65,Phase 2: CPU,1789566906772,2026-09-16
ivanpetrov32,90,Phase 3: HDD,1789567374873,2026-09-16
cerebralx1,90,Phase 3: HDD,1789567374879,2026-09-16
alphonsoe,90,Phase 3: HDD,1789567374892,2026-09-16
mori2323,90,Phase 3: HDD,1789567374894,2026-09-16
snoopys030,90,Phase 3: HDD,1789567374895,2026-09-16
xiaoxiao9313,90,Phase 3: HDD,1789567374900,2026-09-16
silent_luc,90,Phase 3: HDD,1789567374905,2026-09-16
shadowladyex,90,Phase 3: HDD,1789567374918,2026-09-16
thanossoul,90,Phase 3: HDD,1789567374923,2026-09-16
avin_novor,90,Phase 3: HDD,1789567374933,2026-09-16
lovegamesandthings00000,90,Phase 3: HDD,1789567374954,2026-09-16
alphonsoe,45,Phase 1: HDD,1789568411572,2026-09-16
xiaoxiao9313,45,Phase 1: HDD,1789568411574,2026-09-16
cerebralx1,45,Phase 1: HDD,1789568411630,2026-09-16
silent_luc,45,Phase 1: HDD,1789568411636,2026-09-16
shadowladyex,45,Phase 1: HDD,1789568411655,2026-09-16
avin_novor,65,Phase 2: CPU,1789568908436,2026-09-16
snoopys030,65,Phase 2: CPU,1789568908442,2026-09-16
cerebralx1,65,Phase 2: CPU,1789568908444,2026-09-16
xiaoxiao9313,65,Phase 2: CPU,1789568908455,2026-09-16
alburldador,65,Phase 2: CPU,1789568908459,2026-09-16
mori2323,65,Phase 2: CPU,1789568908487,2026-09-16
alphonsoe,65,Phase 2: CPU,1789568908491,2026-09-16
shadowladyex,45,Phase 1: GPU,1789570980652,2026-09-16
slay_da_b,45,Phase 1: GPU,1789570980663,2026-09-16
pika_gamy,45,Phase 1: GPU,1789570980673,2026-09-16
mori2323,45,Phase 1: GPU,1789570980676,2026-09-16
lovegamesandthings00000,45,Phase 1: GPU,1789570980678,2026-09-16
thanossoul,45,Phase 1: GPU,1789570980683,2026-09-16
alphonsoe,45,Phase 1: GPU,1789570980687,2026-09-16
avin_novor,45,Phase 1: GPU,1789570980692,2026-09-16
yurigiu,45,Phase 1: GPU,1789570980714,2026-09-16
lmbs00,45,Phase 1: GPU,1789570980775,2026-09-16
silent_luc,45,Phase 1: CPU,1789572444781,2026-09-16
alphonsoe,45,Phase 1: CPU,1789572444797,2026-09-16
mori2323,45,Phase 1: CPU,1789572444799,2026-09-16
avin_novor,45,Phase 1: CPU,1789572444801,2026-09-16
player0451,45,Phase 1: CPU,1789572444804,2026-09-16
xiaoxiao9313,45,Phase 1: CPU,1789572444808,2026-09-16
mori2323,45,Phase 1: RAM,1789574175142,2026-09-16
pika_gamy,45,Phase 1: RAM,1789574175167,2026-09-16
xiaoxiao9313,45,Phase 1: RAM,1789574175170,2026-09-16
alyssrentori,45,Phase 1: RAM,1789574175172,2026-09-16
silent_luc,45,Phase 1: RAM,1789574175174,2026-09-16
hopelessss_,45,Phase 1: RAM,1789574175177,2026-09-16
lmbs00,45,Phase 1: RAM,1789574175186,2026-09-16
lovegamesandthings00000,45,Phase 1: RAM,1789574175191,2026-09-16
avin_novor,45,Phase 1: RAM,1789574175193,2026-09-16
dahhel,45,Phase 1: RAM,1789574175196,2026-09-16
alphonsoe,45,Phase 1: RAM,1789574175202,2026-09-16
hopelessss_,65,Phase 2: CPU,1789574809282,2026-09-16
dahhel,65,Phase 2: CPU,1789574809294,2026-09-16
pika_gamy,65,Phase 2: CPU,1789574809297,2026-09-16
avin_novor,65,Phase 2: CPU,1789574809299,2026-09-16
silent_luc,65,Phase 2: CPU,1789574809312,2026-09-16
louis_of_apshai,65,Phase 2: CPU,1789574809316,2026-09-16
mori2323,65,Phase 2: CPU,1789574809323,2026-09-16
lmbs00,65,Phase 2: CPU,1789574809326,2026-09-16
xiaoxiao9313,65,Phase 2: CPU,1789574809399,2026-09-16
pika_gamy,45,Phase 1: CPU,1789576421330,2026-09-16
dahhel,45,Phase 1: CPU,1789576421348,2026-09-16
silent_luc,45,Phase 1: CPU,1789576421351,2026-09-16
shadowladyex,45,Phase 1: CPU,1789576421354,2026-09-16
hopelessss_,45,Phase 1: CPU,1789576421364,2026-09-16
llucholba,45,Phase 1: CPU,1789576421366,2026-09-16
avin_novor,45,Phase 1: CPU,1789576421373,2026-09-16
player0451,45,Phase 1: CPU,1789576421381,2026-09-16
ivanpetrov32,45,Phase 1: CPU,1789576421386,2026-09-16
robin3one,45,Phase 1: CPU,1789576421390,2026-09-16
mori2323,45,Phase 1: CPU,1789576421401,2026-09-16
lmbs00,45,Phase 1: CPU,1789576421410,2026-09-16
xiaoxiao9313,45,Phase 1: CPU,1789576421414,2026-09-16
thanossoul,45,Phase 1: CPU,1789576421429,2026-09-16
lmbs00,65,Phase 2: GPU,1789577028859,2026-09-16
mori2323,65,Phase 2: GPU,1789577028870,2026-09-16
silent_luc,65,Phase 2: GPU,1789577028875,2026-09-16
dahhel,65,Phase 2: GPU,1789577028885,2026-09-16
avin_novor,65,Phase 2: GPU,1789577028889,2026-09-16
ivanpetrov32,65,Phase 2: GPU,1789577028903,2026-09-16
xiaoxiao9313,65,Phase 2: GPU,1789577028907,2026-09-16
pika_gamy,65,Phase 2: GPU,1789577028913,2026-09-16
lmbs00,45,Phase 1: GPU,1789578332581,2026-09-16
ivanpetrov32,45,Phase 1: GPU,1789578332585,2026-09-16
dahhel,45,Phase 1: GPU,1789578332595,2026-09-16
avin_novor,45,Phase 1: GPU,1789578332597,2026-09-16
thanossoul,45,Phase 1: GPU,1789578332600,2026-09-16
mori2323,45,Phase 1: GPU,1789578332606,2026-09-16
xiaoxiao9313,45,Phase 1: GPU,1789578332608,2026-09-16
silent_luc,45,Phase 1: GPU,1789578332613,2026-09-16
pika_gamy,45,Phase 1: GPU,1789578332653,2026-09-16
hopelessss_,45,Phase 1: GPU,1789578332682,2026-09-16
avin_novor,65,Phase 2: HDD,1789578820521,2026-09-16
mori2323,65,Phase 2: HDD,1789578820536,2026-09-16
xiaoxiao9313,65,Phase 2: HDD,1789578820540,2026-09-16
dahhel,65,Phase 2: HDD,1789578820555,2026-09-16
operacional_cae,65,Phase 2: HDD,1789578820562,2026-09-16
pika_gamy,65,Phase 2: HDD,1789578820568,2026-09-16
lmbs00,65,Phase 2: HDD,1789578820595,2026-09-16
avin_novor,90,Phase 3: CPU,1789579403704,2026-09-16
ivanpetrov32,90,Phase 3: CPU,1789579403716,2026-09-16
thanossoul,90,Phase 3: CPU,1789579403719,2026-09-16
mori2323,90,Phase 3: CPU,1789579403722,2026-09-16
dahhel,90,Phase 3: CPU,1789579403727,2026-09-16
lovegamesandthings00000,90,Phase 3: CPU,1789579403731,2026-09-16
player0451,90,Phase 3: CPU,1789579403734,2026-09-16
xiaoxiao9313,90,Phase 3: CPU,1789579403740,2026-09-16
operacional_cae,90,Phase 3: CPU,1789579403749,2026-09-16
pika_gamy,90,Phase 3: CPU,1789579403757,2026-09-16
silent_luc,90,Phase 3: CPU,1789579403759,2026-09-16
lmbs00,90,Phase 3: CPU,1789579403882,2026-09-16
avin_novor,45,Phase 1: CPU,1789580805415,2026-09-16
pika_gamy,45,Phase 1: CPU,1789580805430,2026-09-16
thanossoul,45,Phase 1: CPU,1789580805433,2026-09-16
hopelessss_,45,Phase 1: CPU,1789580805439,2026-09-16
mori2323,45,Phase 1: CPU,1789580805445,2026-09-16
xiaoxiao9313,45,Phase 1: CPU,1789580805454,2026-09-16
ivanpetrov32,45,Phase 1: CPU,1789580805458,2026-09-16
lovegamesandthings00000,45,Phase 1: CPU,1789580805461,2026-09-16
silent_luc,45,Phase 1: CPU,1789580805469,2026-09-16
lmbs00,45,Phase 1: CPU,1789580805472,2026-09-16
mori2323,65,Phase 2: GPU,1789581307256,2026-09-16
lmbs00,65,Phase 2: GPU,1789581307268,2026-09-16
avin_novor,65,Phase 2: GPU,1789581307274,2026-09-16
dahhel,65,Phase 2: GPU,1789581307287,2026-09-16
pika_gamy,65,Phase 2: GPU,1789581307290,2026-09-16
ivanpetrov32,65,Phase 2: GPU,1789581307339,2026-09-16
xiaoxiao9313,45,Phase 1: RAM,1789582853515,2026-09-16
alexwifi42,45,Phase 1: RAM,1789582853536,2026-09-16
dahhel,45,Phase 1: RAM,1789582853539,2026-09-16
ivanpetrov32,45,Phase 1: RAM,1789582853542,2026-09-16
llucholba,45,Phase 1: RAM,1789582853552,2026-09-16
mori2323,45,Phase 1: RAM,1789582853558,2026-09-16
ikaliayev,45,Phase 1: RAM,1789582853560,2026-09-16
lmbs00,45,Phase 1: RAM,1789582853564,2026-09-16
thanossoul,45,Phase 1: RAM,1789582853566,2026-09-16
pika_gamy,45,Phase 1: RAM,1789582853572,2026-09-16
player0451,45,Phase 1: RAM,1789582853580,2026-09-16
ikaliayev,65,Phase 2: GPU,1789583552899,2026-09-16
mori2323,65,Phase 2: GPU,1789583552916,2026-09-16
ivanpetrov32,65,Phase 2: GPU,1789583552929,2026-09-16
dahhel,65,Phase 2: GPU,1789583552932,2026-09-16
pika_gamy,65,Phase 2: GPU,1789583552934,2026-09-16
lmbs00,65,Phase 2: GPU,1789583552946,2026-09-16
silent_luc,65,Phase 2: GPU,1789583552951,2026-09-16
avin_novor,65,Phase 2: GPU,1789583552954,2026-09-16
xiaoxiao9313,65,Phase 2: GPU,1789583552957,2026-09-16
alexwifi42,65,Phase 2: GPU,1789583552960,2026-09-16
robin3one,65,Phase 2: GPU,1789583552976,2026-09-16
hopelessss_,90,Phase 3: CPU,1789584061791,2026-09-16
xiaoxiao9313,90,Phase 3: CPU,1789584061801,2026-09-16
mori2323,90,Phase 3: CPU,1789584061805,2026-09-16
avin_novor,90,Phase 3: CPU,1789584061807,2026-09-16
ikaliayev,90,Phase 3: CPU,1789584061809,2026-09-16
lmbs00,90,Phase 3: CPU,1789584061813,2026-09-16
dahhel,90,Phase 3: CPU,1789584061819,2026-09-16
alexwifi42,90,Phase 3: CPU,1789584061822,2026-09-16
ivanpetrov32,90,Phase 3: CPU,1789584062017,2026-09-16
xiaoxiao9313,45,Phase 1: RAM,1789585441322,2026-09-16
avin_novor,45,Phase 1: RAM,1789585441338,2026-09-16
thanossoul,45,Phase 1: RAM,1789585441379,2026-09-16
ikaliayev,45,Phase 1: RAM,1789585441393,2026-09-16
silent_luc,45,Phase 1: RAM,1789585441427,2026-09-16
ivanpetrov32,45,Phase 1: RAM,1789585441466,2026-09-16
dahhel,45,Phase 1: RAM,1789585441491,2026-09-16
lmbs00,45,Phase 1: RAM,1789585441516,2026-09-16
pika_gamy,45,Phase 1: RAM,1789585441737,2026-09-16
mori2323,45,Phase 1: RAM,1789585441931,2026-09-16
pika_gamy,65,Phase 2: GPU,1789586055634,2026-09-16
lovegamesandthings00000,65,Phase 2: GPU,1789586055640,2026-09-16
thanossoul,65,Phase 2: GPU,1789586055646,2026-09-16
mori2323,65,Phase 2: GPU,1789586055652,2026-09-16
ikaliayev,65,Phase 2: GPU,1789586055659,2026-09-16
silent_luc,65,Phase 2: GPU,1789586055663,2026-09-16
dahhel,65,Phase 2: GPU,1789586055693,2026-09-16
lmbs00,65,Phase 2: GPU,1789586055699,2026-09-16
xiaoxiao9313,65,Phase 2: GPU,1789586055762,2026-09-16
llucholba,45,Phase 1: GPU,1789587337334,2026-09-16
xiaoxiao9313,45,Phase 1: GPU,1789587337338,2026-09-16
pika_gamy,45,Phase 1: GPU,1789587337342,2026-09-16
silent_luc,45,Phase 1: GPU,1789587337351,2026-09-16
dahhel,45,Phase 1: GPU,1789587337356,2026-09-16
lmbs00,45,Phase 1: GPU,1789587337365,2026-09-16
avin_novor,45,Phase 1: GPU,1789587337406,2026-09-16
ikaliayev,45,Phase 1: GPU,1789587337430,2026-09-16
lmbs00,65,Phase 2: CPU,1789587977651,2026-09-16
dahhel,65,Phase 2: CPU,1789587977662,2026-09-16
yurigiu,65,Phase 2: CPU,1789587977667,2026-09-16
xiaoxiao9313,65,Phase 2: CPU,1789587977674,2026-09-16
avin_novor,65,Phase 2: CPU,1789587977695,2026-09-16
mori2323,65,Phase 2: CPU,1789587977701,2026-09-16
pika_gamy,65,Phase 2: CPU,1789587977761,2026-09-16
silent_luc,65,Phase 2: CPU,1789587977764,2026-09-16
lovegamesandthings00000,65,Phase 2: CPU,1789587977767,2026-09-16
ikaliayev,45,Phase 1: RAM,1789589577344,2026-09-16
calypso_ba,45,Phase 1: RAM,1789589577379,2026-09-16
silent_luc,45,Phase 1: RAM,1789589577387,2026-09-16
avin_novor,45,Phase 1: RAM,1789589577398,2026-09-16
lmbs00,45,Phase 1: RAM,1789589577407,2026-09-16
xiaoxiao9313,45,Phase 1: RAM,1789589577410,2026-09-16
mori2323,45,Phase 1: RAM,1789589577420,2026-09-16
valase,45,Phase 1: RAM,1789589577435,2026-09-16
thanossoul,45,Phase 1: RAM,1789589577444,2026-09-16
dahhel,45,Phase 1: RAM,1789589577447,2026-09-16
pika_gamy,45,Phase 1: RAM,1789589577453,2026-09-16
lovegamesandthings00000,45,Phase 1: RAM,1789589577460,2026-09-16
silent_luc,65,Phase 2: HDD,1789590117969,2026-09-16
pika_gamy,65,Phase 2: HDD,1789590117992,2026-09-16
avin_novor,65,Phase 2: HDD,1789590118034,2026-09-16
dahhel,65,Phase 2: HDD,1789590118048,2026-09-16
ikaliayev,65,Phase 2: HDD,1789590118072,2026-09-16
valase,65,Phase 2: HDD,1789590118075,2026-09-16
mori2323,65,Phase 2: HDD,1789590118081,2026-09-16
lmbs00,65,Phase 2: HDD,1789590118089,2026-09-16
pika_gamy,45,Phase 1: RAM,1789591240859,2026-09-16
lmbs00,45,Phase 1: RAM,1789591240871,2026-09-16
avin_novor,45,Phase 1: RAM,1789591240874,2026-09-16
ikaliayev,45,Phase 1: RAM,1789591240878,2026-09-16
dahhel,45,Phase 1: RAM,1789591240881,2026-09-16
mori2323,45,Phase 1: RAM,1789591240886,2026-09-16
pika_gamy,65,Phase 2: GPU,1789591815721,2026-09-16
valase,65,Phase 2: GPU,1789591815728,2026-09-16
dahhel,65,Phase 2: GPU,1789591815734,2026-09-16
thanossoul,65,Phase 2: GPU,1789591815739,2026-09-16
mori2323,65,Phase 2: GPU,1789591815746,2026-09-16
avin_novor,65,Phase 2: GPU,1789591815751,2026-09-16
ikaliayev,65,Phase 2: GPU,1789591815760,2026-09-16
lmbs00,65,Phase 2: GPU,1789591815764,2026-09-16
mori2323,45,Phase 1: CPU,1789593335412,2026-09-16
lovegamesandthings00000,45,Phase 1: CPU,1789593335429,2026-09-16
avin_novor,45,Phase 1: CPU,1789593335434,2026-09-16
dahhel,45,Phase 1: CPU,1789593335451,2026-09-16
lmbs00,45,Phase 1: CPU,1789593335454,2026-09-16
pika_gamy,45,Phase 1: CPU,1789593335458,2026-09-16
silent_luc,45,Phase 1: CPU,1789593335461,2026-09-16
ikaliayev,45,Phase 1: CPU,1789593335468,2026-09-16
ichuy07,45,Phase 1: CPU,1789593335471,2026-09-16
thanossoul,45,Phase 1: CPU,1789593335475,2026-09-16
valase,45,Phase 1: CPU,1789593335482,2026-09-16
lmbs00,65,Phase 2: HDD,1789594258718,2026-09-16
dahhel,65,Phase 2: HDD,1789594258729,2026-09-16
pika_gamy,65,Phase 2: HDD,1789594258735,2026-09-16
valase,65,Phase 2: HDD,1789594258751,2026-09-16
player0451,65,Phase 2: HDD,1789594258753,2026-09-16
ichuy07,65,Phase 2: HDD,1789594258760,2026-09-16
ikaliayev,65,Phase 2: HDD,1789594258763,2026-09-16
silent_luc,65,Phase 2: HDD,1789594258770,2026-09-16
alexwifi42,65,Phase 2: HDD,1789594258777,2026-09-16
avin_novor,65,Phase 2: HDD,1789594258851,2026-09-16
thanossoul,65,Phase 2: HDD,1789594258855,2026-09-16
puphik,65,Phase 2: HDD,1789594258875,2026-09-16
ikaliayev,45,Phase 1: HDD,1789595449118,2026-09-16
lmbs00,45,Phase 1: HDD,1789595449125,2026-09-16
dahhel,45,Phase 1: HDD,1789595449128,2026-09-16
avin_novor,45,Phase 1: HDD,1789595449136,2026-09-16
mori2323,45,Phase 1: HDD,1789595449176,2026-09-16
valase,45,Phase 1: HDD,1789595449219,2026-09-16
dahhel,65,Phase 2: GPU,1789596123131,2026-09-16
pika_gamy,65,Phase 2: GPU,1789596123136,2026-09-16
lmbs00,65,Phase 2: GPU,1789596123139,2026-09-16
ikaliayev,65,Phase 2: GPU,1789596123145,2026-09-16
valase,65,Phase 2: GPU,1789596123147,2026-09-16
madagascaradam,65,Phase 2: GPU,1789596123156,2026-09-16
llucholba,65,Phase 2: GPU,1789596123159,2026-09-16
mori2323,65,Phase 2: GPU,1789596123167,2026-09-16
avin_novor,65,Phase 2: GPU,1789596123169,2026-09-16
silent_luc,65,Phase 2: GPU,1789596123219,2026-09-16
pika_gamy,45,Phase 1: HDD,1789597524932,2026-09-16
lmbs00,45,Phase 1: HDD,1789597524946,2026-09-16
silent_luc,45,Phase 1: HDD,1789597524954,2026-09-16
llucholba,45,Phase 1: HDD,1789597524960,2026-09-16
dahhel,45,Phase 1: HDD,1789597524964,2026-09-16
avin_novor,45,Phase 1: HDD,1789597524971,2026-09-16
valase,45,Phase 1: HDD,1789597524985,2026-09-16
ikaliayev,45,Phase 1: HDD,1789597524995,2026-09-16
hopelessss_,45,Phase 1: HDD,1789597524999,2026-09-16
mori2323,45,Phase 1: HDD,1789597525034,2026-09-16
silent_luc,65,Phase 2: GPU,1789598250909,2026-09-16
dahhel,65,Phase 2: GPU,1789598250916,2026-09-16
hopelessss_,65,Phase 2: GPU,1789598250940,2026-09-16
pika_gamy,65,Phase 2: GPU,1789598250952,2026-09-16
ikaliayev,65,Phase 2: GPU,1789598250954,2026-09-16
valase,65,Phase 2: GPU,1789598250959,2026-09-16
mori2323,65,Phase 2: GPU,1789598250991,2026-09-16
snoopys030,65,Phase 2: GPU,1789598251024,2026-09-16
lmbs00,65,Phase 2: GPU,1789598251027,2026-09-16
avin_novor,65,Phase 2: GPU,1789598251054,2026-09-16
lmbs00,90,Phase 3: CPU,1789598722870,2026-09-16
dahhel,90,Phase 3: CPU,1789598722880,2026-09-16
valase,90,Phase 3: CPU,1789598722889,2026-09-16
pika_gamy,90,Phase 3: CPU,1789598722902,2026-09-16
silent_luc,90,Phase 3: CPU,1789598722905,2026-09-16
mori2323,90,Phase 3: CPU,1789598722915,2026-09-16
ikaliayev,90,Phase 3: CPU,1789598722918,2026-09-16
snoopys030,90,Phase 3: CPU,1789598722923,2026-09-16
avin_novor,90,Phase 3: CPU,1789598722926,2026-09-16
hopelessss_,90,Phase 3: CPU,1789598722977,2026-09-16
silent_luc,45,Phase 1: HDD,1789600479608,2026-09-16
thanossoul,45,Phase 1: HDD,1789600479623,2026-09-16
ikaliayev,45,Phase 1: HDD,1789600479627,2026-09-16
shadowladyex,45,Phase 1: HDD,1789600479631,2026-09-16
mori2323,45,Phase 1: HDD,1789600479637,2026-09-16
madagascaradam,45,Phase 1: HDD,1789600479651,2026-09-16
avin_novor,45,Phase 1: HDD,1789600479662,2026-09-16
hopelessss_,45,Phase 1: HDD,1789600479672,2026-09-16
llucholba,45,Phase 1: HDD,1789600479674,2026-09-16
lmbs00,45,Phase 1: HDD,1789600479681,2026-09-16
pika_gamy,45,Phase 1: HDD,1789600479684,2026-09-16
snoopys030,45,Phase 1: HDD,1789600479687,2026-09-16
dahhel,45,Phase 1: HDD,1789600479691,2026-09-16
valase,45,Phase 1: HDD,1789600479714,2026-09-16
dahhel,65,Phase 2: RAM,1789601441833,2026-09-16
snoopys030,65,Phase 2: RAM,1789601441851,2026-09-16
mori2323,65,Phase 2: RAM,1789601441873,2026-09-16
lmbs00,65,Phase 2: RAM,1789601441879,2026-09-16
pika_gamy,65,Phase 2: RAM,1789601441882,2026-09-16
ikaliayev,65,Phase 2: RAM,1789601441885,2026-09-16
hopelessss_,65,Phase 2: RAM,1789601441887,2026-09-16
valase,65,Phase 2: RAM,1789601441890,2026-09-16
player0451,65,Phase 2: RAM,1789601441895,2026-09-16
silent_luc,65,Phase 2: RAM,1789601441899,2026-09-16
shadowladyex,65,Phase 2: RAM,1789601441902,2026-09-16
lovegamesandthings00000,65,Phase 2: RAM,1789601441905,2026-09-16
avin_novor,65,Phase 2: RAM,1789601441946,2026-09-16
valase,90,Phase 3: GPU,1789601911589,2026-09-16
dahhel,90,Phase 3: GPU,1789601911595,2026-09-16
ikaliayev,90,Phase 3: GPU,1789601911610,2026-09-16
shadowladyex,90,Phase 3: GPU,1789601911622,2026-09-16
avin_novor,90,Phase 3: GPU,1789601911625,2026-09-16
hopelessss_,90,Phase 3: GPU,1789601911686,2026-09-16
mori2323,90,Phase 3: GPU,1789601911688,2026-09-16
lmbs00,90,Phase 3: GPU,1789601911697,2026-09-16
player0451,45,Phase 1: HDD,1789603672182,2026-09-17
pika_gamy,45,Phase 1: HDD,1789603672199,2026-09-17
avin_novor,45,Phase 1: HDD,1789603672214,2026-09-17
alfims,45,Phase 1: HDD,1789603672217,2026-09-17
shadowladyex,45,Phase 1: HDD,1789603672221,2026-09-17
dahhel,45,Phase 1: HDD,1789603672226,2026-09-17
thanossoul,45,Phase 1: HDD,1789603672239,2026-09-17
lmbs00,45,Phase 1: HDD,1789603672244,2026-09-17
lovegamesandthings00000,45,Phase 1: HDD,1789603672250,2026-09-17
alexwifi42,45,Phase 1: HDD,1789603672258,2026-09-17
mori2323,45,Phase 1: HDD,1789603672261,2026-09-17
silent_luc,45,Phase 1: HDD,1789603672264,2026-09-17
ikaliayev,45,Phase 1: HDD,1789603672269,2026-09-17
valase,45,Phase 1: HDD,1789603672272,2026-09-17
snoopys030,45,Phase 1: HDD,1789603672280,2026-09-17
shadowladyex,65,Phase 2: RAM,1789604498264,2026-09-17
player0451,65,Phase 2: RAM,1789604498274,2026-09-17
dahhel,65,Phase 2: RAM,1789604498279,2026-09-17
mori2323,65,Phase 2: RAM,1789604498287,2026-09-17
valase,65,Phase 2: RAM,1789604498290,2026-09-17
pika_gamy,65,Phase 2: RAM,1789604498301,2026-09-17
avin_novor,65,Phase 2: RAM,1789604498311,2026-09-17
thanossoul,65,Phase 2: RAM,1789604498320,2026-09-17
snoopys030,65,Phase 2: RAM,1789604498333,2026-09-17
ikaliayev,65,Phase 2: RAM,1789604498335,2026-09-17
silent_luc,65,Phase 2: RAM,1789604498340,2026-09-17
lmbs00,65,Phase 2: RAM,1789604498346,2026-09-17
pika_gamy,90,Phase 3: CPU,1789605142309,2026-09-17
snoopys030,90,Phase 3: CPU,1789605142311,2026-09-17
valase,90,Phase 3: CPU,1789605142314,2026-09-17
mori2323,90,Phase 3: CPU,1789605142315,2026-09-17
lovegamesandthings00000,90,Phase 3: CPU,1789605142321,2026-09-17
thanossoul,90,Phase 3: CPU,1789605142387,2026-09-17
llucholba,90,Phase 3: CPU,1789605142399,2026-09-17
dahhel,90,Phase 3: CPU,1789605142406,2026-09-17
lmbs00,90,Phase 3: CPU,1789605142407,2026-09-17
silent_luc,90,Phase 3: CPU,1789605142411,2026-09-17
avin_novor,90,Phase 3: CPU,1789605142413,2026-09-17
shadowladyex,90,Phase 3: CPU,1789605142414,2026-09-17
alexwifi42,90,Phase 3: CPU,1789605142416,2026-09-17
avin_novor,45,Phase 1: GPU,1789606479833,2026-09-17
pika_gamy,45,Phase 1: GPU,1789606479842,2026-09-17
mori2323,45,Phase 1: GPU,1789606479844,2026-09-17
silent_luc,45,Phase 1: GPU,1789606479847,2026-09-17
valase,45,Phase 1: GPU,1789606479852,2026-09-17
shadowladyex,45,Phase 1: GPU,1789606479856,2026-09-17
dahhel,45,Phase 1: GPU,1789606479858,2026-09-17
ikaliayev,45,Phase 1: GPU,1789606479862,2026-09-17
snoopys030,45,Phase 1: GPU,1789606479875,2026-09-17
lmbs00,45,Phase 1: GPU,1789606479878,2026-09-17
silent_luc,65,Phase 2: RAM,1789607177024,2026-09-17
lmbs00,65,Phase 2: RAM,1789607177032,2026-09-17
pika_gamy,65,Phase 2: RAM,1789607177087,2026-09-17
mori2323,65,Phase 2: RAM,1789607177089,2026-09-17
shadowladyex,65,Phase 2: RAM,1789607177093,2026-09-17
avin_novor,65,Phase 2: RAM,1789607177096,2026-09-17
ikaliayev,65,Phase 2: RAM,1789607177098,2026-09-17
valase,65,Phase 2: RAM,1789607177100,2026-09-17
snoopys030,65,Phase 2: RAM,1789607177116,2026-09-17
dahhel,65,Phase 2: RAM,1789607177187,2026-09-17
dahhel,45,Phase 1: CPU,1789608427647,2026-09-17
valase,45,Phase 1: CPU,1789608427663,2026-09-17
shadowladyex,45,Phase 1: CPU,1789608427669,2026-09-17
pika_gamy,45,Phase 1: CPU,1789608427678,2026-09-17
avin_novor,45,Phase 1: CPU,1789608427711,2026-09-17
lmbs00,45,Phase 1: CPU,1789608427720,2026-09-17
mori2323,45,Phase 1: CPU,1789608427723,2026-09-17
shadowladyex,65,Phase 2: RAM,1789609011815,2026-09-17
lmbs00,65,Phase 2: RAM,1789609011824,2026-09-17
dahhel,65,Phase 2: RAM,1789609011830,2026-09-17
valase,65,Phase 2: RAM,1789609011833,2026-09-17
snoopys030,65,Phase 2: RAM,1789609011837,2026-09-17
thanossoul,65,Phase 2: RAM,1789609011840,2026-09-17
ikaliayev,65,Phase 2: RAM,1789609011846,2026-09-17
pika_gamy,65,Phase 2: RAM,1789609011851,2026-09-17
avin_novor,65,Phase 2: RAM,1789609011855,2026-09-17
ikaliayev,90,Phase 3: HDD,1789609514596,2026-09-17
lovegamesandthings00000,90,Phase 3: HDD,1789609514602,2026-09-17
mori2323,90,Phase 3: HDD,1789609514604,2026-09-17
dahhel,90,Phase 3: HDD,1789609514629,2026-09-17
shadowladyex,90,Phase 3: HDD,1789609514633,2026-09-17
snoopys030,90,Phase 3: HDD,1789609514637,2026-09-17
pika_gamy,90,Phase 3: HDD,1789609514643,2026-09-17
lmbs00,90,Phase 3: HDD,1789609514645,2026-09-17
avin_novor,90,Phase 3: HDD,1789609514663,2026-09-17
mori2323,45,Phase 1: CPU,1789610919296,2026-09-17
valase,45,Phase 1: CPU,1789610919303,2026-09-17
dahhel,45,Phase 1: CPU,1789610919330,2026-09-17
ikaliayev,45,Phase 1: CPU,1789610919340,2026-09-17
lmbs00,45,Phase 1: CPU,1789610919342,2026-09-17
avin_novor,45,Phase 1: CPU,1789610919393,2026-09-17
snoopys030,45,Phase 1: CPU,1789610919410,2026-09-17
shadowladyex,45,Phase 1: CPU,1789610919415,2026-09-17
lmbs00,65,Phase 2: GPU,1789611672438,2026-09-17
avin_novor,65,Phase 2: GPU,1789611672456,2026-09-17
ikaliayev,65,Phase 2: GPU,1789611672464,2026-09-17
valase,65,Phase 2: GPU,1789611672471,2026-09-17
alyssrentori,65,Phase 2: GPU,1789611672472,2026-09-17
madagascaradam,65,Phase 2: GPU,1789611672477,2026-09-17
mori2323,65,Phase 2: GPU,1789611672480,2026-09-17
dahhel,65,Phase 2: GPU,1789611672484,2026-09-17
shadowladyex,65,Phase 2: GPU,1789611672491,2026-09-17
avin_novor,90,Phase 3: HDD,1789612457418,2026-09-17
valase,90,Phase 3: HDD,1789612457423,2026-09-17
slay_da_b,90,Phase 3: HDD,1789612457432,2026-09-17
ikaliayev,90,Phase 3: HDD,1789612457435,2026-09-17
louis_of_apshai,90,Phase 3: HDD,1789612457436,2026-09-17
dahhel,90,Phase 3: HDD,1789612457438,2026-09-17
shadowladyex,90,Phase 3: HDD,1789612457449,2026-09-17
thanossoul,90,Phase 3: HDD,1789612457452,2026-09-17
snoopys030,90,Phase 3: HDD,1789612457455,2026-09-17
mori2323,90,Phase 3: HDD,1789612457457,2026-09-17
llucholba,90,Phase 3: HDD,1789612457462,2026-09-17
player0451,90,Phase 3: HDD,1789612457466,2026-09-17
lmbs00,90,Phase 3: HDD,1789612457470,2026-09-17
lovegamesandthings00000,90,Phase 3: HDD,1789612457475,2026-09-17
louis_of_apshai,45,Phase 1: GPU,1789614000905,2026-09-17
shadowladyex,45,Phase 1: GPU,1789614000921,2026-09-17
dahhel,45,Phase 1: GPU,1789614000924,2026-09-17
madagascaradam,45,Phase 1: GPU,1789614000929,2026-09-17
ikaliayev,45,Phase 1: GPU,1789614000938,2026-09-17
lmbs00,45,Phase 1: GPU,1789614000941,2026-09-17
avin_novor,45,Phase 1: GPU,1789614000943,2026-09-17
snoopys030,45,Phase 1: GPU,1789614000946,2026-09-17
thanossoul,45,Phase 1: GPU,1789614000953,2026-09-17
player0451,45,Phase 1: GPU,1789614000957,2026-09-17
slay_da_b,45,Phase 1: GPU,1789614000962,2026-09-17
lmbs00,65,Phase 2: HDD,1789614408490,2026-09-17
mori2323,65,Phase 2: HDD,1789614408493,2026-09-17
dahhel,65,Phase 2: HDD,1789614408498,2026-09-17
ikaliayev,65,Phase 2: HDD,1789614408514,2026-09-17
shadowladyex,65,Phase 2: HDD,1789614408532,2026-09-17
snoopys030,65,Phase 2: HDD,1789614408559,2026-09-17
madagascaradam,45,Phase 1: RAM,1789615805587,2026-09-17
shadowladyex,45,Phase 1: RAM,1789615805605,2026-09-17
avin_novor,45,Phase 1: RAM,1789615805609,2026-09-17
lmbs00,45,Phase 1: RAM,1789615805613,2026-09-17
dahhel,45,Phase 1: RAM,1789615805615,2026-09-17
ikaliayev,45,Phase 1: RAM,1789615805626,2026-09-17
mori2323,45,Phase 1: RAM,1789615805629,2026-09-17
lovegamesandthings00000,45,Phase 1: RAM,1789615805632,2026-09-17
snoopys030,45,Phase 1: RAM,1789615805668,2026-09-17
thanossoul,45,Phase 1: RAM,1789615805694,2026-09-17
avin_novor,65,Phase 2: GPU,1789616542809,2026-09-17
dahhel,65,Phase 2: GPU,1789616542818,2026-09-17
lmbs00,65,Phase 2: GPU,1789616542825,2026-09-17
mori2323,65,Phase 2: GPU,1789616542839,2026-09-17
ikaliayev,65,Phase 2: GPU,1789616542848,2026-09-17
lovegamesandthings00000,65,Phase 2: GPU,1789616542850,2026-09-17
shadowladyex,65,Phase 2: GPU,1789616542853,2026-09-17
snoopys030,65,Phase 2: GPU,1789616542861,2026-09-17
dahhel,90,Phase 3: HDD,1789617341904,2026-09-17
lovegamesandthings00000,90,Phase 3: HDD,1789617341915,2026-09-17
xiaoxiao9313,90,Phase 3: HDD,1789617341924,2026-09-17
snoopys030,90,Phase 3: HDD,1789617341929,2026-09-17
darkranx,90,Phase 3: HDD,1789617341933,2026-09-17
shadowladyex,90,Phase 3: HDD,1789617341935,2026-09-17
avin_novor,90,Phase 3: HDD,1789617341936,2026-09-17
ikaliayev,90,Phase 3: HDD,1789617341943,2026-09-17
lmbs00,90,Phase 3: HDD,1789617341954,2026-09-17
xiaoxiao9313,120,Phase 4: CPU,1789618061895,2026-09-17
shadowladyex,120,Phase 4: CPU,1789618061897,2026-09-17
avin_novor,120,Phase 4: CPU,1789618061905,2026-09-17
dahhel,120,Phase 4: CPU,1789618061907,2026-09-17
player0451,120,Phase 4: CPU,1789618061909,2026-09-17
ikaliayev,120,Phase 4: CPU,1789618061914,2026-09-17
ivanpetrov32,120,Phase 4: CPU,1789618061920,2026-09-17
lmbs00,120,Phase 4: CPU,1789618061948,2026-09-17
shadowladyex,100,proStar bonus: all 4 phases,1789618062444,2026-09-17
ikaliayev,100,proStar bonus: all 4 phases,1789618062454,2026-09-17
avin_novor,100,proStar bonus: all 4 phases,1789618062456,2026-09-17
dahhel,100,proStar bonus: all 4 phases,1789618062458,2026-09-17
lmbs00,100,proStar bonus: all 4 phases,1789618062462,2026-09-17
dahhel,45,Phase 1: GPU,1789619088595,2026-09-17
madagascaradam,45,Phase 1: GPU,1789619088606,2026-09-17
ivanpetrov32,45,Phase 1: GPU,1789619088622,2026-09-17
ikaliayev,45,Phase 1: GPU,1789619088636,2026-09-17
shadowladyex,45,Phase 1: GPU,1789619088639,2026-09-17
xiaoxiao9313,45,Phase 1: GPU,1789619088641,2026-09-17
lmbs00,45,Phase 1: GPU,1789619088645,2026-09-17
snoopys030,45,Phase 1: GPU,1789619088648,2026-09-17
lovegamesandthings00000,45,Phase 1: GPU,1789619088652,2026-09-17
puphik,65,Phase 2: RAM,1789619736946,2026-09-17
lmbs00,65,Phase 2: RAM,1789619736955,2026-09-17
snoopys030,65,Phase 2: RAM,1789619736964,2026-09-17
dahhel,65,Phase 2: RAM,1789619736970,2026-09-17
ikaliayev,65,Phase 2: RAM,1789619736978,2026-09-17
xiaoxiao9313,65,Phase 2: RAM,1789619736985,2026-09-17
avin_novor,65,Phase 2: RAM,1789619736994,2026-09-17
madagascaradam,65,Phase 2: RAM,1789619737003,2026-09-17
shadowladyex,65,Phase 2: RAM,1789619737006,2026-09-17
xiaoxiao9313,90,Phase 3: CPU,1789620266916,2026-09-17
shadowladyex,90,Phase 3: CPU,1789620266926,2026-09-17
avin_novor,90,Phase 3: CPU,1789620266929,2026-09-17
ikaliayev,90,Phase 3: CPU,1789620266935,2026-09-17
slay_da_b,90,Phase 3: CPU,1789620266941,2026-09-17
lmbs00,90,Phase 3: CPU,1789620266946,2026-09-17
dahhel,90,Phase 3: CPU,1789620266949,2026-09-17
ivanpetrov32,90,Phase 3: CPU,1789620266952,2026-09-17
ivanpetrov32,45,Phase 1: CPU,1789621642599,2026-09-17
darkranx,45,Phase 1: CPU,1789621642602,2026-09-17
snoopys030,45,Phase 1: CPU,1789621642609,2026-09-17
dahhel,45,Phase 1: CPU,1789621642612,2026-09-17
xiaoxiao9313,45,Phase 1: CPU,1789621642622,2026-09-17
lmbs00,45,Phase 1: CPU,1789621642625,2026-09-17
avin_novor,45,Phase 1: CPU,1789621642627,2026-09-17
ikaliayev,45,Phase 1: CPU,1789621642631,2026-09-17
shadowladyex,45,Phase 1: CPU,1789621642640,2026-09-17
ikaliayev,65,Phase 2: HDD,1789622108526,2026-09-17
snoopys030,65,Phase 2: HDD,1789622108531,2026-09-17
xiaoxiao9313,65,Phase 2: HDD,1789622108560,2026-09-17
dahhel,65,Phase 2: HDD,1789622108568,2026-09-17
lmbs00,65,Phase 2: HDD,1789622108679,2026-09-17
ikaliayev,45,Phase 1: GPU,1789623386215,2026-09-17
shadowladyex,45,Phase 1: GPU,1789623386222,2026-09-17
lmbs00,45,Phase 1: GPU,1789623386228,2026-09-17
xiaoxiao9313,45,Phase 1: GPU,1789623386236,2026-09-17
avin_novor,45,Phase 1: GPU,1789623386241,2026-09-17
ivanpetrov32,45,Phase 1: GPU,1789623386244,2026-09-17
shadowladyex,65,Phase 2: RAM,1789623905192,2026-09-17
snoopys030,65,Phase 2: RAM,1789623905196,2026-09-17
xiaoxiao9313,65,Phase 2: RAM,1789623905200,2026-09-17
madagascaradam,65,Phase 2: RAM,1789623905208,2026-09-17
lmbs00,65,Phase 2: RAM,1789623905210,2026-09-17
ikaliayev,65,Phase 2: RAM,1789623905214,2026-09-17
xiaoxiao9313,45,Phase 1: CPU,1789625070990,2026-09-17
ikaliayev,45,Phase 1: CPU,1789625070998,2026-09-17
shadowladyex,45,Phase 1: CPU,1789625071000,2026-09-17
lmbs00,45,Phase 1: CPU,1789625071003,2026-09-17
snoopys030,45,Phase 1: CPU,1789625071020,2026-09-17
xiaoxiao9313,45,Phase 1: GPU,1789626423233,2026-09-17
lmbs00,45,Phase 1: GPU,1789626423256,2026-09-17
shadowladyex,45,Phase 1: GPU,1789626423260,2026-09-17
ikaliayev,45,Phase 1: GPU,1789626423370,2026-09-17
xiaoxiao9313,65,Phase 2: CPU,1789627089153,2026-09-17
lmbs00,65,Phase 2: CPU,1789627089165,2026-09-17
robin3one,65,Phase 2: CPU,1789627089168,2026-09-17
ivanpetrov32,65,Phase 2: CPU,1789627089177,2026-09-17
ikaliayev,65,Phase 2: CPU,1789627089179,2026-09-17
shadowladyex,65,Phase 2: CPU,1789627089244,2026-09-17
robin3one,90,Phase 3: HDD,1789627754296,2026-09-17
snoopys030,90,Phase 3: HDD,1789627754299,2026-09-17
pika_gamy,90,Phase 3: HDD,1789627754301,2026-09-17
ikaliayev,90,Phase 3: HDD,1789627754313,2026-09-17
alfims,90,Phase 3: HDD,1789627754316,2026-09-17
shadowladyex,90,Phase 3: HDD,1789627754323,2026-09-17
xiaoxiao9313,90,Phase 3: HDD,1789627754326,2026-09-17
darkranx,90,Phase 3: HDD,1789627754329,2026-09-17
xiaoxiao9313,45,Phase 1: HDD,1789629182152,2026-09-17
ivanpetrov32,45,Phase 1: HDD,1789629182178,2026-09-17
darkranx,45,Phase 1: HDD,1789629182186,2026-09-17
snoopys030,45,Phase 1: HDD,1789629182190,2026-09-17
ikaliayev,45,Phase 1: HDD,1789629182223,2026-09-17
robin3one,45,Phase 1: HDD,1789629182229,2026-09-17
lmbs00,45,Phase 1: HDD,1789629182252,2026-09-17
shadowladyex,45,Phase 1: HDD,1789629182261,2026-09-17
alfims,45,Phase 1: HDD,1789629182265,2026-09-17
ikaliayev,65,Phase 2: GPU,1789629690880,2026-09-17
snoopys030,65,Phase 2: GPU,1789629690887,2026-09-17
xiaoxiao9313,65,Phase 2: GPU,1789629690904,2026-09-17
ivanpetrov32,65,Phase 2: GPU,1789629690913,2026-09-17
robin3one,65,Phase 2: GPU,1789629690916,2026-09-17
calypso_ba,180,Phase 3: RAM,1789630521910,2026-09-17
hopelessss_,180,Phase 3: RAM,1789630521921,2026-09-17
naoka_ueno,180,Phase 3: RAM,1789630521935,2026-09-17
shadowladyex,180,Phase 3: RAM,1789630521937,2026-09-17
darkranx,180,Phase 3: RAM,1789630521941,2026-09-17
ikaliayev,180,Phase 3: RAM,1789630521950,2026-09-17
yurigiu,180,Phase 3: RAM,1789630521952,2026-09-17
xiaoxiao9313,180,Phase 3: RAM,1789630521957,2026-09-17
alburldador,180,Phase 3: RAM,1789630521963,2026-09-17
snoopys030,180,Phase 3: RAM,1789630521965,2026-09-17
robin3one,180,Phase 3: RAM,1789630521967,2026-09-17
hopelessss_,240,Phase 4: CPU,1789631106931,2026-09-17
naoka_ueno,240,Phase 4: CPU,1789631106946,2026-09-17
xiaoxiao9313,240,Phase 4: CPU,1789631106954,2026-09-17
ivanpetrov32,240,Phase 4: CPU,1789631106957,2026-09-17
snoopys030,240,Phase 4: CPU,1789631106974,2026-09-17
alburldador,240,Phase 4: CPU,1789631106977,2026-09-17
ikaliayev,240,Phase 4: CPU,1789631106980,2026-09-17
shadowladyex,240,Phase 4: CPU,1789631106983,2026-09-17
aswd002,240,Phase 4: CPU,1789631106987,2026-09-17
robin3one,240,Phase 4: CPU,1789631107477,2026-09-17
snoopys030,250,proStar bonus: all 4 phases,1789631108627,2026-09-17
xiaoxiao9313,250,proStar bonus: all 4 phases,1789631108631,2026-09-17
ikaliayev,250,proStar bonus: all 4 phases,1789631108636,2026-09-17
robin3one,250,proStar bonus: all 4 phases,1789631108640,2026-09-17
ikaliayev,90,Phase 1: GPU,1789632133611,2026-09-17
hopelessss_,90,Phase 1: GPU,1789632133621,2026-09-17
naoka_ueno,90,Phase 1: GPU,1789632133632,2026-09-17
robin3one,90,Phase 1: GPU,1789632133646,2026-09-17
valase,90,Phase 1: GPU,1789632133653,2026-09-17
shadowladyex,90,Phase 1: GPU,1789632133656,2026-09-17
darkranx,90,Phase 1: GPU,1789632133658,2026-09-17
snoopys030,90,Phase 1: GPU,1789632133661,2026-09-17
alburldador,90,Phase 1: GPU,1789632133665,2026-09-17
xiaoxiao9313,90,Phase 1: GPU,1789632133713,2026-09-17
naoka_ueno,130,Phase 2: RAM,1789632849135,2026-09-17
alburldador,130,Phase 2: RAM,1789632849139,2026-09-17
shadowladyex,130,Phase 2: RAM,1789632849145,2026-09-17
xiaoxiao9313,130,Phase 2: RAM,1789632849156,2026-09-17
hopelessss_,130,Phase 2: RAM,1789632849159,2026-09-17
robin3one,130,Phase 2: RAM,1789632849166,2026-09-17
ikaliayev,130,Phase 2: RAM,1789632849171,2026-09-17
ivanpetrov32,130,Phase 2: RAM,1789632849175,2026-09-17
pika_gamy,130,Phase 2: RAM,1789632849183,2026-09-17
snoopys030,130,Phase 2: RAM,1789632849196,2026-09-17
ikaliayev,90,Phase 1: CPU,1789634312505,2026-09-17
xiaoxiao9313,90,Phase 1: CPU,1789634312525,2026-09-17
hopelessss_,90,Phase 1: CPU,1789634312529,2026-09-17
robin3one,90,Phase 1: CPU,1789634312543,2026-09-17
naoka_ueno,90,Phase 1: CPU,1789634312547,2026-09-17
shadowladyex,90,Phase 1: CPU,1789634312551,2026-09-17
snoopys030,90,Phase 1: CPU,1789634312554,2026-09-17
alburldador,90,Phase 1: CPU,1789634312564,2026-09-17
pika_gamy,90,Phase 1: CPU,1789634312567,2026-09-17
alfims,90,Phase 1: CPU,1789634312573,2026-09-17
robin3one,130,Phase 2: HDD,1789635038863,2026-09-17
hopelessss_,130,Phase 2: HDD,1789635038883,2026-09-17
shadowladyex,130,Phase 2: HDD,1789635038894,2026-09-17
aswd002,130,Phase 2: HDD,1789635038898,2026-09-17
naoka_ueno,130,Phase 2: HDD,1789635038904,2026-09-17
ikaliayev,130,Phase 2: HDD,1789635038907,2026-09-17
pika_gamy,130,Phase 2: HDD,1789635038911,2026-09-17
alburldador,130,Phase 2: HDD,1789635038915,2026-09-17
xiaoxiao9313,130,Phase 2: HDD,1789635038919,2026-09-17
snoopys030,130,Phase 2: HDD,1789635038927,2026-09-17
hopelessss_,90,Phase 1: CPU,1789636503536,2026-09-17
xiaoxiao9313,90,Phase 1: CPU,1789636503561,2026-09-17
naoka_ueno,90,Phase 1: CPU,1789636503565,2026-09-17
robin3one,90,Phase 1: CPU,1789636503569,2026-09-17
ikaliayev,90,Phase 1: CPU,1789636503594,2026-09-17
shadowladyex,90,Phase 1: CPU,1789636503596,2026-09-17
aswd002,90,Phase 1: CPU,1789636503603,2026-09-17
pika_gamy,90,Phase 1: CPU,1789636503606,2026-09-17
snoopys030,90,Phase 1: CPU,1789636503615,2026-09-17
alburldador,90,Phase 1: CPU,1789636503668,2026-09-17
shadowladyex,130,Phase 2: HDD,1789637376634,2026-09-17
pika_gamy,130,Phase 2: HDD,1789637376650,2026-09-17
ivanpetrov32,130,Phase 2: HDD,1789637376656,2026-09-17
alburldador,130,Phase 2: HDD,1789637376672,2026-09-17
slay_da_b,130,Phase 2: HDD,1789637376684,2026-09-17
snoopys030,130,Phase 2: HDD,1789637376697,2026-09-17
ikaliayev,130,Phase 2: HDD,1789637376708,2026-09-17
robin3one,130,Phase 2: HDD,1789637376748,2026-09-17
xiaoxiao9313,130,Phase 2: HDD,1789637376755,2026-09-17
darkranx,130,Phase 2: HDD,1789637376762,2026-09-17
naoka_ueno,130,Phase 2: HDD,1789637376778,2026-09-17
hopelessss_,130,Phase 2: HDD,1789637376783,2026-09-17
alfims,180,Phase 3: GPU,1789638027749,2026-09-17
xiaoxiao9313,180,Phase 3: GPU,1789638027753,2026-09-17
alburldador,180,Phase 3: GPU,1789638027754,2026-09-17
pika_gamy,180,Phase 3: GPU,1789638027757,2026-09-17
ikaliayev,180,Phase 3: GPU,1789638027804,2026-09-17
snoopys030,180,Phase 3: GPU,1789638027825,2026-09-17
hopelessss_,180,Phase 3: GPU,1789638027828,2026-09-17
naoka_ueno,180,Phase 3: GPU,1789638027831,2026-09-17
robin3one,180,Phase 3: GPU,1789638027834,2026-09-17
darkranx,180,Phase 3: GPU,1789638027836,2026-09-17
shadowladyex,180,Phase 3: GPU,1789638027837,2026-09-17
robin3one,240,Phase 4: RAM,1789638464624,2026-09-17
naoka_ueno,240,Phase 4: RAM,1789638464634,2026-09-17
snoopys030,240,Phase 4: RAM,1789638464636,2026-09-17
xiaoxiao9313,240,Phase 4: RAM,1789638464640,2026-09-17
alburldador,240,Phase 4: RAM,1789638464643,2026-09-17
shadowladyex,240,Phase 4: RAM,1789638464650,2026-09-17
pika_gamy,240,Phase 4: RAM,1789638464652,2026-09-17
ikaliayev,240,Phase 4: RAM,1789638464659,2026-09-17
hopelessss_,240,Phase 4: RAM,1789638464664,2026-09-17
robin3one,110,proStar bonus: all 4 phases,1789638465203,2026-09-17
hopelessss_,110,proStar bonus: all 4 phases,1789638465210,2026-09-17
naoka_ueno,110,proStar bonus: all 4 phases,1789638465220,2026-09-17
ikaliayev,110,proStar bonus: all 4 phases,1789638465224,2026-09-17
pika_gamy,110,proStar bonus: all 4 phases,1789638465226,2026-09-17
xiaoxiao9313,110,proStar bonus: all 4 phases,1789638465230,2026-09-17
alburldador,110,proStar bonus: all 4 phases,1789638465232,2026-09-17
snoopys030,110,proStar bonus: all 4 phases,1789638465235,2026-09-17
shadowladyex,110,proStar bonus: all 4 phases,1789638465237,2026-09-17
alburldador,90,Phase 1: HDD,1789639791594,2026-09-17
ikaliayev,90,Phase 1: HDD,1789639791612,2026-09-17
operacional_cae,90,Phase 1: HDD,1789639791615,2026-09-17
shadowladyex,90,Phase 1: HDD,1789639791628,2026-09-17
xiaoxiao9313,90,Phase 1: HDD,1789639791631,2026-09-17
snoopys030,90,Phase 1: HDD,1789639791638,2026-09-17
robin3one,90,Phase 1: HDD,1789639791641,2026-09-17
hopelessss_,90,Phase 1: HDD,1789639791649,2026-09-17
pika_gamy,90,Phase 1: HDD,1789639791652,2026-09-17
ivanpetrov32,90,Phase 1: HDD,1789639791655,2026-09-17
naoka_ueno,90,Phase 1: HDD,1789639791658,2026-09-17
silent_luc,90,Phase 1: HDD,1789639791662,2026-09-17
alfims,90,Phase 1: HDD,1789639791664,2026-09-17
slay_da_b,90,Phase 1: HDD,1789639791667,2026-09-17
shadowladyex,130,Phase 2: GPU,1789640608724,2026-09-17
xiaoxiao9313,130,Phase 2: GPU,1789640608730,2026-09-17
naoka_ueno,130,Phase 2: GPU,1789640608744,2026-09-17
snoopys030,130,Phase 2: GPU,1789640608747,2026-09-17
operacional_cae,130,Phase 2: GPU,1789640608749,2026-09-17
ikaliayev,130,Phase 2: GPU,1789640608753,2026-09-17
ivanpetrov32,130,Phase 2: GPU,1789640608759,2026-09-17
hopelessss_,130,Phase 2: GPU,1789640608761,2026-09-17
robin3one,130,Phase 2: GPU,1789640608765,2026-09-17
alburldador,130,Phase 2: GPU,1789640608767,2026-09-17
pika_gamy,130,Phase 2: GPU,1789640608805,2026-09-17
robin3one,90,Phase 3: CPU,1789641396793,2026-09-17
alfims,90,Phase 3: CPU,1789641396796,2026-09-17
ikaliayev,90,Phase 3: CPU,1789641396798,2026-09-17
alburldador,90,Phase 3: CPU,1789641396856,2026-09-17
xiaoxiao9313,90,Phase 3: CPU,1789641396859,2026-09-17
snoopys030,90,Phase 3: CPU,1789641396861,2026-09-17
slay_da_b,90,Phase 3: CPU,1789641396878,2026-09-17
naoka_ueno,90,Phase 3: CPU,1789641396885,2026-09-17
shadowladyex,90,Phase 3: CPU,1789641396887,2026-09-17
hopelessss_,90,Phase 3: CPU,1789641396889,2026-09-17
lovegamesandthings00000,90,Phase 3: CPU,1789641396891,2026-09-17
pika_gamy,90,Phase 3: CPU,1789641396894,2026-09-17
silent_luc,90,Phase 3: CPU,1789641396897,2026-09-17
ivanpetrov32,45,Phase 1: CPU,1789643030424,2026-09-17
robin3one,45,Phase 1: CPU,1789643030440,2026-09-17
ikaliayev,45,Phase 1: CPU,1789643030443,2026-09-17
pika_gamy,45,Phase 1: CPU,1789643030447,2026-09-17
hopelessss_,45,Phase 1: CPU,1789643030455,2026-09-17
lovegamesandthings00000,45,Phase 1: CPU,1789643030467,2026-09-17
alburldador,45,Phase 1: CPU,1789643030469,2026-09-17
xiaoxiao9313,45,Phase 1: CPU,1789643030474,2026-09-17
naoka_ueno,45,Phase 1: CPU,1789643030478,2026-09-17
alexwifi42,45,Phase 1: CPU,1789643030480,2026-09-17
snoopys030,45,Phase 1: CPU,1789643030485,2026-09-17
shadowladyex,45,Phase 1: CPU,1789643030487,2026-09-17
alphonsoe,45,Phase 1: CPU,1789643030489,2026-09-17
shadowladyex,65,Phase 2: RAM,1789643991280,2026-09-17
hopelessss_,65,Phase 2: RAM,1789643991298,2026-09-17
snoopys030,65,Phase 2: RAM,1789643991302,2026-09-17
pika_gamy,65,Phase 2: RAM,1789643991305,2026-09-17
naoka_ueno,65,Phase 2: RAM,1789643991319,2026-09-17
alburldador,65,Phase 2: RAM,1789643991325,2026-09-17
mori2323,65,Phase 2: RAM,1789643991327,2026-09-17
silent_luc,65,Phase 2: RAM,1789643991338,2026-09-17
alphonsoe,65,Phase 2: RAM,1789643991353,2026-09-17
ikaliayev,65,Phase 2: RAM,1789643991356,2026-09-17
avin_novor,65,Phase 2: RAM,1789643991359,2026-09-17
alexwifi42,65,Phase 2: RAM,1789643991363,2026-09-17
xiaoxiao9313,65,Phase 2: RAM,1789643991367,2026-09-17
robin3one,65,Phase 2: RAM,1789643991369,2026-09-17
naoka_ueno,90,Phase 3: HDD,1789644466292,2026-09-17
shadowladyex,90,Phase 3: HDD,1789644466297,2026-09-17
hopelessss_,90,Phase 3: HDD,1789644466303,2026-09-17
ikaliayev,90,Phase 3: HDD,1789644466314,2026-09-17
alphonsoe,90,Phase 3: HDD,1789644466322,2026-09-17
xiaoxiao9313,90,Phase 3: HDD,1789644466334,2026-09-17
pika_gamy,90,Phase 3: HDD,1789644466454,2026-09-17
snoopys030,90,Phase 3: HDD,1789644466476,2026-09-17
silent_luc,90,Phase 3: HDD,1789644466486,2026-09-17
silent_luc,120,Phase 4: GPU,1789644970262,2026-09-17
xiaoxiao9313,120,Phase 4: GPU,1789644970267,2026-09-17
snoopys030,120,Phase 4: GPU,1789644970273,2026-09-17
shadowladyex,120,Phase 4: GPU,1789644970275,2026-09-17
robin3one,120,Phase 4: GPU,1789644970283,2026-09-17
naoka_ueno,120,Phase 4: GPU,1789644970288,2026-09-17
pika_gamy,120,Phase 4: GPU,1789644970297,2026-09-17
alphonsoe,120,Phase 4: GPU,1789644970302,2026-09-17
ivanpetrov32,120,Phase 4: GPU,1789644970308,2026-09-17
hopelessss_,120,Phase 4: GPU,1789644970311,2026-09-17
ikaliayev,120,Phase 4: GPU,1789644970314,2026-09-17
mori2323,120,Phase 4: GPU,1789644970315,2026-09-17
ikaliayev,62,proStar bonus: all 4 phases,1789644970939,2026-09-17
shadowladyex,62,proStar bonus: all 4 phases,1789644970944,2026-09-17
alphonsoe,62,proStar bonus: all 4 phases,1789644970955,2026-09-17
xiaoxiao9313,62,proStar bonus: all 4 phases,1789644970960,2026-09-17
pika_gamy,62,proStar bonus: all 4 phases,1789644970970,2026-09-17
hopelessss_,62,proStar bonus: all 4 phases,1789644970972,2026-09-17
naoka_ueno,62,proStar bonus: all 4 phases,1789644970974,2026-09-17
snoopys030,62,proStar bonus: all 4 phases,1789644970978,2026-09-17
ivanpetrov32,45,Phase 1: RAM,1789646235471,2026-09-17
snoopys030,45,Phase 1: RAM,1789646235485,2026-09-17
shadowladyex,45,Phase 1: RAM,1789646235512,2026-09-17
operacional_cae,45,Phase 1: RAM,1789646235528,2026-09-17
xiaoxiao9313,45,Phase 1: RAM,1789646235530,2026-09-17
ikaliayev,45,Phase 1: RAM,1789646235537,2026-09-17
avin_novor,45,Phase 1: RAM,1789646235539,2026-09-17
mori2323,45,Phase 1: RAM,1789646235543,2026-09-17
lovegamesandthings00000,45,Phase 1: RAM,1789646235546,2026-09-17
alphonsoe,45,Phase 1: RAM,1789646235551,2026-09-17
pika_gamy,45,Phase 1: RAM,1789646235573,2026-09-17
hopelessss_,45,Phase 1: RAM,1789646235575,2026-09-17
naoka_ueno,45,Phase 1: RAM,1789646235577,2026-09-17
alfims,45,Phase 1: RAM,1789646235579,2026-09-17
lovegamesandthings00000,65,Phase 2: HDD,1789647022645,2026-09-17
mori2323,65,Phase 2: HDD,1789647022653,2026-09-17
snoopys030,65,Phase 2: HDD,1789647022661,2026-09-17
alburldador,65,Phase 2: HDD,1789647022678,2026-09-17
ikaliayev,65,Phase 2: HDD,1789647022681,2026-09-17
xiaoxiao9313,65,Phase 2: HDD,1789647022693,2026-09-17
hopelessss_,65,Phase 2: HDD,1789647022701,2026-09-17
ivanpetrov32,65,Phase 2: HDD,1789647022710,2026-09-17
alfims,65,Phase 2: HDD,1789647022712,2026-09-17
pika_gamy,65,Phase 2: HDD,1789647022724,2026-09-17
shadowladyex,65,Phase 2: HDD,1789647022739,2026-09-17
alphonsoe,65,Phase 2: HDD,1789647022747,2026-09-17
shadowladyex,45,Phase 1: HDD,1789648301624,2026-09-17
snoopys030,45,Phase 1: HDD,1789648301627,2026-09-17
xiaoxiao9313,45,Phase 1: HDD,1789648301629,2026-09-17
alphonsoe,45,Phase 1: HDD,1789648301631,2026-09-17
hopelessss_,45,Phase 1: HDD,1789648301650,2026-09-17
alfims,45,Phase 1: HDD,1789648301653,2026-09-17
pika_gamy,45,Phase 1: HDD,1789648301656,2026-09-17
mori2323,45,Phase 1: HDD,1789648301661,2026-09-17
mori2323,65,Phase 2: GPU,1789648795460,2026-09-17
shadowladyex,65,Phase 2: GPU,1789648795473,2026-09-17
pika_gamy,65,Phase 2: GPU,1789648795479,2026-09-17
snoopys030,65,Phase 2: GPU,1789648795482,2026-09-17
xiaoxiao9313,65,Phase 2: GPU,1789648795490,2026-09-17
silent_luc,65,Phase 2: GPU,1789648795496,2026-09-17
hopelessss_,65,Phase 2: GPU,1789648795510,2026-09-17
pika_gamy,45,Phase 1: RAM,1789650245363,2026-09-17
xiaoxiao9313,45,Phase 1: RAM,1789650245384,2026-09-17
slay_da_b,45,Phase 1: RAM,1789650245395,2026-09-17
silent_luc,45,Phase 1: RAM,1789650245407,2026-09-17
snoopys030,45,Phase 1: RAM,1789650245410,2026-09-17
ivanpetrov32,45,Phase 1: RAM,1789650245415,2026-09-17
hopelessss_,45,Phase 1: RAM,1789650245418,2026-09-17
alphonsoe,45,Phase 1: RAM,1789650245436,2026-09-17
madagascaradam,45,Phase 1: RAM,1789650245451,2026-09-17
shadowladyex,45,Phase 1: RAM,1789650245515,2026-09-17
hopelessss_,65,Phase 2: CPU,1789650738151,2026-09-17
xiaoxiao9313,65,Phase 2: CPU,1789650738157,2026-09-17
ivanpetrov32,65,Phase 2: CPU,1789650738171,2026-09-17
thanossoul,65,Phase 2: CPU,1789650738182,2026-09-17
lovegamesandthings00000,65,Phase 2: CPU,1789650738187,2026-09-17
shadowladyex,65,Phase 2: CPU,1789650738199,2026-09-17
snoopys030,45,Phase 1: GPU,1789651969884,2026-09-17
thanossoul,45,Phase 1: GPU,1789651969912,2026-09-17
xiaoxiao9313,45,Phase 1: GPU,1789651969923,2026-09-17
alexwifi42,45,Phase 1: GPU,1789651969934,2026-09-17
lovegamesandthings00000,45,Phase 1: GPU,1789651969992,2026-09-17
silent_luc,45,Phase 1: GPU,1789651970050,2026-09-17
xiaoxiao9313,65,Phase 2: RAM,1789652402869,2026-09-17
snoopys030,65,Phase 2: RAM,1789652402874,2026-09-17
avin_novor,65,Phase 2: RAM,1789652402881,2026-09-17
alphonsoe,65,Phase 2: RAM,1789652402885,2026-09-17
mori2323,65,Phase 2: RAM,1789652402908,2026-09-17
ivanpetrov32,65,Phase 2: RAM,1789652403074,2026-09-17
mori2323,45,Phase 1: CPU,1789653540579,2026-09-17
xiaoxiao9313,45,Phase 1: CPU,1789653540589,2026-09-17
alphonsoe,45,Phase 1: CPU,1789653540597,2026-09-17
snoopys030,45,Phase 1: CPU,1789653540600,2026-09-17
avin_novor,45,Phase 1: CPU,1789653540603,2026-09-17
alfims,65,Phase 2: HDD,1789654077782,2026-09-17
alphonsoe,65,Phase 2: HDD,1789654077803,2026-09-17
thanossoul,65,Phase 2: HDD,1789654077811,2026-09-17
mori2323,65,Phase 2: HDD,1789654077816,2026-09-17
snoopys030,65,Phase 2: HDD,1789654077819,2026-09-17
xiaoxiao9313,65,Phase 2: HDD,1789654077824,2026-09-17
slay_da_b,65,Phase 2: HDD,1789654077829,2026-09-17
silent_luc,45,Phase 1: GPU,1789655490557,2026-09-17
mori2323,45,Phase 1: GPU,1789655490569,2026-09-17
thanossoul,45,Phase 1: GPU,1789655490571,2026-09-17
alphonsoe,45,Phase 1: GPU,1789655490575,2026-09-17
cerebralx1,45,Phase 1: GPU,1789655490583,2026-09-17
snoopys030,45,Phase 1: GPU,1789655490586,2026-09-17
avin_novor,45,Phase 1: GPU,1789655490605,2026-09-17
xiaoxiao9313,45,Phase 1: GPU,1789655490610,2026-09-17
hopelessss_,45,Phase 1: GPU,1789655490616,2026-09-17
silent_luc,65,Phase 2: HDD,1789656038585,2026-09-17
xiaoxiao9313,65,Phase 2: HDD,1789656038587,2026-09-17
hopelessss_,65,Phase 2: HDD,1789656038589,2026-09-17
alphonsoe,65,Phase 2: HDD,1789656038591,2026-09-17
mori2323,65,Phase 2: HDD,1789656038593,2026-09-17
pika_gamy,65,Phase 2: HDD,1789656038596,2026-09-17
cerebralx1,65,Phase 2: HDD,1789656038598,2026-09-17
avin_novor,65,Phase 2: HDD,1789656038794,2026-09-17
silent_luc,45,Phase 1: CPU,1789657667258,2026-09-17
shadowladyex,45,Phase 1: CPU,1789657667278,2026-09-17
mori2323,45,Phase 1: CPU,1789657667311,2026-09-17
pika_gamy,45,Phase 1: CPU,1789657667315,2026-09-17
alphonsoe,45,Phase 1: CPU,1789657667323,2026-09-17
avin_novor,45,Phase 1: CPU,1789657667334,2026-09-17
ivanpetrov32,45,Phase 1: CPU,1789657667336,2026-09-17
dahhel,45,Phase 1: CPU,1789657667340,2026-09-17
robin3one,45,Phase 1: CPU,1789657667347,2026-09-17
cerebralx1,45,Phase 1: CPU,1789657667351,2026-09-17
hopelessss_,45,Phase 1: CPU,1789657667354,2026-09-17
yurigiu,45,Phase 1: CPU,1789657667366,2026-09-17
lmbs00,45,Phase 1: CPU,1789657667373,2026-09-17
xiaoxiao9313,45,Phase 1: CPU,1789657667392,2026-09-17
pika_gamy,65,Phase 2: HDD,1789658659429,2026-09-17
hopelessss_,65,Phase 2: HDD,1789658659440,2026-09-17
cerebralx1,65,Phase 2: HDD,1789658659458,2026-09-17
ivanpetrov32,65,Phase 2: HDD,1789658659468,2026-09-17
xiaoxiao9313,65,Phase 2: HDD,1789658659486,2026-09-17
player0451,65,Phase 2: HDD,1789658659495,2026-09-17
mori2323,65,Phase 2: HDD,1789658659499,2026-09-17
dahhel,65,Phase 2: HDD,1789658659518,2026-09-17
silent_luc,65,Phase 2: HDD,1789658659532,2026-09-17
lmbs00,65,Phase 2: HDD,1789658659546,2026-09-17
alphonsoe,65,Phase 2: HDD,1789658659549,2026-09-17
robin3one,65,Phase 2: HDD,1789658659553,2026-09-17
avin_novor,65,Phase 2: HDD,1789658659603,2026-09-17
shadowladyex,65,Phase 2: HDD,1789658659748,2026-09-17
dahhel,90,Phase 3: GPU,1789659156409,2026-09-17
shadowladyex,90,Phase 3: GPU,1789659156432,2026-09-17
mori2323,90,Phase 3: GPU,1789659156436,2026-09-17
lmbs00,90,Phase 3: GPU,1789659156443,2026-09-17
xiaoxiao9313,90,Phase 3: GPU,1789659156450,2026-09-17
hopelessss_,90,Phase 3: GPU,1789659156453,2026-09-17
cerebralx1,90,Phase 3: GPU,1789659156463,2026-09-17
slay_da_b,90,Phase 3: GPU,1789659156470,2026-09-17
pika_gamy,90,Phase 3: GPU,1789659156575,2026-09-17
alphonsoe,45,Phase 1: HDD,1789660926865,2026-09-17
alburldador,45,Phase 1: HDD,1789660926888,2026-09-17
robin3one,45,Phase 1: HDD,1789660926891,2026-09-17
shadowladyex,45,Phase 1: HDD,1789660926894,2026-09-17
thanossoul,45,Phase 1: HDD,1789660926896,2026-09-17
louis_of_apshai,45,Phase 1: HDD,1789660926898,2026-09-17
cerebralx1,45,Phase 1: HDD,1789660926903,2026-09-17
pika_gamy,45,Phase 1: HDD,1789660926906,2026-09-17
xiaoxiao9313,45,Phase 1: HDD,1789660926921,2026-09-17
avin_novor,45,Phase 1: HDD,1789660926924,2026-09-17
mori2323,45,Phase 1: HDD,1789660926928,2026-09-17
lmbs00,45,Phase 1: HDD,1789660926930,2026-09-17
hopelessss_,45,Phase 1: HDD,1789660926932,2026-09-17
silent_luc,45,Phase 1: HDD,1789660926934,2026-09-17
ivanpetrov32,45,Phase 1: HDD,1789660926938,2026-09-17
dahhel,45,Phase 1: HDD,1789660927132,2026-09-17
alexwifi42,65,Phase 2: RAM,1789661845016,2026-09-17
mori2323,65,Phase 2: RAM,1789661845040,2026-09-17
cerebralx1,65,Phase 2: RAM,1789661845042,2026-09-17
dahhel,65,Phase 2: RAM,1789661845045,2026-09-17
lmbs00,65,Phase 2: RAM,1789661845050,2026-09-17
shadowladyex,65,Phase 2: RAM,1789661845055,2026-09-17
silent_luc,65,Phase 2: RAM,1789661845058,2026-09-17
hopelessss_,65,Phase 2: RAM,1789661845063,2026-09-17
xiaoxiao9313,65,Phase 2: RAM,1789661845075,2026-09-17
ivanpetrov32,65,Phase 2: RAM,1789661845078,2026-09-17
pika_gamy,65,Phase 2: RAM,1789661845083,2026-09-17
alburldador,65,Phase 2: RAM,1789661845098,2026-09-17
avin_novor,65,Phase 2: RAM,1789661845100,2026-09-17
ivanpetrov32,45,Phase 1: HDD,1789663249848,2026-09-17
mori2323,45,Phase 1: HDD,1789663249864,2026-09-17
avin_novor,45,Phase 1: HDD,1789663249867,2026-09-17
lmbs00,45,Phase 1: HDD,1789663249869,2026-09-17
dahhel,45,Phase 1: HDD,1789663249882,2026-09-17
calypso_ba,45,Phase 1: HDD,1789663249885,2026-09-17
player0451,45,Phase 1: HDD,1789663249887,2026-09-17
xiaoxiao9313,45,Phase 1: HDD,1789663249896,2026-09-17
shadowladyex,45,Phase 1: HDD,1789663249898,2026-09-17
silent_luc,45,Phase 1: HDD,1789663249902,2026-09-17
pika_gamy,45,Phase 1: HDD,1789663249959,2026-09-17
hopelessss_,65,Phase 2: CPU,1789663877873,2026-09-17
pika_gamy,65,Phase 2: CPU,1789663877877,2026-09-17
dahhel,65,Phase 2: CPU,1789663877897,2026-09-17
lmbs00,65,Phase 2: CPU,1789663877902,2026-09-17
ivanpetrov32,65,Phase 2: CPU,1789663877911,2026-09-17
slay_da_b,65,Phase 2: CPU,1789663877914,2026-09-17
xiaoxiao9313,65,Phase 2: CPU,1789663877922,2026-09-17
silent_luc,65,Phase 2: CPU,1789663877924,2026-09-17
shadowladyex,65,Phase 2: CPU,1789663877931,2026-09-17
thanossoul,45,Phase 1: RAM,1789665352217,2026-09-17
lmbs00,45,Phase 1: RAM,1789665352246,2026-09-17
hopelessss_,45,Phase 1: RAM,1789665352249,2026-09-17
valase,45,Phase 1: RAM,1789665352254,2026-09-17
shadowladyex,45,Phase 1: RAM,1789665352257,2026-09-17
pika_gamy,45,Phase 1: RAM,1789665352259,2026-09-17
silent_luc,45,Phase 1: RAM,1789665352265,2026-09-17
dahhel,45,Phase 1: RAM,1789665352268,2026-09-17
mori2323,45,Phase 1: RAM,1789665352275,2026-09-17
avin_novor,45,Phase 1: RAM,1789665352303,2026-09-17
xiaoxiao9313,45,Phase 1: RAM,1789665352314,2026-09-17
hopelessss_,45,Phase 1: GPU,1789666982268,2026-09-17
dahhel,45,Phase 1: GPU,1789666982289,2026-09-17
pika_gamy,45,Phase 1: GPU,1789666982292,2026-09-17
mori2323,45,Phase 1: GPU,1789666982296,2026-09-17
silent_luc,45,Phase 1: GPU,1789666982299,2026-09-17
avin_novor,45,Phase 1: GPU,1789666982301,2026-09-17
lmbs00,45,Phase 1: GPU,1789666982308,2026-09-17
xiaoxiao9313,45,Phase 1: GPU,1789666982343,2026-09-17
shadowladyex,45,Phase 1: GPU,1789666983976,2026-09-17
dahhel,65,Phase 2: HDD,1789667660411,2026-09-17
pika_gamy,65,Phase 2: HDD,1789667660416,2026-09-17
lmbs00,65,Phase 2: HDD,1789667660421,2026-09-17
ivanpetrov32,65,Phase 2: HDD,1789667660426,2026-09-17
hopelessss_,65,Phase 2: HDD,1789667660433,2026-09-17
mori2323,65,Phase 2: HDD,1789667660443,2026-09-17
shadowladyex,65,Phase 2: HDD,1789667660445,2026-09-17
alburldador,65,Phase 2: HDD,1789667660452,2026-09-17
xiaoxiao9313,65,Phase 2: HDD,1789667660455,2026-09-17
avin_novor,65,Phase 2: HDD,1789667660462,2026-09-17
thanossoul,45,Phase 1: GPU,1789669247490,2026-09-17
mori2323,45,Phase 1: GPU,1789669247501,2026-09-17
lovegamesandthings00000,45,Phase 1: GPU,1789669247513,2026-09-17
lillakra,45,Phase 1: GPU,1789669247518,2026-09-17
ivanpetrov32,45,Phase 1: GPU,1789669247521,2026-09-17
dahhel,45,Phase 1: GPU,1789669247526,2026-09-17
hopelessss_,45,Phase 1: GPU,1789669247528,2026-09-17
xiaoxiao9313,45,Phase 1: GPU,1789669247532,2026-09-17
alburldador,45,Phase 1: GPU,1789669247546,2026-09-17
avin_novor,45,Phase 1: GPU,1789669247553,2026-09-17
silent_luc,45,Phase 1: GPU,1789669247556,2026-09-17
pika_gamy,45,Phase 1: GPU,1789669247573,2026-09-17
lmbs00,45,Phase 1: GPU,1789669247669,2026-09-17
hopelessss_,65,Phase 2: RAM,1789670080451,2026-09-17
shadowladyex,65,Phase 2: RAM,1789670080474,2026-09-17
player0451,65,Phase 2: RAM,1789670080479,2026-09-17
dahhel,65,Phase 2: RAM,1789670080488,2026-09-17
lmbs00,65,Phase 2: RAM,1789670080492,2026-09-17
xiaoxiao9313,65,Phase 2: RAM,1789670080495,2026-09-17
valase,65,Phase 2: RAM,1789670080506,2026-09-17
mori2323,65,Phase 2: RAM,1789670080509,2026-09-17
silent_luc,65,Phase 2: RAM,1789670080523,2026-09-17
pika_gamy,65,Phase 2: RAM,1789670080536,2026-09-17
avin_novor,65,Phase 2: RAM,1789670080686,2026-09-17
lmbs00,90,Phase 3: HDD,1789670722390,2026-09-17
xiaoxiao9313,90,Phase 3: HDD,1789670722392,2026-09-17
ivanpetrov32,90,Phase 3: HDD,1789670722397,2026-09-17
alburldador,90,Phase 3: HDD,1789670722404,2026-09-17
dahhel,90,Phase 3: HDD,1789670722406,2026-09-17
ikaliayev,90,Phase 3: HDD,1789670722413,2026-09-17
thanossoul,90,Phase 3: HDD,1789670722415,2026-09-17
pika_gamy,90,Phase 3: HDD,1789670722421,2026-09-17
avin_novor,90,Phase 3: HDD,1789670722423,2026-09-17
hopelessss_,90,Phase 3: HDD,1789670722440,2026-09-17
mori2323,90,Phase 3: HDD,1789670722496,2026-09-17
alexwifi42,90,Phase 1: GPU,1789672384087,2026-09-17
alburldador,90,Phase 1: GPU,1789672384101,2026-09-17
ikaliayev,90,Phase 1: GPU,1789672384105,2026-09-17
dahhel,90,Phase 1: GPU,1789672384110,2026-09-17
lmbs00,90,Phase 1: GPU,1789672384117,2026-09-17
valase,90,Phase 1: GPU,1789672384131,2026-09-17
pika_gamy,90,Phase 1: GPU,1789672384137,2026-09-17
hopelessss_,90,Phase 1: GPU,1789672384142,2026-09-17
avin_novor,90,Phase 1: GPU,1789672384148,2026-09-17
xiaoxiao9313,90,Phase 1: GPU,1789672384154,2026-09-17
mori2323,90,Phase 1: GPU,1789672384158,2026-09-17
silent_luc,90,Phase 1: GPU,1789672384178,2026-09-17
ivanpetrov32,90,Phase 1: GPU,1789672384180,2026-09-17
mori2323,130,Phase 2: RAM,1789673356936,2026-09-17
hopelessss_,130,Phase 2: RAM,1789673356953,2026-09-17
xiaoxiao9313,130,Phase 2: RAM,1789673356956,2026-09-17
lmbs00,130,Phase 2: RAM,1789673356960,2026-09-17
ikaliayev,130,Phase 2: RAM,1789673356964,2026-09-17
alfims,130,Phase 2: RAM,1789673356984,2026-09-17
pika_gamy,130,Phase 2: RAM,1789673356993,2026-09-17
thanossoul,130,Phase 2: RAM,1789673356996,2026-09-17
avin_novor,130,Phase 2: RAM,1789673357000,2026-09-17
valase,130,Phase 2: RAM,1789673357004,2026-09-17
alexwifi42,130,Phase 2: RAM,1789673357008,2026-09-17
alburldador,130,Phase 2: RAM,1789673357024,2026-09-17
ivanpetrov32,130,Phase 2: RAM,1789673357030,2026-09-17
dahhel,130,Phase 2: RAM,1789673357039,2026-09-17
ikaliayev,180,Phase 3: HDD,1789673861243,2026-09-17
silent_luc,180,Phase 3: HDD,1789673861252,2026-09-17
valase,180,Phase 3: HDD,1789673861257,2026-09-17
pika_gamy,180,Phase 3: HDD,1789673861276,2026-09-17
hopelessss_,180,Phase 3: HDD,1789673861283,2026-09-17
mori2323,180,Phase 3: HDD,1789673861285,2026-09-17
xiaoxiao9313,180,Phase 3: HDD,1789673861290,2026-09-17
avin_novor,180,Phase 3: HDD,1789673861295,2026-09-17
dahhel,180,Phase 3: HDD,1789673861304,2026-09-17
pika_gamy,90,Phase 1: HDD,1789675576123,2026-09-17
thanossoul,90,Phase 1: HDD,1789675576158,2026-09-17
xiaoxiao9313,90,Phase 1: HDD,1789675576170,2026-09-17
ikaliayev,90,Phase 1: HDD,1789675576179,2026-09-17
alburldador,90,Phase 1: HDD,1789675576184,2026-09-17
lmbs00,90,Phase 1: HDD,1789675576190,2026-09-17
valase,90,Phase 1: HDD,1789675576192,2026-09-17
silent_luc,90,Phase 1: HDD,1789675576197,2026-09-17
madagascaradam,90,Phase 1: HDD,1789675576200,2026-09-17
mori2323,90,Phase 1: HDD,1789675576213,2026-09-17
alexwifi42,90,Phase 1: HDD,1789675576217,2026-09-17
dahhel,90,Phase 1: HDD,1789675576219,2026-09-17
ivanpetrov32,90,Phase 1: HDD,1789675576223,2026-09-17
avin_novor,90,Phase 1: HDD,1789675576225,2026-09-17
hopelessss_,90,Phase 1: HDD,1789675576227,2026-09-17
ikaliayev,130,Phase 2: CPU,1789676748181,2026-09-17
mori2323,130,Phase 2: CPU,1789676748200,2026-09-17
avin_novor,130,Phase 2: CPU,1789676748203,2026-09-17
madagascaradam,130,Phase 2: CPU,1789676748210,2026-09-17
lmbs00,130,Phase 2: CPU,1789676748213,2026-09-17
valase,130,Phase 2: CPU,1789676748220,2026-09-17
dahhel,130,Phase 2: CPU,1789676748225,2026-09-17
hopelessss_,130,Phase 2: CPU,1789676748228,2026-09-17
ura3535,130,Phase 2: CPU,1789676748233,2026-09-17
alexwifi42,130,Phase 2: CPU,1789676748237,2026-09-17
pika_gamy,130,Phase 2: CPU,1789676748242,2026-09-17
alburldador,130,Phase 2: CPU,1789676748248,2026-09-17
yurigiu,130,Phase 2: CPU,1789676748250,2026-09-17
silent_luc,130,Phase 2: CPU,1789676748260,2026-09-17
lovegamesandthings00000,130,Phase 2: CPU,1789676748273,2026-09-17
thanossoul,130,Phase 2: CPU,1789676748275,2026-09-17
player0451,130,Phase 2: CPU,1789676748277,2026-09-17
llucholba,130,Phase 2: CPU,1789676748279,2026-09-17
dahhel,180,Phase 3: GPU,1789677325648,2026-09-17
pika_gamy,180,Phase 3: GPU,1789677325656,2026-09-17
ikaliayev,180,Phase 3: GPU,1789677325670,2026-09-17
hopelessss_,180,Phase 3: GPU,1789677325675,2026-09-17
mori2323,180,Phase 3: GPU,1789677325683,2026-09-17
lmbs00,180,Phase 3: GPU,1789677325704,2026-09-17
madagascaradam,180,Phase 3: GPU,1789677325707,2026-09-17
ivanpetrov32,180,Phase 3: GPU,1789677325710,2026-09-17
alburldador,180,Phase 3: GPU,1789677325712,2026-09-17
valase,180,Phase 3: GPU,1789677325714,2026-09-17
alyssrentori,180,Phase 3: GPU,1789677325722,2026-09-17
avin_novor,180,Phase 3: GPU,1789677325725,2026-09-17
thanossoul,180,Phase 3: GPU,1789677325834,2026-09-17
hopelessss_,90,Phase 1: HDD,1789678797559,2026-09-17
silent_luc,90,Phase 1: HDD,1789678797566,2026-09-17
valase,90,Phase 1: HDD,1789678797567,2026-09-17
dahhel,90,Phase 1: HDD,1789678797684,2026-09-17
thanossoul,90,Phase 1: HDD,1789678797685,2026-09-17
pika_gamy,90,Phase 1: HDD,1789678797686,2026-09-17
avin_novor,90,Phase 1: HDD,1789678797686,2026-09-17
mori2323,90,Phase 1: HDD,1789678797687,2026-09-17
lmbs00,90,Phase 1: HDD,1789678797773,2026-09-17
alburldador,90,Phase 1: HDD,1789678797775,2026-09-17
ikaliayev,90,Phase 1: HDD,1789678797776,2026-09-17
madagascaradam,90,Phase 1: HDD,1789678797777,2026-09-17
alburldador,65,Phase 2: RAM,1789679711346,2026-09-17
mori2323,65,Phase 2: RAM,1789679711353,2026-09-17
valase,65,Phase 2: RAM,1789679711363,2026-09-17
hopelessss_,65,Phase 2: RAM,1789679711364,2026-09-17
dahhel,65,Phase 2: RAM,1789679711364,2026-09-17
llucholba,65,Phase 2: RAM,1789679711368,2026-09-17
pika_gamy,65,Phase 2: RAM,1789679711374,2026-09-17
silent_luc,65,Phase 2: RAM,1789679711380,2026-09-17
ikaliayev,65,Phase 2: RAM,1789679711381,2026-09-17
avin_novor,65,Phase 2: RAM,1789679711383,2026-09-17
lmbs00,65,Phase 2: RAM,1789679711395,2026-09-17
thanossoul,65,Phase 2: RAM,1789679711396,2026-09-17
alyssrentori,65,Phase 2: RAM,1789679711397,2026-09-17
madagascaradam,65,Phase 2: RAM,1789679711448,2026-09-17
ikaliayev,45,Phase 1: HDD,1789681174946,2026-09-17
avin_novor,45,Phase 1: HDD,1789681174954,2026-09-17
pika_gamy,45,Phase 1: HDD,1789681174957,2026-09-17
valase,45,Phase 1: HDD,1789681174969,2026-09-17
silent_luc,45,Phase 1: HDD,1789681174971,2026-09-17
shadowladyex,45,Phase 1: HDD,1789681174983,2026-09-17
dahhel,45,Phase 1: HDD,1789681174984,2026-09-17
madagascaradam,45,Phase 1: HDD,1789681174985,2026-09-17
lmbs00,45,Phase 1: HDD,1789681174987,2026-09-17
mori2323,45,Phase 1: HDD,1789681174988,2026-09-17
hopelessss_,45,Phase 1: HDD,1789681174998,2026-09-17
dahhel,65,Phase 2: RAM,1789681666294,2026-09-17
lmbs00,65,Phase 2: RAM,1789681666301,2026-09-17
ichuy07,65,Phase 2: RAM,1789681666304,2026-09-17
valase,65,Phase 2: RAM,1789681666308,2026-09-17
silent_luc,65,Phase 2: RAM,1789681666311,2026-09-17
hopelessss_,65,Phase 2: RAM,1789681666312,2026-09-17
pika_gamy,65,Phase 2: RAM,1789681666318,2026-09-17
ikaliayev,65,Phase 2: RAM,1789681666323,2026-09-17
valase,45,Phase 1: HDD,1789683082877,2026-09-17
hopelessss_,45,Phase 1: HDD,1789683082887,2026-09-17
shadowladyex,45,Phase 1: HDD,1789683082899,2026-09-17
mori2323,45,Phase 1: HDD,1789683082908,2026-09-17
dahhel,45,Phase 1: HDD,1789683082909,2026-09-17
pika_gamy,45,Phase 1: HDD,1789683082918,2026-09-17
lmbs00,45,Phase 1: HDD,1789683082924,2026-09-17
ikaliayev,45,Phase 1: HDD,1789683082931,2026-09-17
avin_novor,45,Phase 1: HDD,1789683082945,2026-09-17
silent_luc,45,Phase 1: HDD,1789683082945,2026-09-17
mori2323,65,Phase 2: CPU,1789683902907,2026-09-17
pika_gamy,65,Phase 2: CPU,1789683902908,2026-09-17
alexwifi42,65,Phase 2: CPU,1789683902917,2026-09-17
avin_novor,65,Phase 2: CPU,1789683902920,2026-09-17
silent_luc,65,Phase 2: CPU,1789683902924,2026-09-17
shadowladyex,65,Phase 2: CPU,1789683902925,2026-09-17
valase,65,Phase 2: CPU,1789683902926,2026-09-17
dahhel,65,Phase 2: CPU,1789683902943,2026-09-17
ikaliayev,65,Phase 2: CPU,1789683902944,2026-09-17
hopelessss_,65,Phase 2: CPU,1789683902945,2026-09-17
lmbs00,65,Phase 2: CPU,1789683902946,2026-09-17
lovegamesandthings00000,65,Phase 2: CPU,1789683902948,2026-09-17
dahhel,90,Phase 3: RAM,1789684392922,2026-09-17
hopelessss_,90,Phase 3: RAM,1789684392932,2026-09-17
ikaliayev,90,Phase 3: RAM,1789684392933,2026-09-17
silent_luc,90,Phase 3: RAM,1789684392934,2026-09-17
snoopys030,90,Phase 3: RAM,1789684392944,2026-09-17
valase,90,Phase 3: RAM,1789684392945,2026-09-17
mori2323,90,Phase 3: RAM,1789684392946,2026-09-17
lmbs00,90,Phase 3: RAM,1789684392946,2026-09-17
pika_gamy,90,Phase 3: RAM,1789684392956,2026-09-17
shadowladyex,120,Phase 4: GPU,1789684902021,2026-09-17
mori2323,120,Phase 4: GPU,1789684902024,2026-09-17
valase,120,Phase 4: GPU,1789684902041,2026-09-17
pika_gamy,120,Phase 4: GPU,1789684902047,2026-09-17
louis_of_apshai,120,Phase 4: GPU,1789684902047,2026-09-17
lmbs00,120,Phase 4: GPU,1789684902048,2026-09-17
ikaliayev,120,Phase 4: GPU,1789684902053,2026-09-17
silent_luc,120,Phase 4: GPU,1789684902053,2026-09-17
dahhel,120,Phase 4: GPU,1789684902059,2026-09-17
hopelessss_,120,Phase 4: GPU,1789684902062,2026-09-17
snoopys030,120,Phase 4: GPU,1789684902173,2026-09-17
avin_novor,120,Phase 4: GPU,1789684902192,2026-09-17
pika_gamy,62,proStar bonus: all 4 phases,1789684902734,2026-09-17
mori2323,62,proStar bonus: all 4 phases,1789684902740,2026-09-17
silent_luc,62,proStar bonus: all 4 phases,1789684902742,2026-09-17
valase,62,proStar bonus: all 4 phases,1789684902746,2026-09-17
dahhel,62,proStar bonus: all 4 phases,1789684902751,2026-09-17
lmbs00,62,proStar bonus: all 4 phases,1789684902754,2026-09-17
ikaliayev,62,proStar bonus: all 4 phases,1789684902759,2026-09-17
hopelessss_,62,proStar bonus: all 4 phases,1789684902784,2026-09-17
silent_luc,45,Phase 1: CPU,1789685925553,2026-09-17
hopelessss_,45,Phase 1: CPU,1789685925579,2026-09-17
shadowladyex,45,Phase 1: CPU,1789685925586,2026-09-17
dahhel,45,Phase 1: CPU,1789685925587,2026-09-17
ikaliayev,45,Phase 1: CPU,1789685925593,2026-09-17
thanossoul,45,Phase 1: CPU,1789685925645,2026-09-17
valase,45,Phase 1: CPU,1789685925646,2026-09-17
pika_gamy,45,Phase 1: CPU,1789685925647,2026-09-17
lmbs00,45,Phase 1: CPU,1789685925648,2026-09-17
snoopys030,45,Phase 1: CPU,1789685925649,2026-09-17
valase,65,Phase 2: GPU,1789686623808,2026-09-17
hopelessss_,65,Phase 2: GPU,1789686623809,2026-09-17
lmbs00,65,Phase 2: GPU,1789686623810,2026-09-17
ikaliayev,65,Phase 2: GPU,1789686623813,2026-09-17
thanossoul,65,Phase 2: GPU,1789686623820,2026-09-17
shadowladyex,65,Phase 2: GPU,1789686623826,2026-09-17
silent_luc,65,Phase 2: GPU,1789686623827,2026-09-17
dahhel,65,Phase 2: GPU,1789686623831,2026-09-17
snoopys030,65,Phase 2: GPU,1789686623835,2026-09-17
pika_gamy,65,Phase 2: GPU,1789686623843,2026-09-17
hopelessss_,45,Phase 1: HDD,1789687909635,2026-09-17
valase,45,Phase 1: HDD,1789687909637,2026-09-17
silent_luc,45,Phase 1: HDD,1789687909643,2026-09-17
snoopys030,45,Phase 1: HDD,1789687909650,2026-09-17
lmbs00,45,Phase 1: HDD,1789687909651,2026-09-17
ikaliayev,45,Phase 1: HDD,1789687909659,2026-09-17
dahhel,45,Phase 1: HDD,1789687909664,2026-09-17
thanossoul,45,Phase 1: HDD,1789687909667,2026-09-17
valase,65,Phase 2: RAM,1789688391646,2026-09-17
silent_luc,65,Phase 2: RAM,1789688391651,2026-09-17
alexwifi42,65,Phase 2: RAM,1789688391658,2026-09-17
hopelessss_,65,Phase 2: RAM,1789688391677,2026-09-17
ikaliayev,65,Phase 2: RAM,1789688391701,2026-09-17
snoopys030,65,Phase 2: RAM,1789688391718,2026-09-17
pika_gamy,45,Phase 1: HDD,1789689663557,2026-09-18
lmbs00,45,Phase 1: HDD,1789689664107,2026-09-18
mori2323,45,Phase 1: HDD,1789689664108,2026-09-18
hopelessss_,45,Phase 1: HDD,1789689664111,2026-09-18
ikaliayev,45,Phase 1: HDD,1789689664115,2026-09-18
valase,45,Phase 1: HDD,1789689664117,2026-09-18
silent_luc,45,Phase 1: HDD,1789689664121,2026-09-18
thanossoul,45,Phase 1: HDD,1789689664122,2026-09-18
player0451,65,Phase 2: CPU,1789690380442,2026-09-18
silent_luc,65,Phase 2: CPU,1789690380452,2026-09-18
mori2323,65,Phase 2: CPU,1789690380454,2026-09-18
snoopys030,65,Phase 2: CPU,1789690380462,2026-09-18
lmbs00,65,Phase 2: CPU,1789690380463,2026-09-18
ikaliayev,65,Phase 2: CPU,1789690380480,2026-09-18
dahhel,65,Phase 2: CPU,1789690380515,2026-09-18
thanossoul,65,Phase 2: CPU,1789690380528,2026-09-18
hopelessss_,65,Phase 2: CPU,1789690380533,2026-09-18
pika_gamy,65,Phase 2: CPU,1789690380541,2026-09-18
lmbs00,90,Phase 3: GPU,1789690879392,2026-09-18
ikaliayev,90,Phase 3: GPU,1789690879394,2026-09-18
silent_luc,90,Phase 3: GPU,1789690879396,2026-09-18
hopelessss_,90,Phase 3: GPU,1789690879406,2026-09-18
mori2323,90,Phase 3: GPU,1789690879407,2026-09-18
pika_gamy,90,Phase 3: GPU,1789690879415,2026-09-18
valase,90,Phase 3: GPU,1789690879450,2026-09-18
thanossoul,90,Phase 3: GPU,1789690879474,2026-09-18
dahhel,90,Phase 3: GPU,1789690879484,2026-09-18
mori2323,45,Phase 1: GPU,1789692191040,2026-09-18
lmbs00,45,Phase 1: GPU,1789692191048,2026-09-18
valase,45,Phase 1: GPU,1789692191056,2026-09-18
ikaliayev,45,Phase 1: GPU,1789692191063,2026-09-18
silent_luc,45,Phase 1: GPU,1789692191064,2026-09-18
dahhel,45,Phase 1: GPU,1789692191083,2026-09-18
hopelessss_,45,Phase 1: GPU,1789692191146,2026-09-18
valase,65,Phase 2: CPU,1789692769033,2026-09-18
snoopys030,65,Phase 2: CPU,1789692769034,2026-09-18
lmbs00,65,Phase 2: CPU,1789692769040,2026-09-18
mori2323,65,Phase 2: CPU,1789692769042,2026-09-18
ikaliayev,65,Phase 2: CPU,1789692769043,2026-09-18
hopelessss_,65,Phase 2: CPU,1789692769046,2026-09-18
dahhel,65,Phase 2: CPU,1789692769052,2026-09-18
hopelessss_,45,Phase 1: CPU,1789694110832,2026-09-18
dahhel,45,Phase 1: CPU,1789694110837,2026-09-18
lmbs00,45,Phase 1: CPU,1789694110838,2026-09-18
silent_luc,45,Phase 1: CPU,1789694110843,2026-09-18
ikaliayev,45,Phase 1: CPU,1789694110849,2026-09-18
mori2323,45,Phase 1: CPU,1789694110850,2026-09-18
valase,45,Phase 1: CPU,1789694110864,2026-09-18
dahhel,45,Phase 1: CPU,1789695822375,2026-09-18
hopelessss_,45,Phase 1: CPU,1789695822385,2026-09-18
silent_luc,45,Phase 1: CPU,1789695822387,2026-09-18
ikaliayev,45,Phase 1: CPU,1789695822394,2026-09-18
avin_novor,45,Phase 1: CPU,1789695822396,2026-09-18
mori2323,45,Phase 1: CPU,1789695822410,2026-09-18
lmbs00,45,Phase 1: CPU,1789695822411,2026-09-18
valase,45,Phase 1: CPU,1789695822413,2026-09-18
hopelessss_,65,Phase 2: RAM,1789696464535,2026-09-18
avin_novor,65,Phase 2: RAM,1789696464542,2026-09-18
silent_luc,65,Phase 2: RAM,1789696464551,2026-09-18
snoopys030,65,Phase 2: RAM,1789696464556,2026-09-18
dahhel,65,Phase 2: RAM,1789696464568,2026-09-18
lmbs00,65,Phase 2: RAM,1789696464569,2026-09-18
mori2323,65,Phase 2: RAM,1789696464580,2026-09-18
ikaliayev,65,Phase 2: RAM,1789696464633,2026-09-18
avin_novor,90,Phase 3: GPU,1789696929587,2026-09-18
dahhel,90,Phase 3: GPU,1789696929588,2026-09-18
hopelessss_,90,Phase 3: GPU,1789696929594,2026-09-18
mori2323,90,Phase 3: GPU,1789696929598,2026-09-18
madagascaradam,90,Phase 3: GPU,1789696929598,2026-09-18
snoopys030,90,Phase 3: GPU,1789696929606,2026-09-18
lmbs00,90,Phase 3: GPU,1789696929609,2026-09-18
dahhel,45,Phase 1: HDD,1789698207292,2026-09-18
silent_luc,45,Phase 1: HDD,1789698207293,2026-09-18
ikaliayev,45,Phase 1: HDD,1789698207294,2026-09-18
avin_novor,45,Phase 1: HDD,1789698207295,2026-09-18
hopelessss_,45,Phase 1: HDD,1789698207304,2026-09-18
shadowladyex,45,Phase 1: HDD,1789698207306,2026-09-18
snoopys030,45,Phase 1: HDD,1789698207306,2026-09-18
dahhel,65,Phase 2: CPU,1789698966284,2026-09-18
hopelessss_,65,Phase 2: CPU,1789698966291,2026-09-18
madagascaradam,65,Phase 2: CPU,1789698966292,2026-09-18
lmbs00,65,Phase 2: CPU,1789698966301,2026-09-18
silent_luc,65,Phase 2: CPU,1789698966302,2026-09-18
shadowladyex,65,Phase 2: CPU,1789698966304,2026-09-18
avin_novor,65,Phase 2: CPU,1789698966308,2026-09-18
mori2323,65,Phase 2: CPU,1789698966314,2026-09-18
ikaliayev,65,Phase 2: CPU,1789698966317,2026-09-18
mori2323,45,Phase 1: CPU,1789700224963,2026-09-18
hopelessss_,45,Phase 1: CPU,1789700224968,2026-09-18
lmbs00,45,Phase 1: CPU,1789700224970,2026-09-18
snoopys030,45,Phase 1: CPU,1789700224978,2026-09-18
shadowladyex,45,Phase 1: CPU,1789700224983,2026-09-18
dahhel,45,Phase 1: CPU,1789700225005,2026-09-18
avin_novor,45,Phase 1: CPU,1789700225010,2026-09-18
avin_novor,65,Phase 2: GPU,1789700997963,2026-09-18
dahhel,65,Phase 2: GPU,1789700997969,2026-09-18
ikaliayev,65,Phase 2: GPU,1789700997980,2026-09-18
shadowladyex,65,Phase 2: GPU,1789700997988,2026-09-18
lmbs00,65,Phase 2: GPU,1789700998008,2026-09-18
slay_da_b,65,Phase 2: GPU,1789700998014,2026-09-18
llucholba,65,Phase 2: GPU,1789700998014,2026-09-18
snoopys030,65,Phase 2: GPU,1789700998023,2026-09-18
hopelessss_,65,Phase 2: GPU,1789700998056,2026-09-18
ikaliayev,90,Phase 3: HDD,1789701790968,2026-09-18
avin_novor,90,Phase 3: HDD,1789701790970,2026-09-18
thanossoul,90,Phase 3: HDD,1789701790973,2026-09-18
snoopys030,90,Phase 3: HDD,1789701790977,2026-09-18
slay_da_b,90,Phase 3: HDD,1789701790984,2026-09-18
lmbs00,90,Phase 3: HDD,1789701790984,2026-09-18
dahhel,90,Phase 3: HDD,1789701790987,2026-09-18
player0451,90,Phase 3: HDD,1789701790987,2026-09-18
shadowladyex,90,Phase 3: HDD,1789701790990,2026-09-18
hopelessss_,90,Phase 3: HDD,1789701790999,2026-09-18
alyssrentori,90,Phase 3: HDD,1789701791135,2026-09-18
snoopys030,45,Phase 1: RAM,1789703275557,2026-09-18
avin_novor,45,Phase 1: RAM,1789703275559,2026-09-18
thanossoul,45,Phase 1: RAM,1789703275567,2026-09-18
shadowladyex,45,Phase 1: RAM,1789703275577,2026-09-18
alyssrentori,45,Phase 1: RAM,1789703275579,2026-09-18
dahhel,45,Phase 1: RAM,1789703275585,2026-09-18
hopelessss_,45,Phase 1: RAM,1789703275606,2026-09-18
slay_da_b,45,Phase 1: RAM,1789703275608,2026-09-18
ikaliayev,45,Phase 1: RAM,1789703275650,2026-09-18
lmbs00,45,Phase 1: RAM,1789703275651,2026-09-18
player0451,45,Phase 1: RAM,1789703275652,2026-09-18
xiaoxiao9313,65,Phase 2: GPU,1789703895789,2026-09-18
llucholba,65,Phase 2: GPU,1789703895794,2026-09-18
ikaliayev,65,Phase 2: GPU,1789703895802,2026-09-18
dahhel,65,Phase 2: GPU,1789703895806,2026-09-18
lmbs00,65,Phase 2: GPU,1789703895810,2026-09-18
snoopys030,65,Phase 2: GPU,1789703895816,2026-09-18
hopelessss_,65,Phase 2: GPU,1789703895922,2026-09-18
avin_novor,45,Phase 1: HDD,1789705214460,2026-09-18
llucholba,45,Phase 1: HDD,1789705214468,2026-09-18
xiaoxiao9313,45,Phase 1: HDD,1789705214480,2026-09-18
lmbs00,45,Phase 1: HDD,1789705214481,2026-09-18
hopelessss_,45,Phase 1: HDD,1789705214488,2026-09-18
dahhel,45,Phase 1: HDD,1789705214504,2026-09-18
snoopys030,45,Phase 1: HDD,1789705214561,2026-09-18
alfims,65,Phase 2: CPU,1789705855403,2026-09-18
dahhel,65,Phase 2: CPU,1789705855419,2026-09-18
xiaoxiao9313,65,Phase 2: CPU,1789705855420,2026-09-18
ikaliayev,65,Phase 2: CPU,1789705855430,2026-09-18
lmbs00,65,Phase 2: CPU,1789705855441,2026-09-18
snoopys030,65,Phase 2: CPU,1789705855548,2026-09-18
avin_novor,65,Phase 2: CPU,1789705855550,2026-09-18
hopelessss_,65,Phase 2: CPU,1789705855551,2026-09-18
dahhel,90,Phase 3: GPU,1789706398417,2026-09-18
aswd002,90,Phase 3: GPU,1789706398431,2026-09-18
avin_novor,90,Phase 3: GPU,1789706398433,2026-09-18
xiaoxiao9313,90,Phase 3: GPU,1789706398435,2026-09-18
snoopys030,90,Phase 3: GPU,1789706398443,2026-09-18
lmbs00,90,Phase 3: GPU,1789706398445,2026-09-18
ikaliayev,90,Phase 3: GPU,1789706398450,2026-09-18
hopelessss_,90,Phase 3: GPU,1789706398453,2026-09-18
llucholba,45,Phase 1: RAM,1789707561371,2026-09-18
avin_novor,45,Phase 1: RAM,1789707561384,2026-09-18
xiaoxiao9313,45,Phase 1: RAM,1789707561385,2026-09-18
lmbs00,45,Phase 1: RAM,1789707561390,2026-09-18
ikaliayev,45,Phase 1: RAM,1789707561443,2026-09-18
llucholba,45,Phase 1: RAM,1789709122848,2026-09-18
xiaoxiao9313,45,Phase 1: RAM,1789709122858,2026-09-18
pika_gamy,45,Phase 1: RAM,1789709122859,2026-09-18
avin_novor,45,Phase 1: RAM,1789709122872,2026-09-18
ikaliayev,45,Phase 1: RAM,1789709122884,2026-09-18
madagascaradam,45,Phase 1: RAM,1789709122890,2026-09-18
lmbs00,45,Phase 1: RAM,1789709122932,2026-09-18
alfims,45,Phase 1: RAM,1789709122941,2026-09-18
alfims,45,Phase 1: HDD,1789710750703,2026-09-18
snoopys030,45,Phase 1: HDD,1789710750711,2026-09-18
xiaoxiao9313,45,Phase 1: HDD,1789710750744,2026-09-18
ivanpetrov32,45,Phase 1: HDD,1789710750746,2026-09-18
avin_novor,45,Phase 1: HDD,1789710750749,2026-09-18
pika_gamy,45,Phase 1: HDD,1789710750751,2026-09-18
slay_da_b,45,Phase 1: HDD,1789710750772,2026-09-18
lmbs00,45,Phase 1: HDD,1789710750773,2026-09-18
ikaliayev,45,Phase 1: HDD,1789710750774,2026-09-18
avin_novor,65,Phase 2: CPU,1789711159865,2026-09-18
lmbs00,65,Phase 2: CPU,1789711159875,2026-09-18
xiaoxiao9313,65,Phase 2: CPU,1789711159876,2026-09-18
pika_gamy,65,Phase 2: CPU,1789711159880,2026-09-18
snoopys030,65,Phase 2: CPU,1789711159886,2026-09-18
ivanpetrov32,65,Phase 2: CPU,1789711159886,2026-09-18
pika_gamy,45,Phase 1: HDD,1789712656871,2026-09-18
ivanpetrov32,45,Phase 1: HDD,1789712656873,2026-09-18
slay_da_b,45,Phase 1: HDD,1789712656876,2026-09-18
alfims,45,Phase 1: HDD,1789712656894,2026-09-18
llucholba,45,Phase 1: HDD,1789712656907,2026-09-18
shadowladyex,45,Phase 1: HDD,1789712656913,2026-09-18
snoopys030,45,Phase 1: HDD,1789712656947,2026-09-18
lmbs00,45,Phase 1: HDD,1789712656949,2026-09-18
ikaliayev,45,Phase 1: HDD,1789712656963,2026-09-18
avin_novor,45,Phase 1: HDD,1789712656964,2026-09-18
xiaoxiao9313,45,Phase 1: HDD,1789712656965,2026-09-18
aswd002,65,Phase 2: CPU,1789713407533,2026-09-18
ivanpetrov32,65,Phase 2: CPU,1789713407543,2026-09-18
alfims,65,Phase 2: CPU,1789713407544,2026-09-18
pika_gamy,65,Phase 2: CPU,1789713407554,2026-09-18
xiaoxiao9313,65,Phase 2: CPU,1789713407555,2026-09-18
lmbs00,65,Phase 2: CPU,1789713407562,2026-09-18
ikaliayev,65,Phase 2: CPU,1789713407572,2026-09-18
snoopys030,65,Phase 2: CPU,1789713407576,2026-09-18
lmbs00,90,Phase 3: RAM,1789713875550,2026-09-18
pika_gamy,90,Phase 3: RAM,1789713875551,2026-09-18
slay_da_b,90,Phase 3: RAM,1789713875571,2026-09-18
ikaliayev,90,Phase 3: RAM,1789713875582,2026-09-18
ivanpetrov32,90,Phase 3: RAM,1789713875583,2026-09-18
xiaoxiao9313,90,Phase 3: RAM,1789713875585,2026-09-18
slay_da_b,45,Phase 1: RAM,1789715113212,2026-09-18
snoopys030,45,Phase 1: RAM,1789715113220,2026-09-18
ikaliayev,45,Phase 1: RAM,1789715113241,2026-09-18
xiaoxiao9313,45,Phase 1: RAM,1789715113249,2026-09-18
ivanpetrov32,45,Phase 1: RAM,1789715113262,2026-09-18
pika_gamy,45,Phase 1: RAM,1789715113370,2026-09-18
yurigiu,45,Phase 1: RAM,1789716650998,2026-09-18
ikaliayev,45,Phase 1: RAM,1789716651000,2026-09-18
ivanpetrov32,45,Phase 1: RAM,1789716651001,2026-09-18
robin3one,45,Phase 1: RAM,1789716651002,2026-09-18
lmbs00,45,Phase 1: RAM,1789716651003,2026-09-18
snoopys030,45,Phase 1: RAM,1789716651005,2026-09-18
xiaoxiao9313,45,Phase 1: RAM,1789716651008,2026-09-18
snoopys030,65,Phase 2: HDD,1789717128044,2026-09-18
alfims,65,Phase 2: HDD,1789717128045,2026-09-18
xiaoxiao9313,65,Phase 2: HDD,1789717128045,2026-09-18
lmbs00,65,Phase 2: HDD,1789717128056,2026-09-18
robin3one,65,Phase 2: HDD,1789717128058,2026-09-18
ikaliayev,65,Phase 2: HDD,1789717128066,2026-09-18
xiaoxiao9313,45,Phase 1: GPU,1789718389801,2026-09-18
robin3one,45,Phase 1: GPU,1789718389801,2026-09-18
ikaliayev,45,Phase 1: GPU,1789718389802,2026-09-18
snoopys030,45,Phase 1: GPU,1789718389803,2026-09-18
valase,45,Phase 1: GPU,1789718389804,2026-09-18
alfims,45,Phase 1: GPU,1789718389805,2026-09-18
ivanpetrov32,65,Phase 2: RAM,1789718968799,2026-09-18
robin3one,65,Phase 2: RAM,1789718968800,2026-09-18
valase,65,Phase 2: RAM,1789718968808,2026-09-18
ikaliayev,65,Phase 2: RAM,1789718968809,2026-09-18
xiaoxiao9313,65,Phase 2: RAM,1789718968820,2026-09-18
ikaliayev,45,Phase 1: HDD,1789720873427,2026-09-18
robin3one,45,Phase 1: HDD,1789720873432,2026-09-18
shadowladyex,45,Phase 1: HDD,1789720873437,2026-09-18
alfims,45,Phase 1: HDD,1789720873449,2026-09-18
xiaoxiao9313,45,Phase 1: HDD,1789720873450,2026-09-18
ivanpetrov32,45,Phase 1: HDD,1789720873510,2026-09-18
ikaliayev,65,Phase 2: GPU,1789721455439,2026-09-18
xiaoxiao9313,65,Phase 2: GPU,1789721455447,2026-09-18
robin3one,65,Phase 2: GPU,1789721455457,2026-09-18
ivanpetrov32,65,Phase 2: GPU,1789721455458,2026-09-18
snoopys030,65,Phase 2: GPU,1789721455465,2026-09-18
shadowladyex,65,Phase 2: GPU,1789721455478,2026-09-18
xiaoxiao9313,90,Phase 3: CPU,1789721967493,2026-09-18
shadowladyex,90,Phase 3: CPU,1789721967494,2026-09-18
ivanpetrov32,90,Phase 3: CPU,1789721967506,2026-09-18
ikaliayev,90,Phase 3: CPU,1789721967507,2026-09-18
snoopys030,90,Phase 3: CPU,1789721967508,2026-09-18
alfims,45,Phase 1: GPU,1789723126356,2026-09-18
shadowladyex,45,Phase 1: GPU,1789723126357,2026-09-18
ivanpetrov32,45,Phase 1: GPU,1789723126357,2026-09-18
xiaoxiao9313,45,Phase 1: GPU,1789723126363,2026-09-18
snoopys030,45,Phase 1: GPU,1789723126369,2026-09-18
ivanpetrov32,65,Phase 2: CPU,1789723658133,2026-09-18
robin3one,65,Phase 2: CPU,1789723658141,2026-09-18
ikaliayev,65,Phase 2: CPU,1789723658145,2026-09-18
snoopys030,65,Phase 2: CPU,1789723658163,2026-09-18
shadowladyex,65,Phase 2: CPU,1789723658173,2026-09-18
xiaoxiao9313,90,Phase 3: RAM,1789724066130,2026-09-18
ikaliayev,90,Phase 3: RAM,1789724066160,2026-09-18
snoopys030,90,Phase 3: RAM,1789724066169,2026-09-18
shadowladyex,90,Phase 3: RAM,1789724066173,2026-09-18
ivanpetrov32,90,Phase 3: RAM,1789724066266,2026-09-18
ivanpetrov32,45,Phase 1: HDD,1789725275983,2026-09-18
shadowladyex,45,Phase 1: HDD,1789725275993,2026-09-18
ikaliayev,45,Phase 1: HDD,1789725275996,2026-09-18
xiaoxiao9313,45,Phase 1: HDD,1789725276004,2026-09-18
snoopys030,45,Phase 1: HDD,1789725276006,2026-09-18
aswd002,65,Phase 2: CPU,1789725896062,2026-09-18
xiaoxiao9313,65,Phase 2: CPU,1789725896067,2026-09-18
ivanpetrov32,65,Phase 2: CPU,1789725896077,2026-09-18
silent_luc,65,Phase 2: CPU,1789725896083,2026-09-18
ikaliayev,65,Phase 2: CPU,1789725896094,2026-09-18
shadowladyex,65,Phase 2: CPU,1789725896094,2026-09-18
pika_gamy,65,Phase 2: CPU,1789725896095,2026-09-18
ivanpetrov32,90,Phase 3: RAM,1789726551055,2026-09-18
xiaoxiao9313,90,Phase 3: RAM,1789726551056,2026-09-18
ikaliayev,90,Phase 3: RAM,1789726551063,2026-09-18
pika_gamy,90,Phase 3: RAM,1789726551070,2026-09-18
alfims,90,Phase 3: RAM,1789726551073,2026-09-18
snoopys030,90,Phase 3: RAM,1789726551080,2026-09-18
slay_da_b,90,Phase 3: RAM,1789726551096,2026-09-18
shadowladyex,90,Phase 3: RAM,1789726551122,2026-09-18
snoopys030,45,Phase 1: HDD,1789727970348,2026-09-18
alfims,45,Phase 1: HDD,1789727970350,2026-09-18
ivanpetrov32,45,Phase 1: HDD,1789727970378,2026-09-18
pika_gamy,45,Phase 1: HDD,1789727970391,2026-09-18
shadowladyex,45,Phase 1: HDD,1789727970393,2026-09-18
operacional_cae,45,Phase 1: HDD,1789727970394,2026-09-18
silent_luc,45,Phase 1: HDD,1789727970404,2026-09-18
xiaoxiao9313,45,Phase 1: HDD,1789727970406,2026-09-18
ikaliayev,45,Phase 1: HDD,1789727970434,2026-09-18
operacional_cae,65,Phase 2: RAM,1789728516703,2026-09-18
xiaoxiao9313,65,Phase 2: RAM,1789728516717,2026-09-18
alphonsoe,65,Phase 2: RAM,1789728516723,2026-09-18
snoopys030,65,Phase 2: RAM,1789728516730,2026-09-18
pika_gamy,65,Phase 2: RAM,1789728516735,2026-09-18
silent_luc,65,Phase 2: RAM,1789728516737,2026-09-18
ikaliayev,65,Phase 2: RAM,1789728516737,2026-09-18
xiaoxiao9313,45,Phase 1: RAM,1789729735443,2026-09-18
ikaliayev,45,Phase 1: RAM,1789729735451,2026-09-18
shadowladyex,45,Phase 1: RAM,1789729735457,2026-09-18
silent_luc,45,Phase 1: RAM,1789729735458,2026-09-18
pika_gamy,45,Phase 1: RAM,1789729735464,2026-09-18
snoopys030,45,Phase 1: RAM,1789729735470,2026-09-18
shadowladyex,65,Phase 2: HDD,1789730482407,2026-09-18
alphonsoe,65,Phase 2: HDD,1789730482441,2026-09-18
pika_gamy,65,Phase 2: HDD,1789730482442,2026-09-18
mori2323,65,Phase 2: HDD,1789730482450,2026-09-18
alexwifi42,65,Phase 2: HDD,1789730482451,2026-09-18
xiaoxiao9313,65,Phase 2: HDD,1789730482528,2026-09-18
ikaliayev,65,Phase 2: HDD,1789730482533,2026-09-18
snoopys030,65,Phase 2: HDD,1789730482534,2026-09-18
silent_luc,65,Phase 2: HDD,1789730482605,2026-09-18
shadowladyex,45,Phase 1: RAM,1789731849338,2026-09-18
ivanpetrov32,45,Phase 1: RAM,1789731849340,2026-09-18
xiaoxiao9313,45,Phase 1: RAM,1789731849340,2026-09-18
silent_luc,45,Phase 1: RAM,1789731849354,2026-09-18
slay_da_b,45,Phase 1: RAM,1789731849361,2026-09-18
mori2323,45,Phase 1: RAM,1789731849362,2026-09-18
pika_gamy,45,Phase 1: RAM,1789731849362,2026-09-18
snoopys030,45,Phase 1: RAM,1789731849370,2026-09-18
alphonsoe,45,Phase 1: RAM,1789731849371,2026-09-18
snoopys030,65,Phase 2: HDD,1789732393217,2026-09-18
alphonsoe,65,Phase 2: HDD,1789732393219,2026-09-18
mori2323,65,Phase 2: HDD,1789732393229,2026-09-18
shadowladyex,65,Phase 2: HDD,1789732393244,2026-09-18
xiaoxiao9313,65,Phase 2: HDD,1789732393258,2026-09-18
slay_da_b,65,Phase 2: HDD,1789732393269,2026-09-18
silent_luc,45,Phase 1: RAM,1789733715148,2026-09-18
alexwifi42,45,Phase 1: RAM,1789733715152,2026-09-18
xiaoxiao9313,45,Phase 1: RAM,1789733715160,2026-09-18
mori2323,45,Phase 1: RAM,1789733715165,2026-09-18
snoopys030,45,Phase 1: RAM,1789733715167,2026-09-18
alphonsoe,45,Phase 1: RAM,1789733715170,2026-09-18
shadowladyex,45,Phase 1: RAM,1789733715176,2026-09-18
mori2323,65,Phase 2: CPU,1789734239037,2026-09-18
alphonsoe,65,Phase 2: CPU,1789734239038,2026-09-18
xiaoxiao9313,65,Phase 2: CPU,1789734239044,2026-09-18
shadowladyex,65,Phase 2: CPU,1789734239052,2026-09-18
silent_luc,65,Phase 2: CPU,1789734239058,2026-09-18
snoopys030,65,Phase 2: CPU,1789734239081,2026-09-18
xiaoxiao9313,45,Phase 1: HDD,1789735439745,2026-09-18
silent_luc,45,Phase 1: HDD,1789735439746,2026-09-18
thanossoul,45,Phase 1: HDD,1789735439751,2026-09-18
mori2323,45,Phase 1: HDD,1789735439767,2026-09-18
snoopys030,45,Phase 1: HDD,1789735439827,2026-09-18
avin_novor,65,Phase 2: GPU,1789736126738,2026-09-18
alphonsoe,65,Phase 2: GPU,1789736126739,2026-09-18
lovegamesandthings00000,65,Phase 2: GPU,1789736126744,2026-09-18
snoopys030,65,Phase 2: GPU,1789736126745,2026-09-18
thanossoul,65,Phase 2: GPU,1789736126755,2026-09-18
silent_luc,65,Phase 2: GPU,1789736126758,2026-09-18
shadowladyex,65,Phase 2: GPU,1789736126760,2026-09-18
mori2323,65,Phase 2: GPU,1789736126760,2026-09-18
mori2323,45,Phase 1: GPU,1789737547371,2026-09-18
shadowladyex,45,Phase 1: GPU,1789737547381,2026-09-18
alexwifi42,45,Phase 1: GPU,1789737547396,2026-09-18
thanossoul,45,Phase 1: GPU,1789737547410,2026-09-18
alphonsoe,45,Phase 1: GPU,1789737547410,2026-09-18
snoopys030,45,Phase 1: GPU,1789737547462,2026-09-18
hopelessss_,45,Phase 1: GPU,1789737547522,2026-09-18
silent_luc,45,Phase 1: GPU,1789737547575,2026-09-18
thanossoul,65,Phase 2: RAM,1789738195259,2026-09-18
robin3one,65,Phase 2: RAM,1789738195263,2026-09-18
xiaoxiao9313,65,Phase 2: RAM,1789738195271,2026-09-18
alphonsoe,65,Phase 2: RAM,1789738195272,2026-09-18
mori2323,65,Phase 2: RAM,1789738195273,2026-09-18
hopelessss_,65,Phase 2: RAM,1789738195281,2026-09-18
silent_luc,65,Phase 2: RAM,1789738195287,2026-09-18
shadowladyex,65,Phase 2: RAM,1789738195288,2026-09-18
snoopys030,65,Phase 2: RAM,1789738195288,2026-09-18
hopelessss_,90,Phase 3: HDD,1789738695307,2026-09-18
mori2323,90,Phase 3: HDD,1789738695313,2026-09-18
silent_luc,90,Phase 3: HDD,1789738695315,2026-09-18
shadowladyex,90,Phase 3: HDD,1789738695319,2026-09-18
avin_novor,90,Phase 3: HDD,1789738695319,2026-09-18
alexwifi42,90,Phase 3: HDD,1789738695323,2026-09-18
alburldador,90,Phase 3: HDD,1789738695331,2026-09-18
xiaoxiao9313,90,Phase 3: HDD,1789738695332,2026-09-18
xiaoxiao9313,45,Phase 1: HDD,1789739921865,2026-09-18
hopelessss_,45,Phase 1: HDD,1789739921881,2026-09-18
alphonsoe,45,Phase 1: HDD,1789739921905,2026-09-18
snoopys030,45,Phase 1: HDD,1789739921910,2026-09-18
silent_luc,45,Phase 1: HDD,1789739921916,2026-09-18
alyssrentori,45,Phase 1: HDD,1789739921925,2026-09-18
mori2323,45,Phase 1: HDD,1789739921925,2026-09-18
mori2323,45,Phase 1: CPU,1789741347114,2026-09-18
avin_novor,45,Phase 1: CPU,1789741347126,2026-09-18
silent_luc,45,Phase 1: CPU,1789741347136,2026-09-18
pika_gamy,45,Phase 1: CPU,1789741347137,2026-09-18
xiaoxiao9313,45,Phase 1: CPU,1789741347141,2026-09-18
hopelessss_,45,Phase 1: CPU,1789741347151,2026-09-18
robin3one,45,Phase 1: CPU,1789741347152,2026-09-18
avin_novor,45,Phase 1: GPU,1789742902965,2026-09-18
thanossoul,45,Phase 1: GPU,1789742902984,2026-09-18
xiaoxiao9313,45,Phase 1: GPU,1789742902986,2026-09-18
lmbs00,45,Phase 1: GPU,1789742902987,2026-09-18
cerebralx1,45,Phase 1: GPU,1789742903004,2026-09-18
hopelessss_,45,Phase 1: GPU,1789742903005,2026-09-18
player0451,45,Phase 1: GPU,1789742903005,2026-09-18
yurigiu,45,Phase 1: GPU,1789742903006,2026-09-18
mori2323,45,Phase 1: GPU,1789742903018,2026-09-18
xiaoxiao9313,45,Phase 1: GPU,1789744404609,2026-09-18
avin_novor,45,Phase 1: GPU,1789744404626,2026-09-18
hopelessss_,45,Phase 1: GPU,1789744404634,2026-09-18
cerebralx1,45,Phase 1: GPU,1789744404635,2026-09-18
lmbs00,45,Phase 1: GPU,1789744404638,2026-09-18
silent_luc,45,Phase 1: GPU,1789744404642,2026-09-18
alphonsoe,45,Phase 1: GPU,1789744404643,2026-09-18
cerebralx1,65,Phase 2: RAM,1789745082056,2026-09-18
thanossoul,65,Phase 2: RAM,1789745082063,2026-09-18
xiaoxiao9313,65,Phase 2: RAM,1789745082069,2026-09-18
avin_novor,65,Phase 2: RAM,1789745082071,2026-09-18
lovegamesandthings00000,65,Phase 2: RAM,1789745082073,2026-09-18
lmbs00,65,Phase 2: RAM,1789745082079,2026-09-18
silent_luc,65,Phase 2: RAM,1789745082086,2026-09-18
mori2323,65,Phase 2: RAM,1789745082090,2026-09-18
player0451,65,Phase 2: RAM,1789745082118,2026-09-18
hopelessss_,65,Phase 2: RAM,1789745082136,2026-09-18
ivanpetrov32,45,Phase 1: GPU,1789746412715,2026-09-18
llucholba,45,Phase 1: GPU,1789746412716,2026-09-18
avin_novor,45,Phase 1: GPU,1789746412723,2026-09-18
hopelessss_,45,Phase 1: GPU,1789746412730,2026-09-18
mori2323,45,Phase 1: GPU,1789746412731,2026-09-18
silent_luc,45,Phase 1: GPU,1789746412731,2026-09-18
cerebralx1,45,Phase 1: GPU,1789746412753,2026-09-18
xiaoxiao9313,45,Phase 1: GPU,1789746412790,2026-09-18
silent_luc,65,Phase 2: CPU,1789747444016,2026-09-18
avin_novor,65,Phase 2: CPU,1789747444025,2026-09-18
hopelessss_,65,Phase 2: CPU,1789747444027,2026-09-18
llucholba,65,Phase 2: CPU,1789747444036,2026-09-18
lmbs00,65,Phase 2: CPU,1789747444039,2026-09-18
alexwifi42,65,Phase 2: CPU,1789747444040,2026-09-18
pika_gamy,65,Phase 2: CPU,1789747444043,2026-09-18
alburldador,65,Phase 2: CPU,1789747444057,2026-09-18
cerebralx1,65,Phase 2: CPU,1789747444060,2026-09-18
dahhel,65,Phase 2: CPU,1789747444061,2026-09-18
alfims,65,Phase 2: CPU,1789747444061,2026-09-18
ivanpetrov32,65,Phase 2: CPU,1789747444064,2026-09-18
slay_da_b,65,Phase 2: CPU,1789747444065,2026-09-18
mori2323,65,Phase 2: CPU,1789747444129,2026-09-18
xiaoxiao9313,65,Phase 2: CPU,1789747444130,2026-09-18
hopelessss_,90,Phase 3: HDD,1789748123714,2026-09-18
lmbs00,90,Phase 3: HDD,1789748123735,2026-09-18
cerebralx1,90,Phase 3: HDD,1789748123753,2026-09-18
xiaoxiao9313,90,Phase 3: HDD,1789748123764,2026-09-18
avin_novor,90,Phase 3: HDD,1789748123765,2026-09-18
alexwifi42,90,Phase 3: HDD,1789748123766,2026-09-18
alburldador,90,Phase 3: HDD,1789748123774,2026-09-18
mori2323,90,Phase 3: HDD,1789748123775,2026-09-18
dahhel,90,Phase 3: HDD,1789748123832,2026-09-18
silent_luc,90,Phase 3: HDD,1789748123833,2026-09-18
cerebralx1,120,Phase 4: RAM,1789748800750,2026-09-18
pika_gamy,120,Phase 4: RAM,1789748800756,2026-09-18
alphonsoe,120,Phase 4: RAM,1789748800811,2026-09-18
alburldador,120,Phase 4: RAM,1789748800811,2026-09-18
avin_novor,120,Phase 4: RAM,1789748800812,2026-09-18
mori2323,120,Phase 4: RAM,1789748800812,2026-09-18
player0451,120,Phase 4: RAM,1789748800816,2026-09-18
lmbs00,120,Phase 4: RAM,1789748800816,2026-09-18
shadowladyex,120,Phase 4: RAM,1789748800822,2026-09-18
ivanpetrov32,120,Phase 4: RAM,1789748800827,2026-09-18
xiaoxiao9313,120,Phase 4: RAM,1789748800827,2026-09-18
hopelessss_,120,Phase 4: RAM,1789748800832,2026-09-18
dahhel,120,Phase 4: RAM,1789748800833,2026-09-18
cerebralx1,100,proStar bonus: all 4 phases,1789748801570,2026-09-18
hopelessss_,100,proStar bonus: all 4 phases,1789748801580,2026-09-18
mori2323,100,proStar bonus: all 4 phases,1789748801585,2026-09-18
avin_novor,100,proStar bonus: all 4 phases,1789748801589,2026-09-18
xiaoxiao9313,100,proStar bonus: all 4 phases,1789748801591,2026-09-18
ivanpetrov32,45,Phase 1: RAM,1789750005167,2026-09-18
lmbs00,45,Phase 1: RAM,1789750005191,2026-09-18
xiaoxiao9313,45,Phase 1: RAM,1789750005192,2026-09-18
mori2323,45,Phase 1: RAM,1789750005195,2026-09-18
alfims,45,Phase 1: RAM,1789750005196,2026-09-18
llucholba,45,Phase 1: RAM,1789750005206,2026-09-18
avin_novor,45,Phase 1: RAM,1789750005207,2026-09-18
alyssrentori,45,Phase 1: RAM,1789750005208,2026-09-18
player0451,45,Phase 1: RAM,1789750005209,2026-09-18
alburldador,45,Phase 1: RAM,1789750005210,2026-09-18
shadowladyex,45,Phase 1: RAM,1789750005211,2026-09-18
silent_luc,45,Phase 1: RAM,1789750005213,2026-09-18
hopelessss_,45,Phase 1: RAM,1789750005222,2026-09-18
dahhel,45,Phase 1: RAM,1789750005290,2026-09-18
shadowladyex,65,Phase 2: GPU,1789750707784,2026-09-18
alburldador,65,Phase 2: GPU,1789750707792,2026-09-18
lmbs00,65,Phase 2: GPU,1789750707795,2026-09-18
silent_luc,65,Phase 2: GPU,1789750707804,2026-09-18
hopelessss_,65,Phase 2: GPU,1789750707811,2026-09-18
thanossoul,65,Phase 2: GPU,1789750707841,2026-09-18
mori2323,65,Phase 2: GPU,1789750707846,2026-09-18
ivanpetrov32,65,Phase 2: GPU,1789750707867,2026-09-18
xiaoxiao9313,65,Phase 2: GPU,1789750707874,2026-09-18
dahhel,65,Phase 2: GPU,1789750707894,2026-09-18
avin_novor,65,Phase 2: GPU,1789750707948,2026-09-18
avin_novor,45,Phase 1: CPU,1789752172579,2026-09-18
thanossoul,45,Phase 1: CPU,1789752172581,2026-09-18
pika_gamy,45,Phase 1: CPU,1789752172588,2026-09-18
xiaoxiao9313,45,Phase 1: CPU,1789752172597,2026-09-18
shadowladyex,45,Phase 1: CPU,1789752172598,2026-09-18
lmbs00,45,Phase 1: CPU,1789752172599,2026-09-18
ikaliayev,45,Phase 1: CPU,1789752172655,2026-09-18
hopelessss_,45,Phase 1: CPU,1789752172662,2026-09-18
mori2323,45,Phase 1: CPU,1789752172663,2026-09-18
dahhel,45,Phase 1: CPU,1789752172664,2026-09-18
player0451,45,Phase 1: CPU,1789752172710,2026-09-18
mori2323,65,Phase 2: RAM,1789752703682,2026-09-18
xiaoxiao9313,65,Phase 2: RAM,1789752703683,2026-09-18
ikaliayev,65,Phase 2: RAM,1789752703684,2026-09-18
lmbs00,65,Phase 2: RAM,1789752703685,2026-09-18
shadowladyex,65,Phase 2: RAM,1789752703694,2026-09-18
dahhel,65,Phase 2: RAM,1789752703695,2026-09-18
pika_gamy,65,Phase 2: RAM,1789752703701,2026-09-18
hopelessss_,65,Phase 2: RAM,1789752703723,2026-09-18
xiaoxiao9313,45,Phase 1: CPU,1789754338253,2026-09-18
ivanpetrov32,45,Phase 1: CPU,1789754338308,2026-09-18
thanossoul,45,Phase 1: CPU,1789754338309,2026-09-18
pika_gamy,45,Phase 1: CPU,1789754338309,2026-09-18
dahhel,45,Phase 1: CPU,1789754338311,2026-09-18
mori2323,45,Phase 1: CPU,1789754338312,2026-09-18
ikaliayev,45,Phase 1: CPU,1789754338313,2026-09-18
avin_novor,45,Phase 1: CPU,1789754338314,2026-09-18
shadowladyex,45,Phase 1: CPU,1789754338320,2026-09-18
lmbs00,45,Phase 1: CPU,1789754338321,2026-09-18
hopelessss_,45,Phase 1: CPU,1789754338321,2026-09-18
player0451,45,Phase 1: CPU,1789754338394,2026-09-18
llucholba,45,Phase 1: CPU,1789754338395,2026-09-18
silent_luc,45,Phase 1: CPU,1789754338413,2026-09-18
hopelessss_,65,Phase 2: GPU,1789754902242,2026-09-18
dahhel,65,Phase 2: GPU,1789754902256,2026-09-18
pika_gamy,65,Phase 2: GPU,1789754902257,2026-09-18
shadowladyex,65,Phase 2: GPU,1789754902266,2026-09-18
xiaoxiao9313,65,Phase 2: GPU,1789754902267,2026-09-18
lmbs00,65,Phase 2: GPU,1789754902273,2026-09-18
alburldador,65,Phase 2: GPU,1789754902274,2026-09-18
ikaliayev,65,Phase 2: GPU,1789754902287,2026-09-18
hopelessss_,45,Phase 1: CPU,1789756366266,2026-09-18
mori2323,45,Phase 1: CPU,1789756366281,2026-09-18
alfims,45,Phase 1: CPU,1789756366282,2026-09-18
thanossoul,45,Phase 1: CPU,1789756366285,2026-09-18
ikaliayev,45,Phase 1: CPU,1789756366292,2026-09-18
dahhel,45,Phase 1: CPU,1789756366293,2026-09-18
avin_novor,45,Phase 1: CPU,1789756366295,2026-09-18
pika_gamy,45,Phase 1: CPU,1789756366298,2026-09-18
lovegamesandthings00000,45,Phase 1: CPU,1789756366302,2026-09-18
shadowladyex,45,Phase 1: CPU,1789756366302,2026-09-18
lmbs00,45,Phase 1: CPU,1789756366323,2026-09-18
pika_gamy,65,Phase 2: HDD,1789756913891,2026-09-18
mori2323,65,Phase 2: HDD,1789756913897,2026-09-18
dahhel,65,Phase 2: HDD,1789756913906,2026-09-18
hopelessss_,65,Phase 2: HDD,1789756913908,2026-09-18
avin_novor,65,Phase 2: HDD,1789756913923,2026-09-18
lmbs00,65,Phase 2: HDD,1789756913927,2026-09-18
ikaliayev,65,Phase 2: HDD,1789756913936,2026-09-18
shadowladyex,65,Phase 2: HDD,1789756913936,2026-09-18
silent_luc,65,Phase 2: HDD,1789756913937,2026-09-18
xiaoxiao9313,45,Phase 1: HDD,1789758350164,2026-09-18
player0451,45,Phase 1: HDD,1789758350171,2026-09-18
ikaliayev,45,Phase 1: HDD,1789758350178,2026-09-18
alburldador,45,Phase 1: HDD,1789758350180,2026-09-18
mori2323,45,Phase 1: HDD,1789758350188,2026-09-18
pika_gamy,45,Phase 1: HDD,1789758350190,2026-09-18
dahhel,45,Phase 1: HDD,1789758350218,2026-09-18
hopelessss_,45,Phase 1: HDD,1789758350220,2026-09-18
alexwifi42,45,Phase 1: HDD,1789758350250,2026-09-18
lmbs00,45,Phase 1: HDD,1789758350251,2026-09-18
avin_novor,45,Phase 1: HDD,1789758350253,2026-09-18
silent_luc,45,Phase 1: HDD,1789758350285,2026-09-18
lmbs00,65,Phase 2: RAM,1789758823447,2026-09-18
ikaliayev,65,Phase 2: RAM,1789758823453,2026-09-18
thanossoul,65,Phase 2: RAM,1789758823454,2026-09-18
mori2323,65,Phase 2: RAM,1789758823461,2026-09-18
robin3one,65,Phase 2: RAM,1789758823462,2026-09-18
hopelessss_,65,Phase 2: RAM,1789758823470,2026-09-18
xiaoxiao9313,65,Phase 2: RAM,1789758823471,2026-09-18
avin_novor,65,Phase 2: RAM,1789758823497,2026-09-18
alexwifi42,90,Phase 3: GPU,1789759340444,2026-09-18
alburldador,90,Phase 3: GPU,1789759340451,2026-09-18
lmbs00,90,Phase 3: GPU,1789759340459,2026-09-18
avin_novor,90,Phase 3: GPU,1789759340464,2026-09-18
dahhel,90,Phase 3: GPU,1789759340465,2026-09-18
ikaliayev,90,Phase 3: GPU,1789759340473,2026-09-18
silent_luc,90,Phase 3: GPU,1789759340475,2026-09-18
xiaoxiao9313,90,Phase 3: GPU,1789759340475,2026-09-18
hopelessss_,90,Phase 3: GPU,1789759340483,2026-09-18
cerebralx1,90,Phase 3: GPU,1789759340494,2026-09-18
shadowladyex,90,Phase 3: GPU,1789759340494,2026-09-18
mori2323,90,Phase 3: GPU,1789759340508,2026-09-18
ivanpetrov32,45,Phase 1: RAM,1789760900126,2026-09-18
ikaliayev,45,Phase 1: RAM,1789760900175,2026-09-18
ichuy07,45,Phase 1: RAM,1789760900190,2026-09-18
avin_novor,45,Phase 1: RAM,1789760900198,2026-09-18
xiaoxiao9313,45,Phase 1: RAM,1789760900199,2026-09-18
lovegamesandthings00000,45,Phase 1: RAM,1789760900221,2026-09-18
pika_gamy,45,Phase 1: RAM,1789760900221,2026-09-18
mori2323,45,Phase 1: RAM,1789760900222,2026-09-18
dahhel,45,Phase 1: RAM,1789760900223,2026-09-18
lmbs00,45,Phase 1: RAM,1789760900224,2026-09-18
cerebralx1,45,Phase 1: RAM,1789760900224,2026-09-18
shadowladyex,45,Phase 1: RAM,1789760900226,2026-09-18
hopelessss_,45,Phase 1: RAM,1789760900253,2026-09-18
silent_luc,45,Phase 1: RAM,1789760900317,2026-09-18
shadowladyex,65,Phase 2: HDD,1789761822886,2026-09-18
avin_novor,65,Phase 2: HDD,1789761822906,2026-09-18
pika_gamy,65,Phase 2: HDD,1789761822907,2026-09-18
lovegamesandthings00000,65,Phase 2: HDD,1789761822908,2026-09-18
thanossoul,65,Phase 2: HDD,1789761822908,2026-09-18
silent_luc,65,Phase 2: HDD,1789761822912,2026-09-18
lmbs00,65,Phase 2: HDD,1789761822913,2026-09-18
dahhel,65,Phase 2: HDD,1789761822914,2026-09-18
ikaliayev,65,Phase 2: HDD,1789761822920,2026-09-18
cerebralx1,65,Phase 2: HDD,1789761822932,2026-09-18
madagascaradam,65,Phase 2: HDD,1789761822934,2026-09-18
mori2323,65,Phase 2: HDD,1789761822936,2026-09-18
hopelessss_,65,Phase 2: HDD,1789761822937,2026-09-18
xiaoxiao9313,65,Phase 2: HDD,1789761822947,2026-09-18
ivanpetrov32,65,Phase 2: HDD,1789761823384,2026-09-18
lmbs00,45,Phase 1: HDD,1789763481207,2026-09-18
hopelessss_,45,Phase 1: HDD,1789763481209,2026-09-18
yurigiu,45,Phase 1: HDD,1789763481258,2026-09-18
ivanpetrov32,45,Phase 1: HDD,1789763481269,2026-09-18
dahhel,45,Phase 1: HDD,1789763481275,2026-09-18
silent_luc,45,Phase 1: HDD,1789763481291,2026-09-18
shadowladyex,45,Phase 1: HDD,1789763481293,2026-09-18
ichuy07,45,Phase 1: HDD,1789763481294,2026-09-18
mori2323,45,Phase 1: HDD,1789763481295,2026-09-18
thanossoul,45,Phase 1: HDD,1789763481296,2026-09-18
pika_gamy,45,Phase 1: HDD,1789763481341,2026-09-18
ikaliayev,45,Phase 1: HDD,1789763481342,2026-09-18
avin_novor,45,Phase 1: HDD,1789763481343,2026-09-18
operacional_cae,45,Phase 1: HDD,1789763481344,2026-09-18
hopelessss_,65,Phase 2: GPU,1789763919786,2026-09-18
lovegamesandthings00000,65,Phase 2: GPU,1789763919798,2026-09-18
pika_gamy,65,Phase 2: GPU,1789763919807,2026-09-18
lmbs00,65,Phase 2: GPU,1789763919824,2026-09-18
ikaliayev,65,Phase 2: GPU,1789763919843,2026-09-18
mori2323,65,Phase 2: GPU,1789763919844,2026-09-18
dahhel,65,Phase 2: GPU,1789763919847,2026-09-18
lmbs00,45,Phase 1: RAM,1789765209455,2026-09-18
dahhel,45,Phase 1: RAM,1789765209456,2026-09-18
madagascaradam,45,Phase 1: RAM,1789765209465,2026-09-18
ikaliayev,45,Phase 1: RAM,1789765209552,2026-09-18
avin_novor,45,Phase 1: RAM,1789765209591,2026-09-18
mori2323,45,Phase 1: RAM,1789765209611,2026-09-18
thanossoul,45,Phase 1: RAM,1789765209612,2026-09-18
silent_luc,45,Phase 1: RAM,1789765209613,2026-09-18
hopelessss_,45,Phase 1: RAM,1789765209692,2026-09-18
madagascaradam,45,Phase 1: GPU,1789767046282,2026-09-18
operacional_cae,45,Phase 1: GPU,1789767046285,2026-09-18
lmbs00,45,Phase 1: GPU,1789767046293,2026-09-18
llucholba,45,Phase 1: GPU,1789767046297,2026-09-18
hopelessss_,45,Phase 1: GPU,1789767046298,2026-09-18
dahhel,45,Phase 1: GPU,1789767046300,2026-09-18
silent_luc,45,Phase 1: GPU,1789767046308,2026-09-18
alexwifi42,45,Phase 1: GPU,1789767046309,2026-09-18
mori2323,45,Phase 1: GPU,1789767046322,2026-09-18
ikaliayev,45,Phase 1: GPU,1789767046326,2026-09-18
pika_gamy,45,Phase 1: GPU,1789767046332,2026-09-18
thanossoul,45,Phase 1: GPU,1789767046367,2026-09-18
avin_novor,45,Phase 1: GPU,1789767046372,2026-09-18
ikaliayev,65,Phase 2: HDD,1789767570018,2026-09-18
lmbs00,65,Phase 2: HDD,1789767570019,2026-09-18
dahhel,65,Phase 2: HDD,1789767570027,2026-09-18
llucholba,65,Phase 2: HDD,1789767570028,2026-09-18
hopelessss_,65,Phase 2: HDD,1789767570037,2026-09-18
mori2323,65,Phase 2: HDD,1789767570045,2026-09-18
pika_gamy,65,Phase 2: HDD,1789767570046,2026-09-18
hopelessss_,45,Phase 1: GPU,1789768978896,2026-09-18
mori2323,45,Phase 1: GPU,1789768978904,2026-09-18
pika_gamy,45,Phase 1: GPU,1789768978905,2026-09-18
ikaliayev,45,Phase 1: GPU,1789768978913,2026-09-18
alexwifi42,45,Phase 1: GPU,1789768978919,2026-09-18
silent_luc,45,Phase 1: GPU,1789768978920,2026-09-18
thanossoul,45,Phase 1: GPU,1789768978920,2026-09-18
dahhel,45,Phase 1: GPU,1789768978930,2026-09-18
lmbs00,45,Phase 1: GPU,1789768978931,2026-09-18
dahhel,65,Phase 2: HDD,1789769731850,2026-09-18
silent_luc,65,Phase 2: HDD,1789769731856,2026-09-18
hopelessss_,65,Phase 2: HDD,1789769731858,2026-09-18
lmbs00,65,Phase 2: HDD,1789769731859,2026-09-18
ikaliayev,65,Phase 2: HDD,1789769731871,2026-09-18
mori2323,65,Phase 2: HDD,1789769731872,2026-09-18
alexwifi42,65,Phase 2: HDD,1789769731882,2026-09-18
thanossoul,65,Phase 2: HDD,1789769731885,2026-09-18
pika_gamy,65,Phase 2: HDD,1789769731890,2026-09-18
avin_novor,65,Phase 2: HDD,1789769731894,2026-09-18
alyssrentori,90,Phase 3: CPU,1789770131841,2026-09-18
dahhel,90,Phase 3: CPU,1789770131859,2026-09-18
pika_gamy,90,Phase 3: CPU,1789770131869,2026-09-18
lmbs00,90,Phase 3: CPU,1789770131872,2026-09-18
hopelessss_,90,Phase 3: CPU,1789770131878,2026-09-18
mori2323,90,Phase 3: CPU,1789770131886,2026-09-18
ikaliayev,90,Phase 3: CPU,1789770131907,2026-09-18
avin_novor,90,Phase 3: CPU,1789770132076,2026-09-18
dahhel,45,Phase 1: HDD,1789771365499,2026-09-18
ikaliayev,45,Phase 1: HDD,1789771365510,2026-09-18
silent_luc,45,Phase 1: HDD,1789771365519,2026-09-18
hopelessss_,45,Phase 1: HDD,1789771365525,2026-09-18
avin_novor,45,Phase 1: HDD,1789771365531,2026-09-18
lmbs00,45,Phase 1: HDD,1789771365572,2026-09-18
pika_gamy,45,Phase 1: HDD,1789771365578,2026-09-18
hopelessss_,65,Phase 2: RAM,1789771970571,2026-09-18
ikaliayev,65,Phase 2: RAM,1789771970579,2026-09-18
avin_novor,65,Phase 2: RAM,1789771970580,2026-09-18
mori2323,65,Phase 2: RAM,1789771970586,2026-09-18
lmbs00,65,Phase 2: RAM,1789771970590,2026-09-18
player0451,65,Phase 2: RAM,1789771970598,2026-09-18
dahhel,65,Phase 2: RAM,1789771970600,2026-09-18
pika_gamy,65,Phase 2: RAM,1789771970602,2026-09-18
mori2323,90,Phase 3: CPU,1789772482551,2026-09-18
ikaliayev,90,Phase 3: CPU,1789772482560,2026-09-18
hopelessss_,90,Phase 3: CPU,1789772482565,2026-09-18
lmbs00,90,Phase 3: CPU,1789772482573,2026-09-18
pika_gamy,90,Phase 3: CPU,1789772482576,2026-09-18
silent_luc,90,Phase 3: CPU,1789772482578,2026-09-18
avin_novor,90,Phase 3: CPU,1789772482582,2026-09-18
dahhel,90,Phase 3: CPU,1789772482623,2026-09-18
snoopys030,45,Phase 1: GPU,1789773878438,2026-09-18
hopelessss_,45,Phase 1: GPU,1789773878446,2026-09-18
ikaliayev,45,Phase 1: GPU,1789773878455,2026-09-18
dahhel,45,Phase 1: GPU,1789773878459,2026-09-18
lmbs00,45,Phase 1: GPU,1789773878464,2026-09-18
operacional_cae,45,Phase 1: GPU,1789773878473,2026-09-18
silent_luc,45,Phase 1: GPU,1789773878484,2026-09-18
pika_gamy,45,Phase 1: GPU,1789773878522,2026-09-18
mori2323,45,Phase 1: GPU,1789773878523,2026-09-18
avin_novor,45,Phase 1: GPU,1789773878546,2026-09-18
snoopys030,65,Phase 2: CPU,1789774481216,2026-09-18
ikaliayev,65,Phase 2: CPU,1789774481228,2026-09-18
silent_luc,65,Phase 2: CPU,1789774481238,2026-09-18
thanossoul,65,Phase 2: CPU,1789774481239,2026-09-18
dahhel,65,Phase 2: CPU,1789774481239,2026-09-18
hopelessss_,65,Phase 2: CPU,1789774481247,2026-09-18
mori2323,65,Phase 2: CPU,1789774481247,2026-09-18
lmbs00,65,Phase 2: CPU,1789774481249,2026-09-18
avin_novor,65,Phase 2: CPU,1789774481274,2026-09-18
snoopys030,45,Phase 1: RAM,1789775887137,2026-09-18
thanossoul,45,Phase 1: RAM,1789775887139,2026-09-18
lmbs00,45,Phase 1: RAM,1789775887139,2026-09-18
mori2323,45,Phase 1: RAM,1789775887140,2026-09-18
avin_novor,45,Phase 1: RAM,1789775887141,2026-09-18
hopelessss_,45,Phase 1: RAM,1789775887141,2026-09-18
ikaliayev,45,Phase 1: RAM,1789775887145,2026-09-18
dahhel,45,Phase 1: RAM,1789775887229,2026-09-18
silent_luc,45,Phase 1: RAM,1789775887231,2026-09-18
avin_novor,65,Phase 2: HDD,1789776530265,2026-09-19
ikaliayev,65,Phase 2: HDD,1789776530267,2026-09-19
thanossoul,65,Phase 2: HDD,1789776530268,2026-09-19
dahhel,65,Phase 2: HDD,1789776530270,2026-09-19
silent_luc,65,Phase 2: HDD,1789776530284,2026-09-19
lmbs00,65,Phase 2: HDD,1789776530285,2026-09-19
hopelessss_,65,Phase 2: HDD,1789776530287,2026-09-19
pika_gamy,65,Phase 2: HDD,1789776530381,2026-09-19
mori2323,65,Phase 2: HDD,1789776530382,2026-09-19
player0451,90,Phase 3: GPU,1789777082202,2026-09-19
lmbs00,90,Phase 3: GPU,1789777082211,2026-09-19
hopelessss_,90,Phase 3: GPU,1789777082214,2026-09-19
silent_luc,90,Phase 3: GPU,1789777082230,2026-09-19
avin_novor,90,Phase 3: GPU,1789777082231,2026-09-19
mori2323,90,Phase 3: GPU,1789777082237,2026-09-19
ikaliayev,90,Phase 3: GPU,1789777082244,2026-09-19
dahhel,90,Phase 3: GPU,1789777082250,2026-09-19
dahhel,45,Phase 1: HDD,1789778409923,2026-09-19
lmbs00,45,Phase 1: HDD,1789778409933,2026-09-19
hopelessss_,45,Phase 1: HDD,1789778409933,2026-09-19
shadowladyex,45,Phase 1: HDD,1789778409948,2026-09-19
ikaliayev,45,Phase 1: HDD,1789778409954,2026-09-19
silent_luc,45,Phase 1: HDD,1789778409964,2026-09-19
avin_novor,45,Phase 1: HDD,1789778409965,2026-09-19
mori2323,45,Phase 1: HDD,1789778409966,2026-09-19
lmbs00,65,Phase 2: CPU,1789779106875,2026-09-19
dahhel,65,Phase 2: CPU,1789779106880,2026-09-19
hopelessss_,65,Phase 2: CPU,1789779106886,2026-09-19
avin_novor,65,Phase 2: CPU,1789779106887,2026-09-19
player0451,65,Phase 2: CPU,1789779106894,2026-09-19
silent_luc,65,Phase 2: CPU,1789779106901,2026-09-19
shadowladyex,65,Phase 2: CPU,1789779106907,2026-09-19
mori2323,65,Phase 2: CPU,1789779106910,2026-09-19
snoopys030,65,Phase 2: CPU,1789779106911,2026-09-19
pika_gamy,45,Phase 1: RAM,1789780492680,2026-09-19
shadowladyex,45,Phase 1: RAM,1789780492682,2026-09-19
mori2323,45,Phase 1: RAM,1789780492692,2026-09-19
lmbs00,45,Phase 1: RAM,1789780492698,2026-09-19
ikaliayev,45,Phase 1: RAM,1789780492703,2026-09-19
snoopys030,45,Phase 1: RAM,1789780492717,2026-09-19
hopelessss_,45,Phase 1: RAM,1789780492719,2026-09-19
silent_luc,45,Phase 1: RAM,1789780492722,2026-09-19
dahhel,45,Phase 1: RAM,1789780492787,2026-09-19
mori2323,65,Phase 2: CPU,1789781061528,2026-09-19
shadowladyex,65,Phase 2: CPU,1789781061532,2026-09-19
dahhel,65,Phase 2: CPU,1789781061538,2026-09-19
snoopys030,65,Phase 2: CPU,1789781061550,2026-09-19
avin_novor,65,Phase 2: CPU,1789781061557,2026-09-19
lmbs00,65,Phase 2: CPU,1789781061567,2026-09-19
avin_novor,45,Phase 1: RAM,1789782267388,2026-09-19
shadowladyex,45,Phase 1: RAM,1789782267388,2026-09-19
mori2323,45,Phase 1: RAM,1789782267389,2026-09-19
lmbs00,45,Phase 1: RAM,1789782267396,2026-09-19
thanossoul,45,Phase 1: RAM,1789782267398,2026-09-19
dahhel,45,Phase 1: RAM,1789782267460,2026-09-19
lmbs00,65,Phase 2: CPU,1789782752351,2026-09-19
thanossoul,65,Phase 2: CPU,1789782752358,2026-09-19
shadowladyex,65,Phase 2: CPU,1789782752359,2026-09-19
dahhel,65,Phase 2: CPU,1789782752367,2026-09-19
mori2323,65,Phase 2: CPU,1789782752434,2026-09-19
snoopys030,45,Phase 1: HDD,1789783969036,2026-09-19
silent_luc,45,Phase 1: HDD,1789783969045,2026-09-19
mori2323,45,Phase 1: HDD,1789783969055,2026-09-19
dahhel,45,Phase 1: HDD,1789783969058,2026-09-19
lmbs00,45,Phase 1: HDD,1789783969064,2026-09-19
shadowladyex,45,Phase 1: HDD,1789783969179,2026-09-19
shadowladyex,65,Phase 2: CPU,1789784604015,2026-09-19
dahhel,65,Phase 2: CPU,1789784604025,2026-09-19
mori2323,65,Phase 2: CPU,1789784604032,2026-09-19
lovegamesandthings00000,65,Phase 2: CPU,1789784604033,2026-09-19
lmbs00,65,Phase 2: CPU,1789784604041,2026-09-19
silent_luc,65,Phase 2: CPU,1789784604045,2026-09-19
shadowladyex,90,Phase 3: GPU,1789785128046,2026-09-19
lmbs00,90,Phase 3: GPU,1789785128078,2026-09-19
avin_novor,90,Phase 3: GPU,1789785128095,2026-09-19
silent_luc,90,Phase 3: GPU,1789785128098,2026-09-19
snoopys030,90,Phase 3: GPU,1789785128108,2026-09-19
dahhel,90,Phase 3: GPU,1789785128108,2026-09-19
thanossoul,90,Phase 3: GPU,1789785128110,2026-09-19
alyssrentori,45,Phase 1: GPU,1789786192772,2026-09-19
shadowladyex,45,Phase 1: GPU,1789786192774,2026-09-19
snoopys030,45,Phase 1: GPU,1789786192795,2026-09-19
lmbs00,65,Phase 2: HDD,1789786845811,2026-09-19
avin_novor,65,Phase 2: HDD,1789786845816,2026-09-19
thanossoul,65,Phase 2: HDD,1789786845824,2026-09-19
shadowladyex,65,Phase 2: HDD,1789786845843,2026-09-19
dahhel,65,Phase 2: HDD,1789786845843,2026-09-19
slay_da_b,65,Phase 2: HDD,1789786845929,2026-09-19
shadowladyex,45,Phase 1: CPU,1789788082564,2026-09-19
dahhel,45,Phase 1: CPU,1789788082564,2026-09-19
madagascaradam,45,Phase 1: CPU,1789788082566,2026-09-19
avin_novor,45,Phase 1: CPU,1789788082569,2026-09-19
thanossoul,45,Phase 1: CPU,1789788082593,2026-09-19
lmbs00,65,Phase 2: RAM,1789788723569,2026-09-19
thanossoul,65,Phase 2: RAM,1789788723570,2026-09-19
shadowladyex,65,Phase 2: RAM,1789788723575,2026-09-19
slay_da_b,65,Phase 2: RAM,1789788723595,2026-09-19
madagascaradam,65,Phase 2: RAM,1789788723674,2026-09-19
dahhel,65,Phase 2: RAM,1789788723694,2026-09-19
snoopys030,65,Phase 2: RAM,1789788723824,2026-09-19
thanossoul,45,Phase 1: RAM,1789790082365,2026-09-19
avin_novor,45,Phase 1: RAM,1789790082372,2026-09-19
shadowladyex,45,Phase 1: RAM,1789790082374,2026-09-19
dahhel,45,Phase 1: RAM,1789790082382,2026-09-19
snoopys030,45,Phase 1: RAM,1789790082383,2026-09-19
ikaliayev,45,Phase 1: RAM,1789790082390,2026-09-19
lmbs00,45,Phase 1: RAM,1789790082392,2026-09-19
thanossoul,65,Phase 2: CPU,1789790814546,2026-09-19
lmbs00,65,Phase 2: CPU,1789790814558,2026-09-19
player0451,65,Phase 2: CPU,1789790814559,2026-09-19
shadowladyex,65,Phase 2: CPU,1789790814564,2026-09-19
slay_da_b,65,Phase 2: CPU,1789790814570,2026-09-19
ikaliayev,65,Phase 2: CPU,1789790814587,2026-09-19
avin_novor,65,Phase 2: CPU,1789790814616,2026-09-19
madagascaradam,65,Phase 2: CPU,1789790814619,2026-09-19
dahhel,65,Phase 2: CPU,1789790814632,2026-09-19
shadowladyex,45,Phase 1: HDD,1789792366479,2026-09-19
ikaliayev,45,Phase 1: HDD,1789792366481,2026-09-19
puphik,45,Phase 1: HDD,1789792366481,2026-09-19
xiaoxiao9313,45,Phase 1: HDD,1789792366483,2026-09-19
avin_novor,45,Phase 1: HDD,1789792366484,2026-09-19
thanossoul,45,Phase 1: HDD,1789792366497,2026-09-19
slay_da_b,45,Phase 1: HDD,1789792366504,2026-09-19
llucholba,45,Phase 1: HDD,1789792366505,2026-09-19
lmbs00,45,Phase 1: HDD,1789792366506,2026-09-19
snoopys030,45,Phase 1: HDD,1789792366507,2026-09-19
dahhel,45,Phase 1: HDD,1789792366507,2026-09-19
snoopys030,65,Phase 2: GPU,1789792944175,2026-09-19
ikaliayev,65,Phase 2: GPU,1789792944178,2026-09-19
xiaoxiao9313,65,Phase 2: GPU,1789792944180,2026-09-19
avin_novor,65,Phase 2: GPU,1789792944190,2026-09-19
shadowladyex,65,Phase 2: GPU,1789792944190,2026-09-19
lmbs00,65,Phase 2: GPU,1789792944198,2026-09-19
dahhel,65,Phase 2: GPU,1789792944233,2026-09-19
lmbs00,90,Phase 3: CPU,1789793397150,2026-09-19
dahhel,90,Phase 3: CPU,1789793397150,2026-09-19
snoopys030,90,Phase 3: CPU,1789793397167,2026-09-19
puphik,90,Phase 3: CPU,1789793397169,2026-09-19
slay_da_b,90,Phase 3: CPU,1789793397170,2026-09-19
xiaoxiao9313,90,Phase 3: CPU,1789793397173,2026-09-19
xiaoxiao9313,45,Phase 1: GPU,1789794723010,2026-09-19
alphonsoe,45,Phase 1: GPU,1789794723016,2026-09-19
darkranx,45,Phase 1: GPU,1789794723020,2026-09-19
shadowladyex,45,Phase 1: GPU,1789794723024,2026-09-19
slay_da_b,45,Phase 1: GPU,1789794723026,2026-09-19
ivanpetrov32,45,Phase 1: GPU,1789794723034,2026-09-19
lmbs00,45,Phase 1: GPU,1789794723043,2026-09-19
ikaliayev,45,Phase 1: GPU,1789794723096,2026-09-19
dahhel,45,Phase 1: GPU,1789794723137,2026-09-19
alphonsoe,65,Phase 2: RAM,1789795601978,2026-09-19
shadowladyex,65,Phase 2: RAM,1789795601982,2026-09-19
player0451,65,Phase 2: RAM,1789795601988,2026-09-19
lmbs00,65,Phase 2: RAM,1789795601992,2026-09-19
ikaliayev,65,Phase 2: RAM,1789795602018,2026-09-19
avin_novor,65,Phase 2: RAM,1789795602021,2026-09-19
dahhel,65,Phase 2: RAM,1789795602025,2026-09-19
snoopys030,65,Phase 2: RAM,1789795602062,2026-09-19
xiaoxiao9313,65,Phase 2: RAM,1789795602063,2026-09-19
madagascaradam,65,Phase 2: RAM,1789795602064,2026-09-19
ivanpetrov32,65,Phase 2: RAM,1789795602064,2026-09-19
darkranx,65,Phase 2: RAM,1789795602065,2026-09-19
ikaliayev,45,Phase 1: GPU,1789797078807,2026-09-19
ivanpetrov32,45,Phase 1: GPU,1789797078833,2026-09-19
avin_novor,45,Phase 1: GPU,1789797078847,2026-09-19
dahhel,45,Phase 1: GPU,1789797078849,2026-09-19
shadowladyex,45,Phase 1: GPU,1789797078858,2026-09-19
alphonsoe,45,Phase 1: GPU,1789797078860,2026-09-19
madagascaradam,45,Phase 1: GPU,1789797078865,2026-09-19
robin3one,45,Phase 1: GPU,1789797078877,2026-09-19
lmbs00,45,Phase 1: GPU,1789797078879,2026-09-19
snoopys030,45,Phase 1: GPU,1789797078910,2026-09-19
avin_novor,65,Phase 2: RAM,1789797693969,2026-09-19
shadowladyex,65,Phase 2: RAM,1789797693975,2026-09-19
slay_da_b,65,Phase 2: RAM,1789797693983,2026-09-19
dahhel,65,Phase 2: RAM,1789797693984,2026-09-19
ikaliayev,65,Phase 2: RAM,1789797693994,2026-09-19
robin3one,65,Phase 2: RAM,1789797693995,2026-09-19
ivanpetrov32,65,Phase 2: RAM,1789797694002,2026-09-19
shadowladyex,45,Phase 1: CPU,1789799144431,2026-09-19
ikaliayev,45,Phase 1: CPU,1789799144447,2026-09-19
dahhel,45,Phase 1: CPU,1789799144454,2026-09-19
lmbs00,45,Phase 1: CPU,1789799144458,2026-09-19
avin_novor,45,Phase 1: CPU,1789799144459,2026-09-19
player0451,45,Phase 1: CPU,1789799144468,2026-09-19
snoopys030,45,Phase 1: CPU,1789799144469,2026-09-19
robin3one,45,Phase 1: CPU,1789799144474,2026-09-19
alphonsoe,45,Phase 1: CPU,1789799144494,2026-09-19
alphonsoe,65,Phase 2: GPU,1789799915820,2026-09-19
lmbs00,65,Phase 2: GPU,1789799915854,2026-09-19
robin3one,65,Phase 2: GPU,1789799915863,2026-09-19
madagascaradam,65,Phase 2: GPU,1789799915864,2026-09-19
dahhel,65,Phase 2: GPU,1789799915865,2026-09-19
avin_novor,65,Phase 2: GPU,1789799915865,2026-09-19
snoopys030,65,Phase 2: GPU,1789799915867,2026-09-19
xiaoxiao9313,65,Phase 2: GPU,1789799915870,2026-09-19
ikaliayev,65,Phase 2: GPU,1789799915871,2026-09-19
ivanpetrov32,65,Phase 2: GPU,1789799915873,2026-09-19
shadowladyex,65,Phase 2: GPU,1789799915886,2026-09-19
xiaoxiao9313,90,Phase 3: HDD,1789800443818,2026-09-19
snoopys030,90,Phase 3: HDD,1789800443835,2026-09-19
lmbs00,90,Phase 3: HDD,1789800443854,2026-09-19
shadowladyex,90,Phase 3: HDD,1789800443855,2026-09-19
slay_da_b,90,Phase 3: HDD,1789800443862,2026-09-19
ivanpetrov32,90,Phase 3: HDD,1789800443863,2026-09-19
darkranx,90,Phase 3: HDD,1789800443865,2026-09-19
avin_novor,90,Phase 3: HDD,1789800443879,2026-09-19
robin3one,90,Phase 3: HDD,1789800443880,2026-09-19
robin3one,45,Phase 1: CPU,1789801702707,2026-09-19
ikaliayev,45,Phase 1: CPU,1789801702710,2026-09-19
lmbs00,45,Phase 1: CPU,1789801702719,2026-09-19
alphonsoe,45,Phase 1: CPU,1789801702734,2026-09-19
darkranx,45,Phase 1: CPU,1789801702737,2026-09-19
pika_gamy,45,Phase 1: CPU,1789801702742,2026-09-19
snoopys030,45,Phase 1: CPU,1789801702743,2026-09-19
snoopys030,65,Phase 2: HDD,1789802195594,2026-09-19
xiaoxiao9313,65,Phase 2: HDD,1789802195601,2026-09-19
lmbs00,65,Phase 2: HDD,1789802195612,2026-09-19
alphonsoe,65,Phase 2: HDD,1789802195613,2026-09-19
robin3one,65,Phase 2: HDD,1789802195628,2026-09-19
pika_gamy,65,Phase 2: HDD,1789802195637,2026-09-19
ivanpetrov32,45,Phase 1: RAM,1789803424266,2026-09-19
xiaoxiao9313,45,Phase 1: RAM,1789803424276,2026-09-19
robin3one,45,Phase 1: RAM,1789803424276,2026-09-19
ikaliayev,45,Phase 1: RAM,1789803424296,2026-09-19
slay_da_b,45,Phase 1: RAM,1789803424302,2026-09-19
alphonsoe,45,Phase 1: RAM,1789803424329,2026-09-19
valase,45,Phase 1: CPU,1789805005734,2026-09-19
robin3one,45,Phase 1: CPU,1789805005753,2026-09-19
snoopys030,45,Phase 1: CPU,1789805005783,2026-09-19
alburldador,45,Phase 1: CPU,1789805005790,2026-09-19
slay_da_b,45,Phase 1: CPU,1789805005814,2026-09-19
ivanpetrov32,45,Phase 1: CPU,1789805005816,2026-09-19
ikaliayev,45,Phase 1: CPU,1789805005817,2026-09-19
xiaoxiao9313,45,Phase 1: CPU,1789805005820,2026-09-19
puphik,65,Phase 2: HDD,1789805506971,2026-09-19
snoopys030,65,Phase 2: HDD,1789805506975,2026-09-19
xiaoxiao9313,65,Phase 2: HDD,1789805506979,2026-09-19
ikaliayev,65,Phase 2: HDD,1789805506994,2026-09-19
robin3one,65,Phase 2: HDD,1789805506995,2026-09-19
valase,65,Phase 2: HDD,1789805507005,2026-09-19
robin3one,45,Phase 1: RAM,1789806667895,2026-09-19
valase,45,Phase 1: RAM,1789806667909,2026-09-19
ivanpetrov32,45,Phase 1: RAM,1789806667910,2026-09-19
xiaoxiao9313,45,Phase 1: RAM,1789806667913,2026-09-19
ikaliayev,45,Phase 1: RAM,1789806667916,2026-09-19
ikaliayev,65,Phase 2: CPU,1789807206882,2026-09-19
xiaoxiao9313,65,Phase 2: CPU,1789807206894,2026-09-19
snoopys030,65,Phase 2: CPU,1789807206905,2026-09-19
valase,65,Phase 2: CPU,1789807206906,2026-09-19
ivanpetrov32,65,Phase 2: CPU,1789807206916,2026-09-19
robin3one,45,Phase 1: GPU,1789808327657,2026-09-19
valase,45,Phase 1: GPU,1789808327664,2026-09-19
pika_gamy,45,Phase 1: GPU,1789808327665,2026-09-19
snoopys030,45,Phase 1: GPU,1789808327667,2026-09-19
ikaliayev,45,Phase 1: GPU,1789808327689,2026-09-19
pika_gamy,65,Phase 2: RAM,1789808884723,2026-09-19
ikaliayev,65,Phase 2: RAM,1789808884724,2026-09-19
robin3one,65,Phase 2: RAM,1789808884786,2026-09-19
ivanpetrov32,65,Phase 2: RAM,1789808884791,2026-09-19
valase,65,Phase 2: RAM,1789808884792,2026-09-19
xiaoxiao9313,90,Phase 3: CPU,1789809406657,2026-09-19
alburldador,90,Phase 3: CPU,1789809406662,2026-09-19
valase,90,Phase 3: CPU,1789809406673,2026-09-19
robin3one,90,Phase 3: CPU,1789809406677,2026-09-19
ikaliayev,90,Phase 3: CPU,1789809406700,2026-09-19
pika_gamy,90,Phase 3: CPU,1789809406715,2026-09-19
snoopys030,90,Phase 3: CPU,1789809406735,2026-09-19
xiaoxiao9313,120,Phase 4: HDD,1789809922712,2026-09-19
pika_gamy,120,Phase 4: HDD,1789809922720,2026-09-19
snoopys030,120,Phase 4: HDD,1789809922721,2026-09-19
ikaliayev,120,Phase 4: HDD,1789809922730,2026-09-19
alfims,120,Phase 4: HDD,1789809922730,2026-09-19
robin3one,120,Phase 4: HDD,1789809922734,2026-09-19
valase,120,Phase 4: HDD,1789809922734,2026-09-19
robin3one,125,proStar bonus: all 4 phases,1789809923395,2026-09-19
ikaliayev,125,proStar bonus: all 4 phases,1789809923396,2026-09-19
pika_gamy,125,proStar bonus: all 4 phases,1789809923397,2026-09-19
valase,125,proStar bonus: all 4 phases,1789809923402,2026-09-19
alfims,45,Phase 1: CPU,1789810887123,2026-09-19
valase,45,Phase 1: CPU,1789810887139,2026-09-19
ikaliayev,45,Phase 1: CPU,1789810887140,2026-09-19
robin3one,45,Phase 1: CPU,1789810887141,2026-09-19
snoopys030,45,Phase 1: CPU,1789810887141,2026-09-19
xiaoxiao9313,45,Phase 1: CPU,1789810887154,2026-09-19
yurigiu,45,Phase 1: CPU,1789810887155,2026-09-19
alburldador,45,Phase 1: CPU,1789810887159,2026-09-19
xiaoxiao9313,65,Phase 2: RAM,1789811482875,2026-09-19
snoopys030,65,Phase 2: RAM,1789811482878,2026-09-19
ikaliayev,65,Phase 2: RAM,1789811482880,2026-09-19
robin3one,65,Phase 2: RAM,1789811482890,2026-09-19
valase,65,Phase 2: RAM,1789811482891,2026-09-19
alfims,65,Phase 2: RAM,1789811482893,2026-09-19
slay_da_b,65,Phase 2: RAM,1789811482897,2026-09-19
snoopys030,45,Phase 1: GPU,1789812881808,2026-09-19
xiaoxiao9313,45,Phase 1: GPU,1789812881811,2026-09-19
mori2323,45,Phase 1: GPU,1789812881816,2026-09-19
ikaliayev,45,Phase 1: GPU,1789812881831,2026-09-19
robin3one,45,Phase 1: GPU,1789812881841,2026-09-19
pika_gamy,45,Phase 1: GPU,1789812881843,2026-09-19
lovegamesandthings00000,45,Phase 1: GPU,1789812881850,2026-09-19
alfims,45,Phase 1: GPU,1789812881851,2026-09-19
llucholba,65,Phase 2: CPU,1789813727882,2026-09-19
ikaliayev,65,Phase 2: CPU,1789813727895,2026-09-19
xiaoxiao9313,65,Phase 2: CPU,1789813727896,2026-09-19
snoopys030,65,Phase 2: CPU,1789813727899,2026-09-19
shadowladyex,65,Phase 2: CPU,1789813727905,2026-09-19
mori2323,65,Phase 2: CPU,1789813727909,2026-09-19
alburldador,65,Phase 2: CPU,1789813727910,2026-09-19
valase,65,Phase 2: CPU,1789813727923,2026-09-19
pika_gamy,65,Phase 2: CPU,1789813727925,2026-09-19
robin3one,65,Phase 2: CPU,1789813727925,2026-09-19
hopelessss_,65,Phase 2: CPU,1789813727939,2026-09-19
hopelessss_,90,Phase 3: HDD,1789814438813,2026-09-19
xiaoxiao9313,90,Phase 3: HDD,1789814438836,2026-09-19
ikaliayev,90,Phase 3: HDD,1789814438839,2026-09-19
shadowladyex,90,Phase 3: HDD,1789814438840,2026-09-19
pika_gamy,90,Phase 3: HDD,1789814438857,2026-09-19
mori2323,90,Phase 3: HDD,1789814438857,2026-09-19
silent_luc,90,Phase 3: HDD,1789814438858,2026-09-19
louis_of_apshai,90,Phase 3: HDD,1789814438858,2026-09-19
valase,90,Phase 3: HDD,1789814438859,2026-09-19
snoopys030,90,Phase 3: HDD,1789814438865,2026-09-19
robin3one,90,Phase 3: HDD,1789814438880,2026-09-19
snoopys030,120,Phase 4: RAM,1789815066767,2026-09-19
shadowladyex,120,Phase 4: RAM,1789815066776,2026-09-19
pika_gamy,120,Phase 4: RAM,1789815066777,2026-09-19
xiaoxiao9313,120,Phase 4: RAM,1789815066778,2026-09-19
hopelessss_,120,Phase 4: RAM,1789815066778,2026-09-19
ikaliayev,120,Phase 4: RAM,1789815066786,2026-09-19
alexwifi42,120,Phase 4: RAM,1789815066787,2026-09-19
silent_luc,120,Phase 4: RAM,1789815066787,2026-09-19
robin3one,120,Phase 4: RAM,1789815066795,2026-09-19
mori2323,120,Phase 4: RAM,1789815066797,2026-09-19
valase,120,Phase 4: RAM,1789815066797,2026-09-19
slay_da_b,120,Phase 4: RAM,1789815066803,2026-09-19
snoopys030,83,proStar bonus: all 4 phases,1789815067570,2026-09-19
ikaliayev,83,proStar bonus: all 4 phases,1789815067575,2026-09-19
pika_gamy,83,proStar bonus: all 4 phases,1789815067578,2026-09-19
xiaoxiao9313,83,proStar bonus: all 4 phases,1789815067580,2026-09-19
mori2323,83,proStar bonus: all 4 phases,1789815067584,2026-09-19
robin3one,83,proStar bonus: all 4 phases,1789815067592,2026-09-19
snoopys030,45,Phase 1: RAM,1789815787856,2026-09-19
ikaliayev,45,Phase 1: RAM,1789815787857,2026-09-19
pika_gamy,45,Phase 1: RAM,1789815787858,2026-09-19
shadowladyex,45,Phase 1: RAM,1789815787886,2026-09-19
mori2323,45,Phase 1: RAM,1789815787922,2026-09-19
hopelessss_,45,Phase 1: RAM,1789815787940,2026-09-19
xiaoxiao9313,45,Phase 1: GPU,1789817436461,2026-09-19
silent_luc,45,Phase 1: GPU,1789817436477,2026-09-19
pika_gamy,45,Phase 1: GPU,1789817436496,2026-09-19
shadowladyex,45,Phase 1: GPU,1789817436498,2026-09-19
hopelessss_,45,Phase 1: GPU,1789817436499,2026-09-19
ikaliayev,45,Phase 1: GPU,1789817436501,2026-09-19
alphonsoe,45,Phase 1: GPU,1789817436502,2026-09-19
snoopys030,45,Phase 1: GPU,1789817436514,2026-09-19
valase,45,Phase 1: GPU,1789817436515,2026-09-19
shadowladyex,65,Phase 2: CPU,1789818111438,2026-09-19
snoopys030,65,Phase 2: CPU,1789818111445,2026-09-19
silent_luc,65,Phase 2: CPU,1789818111451,2026-09-19
pika_gamy,65,Phase 2: CPU,1789818111464,2026-09-19
hopelessss_,65,Phase 2: CPU,1789818111476,2026-09-19
valase,65,Phase 2: CPU,1789818111477,2026-09-19
lovegamesandthings00000,65,Phase 2: CPU,1789818111478,2026-09-19
ikaliayev,65,Phase 2: CPU,1789818111478,2026-09-19
alphonsoe,65,Phase 2: CPU,1789818111524,2026-09-19
shadowladyex,45,Phase 1: HDD,1789819516450,2026-09-19
pika_gamy,45,Phase 1: HDD,1789819516475,2026-09-19
xiaoxiao9313,45,Phase 1: HDD,1789819516482,2026-09-19
silent_luc,45,Phase 1: HDD,1789819516493,2026-09-19
hopelessss_,45,Phase 1: HDD,1789819516558,2026-09-19
valase,45,Phase 1: HDD,1789819516559,2026-09-19
operacional_cae,45,Phase 1: HDD,1789819516562,2026-09-19
snoopys030,45,Phase 1: HDD,1789819516563,2026-09-19
alphonsoe,45,Phase 1: HDD,1789819516564,2026-09-19
slay_da_b,45,Phase 1: HDD,1789819516567,2026-09-19
silent_luc,65,Phase 2: GPU,1789820236997,2026-09-19
pika_gamy,65,Phase 2: GPU,1789820237003,2026-09-19
hopelessss_,65,Phase 2: GPU,1789820237016,2026-09-19
xiaoxiao9313,65,Phase 2: GPU,1789820237019,2026-09-19
snoopys030,65,Phase 2: GPU,1789820237020,2026-09-19
valase,65,Phase 2: GPU,1789820237021,2026-09-19
alphonsoe,65,Phase 2: GPU,1789820237029,2026-09-19
alexwifi42,65,Phase 2: GPU,1789820237034,2026-09-19
mori2323,65,Phase 2: GPU,1789820237037,2026-09-19
shadowladyex,65,Phase 2: GPU,1789820237073,2026-09-19
hopelessss_,90,Phase 3: CPU,1789820823033,2026-09-19
alphonsoe,90,Phase 3: CPU,1789820823037,2026-09-19
pika_gamy,90,Phase 3: CPU,1789820823041,2026-09-19
valase,90,Phase 3: CPU,1789820823048,2026-09-19
shadowladyex,90,Phase 3: CPU,1789820823069,2026-09-19
cerebralx1,90,Phase 3: CPU,1789820823091,2026-09-19
silent_luc,90,Phase 3: CPU,1789820823092,2026-09-19
mori2323,90,Phase 3: CPU,1789820823124,2026-09-19
alexwifi42,90,Phase 3: CPU,1789820823125,2026-09-19
slay_da_b,90,Phase 3: CPU,1789820823261,2026-09-19
alexwifi42,45,Phase 1: CPU,1789822372758,2026-09-19
pika_gamy,45,Phase 1: CPU,1789822372760,2026-09-19
alfims,45,Phase 1: CPU,1789822372766,2026-09-19
mori2323,45,Phase 1: CPU,1789822372777,2026-09-19
silent_luc,45,Phase 1: CPU,1789822372782,2026-09-19
valase,45,Phase 1: CPU,1789822372784,2026-09-19
cerebralx1,45,Phase 1: CPU,1789822372784,2026-09-19
xiaoxiao9313,45,Phase 1: CPU,1789822372792,2026-09-19
lovegamesandthings00000,45,Phase 1: CPU,1789822372793,2026-09-19
hopelessss_,45,Phase 1: CPU,1789822372794,2026-09-19
shadowladyex,45,Phase 1: CPU,1789822372795,2026-09-19
snoopys030,45,Phase 1: CPU,1789822372795,2026-09-19
cerebralx1,65,Phase 2: HDD,1789823181702,2026-09-19
silent_luc,65,Phase 2: HDD,1789823181703,2026-09-19
shadowladyex,65,Phase 2: HDD,1789823181729,2026-09-19
valase,65,Phase 2: HDD,1789823181730,2026-09-19
xiaoxiao9313,65,Phase 2: HDD,1789823181741,2026-09-19
snoopys030,65,Phase 2: HDD,1789823181765,2026-09-19
pika_gamy,65,Phase 2: HDD,1789823181767,2026-09-19
hopelessss_,65,Phase 2: HDD,1789823181789,2026-09-19
operacional_cae,65,Phase 2: HDD,1789823181791,2026-09-19
mori2323,65,Phase 2: HDD,1789823181798,2026-09-19
thanossoul,65,Phase 2: HDD,1789823181807,2026-09-19
shadowladyex,90,Phase 3: RAM,1789823817694,2026-09-19
thanossoul,90,Phase 3: RAM,1789823817700,2026-09-19
hopelessss_,90,Phase 3: RAM,1789823817701,2026-09-19
snoopys030,90,Phase 3: RAM,1789823817722,2026-09-19
cerebralx1,90,Phase 3: RAM,1789823817723,2026-09-19
pika_gamy,90,Phase 3: RAM,1789823817729,2026-09-19
slay_da_b,90,Phase 3: RAM,1789823817730,2026-09-19
silent_luc,90,Phase 3: RAM,1789823817739,2026-09-19
valase,90,Phase 3: RAM,1789823817740,2026-09-19
mori2323,90,Phase 3: RAM,1789823817741,2026-09-19
alphonsoe,90,Phase 3: RAM,1789823817741,2026-09-19
xiaoxiao9313,90,Phase 3: RAM,1789823817742,2026-09-19
shadowladyex,120,Phase 4: GPU,1789824262744,2026-09-19
thanossoul,120,Phase 4: GPU,1789824262754,2026-09-19
pika_gamy,120,Phase 4: GPU,1789824262759,2026-09-19
silent_luc,120,Phase 4: GPU,1789824262761,2026-09-19
xiaoxiao9313,120,Phase 4: GPU,1789824262766,2026-09-19
mori2323,120,Phase 4: GPU,1789824262774,2026-09-19
cerebralx1,120,Phase 4: GPU,1789824262775,2026-09-19
valase,120,Phase 4: GPU,1789824262779,2026-09-19
hopelessss_,120,Phase 4: GPU,1789824262780,2026-09-19
ivanpetrov32,120,Phase 4: GPU,1789824262870,2026-09-19
alphonsoe,120,Phase 4: GPU,1789824262877,2026-09-19
valase,62,proStar bonus: all 4 phases,1789824263603,2026-09-19
silent_luc,62,proStar bonus: all 4 phases,1789824263614,2026-09-19
cerebralx1,62,proStar bonus: all 4 phases,1789824263615,2026-09-19
xiaoxiao9313,62,proStar bonus: all 4 phases,1789824263616,2026-09-19
mori2323,62,proStar bonus: all 4 phases,1789824263617,2026-09-19
hopelessss_,62,proStar bonus: all 4 phases,1789824263617,2026-09-19
pika_gamy,62,proStar bonus: all 4 phases,1789824263624,2026-09-19
shadowladyex,62,proStar bonus: all 4 phases,1789824263625,2026-09-19
pika_gamy,45,Phase 1: RAM,1789824923887,2026-09-19
shadowladyex,45,Phase 1: RAM,1789824923888,2026-09-19
snoopys030,45,Phase 1: RAM,1789824923892,2026-09-19
xiaoxiao9313,45,Phase 1: RAM,1789824923898,2026-09-19
hopelessss_,45,Phase 1: RAM,1789824923906,2026-09-19
shadowladyex,65,Phase 2: CPU,1789825563913,2026-09-19
thanossoul,65,Phase 2: CPU,1789825563914,2026-09-19
snoopys030,65,Phase 2: CPU,1789825563922,2026-09-19
valase,65,Phase 2: CPU,1789825563932,2026-09-19
silent_luc,65,Phase 2: CPU,1789825563933,2026-09-19
pika_gamy,65,Phase 2: CPU,1789825563944,2026-09-19
ivanpetrov32,65,Phase 2: CPU,1789825563944,2026-09-19
lovegamesandthings00000,65,Phase 2: CPU,1789825563947,2026-09-19
cerebralx1,65,Phase 2: CPU,1789825563947,2026-09-19
mori2323,65,Phase 2: CPU,1789825563956,2026-09-19
hopelessss_,65,Phase 2: CPU,1789825563969,2026-09-19
cerebralx1,45,Phase 1: GPU,1789827031546,2026-09-19
shadowladyex,45,Phase 1: GPU,1789827031557,2026-09-19
thanossoul,45,Phase 1: GPU,1789827031567,2026-09-19
silent_luc,45,Phase 1: GPU,1789827031587,2026-09-19
alphonsoe,45,Phase 1: GPU,1789827031588,2026-09-19
avin_novor,45,Phase 1: GPU,1789827031611,2026-09-19
snoopys030,45,Phase 1: GPU,1789827031611,2026-09-19
mori2323,45,Phase 1: GPU,1789827031664,2026-09-19
pika_gamy,45,Phase 1: GPU,1789827031705,2026-09-19
ivanpetrov32,45,Phase 1: GPU,1789827031812,2026-09-19
hopelessss_,45,Phase 1: GPU,1789827031985,2026-09-19
valase,45,Phase 1: GPU,1789827031993,2026-09-19
alphonsoe,65,Phase 2: RAM,1789827733686,2026-09-19
ivanpetrov32,65,Phase 2: RAM,1789827733692,2026-09-19
mori2323,65,Phase 2: RAM,1789827733692,2026-09-19
thanossoul,65,Phase 2: RAM,1789827733711,2026-09-19
valase,65,Phase 2: RAM,1789827733712,2026-09-19
alexwifi42,65,Phase 2: RAM,1789827733712,2026-09-19
cerebralx1,65,Phase 2: RAM,1789827733713,2026-09-19
avin_novor,65,Phase 2: RAM,1789827733723,2026-09-19
pika_gamy,65,Phase 2: RAM,1789827733728,2026-09-19
hopelessss_,65,Phase 2: RAM,1789827733812,2026-09-19
shadowladyex,65,Phase 2: RAM,1789827733820,2026-09-19
silent_luc,65,Phase 2: RAM,1789827733821,2026-09-19
cerebralx1,90,Phase 3: HDD,1789828305696,2026-09-19
xiaoxiao9313,90,Phase 3: HDD,1789828305704,2026-09-19
alburldador,90,Phase 3: HDD,1789828305712,2026-09-19
ivanpetrov32,90,Phase 3: HDD,1789828305713,2026-09-19
hopelessss_,90,Phase 3: HDD,1789828305727,2026-09-19
madagascaradam,90,Phase 3: HDD,1789828305727,2026-09-19
pika_gamy,90,Phase 3: HDD,1789828305734,2026-09-19
shadowladyex,90,Phase 3: HDD,1789828305786,2026-09-19
silent_luc,90,Phase 3: HDD,1789828305793,2026-09-19
thanossoul,90,Phase 3: HDD,1789828305794,2026-09-19
valase,90,Phase 3: HDD,1789828305799,2026-09-19
alburldador,45,Phase 1: HDD,1789829974442,2026-09-19
cerebralx1,45,Phase 1: HDD,1789829974445,2026-09-19
thanossoul,45,Phase 1: HDD,1789829974445,2026-09-19
hopelessss_,45,Phase 1: HDD,1789829974462,2026-09-19
ragnar175,45,Phase 1: HDD,1789829974463,2026-09-19
lovegamesandthings00000,45,Phase 1: HDD,1789829974466,2026-09-19
pika_gamy,45,Phase 1: HDD,1789829974467,2026-09-19
valase,45,Phase 1: HDD,1789829974476,2026-09-19
silent_luc,45,Phase 1: HDD,1789829974480,2026-09-19
avin_novor,45,Phase 1: HDD,1789829974481,2026-09-19
mori2323,45,Phase 1: HDD,1789829974489,2026-09-19
xiaoxiao9313,45,Phase 1: HDD,1789829974490,2026-09-19
shadowladyex,45,Phase 1: HDD,1789829974496,2026-09-19
dahhel,45,Phase 1: HDD,1789829974497,2026-09-19
hopelessss_,65,Phase 2: GPU,1789830728283,2026-09-19
alburldador,65,Phase 2: GPU,1789830728291,2026-09-19
dahhel,65,Phase 2: GPU,1789830728292,2026-09-19
pika_gamy,65,Phase 2: GPU,1789830728320,2026-09-19
avin_novor,65,Phase 2: GPU,1789830728374,2026-09-19
valase,65,Phase 2: GPU,1789830728384,2026-09-19
shadowladyex,65,Phase 2: GPU,1789830728423,2026-09-19
cerebralx1,65,Phase 2: GPU,1789830728432,2026-09-19
silent_luc,65,Phase 2: GPU,1789830728487,2026-09-19
thanossoul,65,Phase 2: GPU,1789830729044,2026-09-19
lmbs00,90,Phase 3: RAM,1789831368361,2026-09-19
silent_luc,90,Phase 3: RAM,1789831368365,2026-09-19
dahhel,90,Phase 3: RAM,1789831368376,2026-09-19
mori2323,90,Phase 3: RAM,1789831368384,2026-09-19
pika_gamy,90,Phase 3: RAM,1789831368385,2026-09-19
valase,90,Phase 3: RAM,1789831368386,2026-09-19
alburldador,90,Phase 3: RAM,1789831368396,2026-09-19
madagascaradam,90,Phase 3: RAM,1789831368399,2026-09-19
cerebralx1,90,Phase 3: RAM,1789831368400,2026-09-19
hopelessss_,90,Phase 3: RAM,1789831368402,2026-09-19
avin_novor,90,Phase 3: RAM,1789831368411,2026-09-19
madagascaradam,120,Phase 4: CPU,1789831887375,2026-09-19
thanossoul,120,Phase 4: CPU,1789831887379,2026-09-19
lmbs00,120,Phase 4: CPU,1789831887397,2026-09-19
ivanpetrov32,120,Phase 4: CPU,1789831887398,2026-09-19
hopelessss_,120,Phase 4: CPU,1789831887403,2026-09-19
alburldador,120,Phase 4: CPU,1789831887412,2026-09-19
pika_gamy,120,Phase 4: CPU,1789831887415,2026-09-19
valase,120,Phase 4: CPU,1789831887439,2026-09-19
dahhel,120,Phase 4: CPU,1789831887445,2026-09-19
cerebralx1,120,Phase 4: CPU,1789831887474,2026-09-19
mori2323,120,Phase 4: CPU,1789831887476,2026-09-19
shadowladyex,120,Phase 4: CPU,1789831887680,2026-09-19
valase,83,proStar bonus: all 4 phases,1789831888199,2026-09-19
alburldador,83,proStar bonus: all 4 phases,1789831888208,2026-09-19
cerebralx1,83,proStar bonus: all 4 phases,1789831888220,2026-09-19
dahhel,83,proStar bonus: all 4 phases,1789831888230,2026-09-19
pika_gamy,83,proStar bonus: all 4 phases,1789831888231,2026-09-19
hopelessss_,83,proStar bonus: all 4 phases,1789831888232,2026-09-19
xiaoxiao9313,45,Phase 1: GPU,1789833091433,2026-09-19
lmbs00,45,Phase 1: GPU,1789833091440,2026-09-19
alphonsoe,45,Phase 1: GPU,1789833091451,2026-09-19
ivanpetrov32,45,Phase 1: GPU,1789833091452,2026-09-19
dahhel,45,Phase 1: GPU,1789833091459,2026-09-19
hopelessss_,45,Phase 1: GPU,1789833091463,2026-09-19
mori2323,45,Phase 1: GPU,1789833091463,2026-09-19
avin_novor,45,Phase 1: GPU,1789833091470,2026-09-19
shadowladyex,45,Phase 1: GPU,1789833091474,2026-09-19
valase,45,Phase 1: GPU,1789833091506,2026-09-19
alburldador,45,Phase 1: GPU,1789833091507,2026-09-19
thanossoul,45,Phase 1: GPU,1789833091508,2026-09-19
pika_gamy,45,Phase 1: GPU,1789833091508,2026-09-19
silent_luc,45,Phase 1: GPU,1789833091511,2026-09-19
thanossoul,65,Phase 2: RAM,1789833576396,2026-09-19
pika_gamy,65,Phase 2: RAM,1789833576411,2026-09-19
shadowladyex,65,Phase 2: RAM,1789833576415,2026-09-19
xiaoxiao9313,65,Phase 2: RAM,1789833576416,2026-09-19
silent_luc,65,Phase 2: RAM,1789833576416,2026-09-19
dahhel,65,Phase 2: RAM,1789833576417,2026-09-19
hopelessss_,65,Phase 2: RAM,1789833576424,2026-09-19
lmbs00,65,Phase 2: RAM,1789833576504,2026-09-19
mori2323,45,Phase 1: CPU,1789835141308,2026-09-19
shadowladyex,45,Phase 1: CPU,1789835141310,2026-09-19
thanossoul,45,Phase 1: CPU,1789835141310,2026-09-19
llucholba,45,Phase 1: CPU,1789835141311,2026-09-19
xiaoxiao9313,45,Phase 1: CPU,1789835141312,2026-09-19
pika_gamy,45,Phase 1: CPU,1789835141314,2026-09-19
ragnar175,45,Phase 1: CPU,1789835141335,2026-09-19
avin_novor,45,Phase 1: CPU,1789835141337,2026-09-19
lmbs00,45,Phase 1: CPU,1789835141342,2026-09-19
hopelessss_,45,Phase 1: CPU,1789835141343,2026-09-19
alexwifi42,45,Phase 1: CPU,1789835141344,2026-09-19
silent_luc,45,Phase 1: CPU,1789835141404,2026-09-19
alphonsoe,45,Phase 1: CPU,1789835141405,2026-09-19
dahhel,45,Phase 1: CPU,1789835141473,2026-09-19
pika_gamy,65,Phase 2: HDD,1789835684092,2026-09-19
hopelessss_,65,Phase 2: HDD,1789835684097,2026-09-19
valase,65,Phase 2: HDD,1789835684105,2026-09-19
silent_luc,65,Phase 2: HDD,1789835684111,2026-09-19
lmbs00,65,Phase 2: HDD,1789835684112,2026-09-19
mori2323,65,Phase 2: HDD,1789835684120,2026-09-19
shadowladyex,65,Phase 2: HDD,1789835684124,2026-09-19
dahhel,65,Phase 2: HDD,1789835684130,2026-09-19
thanossoul,65,Phase 2: HDD,1789835684136,2026-09-19
pika_gamy,45,Phase 1: GPU,1789836968732,2026-09-19
ivanpetrov32,45,Phase 1: GPU,1789836968733,2026-09-19
silent_luc,45,Phase 1: GPU,1789836968743,2026-09-19
hopelessss_,45,Phase 1: GPU,1789836968748,2026-09-19
player0451,45,Phase 1: GPU,1789836968748,2026-09-19
dahhel,45,Phase 1: GPU,1789836968749,2026-09-19
shadowladyex,45,Phase 1: GPU,1789836968755,2026-09-19
valase,45,Phase 1: GPU,1789836968772,2026-09-19
mori2323,45,Phase 1: GPU,1789836968788,2026-09-19
xiaoxiao9313,65,Phase 2: HDD,1789837386752,2026-09-19
hopelessss_,65,Phase 2: HDD,1789837386765,2026-09-19
silent_luc,65,Phase 2: HDD,1789837386773,2026-09-19
dahhel,65,Phase 2: HDD,1789837386791,2026-09-19
mori2323,65,Phase 2: HDD,1789837386795,2026-09-19
valase,65,Phase 2: HDD,1789837386814,2026-09-19
thanossoul,65,Phase 2: HDD,1789837386897,2026-09-19
hopelessss_,90,Phase 3: RAM,1789837842803,2026-09-19
pika_gamy,90,Phase 3: RAM,1789837842804,2026-09-19
valase,90,Phase 3: RAM,1789837842827,2026-09-19
avin_novor,90,Phase 3: RAM,1789837842828,2026-09-19
silent_luc,90,Phase 3: RAM,1789837842840,2026-09-19
dahhel,90,Phase 3: RAM,1789837842846,2026-09-19
lmbs00,90,Phase 3: RAM,1789837842861,2026-09-19
ragnar175,90,Phase 3: RAM,1789837842873,2026-09-19
shadowladyex,90,Phase 3: RAM,1789837842874,2026-09-19
lovegamesandthings00000,90,Phase 3: RAM,1789837842879,2026-09-19
lmbs00,45,Phase 1: RAM,1789839214355,2026-09-19
thanossoul,45,Phase 1: RAM,1789839214364,2026-09-19
dahhel,45,Phase 1: RAM,1789839214371,2026-09-19
mori2323,45,Phase 1: RAM,1789839214372,2026-09-19
ivanpetrov32,45,Phase 1: RAM,1789839214383,2026-09-19
shadowladyex,45,Phase 1: RAM,1789839214391,2026-09-19
avin_novor,45,Phase 1: RAM,1789839214393,2026-09-19
hopelessss_,45,Phase 1: RAM,1789839214397,2026-09-19
valase,45,Phase 1: RAM,1789839214402,2026-09-19
pika_gamy,45,Phase 1: RAM,1789839214441,2026-09-19
ikaliayev,45,Phase 1: RAM,1789839214466,2026-09-19
valase,65,Phase 2: HDD,1789839949420,2026-09-19
hopelessss_,65,Phase 2: HDD,1789839949422,2026-09-19
xiaoxiao9313,65,Phase 2: HDD,1789839949426,2026-09-19
thanossoul,65,Phase 2: HDD,1789839949437,2026-09-19
shadowladyex,65,Phase 2: HDD,1789839949446,2026-09-19
ikaliayev,65,Phase 2: HDD,1789839949446,2026-09-19
mori2323,65,Phase 2: HDD,1789839949447,2026-09-19
silent_luc,65,Phase 2: HDD,1789839949449,2026-09-19
ragnar175,65,Phase 2: HDD,1789839949465,2026-09-19
lmbs00,65,Phase 2: HDD,1789839949466,2026-09-19
dahhel,65,Phase 2: HDD,1789839949466,2026-09-19
ivanpetrov32,65,Phase 2: HDD,1789839949475,2026-09-19
pika_gamy,65,Phase 2: HDD,1789839949538,2026-09-19
lmbs00,45,Phase 1: HDD,1789841609325,2026-09-19
mori2323,45,Phase 1: HDD,1789841609334,2026-09-19
pika_gamy,45,Phase 1: HDD,1789841609340,2026-09-19
ivanpetrov32,45,Phase 1: HDD,1789841609341,2026-09-19
xiaoxiao9313,45,Phase 1: HDD,1789841609347,2026-09-19
avin_novor,45,Phase 1: HDD,1789841609348,2026-09-19
dahhel,45,Phase 1: HDD,1789841609353,2026-09-19
alyssrentori,45,Phase 1: HDD,1789841609360,2026-09-19
madagascaradam,45,Phase 1: HDD,1789841609361,2026-09-19
shadowladyex,45,Phase 1: HDD,1789841609367,2026-09-19
ikaliayev,45,Phase 1: HDD,1789841609374,2026-09-19
valase,45,Phase 1: HDD,1789841609375,2026-09-19
silent_luc,45,Phase 1: HDD,1789841609376,2026-09-19
hopelessss_,45,Phase 1: HDD,1789841609378,2026-09-19
pika_gamy,65,Phase 2: RAM,1789842442077,2026-09-19
ivanpetrov32,65,Phase 2: RAM,1789842442084,2026-09-19
hopelessss_,65,Phase 2: RAM,1789842442085,2026-09-19
alexwifi42,65,Phase 2: RAM,1789842442089,2026-09-19
shadowladyex,65,Phase 2: RAM,1789842442092,2026-09-19
dahhel,65,Phase 2: RAM,1789842442101,2026-09-19
avin_novor,65,Phase 2: RAM,1789842442102,2026-09-19
mori2323,65,Phase 2: RAM,1789842442108,2026-09-19
lovegamesandthings00000,65,Phase 2: RAM,1789842442110,2026-09-19
ikaliayev,65,Phase 2: RAM,1789842442123,2026-09-19
valase,65,Phase 2: RAM,1789842442123,2026-09-19
lmbs00,65,Phase 2: RAM,1789842442134,2026-09-19
xiaoxiao9313,90,Phase 3: GPU,1789842871063,2026-09-19
lmbs00,90,Phase 3: GPU,1789842871068,2026-09-19
silent_luc,90,Phase 3: GPU,1789842871072,2026-09-19
hopelessss_,90,Phase 3: GPU,1789842871088,2026-09-19
dahhel,90,Phase 3: GPU,1789842871091,2026-09-19
ikaliayev,90,Phase 3: GPU,1789842871097,2026-09-19
ichuy07,90,Phase 3: GPU,1789842871103,2026-09-19
valase,90,Phase 3: GPU,1789842871111,2026-09-19
pika_gamy,90,Phase 3: GPU,1789842871123,2026-09-19
mori2323,45,Phase 1: CPU,1789844519916,2026-09-19
xiaoxiao9313,45,Phase 1: CPU,1789844519918,2026-09-19
dahhel,45,Phase 1: CPU,1789844519919,2026-09-19
lmbs00,45,Phase 1: CPU,1789844519925,2026-09-19
valase,45,Phase 1: CPU,1789844519925,2026-09-19
silent_luc,45,Phase 1: CPU,1789844519945,2026-09-19
llucholba,45,Phase 1: CPU,1789844519946,2026-09-19
madagascaradam,45,Phase 1: CPU,1789844519947,2026-09-19
shadowladyex,45,Phase 1: CPU,1789844519948,2026-09-19
ikaliayev,45,Phase 1: CPU,1789844519955,2026-09-19
pika_gamy,45,Phase 1: CPU,1789844519966,2026-09-19
avin_novor,45,Phase 1: CPU,1789844519967,2026-09-19
hopelessss_,45,Phase 1: CPU,1789844519968,2026-09-19
hopelessss_,65,Phase 2: RAM,1789845350749,2026-09-19
shadowladyex,65,Phase 2: RAM,1789845350754,2026-09-19
mori2323,65,Phase 2: RAM,1789845350755,2026-09-19
dahhel,65,Phase 2: RAM,1789845350762,2026-09-19
valase,65,Phase 2: RAM,1789845350762,2026-09-19
silent_luc,65,Phase 2: RAM,1789845350768,2026-09-19
lmbs00,65,Phase 2: RAM,1789845350769,2026-09-19
player0451,65,Phase 2: RAM,1789845350777,2026-09-19
xiaoxiao9313,65,Phase 2: RAM,1789845350779,2026-09-19
ikaliayev,65,Phase 2: RAM,1789845350783,2026-09-19
ichuy07,65,Phase 2: RAM,1789845350785,2026-09-19
pika_gamy,65,Phase 2: RAM,1789845350787,2026-09-19
llucholba,65,Phase 2: RAM,1789845350793,2026-09-19
lmbs00,45,Phase 1: RAM,1789846878582,2026-09-19
ichuy07,45,Phase 1: RAM,1789846878584,2026-09-19
dahhel,45,Phase 1: RAM,1789846878585,2026-09-19
avin_novor,45,Phase 1: RAM,1789846878586,2026-09-19
ivanpetrov32,45,Phase 1: RAM,1789846878593,2026-09-19
silent_luc,45,Phase 1: RAM,1789846878601,2026-09-19
ikaliayev,45,Phase 1: RAM,1789846878602,2026-09-19
valase,45,Phase 1: RAM,1789846878703,2026-09-19
shadowladyex,45,Phase 1: RAM,1789846878704,2026-09-19
pika_gamy,45,Phase 1: RAM,1789846878705,2026-09-19
hopelessss_,45,Phase 1: RAM,1789846878706,2026-09-19
silent_luc,65,Phase 2: HDD,1789847689360,2026-09-19
shadowladyex,65,Phase 2: HDD,1789847689362,2026-09-19
ikaliayev,65,Phase 2: HDD,1789847689364,2026-09-19
mori2323,65,Phase 2: HDD,1789847689375,2026-09-19
lmbs00,65,Phase 2: HDD,1789847689378,2026-09-19
ichuy07,65,Phase 2: HDD,1789847689389,2026-09-19
alfims,65,Phase 2: HDD,1789847689392,2026-09-19
pika_gamy,65,Phase 2: HDD,1789847689398,2026-09-19
valase,65,Phase 2: HDD,1789847689399,2026-09-19
dahhel,65,Phase 2: HDD,1789847689414,2026-09-19
hopelessss_,65,Phase 2: HDD,1789847689459,2026-09-19
alexwifi42,65,Phase 2: HDD,1789847689481,2026-09-19
valase,90,Phase 3: CPU,1789848199314,2026-09-19
mori2323,90,Phase 3: CPU,1789848199322,2026-09-19
dahhel,90,Phase 3: CPU,1789848199326,2026-09-19
hopelessss_,90,Phase 3: CPU,1789848199337,2026-09-19
lmbs00,90,Phase 3: CPU,1789848199338,2026-09-19
slay_da_b,90,Phase 3: CPU,1789848199344,2026-09-19
silent_luc,90,Phase 3: CPU,1789848199353,2026-09-19
ikaliayev,90,Phase 3: CPU,1789848199357,2026-09-19
pika_gamy,90,Phase 3: CPU,1789848199359,2026-09-19
lovegamesandthings00000,45,Phase 1: CPU,1789849617513,2026-09-19
hopelessss_,45,Phase 1: CPU,1789849617526,2026-09-19
lmbs00,45,Phase 1: CPU,1789849617528,2026-09-19
pika_gamy,45,Phase 1: CPU,1789849617531,2026-09-19
player0451,45,Phase 1: CPU,1789849617538,2026-09-19
alburldador,45,Phase 1: CPU,1789849617548,2026-09-19
dahhel,45,Phase 1: CPU,1789849617551,2026-09-19
silent_luc,45,Phase 1: CPU,1789849617557,2026-09-19
ikaliayev,45,Phase 1: CPU,1789849617563,2026-09-19
valase,45,Phase 1: CPU,1789849617564,2026-09-19
mori2323,45,Phase 1: CPU,1789849617614,2026-09-19
mori2323,65,Phase 2: HDD,1789850242972,2026-09-19
pika_gamy,65,Phase 2: HDD,1789850242980,2026-09-19
lmbs00,65,Phase 2: HDD,1789850242982,2026-09-19
hopelessss_,65,Phase 2: HDD,1789850243000,2026-09-19
valase,65,Phase 2: HDD,1789850243001,2026-09-19
silent_luc,65,Phase 2: HDD,1789850243003,2026-09-19
lovegamesandthings00000,65,Phase 2: HDD,1789850243012,2026-09-19
dahhel,65,Phase 2: HDD,1789850243078,2026-09-19
ikaliayev,65,Phase 2: HDD,1789850243079,2026-09-19
hopelessss_,45,Phase 1: RAM,1789851379881,2026-09-19
dahhel,45,Phase 1: RAM,1789851379891,2026-09-19
mori2323,45,Phase 1: RAM,1789851379899,2026-09-19
silent_luc,45,Phase 1: RAM,1789851379900,2026-09-19
valase,45,Phase 1: RAM,1789851379901,2026-09-19
dahhel,65,Phase 2: GPU,1789851890806,2026-09-19
mori2323,65,Phase 2: GPU,1789851890814,2026-09-19
hopelessss_,65,Phase 2: GPU,1789851890815,2026-09-19
valase,65,Phase 2: GPU,1789851890816,2026-09-19
alexwifi42,65,Phase 2: GPU,1789851890829,2026-09-19
pika_gamy,65,Phase 2: GPU,1789851890895,2026-09-19
mori2323,45,Phase 1: CPU,1789853083587,2026-09-19
hopelessss_,45,Phase 1: CPU,1789853083593,2026-09-19
lmbs00,45,Phase 1: CPU,1789853083593,2026-09-19
pika_gamy,45,Phase 1: CPU,1789853083605,2026-09-19
silent_luc,45,Phase 1: CPU,1789853083608,2026-09-19
valase,45,Phase 1: CPU,1789853083613,2026-09-19
dahhel,45,Phase 1: CPU,1789853083629,2026-09-19
mori2323,65,Phase 2: HDD,1789853678573,2026-09-19
dahhel,65,Phase 2: HDD,1789853678584,2026-09-19
silent_luc,65,Phase 2: HDD,1789853678590,2026-09-19
thanossoul,65,Phase 2: HDD,1789853678603,2026-09-19
alexwifi42,65,Phase 2: HDD,1789853678604,2026-09-19
pika_gamy,65,Phase 2: HDD,1789853678606,2026-09-19
valase,65,Phase 2: HDD,1789853678607,2026-09-19
hopelessss_,65,Phase 2: HDD,1789853678666,2026-09-19
pika_gamy,90,Phase 3: GPU,1789854111591,2026-09-19
alexwifi42,90,Phase 3: GPU,1789854111592,2026-09-19
hopelessss_,90,Phase 3: GPU,1789854111647,2026-09-19
valase,90,Phase 3: GPU,1789854111656,2026-09-19
lmbs00,90,Phase 3: GPU,1789854111671,2026-09-19
mori2323,90,Phase 3: GPU,1789854111674,2026-09-19
thanossoul,90,Phase 3: GPU,1789854111675,2026-09-19
silent_luc,90,Phase 3: GPU,1789854111678,2026-09-19
dahhel,90,Phase 3: GPU,1789854111701,2026-09-19
lmbs00,45,Phase 1: GPU,1789855516418,2026-09-19
dahhel,45,Phase 1: GPU,1789855516433,2026-09-19
pika_gamy,45,Phase 1: GPU,1789855516440,2026-09-19
thanossoul,45,Phase 1: GPU,1789855516441,2026-09-19
hopelessss_,45,Phase 1: GPU,1789855516448,2026-09-19
valase,45,Phase 1: GPU,1789855516452,2026-09-19
operacional_cae,45,Phase 1: GPU,1789855516457,2026-09-19
alexwifi42,45,Phase 1: GPU,1789855516468,2026-09-19
mori2323,45,Phase 1: GPU,1789855516468,2026-09-19
pika_gamy,65,Phase 2: RAM,1789856023410,2026-09-19
dahhel,65,Phase 2: RAM,1789856023411,2026-09-19
silent_luc,65,Phase 2: RAM,1789856023427,2026-09-19
valase,65,Phase 2: RAM,1789856023433,2026-09-19
hopelessss_,65,Phase 2: RAM,1789856023448,2026-09-19
lmbs00,65,Phase 2: RAM,1789856023452,2026-09-19
mori2323,65,Phase 2: RAM,1789856023475,2026-09-19
valase,45,Phase 1: CPU,1789857317116,2026-09-19
pika_gamy,45,Phase 1: CPU,1789857317117,2026-09-19
louis_of_apshai,45,Phase 1: CPU,1789857317126,2026-09-19
hopelessss_,45,Phase 1: CPU,1789857317135,2026-09-19
lmbs00,45,Phase 1: CPU,1789857317136,2026-09-19
madagascaradam,45,Phase 1: CPU,1789857317145,2026-09-19
thanossoul,45,Phase 1: CPU,1789857317149,2026-09-19
silent_luc,45,Phase 1: CPU,1789857317172,2026-09-19
hopelessss_,65,Phase 2: RAM,1789857786123,2026-09-19
lmbs00,65,Phase 2: RAM,1789857786127,2026-09-19
valase,65,Phase 2: RAM,1789857786132,2026-09-19
thanossoul,65,Phase 2: RAM,1789857786138,2026-09-19
louis_of_apshai,65,Phase 2: RAM,1789857786197,2026-09-19
pika_gamy,65,Phase 2: RAM,1789857786204,2026-09-19
hopelessss_,90,Phase 3: GPU,1789858424183,2026-09-19
silent_luc,90,Phase 3: GPU,1789858424194,2026-09-19
pika_gamy,90,Phase 3: GPU,1789858424197,2026-09-19
lovegamesandthings00000,90,Phase 3: GPU,1789858424205,2026-09-19
thanossoul,90,Phase 3: GPU,1789858424206,2026-09-19
valase,90,Phase 3: GPU,1789858424213,2026-09-19
louis_of_apshai,90,Phase 3: GPU,1789858424218,2026-09-19
lmbs00,90,Phase 3: GPU,1789858424234,2026-09-19
dahhel,90,Phase 3: GPU,1789858424234,2026-09-19
mori2323,90,Phase 3: GPU,1789858424237,2026-09-19
operacional_cae,90,Phase 3: GPU,1789858424240,2026-09-19
pika_gamy,90,Phase 1: GPU,1789859872385,2026-09-19
alexwifi42,90,Phase 1: GPU,1789859872457,2026-09-19
dahhel,90,Phase 1: GPU,1789859872459,2026-09-19
operacional_cae,90,Phase 1: GPU,1789859872469,2026-09-19
thanossoul,90,Phase 1: GPU,1789859872471,2026-09-19
lmbs00,90,Phase 1: GPU,1789859872477,2026-09-19
snoopys030,90,Phase 1: GPU,1789859872478,2026-09-19
hopelessss_,90,Phase 1: GPU,1789859872480,2026-09-19
silent_luc,90,Phase 1: GPU,1789859872485,2026-09-19
mori2323,90,Phase 1: GPU,1789859872486,2026-09-19
pika_gamy,130,Phase 2: CPU,1789860816194,2026-09-19
thanossoul,130,Phase 2: CPU,1789860816281,2026-09-19
lovegamesandthings00000,130,Phase 2: CPU,1789860816289,2026-09-19
avin_novor,130,Phase 2: CPU,1789860816293,2026-09-19
hopelessss_,130,Phase 2: CPU,1789860816298,2026-09-19
snoopys030,130,Phase 2: CPU,1789860816299,2026-09-19
yurigiu,130,Phase 2: CPU,1789860816299,2026-09-19
silent_luc,130,Phase 2: CPU,1789860816300,2026-09-19
player0451,130,Phase 2: CPU,1789860816301,2026-09-19
mori2323,130,Phase 2: CPU,1789860816302,2026-09-19
dahhel,130,Phase 2: CPU,1789860816308,2026-09-19
lmbs00,130,Phase 2: CPU,1789860816309,2026-09-19
operacional_cae,130,Phase 2: CPU,1789860816309,2026-09-19
alexwifi42,130,Phase 2: CPU,1789860816310,2026-09-19
pika_gamy,180,Phase 3: RAM,1789861249857,2026-09-19
hopelessss_,180,Phase 3: RAM,1789861249859,2026-09-19
silent_luc,180,Phase 3: RAM,1789861249869,2026-09-19
lmbs00,180,Phase 3: RAM,1789861249870,2026-09-19
mori2323,180,Phase 3: RAM,1789861249871,2026-09-19
thanossoul,180,Phase 3: RAM,1789861249889,2026-09-19
dahhel,180,Phase 3: RAM,1789861249927,2026-09-19
player0451,180,Phase 3: RAM,1789861249928,2026-09-19
lovegamesandthings00000,180,Phase 3: RAM,1789861249938,2026-09-19
silent_luc,90,Phase 1: RAM,1789862631861,2026-09-20
mori2323,90,Phase 1: RAM,1789862631882,2026-09-20
lmbs00,90,Phase 1: RAM,1789862631883,2026-09-20
avin_novor,90,Phase 1: RAM,1789862631887,2026-09-20
hopelessss_,90,Phase 1: RAM,1789862631895,2026-09-20
pika_gamy,90,Phase 1: RAM,1789862631896,2026-09-20
madagascaradam,90,Phase 1: RAM,1789862631972,2026-09-20
snoopys030,90,Phase 1: RAM,1789862631973,2026-09-20
alexwifi42,90,Phase 1: RAM,1789862631974,2026-09-20
dahhel,90,Phase 1: RAM,1789862631975,2026-09-20
thanossoul,90,Phase 1: RAM,1789862631976,2026-09-20
mori2323,130,Phase 2: HDD,1789863454452,2026-09-20
avin_novor,130,Phase 2: HDD,1789863454457,2026-09-20
pika_gamy,130,Phase 2: HDD,1789863454469,2026-09-20
player0451,130,Phase 2: HDD,1789863454489,2026-09-20
silent_luc,130,Phase 2: HDD,1789863454495,2026-09-20
madagascaradam,130,Phase 2: HDD,1789863454496,2026-09-20
dahhel,130,Phase 2: HDD,1789863454509,2026-09-20
lmbs00,130,Phase 2: HDD,1789863454518,2026-09-20
lovegamesandthings00000,130,Phase 2: HDD,1789863454519,2026-09-20
thanossoul,130,Phase 2: HDD,1789863454527,2026-09-20
snoopys030,130,Phase 2: HDD,1789863454549,2026-09-20
hopelessss_,130,Phase 2: HDD,1789863454550,2026-09-20
shadowladyex,130,Phase 2: HDD,1789863454654,2026-09-20
shadowladyex,180,Phase 3: CPU,1789863930450,2026-09-20
pika_gamy,180,Phase 3: CPU,1789863930457,2026-09-20
ichuy07,180,Phase 3: CPU,1789863930458,2026-09-20
mori2323,180,Phase 3: CPU,1789863930469,2026-09-20
dahhel,180,Phase 3: CPU,1789863930482,2026-09-20
hopelessss_,180,Phase 3: CPU,1789863930490,2026-09-20
avin_novor,180,Phase 3: CPU,1789863930520,2026-09-20
snoopys030,180,Phase 3: CPU,1789863930521,2026-09-20
lmbs00,180,Phase 3: CPU,1789863930522,2026-09-20
silent_luc,180,Phase 3: CPU,1789863930535,2026-09-20
thanossoul,180,Phase 3: CPU,1789863930545,2026-09-20
pika_gamy,90,Phase 1: GPU,1789865428138,2026-09-20
hopelessss_,90,Phase 1: GPU,1789865428161,2026-09-20
shadowladyex,90,Phase 1: GPU,1789865428162,2026-09-20
dahhel,90,Phase 1: GPU,1789865428165,2026-09-20
lmbs00,90,Phase 1: GPU,1789865428206,2026-09-20
avin_novor,90,Phase 1: GPU,1789865428230,2026-09-20
snoopys030,90,Phase 1: GPU,1789865428232,2026-09-20
ichuy07,90,Phase 1: GPU,1789865428238,2026-09-20
thanossoul,90,Phase 1: GPU,1789865428239,2026-09-20
mori2323,90,Phase 1: GPU,1789865428240,2026-09-20
silent_luc,90,Phase 1: GPU,1789865428242,2026-09-20
lovegamesandthings00000,90,Phase 1: GPU,1789865428263,2026-09-20
pika_gamy,130,Phase 2: CPU,1789866212107,2026-09-20
dahhel,130,Phase 2: CPU,1789866212120,2026-09-20
shadowladyex,130,Phase 2: CPU,1789866212143,2026-09-20
lmbs00,130,Phase 2: CPU,1789866212155,2026-09-20
mori2323,130,Phase 2: CPU,1789866212169,2026-09-20
avin_novor,130,Phase 2: CPU,1789866212173,2026-09-20
silent_luc,130,Phase 2: CPU,1789866212179,2026-09-20
ichuy07,130,Phase 2: CPU,1789866212183,2026-09-20
hopelessss_,130,Phase 2: CPU,1789866212186,2026-09-20
snoopys030,130,Phase 2: CPU,1789866212187,2026-09-20
thanossoul,130,Phase 2: CPU,1789866212258,2026-09-20
avin_novor,45,Phase 1: CPU,1789867716243,2026-09-20
pika_gamy,45,Phase 1: CPU,1789867716245,2026-09-20
dahhel,45,Phase 1: CPU,1789867716260,2026-09-20
hopelessss_,45,Phase 1: CPU,1789867716261,2026-09-20
shadowladyex,45,Phase 1: CPU,1789867716264,2026-09-20
mori2323,45,Phase 1: CPU,1789867716277,2026-09-20
ragnar175,45,Phase 1: CPU,1789867716279,2026-09-20
snoopys030,45,Phase 1: CPU,1789867716280,2026-09-20
silent_luc,45,Phase 1: CPU,1789867716281,2026-09-20
lmbs00,45,Phase 1: CPU,1789867716282,2026-09-20
shadowladyex,65,Phase 2: GPU,1789868453716,2026-09-20
mori2323,65,Phase 2: GPU,1789868453728,2026-09-20
lmbs00,65,Phase 2: GPU,1789868453730,2026-09-20
hopelessss_,65,Phase 2: GPU,1789868453737,2026-09-20
avin_novor,65,Phase 2: GPU,1789868453741,2026-09-20
dahhel,65,Phase 2: GPU,1789868453748,2026-09-20
pika_gamy,65,Phase 2: GPU,1789868453751,2026-09-20
snoopys030,65,Phase 2: GPU,1789868453760,2026-09-20
silent_luc,65,Phase 2: GPU,1789868453765,2026-09-20
mori2323,90,Phase 3: HDD,1789869072718,2026-09-20
hopelessss_,90,Phase 3: HDD,1789869072726,2026-09-20
silent_luc,90,Phase 3: HDD,1789869072729,2026-09-20
dahhel,90,Phase 3: HDD,1789869072731,2026-09-20
snoopys030,90,Phase 3: HDD,1789869072737,2026-09-20
avin_novor,90,Phase 3: HDD,1789869072746,2026-09-20
pika_gamy,90,Phase 3: HDD,1789869072752,2026-09-20
lmbs00,90,Phase 3: HDD,1789869072764,2026-09-20
madagascaradam,90,Phase 3: HDD,1789869072764,2026-09-20
shadowladyex,90,Phase 3: HDD,1789869072780,2026-09-20
pika_gamy,120,Phase 4: RAM,1789869525814,2026-09-20
lmbs00,120,Phase 4: RAM,1789869525815,2026-09-20
dahhel,120,Phase 4: RAM,1789869525823,2026-09-20
avin_novor,120,Phase 4: RAM,1789869525832,2026-09-20
mori2323,120,Phase 4: RAM,1789869525834,2026-09-20
snoopys030,120,Phase 4: RAM,1789869525888,2026-09-20
hopelessss_,120,Phase 4: RAM,1789869525895,2026-09-20
madagascaradam,120,Phase 4: RAM,1789869525897,2026-09-20
silent_luc,120,Phase 4: RAM,1789869525910,2026-09-20
avin_novor,62,proStar bonus: all 4 phases,1789869526424,2026-09-20
pika_gamy,62,proStar bonus: all 4 phases,1789869526426,2026-09-20
lmbs00,62,proStar bonus: all 4 phases,1789869526447,2026-09-20
snoopys030,62,proStar bonus: all 4 phases,1789869526448,2026-09-20
dahhel,62,proStar bonus: all 4 phases,1789869526449,2026-09-20
hopelessss_,62,proStar bonus: all 4 phases,1789869526453,2026-09-20
mori2323,62,proStar bonus: all 4 phases,1789869526454,2026-09-20
silent_luc,62,proStar bonus: all 4 phases,1789869526454,2026-09-20
ikaliayev,45,Phase 1: GPU,1789870729328,2026-09-20
lmbs00,45,Phase 1: GPU,1789870729343,2026-09-20
shadowladyex,45,Phase 1: GPU,1789870729350,2026-09-20
pika_gamy,45,Phase 1: GPU,1789870729353,2026-09-20
mori2323,45,Phase 1: GPU,1789870729363,2026-09-20
hopelessss_,45,Phase 1: GPU,1789870729399,2026-09-20
dahhel,45,Phase 1: GPU,1789870729407,2026-09-20
snoopys030,45,Phase 1: GPU,1789870729411,2026-09-20
silent_luc,45,Phase 1: GPU,1789870729430,2026-09-20
madagascaradam,45,Phase 1: GPU,1789870729439,2026-09-20
thanossoul,45,Phase 1: GPU,1789870729503,2026-09-20
ichuy07,45,Phase 1: GPU,1789870729509,2026-09-20
dahhel,65,Phase 2: HDD,1789871527912,2026-09-20
lmbs00,65,Phase 2: HDD,1789871527922,2026-09-20
shadowladyex,65,Phase 2: HDD,1789871527934,2026-09-20
silent_luc,65,Phase 2: HDD,1789871527942,2026-09-20
snoopys030,65,Phase 2: HDD,1789871527943,2026-09-20
mori2323,65,Phase 2: HDD,1789871527945,2026-09-20
avin_novor,65,Phase 2: HDD,1789871527952,2026-09-20
thanossoul,65,Phase 2: HDD,1789871527956,2026-09-20
ikaliayev,65,Phase 2: HDD,1789871527957,2026-09-20
pika_gamy,65,Phase 2: HDD,1789871527973,2026-09-20
mori2323,45,Phase 1: GPU,1789872850611,2026-09-20
ikaliayev,45,Phase 1: GPU,1789872850622,2026-09-20
dahhel,45,Phase 1: GPU,1789872850633,2026-09-20
shadowladyex,45,Phase 1: GPU,1789872850652,2026-09-20
snoopys030,45,Phase 1: GPU,1789872850669,2026-09-20
lmbs00,45,Phase 1: GPU,1789872850677,2026-09-20
slay_da_b,45,Phase 1: GPU,1789872850678,2026-09-20
avin_novor,45,Phase 1: GPU,1789872850689,2026-09-20
lmbs00,65,Phase 2: HDD,1789873451628,2026-09-20
snoopys030,65,Phase 2: HDD,1789873451636,2026-09-20
shadowladyex,65,Phase 2: HDD,1789873451643,2026-09-20
mori2323,65,Phase 2: HDD,1789873451644,2026-09-20
ichuy07,65,Phase 2: HDD,1789873451669,2026-09-20
dahhel,65,Phase 2: HDD,1789873451676,2026-09-20
thanossoul,65,Phase 2: HDD,1789873451682,2026-09-20
ikaliayev,90,Phase 3: CPU,1789873987632,2026-09-20
shadowladyex,90,Phase 3: CPU,1789873987638,2026-09-20
ichuy07,90,Phase 3: CPU,1789873987639,2026-09-20
thanossoul,90,Phase 3: CPU,1789873987645,2026-09-20
lmbs00,90,Phase 3: CPU,1789873987662,2026-09-20
mori2323,90,Phase 3: CPU,1789873987689,2026-09-20
slay_da_b,90,Phase 3: CPU,1789873987734,2026-09-20
dahhel,90,Phase 3: CPU,1789873987741,2026-09-20
dahhel,45,Phase 1: GPU,1789875393079,2026-09-20
ikaliayev,45,Phase 1: GPU,1789875393088,2026-09-20
avin_novor,45,Phase 1: GPU,1789875393097,2026-09-20
shadowladyex,45,Phase 1: GPU,1789875393099,2026-09-20
mori2323,45,Phase 1: GPU,1789875393100,2026-09-20
madagascaradam,45,Phase 1: GPU,1789875393103,2026-09-20
snoopys030,45,Phase 1: GPU,1789875393104,2026-09-20
lovegamesandthings00000,45,Phase 1: GPU,1789875393167,2026-09-20
lmbs00,45,Phase 1: GPU,1789875393171,2026-09-20
ikaliayev,65,Phase 2: HDD,1789876008657,2026-09-20
madagascaradam,65,Phase 2: HDD,1789876008658,2026-09-20
dahhel,65,Phase 2: HDD,1789876008666,2026-09-20
lmbs00,65,Phase 2: HDD,1789876008672,2026-09-20
darkranx,65,Phase 2: HDD,1789876008673,2026-09-20
snoopys030,65,Phase 2: HDD,1789876008684,2026-09-20
shadowladyex,65,Phase 2: HDD,1789876008684,2026-09-20
snoopys030,90,Phase 3: RAM,1789876629762,2026-09-20
shadowladyex,90,Phase 3: RAM,1789876629767,2026-09-20
darkranx,90,Phase 3: RAM,1789876629775,2026-09-20
avin_novor,90,Phase 3: RAM,1789876629782,2026-09-20
madagascaradam,90,Phase 3: RAM,1789876629793,2026-09-20
dahhel,90,Phase 3: RAM,1789876629804,2026-09-20
lmbs00,90,Phase 3: RAM,1789876629805,2026-09-20
player0451,90,Phase 3: RAM,1789876629824,2026-09-20
ikaliayev,90,Phase 3: RAM,1789876629848,2026-09-20
mori2323,120,Phase 4: CPU,1789877063685,2026-09-20
snoopys030,120,Phase 4: CPU,1789877063695,2026-09-20
ikaliayev,120,Phase 4: CPU,1789877063788,2026-09-20
shadowladyex,120,Phase 4: CPU,1789877063791,2026-09-20
lmbs00,120,Phase 4: CPU,1789877063823,2026-09-20
player0451,120,Phase 4: CPU,1789877063824,2026-09-20
avin_novor,120,Phase 4: CPU,1789877063825,2026-09-20
dahhel,120,Phase 4: CPU,1789877063894,2026-09-20
alphonsoe,120,Phase 4: CPU,1789877063903,2026-09-20
shadowladyex,100,proStar bonus: all 4 phases,1789877064590,2026-09-20
snoopys030,100,proStar bonus: all 4 phases,1789877064633,2026-09-20
dahhel,100,proStar bonus: all 4 phases,1789877064638,2026-09-20
lmbs00,100,proStar bonus: all 4 phases,1789877064644,2026-09-20
ikaliayev,100,proStar bonus: all 4 phases,1789877064645,2026-09-20
shadowladyex,45,Phase 1: CPU,1789877904867,2026-09-20
lmbs00,45,Phase 1: CPU,1789877904877,2026-09-20
mori2323,45,Phase 1: CPU,1789877904878,2026-09-20
avin_novor,45,Phase 1: CPU,1789877904886,2026-09-20
snoopys030,45,Phase 1: CPU,1789877904894,2026-09-20
alphonsoe,45,Phase 1: CPU,1789877904897,2026-09-20
lovegamesandthings00000,45,Phase 1: CPU,1789877904902,2026-09-20
mori2323,65,Phase 2: RAM,1789878597920,2026-09-20
ichuy07,65,Phase 2: RAM,1789878597944,2026-09-20
lmbs00,65,Phase 2: RAM,1789878597950,2026-09-20
snoopys030,65,Phase 2: RAM,1789878597963,2026-09-20
avin_novor,65,Phase 2: RAM,1789878597964,2026-09-20
shadowladyex,65,Phase 2: RAM,1789878597964,2026-09-20
lovegamesandthings00000,65,Phase 2: RAM,1789878597968,2026-09-20
ikaliayev,65,Phase 2: RAM,1789878597976,2026-09-20
snoopys030,45,Phase 1: CPU,1789879660782,2026-09-20
lmbs00,45,Phase 1: CPU,1789879660812,2026-09-20
avin_novor,45,Phase 1: CPU,1789879660812,2026-09-20
lovegamesandthings00000,45,Phase 1: CPU,1789879660823,2026-09-20
mori2323,65,Phase 2: HDD,1789880233864,2026-09-20
lovegamesandthings00000,65,Phase 2: HDD,1789880233865,2026-09-20
shadowladyex,65,Phase 2: HDD,1789880233873,2026-09-20
snoopys030,65,Phase 2: HDD,1789880233874,2026-09-20
lmbs00,65,Phase 2: HDD,1789880233879,2026-09-20
slay_da_b,65,Phase 2: HDD,1789880233881,2026-09-20
shadowladyex,45,Phase 1: CPU,1789881498422,2026-09-20
alphonsoe,45,Phase 1: CPU,1789881498428,2026-09-20
lmbs00,45,Phase 1: CPU,1789881498430,2026-09-20
alyssrentori,45,Phase 1: CPU,1789881498441,2026-09-20
snoopys030,45,Phase 1: CPU,1789881498442,2026-09-20
avin_novor,45,Phase 1: CPU,1789881498443,2026-09-20
ikaliayev,45,Phase 1: CPU,1789881498447,2026-09-20
ikaliayev,65,Phase 2: GPU,1789881966394,2026-09-20
alphonsoe,65,Phase 2: GPU,1789881966406,2026-09-20
madagascaradam,65,Phase 2: GPU,1789881966412,2026-09-20
snoopys030,65,Phase 2: GPU,1789881966413,2026-09-20
darkranx,65,Phase 2: GPU,1789881966424,2026-09-20
lmbs00,65,Phase 2: GPU,1789881966425,2026-09-20
shadowladyex,45,Phase 1: RAM,1789883365170,2026-09-20
alfims,45,Phase 1: RAM,1789883365174,2026-09-20
ikaliayev,45,Phase 1: RAM,1789883365178,2026-09-20
puphik,45,Phase 1: RAM,1789883365180,2026-09-20
ragnar175,45,Phase 1: RAM,1789883365186,2026-09-20
thanossoul,45,Phase 1: RAM,1789883365189,2026-09-20
avin_novor,45,Phase 1: RAM,1789883365202,2026-09-20
lmbs00,45,Phase 1: RAM,1789883365212,2026-09-20
ikaliayev,65,Phase 2: GPU,1789883956165,2026-09-20
snoopys030,65,Phase 2: GPU,1789883956171,2026-09-20
thanossoul,65,Phase 2: GPU,1789883956189,2026-09-20
avin_novor,65,Phase 2: GPU,1789883956197,2026-09-20
lmbs00,65,Phase 2: GPU,1789883956209,2026-09-20
alphonsoe,65,Phase 2: GPU,1789883956211,2026-09-20
alfims,65,Phase 2: GPU,1789883956212,2026-09-20
ikaliayev,90,Phase 3: HDD,1789884527203,2026-09-20
ivanpetrov32,90,Phase 3: HDD,1789884527210,2026-09-20
avin_novor,90,Phase 3: HDD,1789884527212,2026-09-20
alphonsoe,90,Phase 3: HDD,1789884527220,2026-09-20
madagascaradam,90,Phase 3: HDD,1789884527227,2026-09-20
thanossoul,90,Phase 3: HDD,1789884527234,2026-09-20
snoopys030,90,Phase 3: HDD,1789884527235,2026-09-20
alfims,90,Phase 3: HDD,1789884527238,2026-09-20
ivanpetrov32,45,Phase 1: HDD,1789885935034,2026-09-20
snoopys030,45,Phase 1: HDD,1789885935035,2026-09-20
avin_novor,45,Phase 1: HDD,1789885935038,2026-09-20
alphonsoe,45,Phase 1: HDD,1789885935046,2026-09-20
puphik,45,Phase 1: HDD,1789885935048,2026-09-20
lmbs00,45,Phase 1: HDD,1789885935050,2026-09-20
ikaliayev,45,Phase 1: HDD,1789885935061,2026-09-20
madagascaradam,45,Phase 1: HDD,1789885935064,2026-09-20
alphonsoe,65,Phase 2: GPU,1789886358112,2026-09-20
ivanpetrov32,65,Phase 2: GPU,1789886358113,2026-09-20
lmbs00,65,Phase 2: GPU,1789886358114,2026-09-20
snoopys030,65,Phase 2: GPU,1789886358125,2026-09-20
ikaliayev,65,Phase 2: GPU,1789886358133,2026-09-20
ivanpetrov32,45,Phase 1: GPU,1789887412833,2026-09-20
lmbs00,45,Phase 1: GPU,1789887412846,2026-09-20
ikaliayev,45,Phase 1: GPU,1789887412873,2026-09-20
ikaliayev,45,Phase 1: GPU,1789888756717,2026-09-20
ivanpetrov32,45,Phase 1: GPU,1789888756735,2026-09-20
slay_da_b,45,Phase 1: GPU,1789888756759,2026-09-20
alfims,65,Phase 2: RAM,1789889234734,2026-09-20
ikaliayev,65,Phase 2: RAM,1789889234738,2026-09-20
lmbs00,65,Phase 2: RAM,1789889234742,2026-09-20
shadowladyex,65,Phase 2: RAM,1789889234748,2026-09-20
ivanpetrov32,65,Phase 2: RAM,1789889234765,2026-09-20
shadowladyex,45,Phase 1: CPU,1789890368481,2026-09-20
ivanpetrov32,45,Phase 1: CPU,1789890368482,2026-09-20
ikaliayev,45,Phase 1: CPU,1789890368484,2026-09-20
snoopys030,45,Phase 1: CPU,1789890368489,2026-09-20
ivanpetrov32,65,Phase 2: GPU,1789890923416,2026-09-20
ikaliayev,65,Phase 2: GPU,1789890923419,2026-09-20
alfims,65,Phase 2: GPU,1789890923426,2026-09-20
shadowladyex,65,Phase 2: GPU,1789890923429,2026-09-20
robin3one,65,Phase 2: GPU,1789890923444,2026-09-20
robin3one,90,Phase 3: RAM,1789891425416,2026-09-20
snoopys030,90,Phase 3: RAM,1789891425417,2026-09-20
slay_da_b,90,Phase 3: RAM,1789891425418,2026-09-20
ivanpetrov32,90,Phase 3: RAM,1789891425436,2026-09-20
ikaliayev,90,Phase 3: RAM,1789891425443,2026-09-20
robin3one,45,Phase 1: HDD,1789892551288,2026-09-20
ikaliayev,45,Phase 1: HDD,1789892551305,2026-09-20
pika_gamy,45,Phase 1: HDD,1789892551306,2026-09-20
ivanpetrov32,45,Phase 1: HDD,1789892551316,2026-09-20
snoopys030,45,Phase 1: HDD,1789892551338,2026-09-20
robin3one,65,Phase 2: RAM,1789893051332,2026-09-20
pika_gamy,65,Phase 2: RAM,1789893051338,2026-09-20
snoopys030,65,Phase 2: RAM,1789893051342,2026-09-20
ikaliayev,65,Phase 2: RAM,1789893051354,2026-09-20
snoopys030,90,Phase 3: CPU,1789893539294,2026-09-20
ikaliayev,90,Phase 3: CPU,1789893539300,2026-09-20
shadowladyex,90,Phase 3: CPU,1789893539310,2026-09-20
valase,90,Phase 3: CPU,1789893539320,2026-09-20
robin3one,90,Phase 3: CPU,1789893539328,2026-09-20
yurigiu,90,Phase 3: CPU,1789893539329,2026-09-20
ikaliayev,45,Phase 1: HDD,1789894776165,2026-09-20
robin3one,45,Phase 1: HDD,1789894776165,2026-09-20
valase,45,Phase 1: HDD,1789894776175,2026-09-20
alfims,45,Phase 1: HDD,1789894776177,2026-09-20
snoopys030,45,Phase 1: HDD,1789894776180,2026-09-20
ikaliayev,65,Phase 2: CPU,1789895201163,2026-09-20
ichuy07,65,Phase 2: CPU,1789895201174,2026-09-20
valase,65,Phase 2: CPU,1789895201177,2026-09-20
snoopys030,65,Phase 2: CPU,1789895201211,2026-09-20
snoopys030,45,Phase 1: HDD,1789896354031,2026-09-20
darkranx,45,Phase 1: HDD,1789896354032,2026-09-20
robin3one,45,Phase 1: HDD,1789896354047,2026-09-20
ikaliayev,45,Phase 1: HDD,1789896354052,2026-09-20
xiaoxiao9313,45,Phase 1: GPU,1789897729811,2026-09-20
robin3one,45,Phase 1: GPU,1789897729824,2026-09-20
silent_luc,45,Phase 1: GPU,1789897729827,2026-09-20
ikaliayev,45,Phase 1: GPU,1789897729831,2026-09-20
snoopys030,45,Phase 1: GPU,1789897729832,2026-09-20
ikaliayev,65,Phase 2: CPU,1789898312799,2026-09-20
puphik,65,Phase 2: CPU,1789898312809,2026-09-20
silent_luc,65,Phase 2: CPU,1789898312810,2026-09-20
xiaoxiao9313,65,Phase 2: CPU,1789898312817,2026-09-20
snoopys030,65,Phase 2: CPU,1789898312821,2026-09-20
darkranx,65,Phase 2: CPU,1789898312821,2026-09-20
robin3one,65,Phase 2: CPU,1789898312822,2026-09-20
ivanpetrov32,45,Phase 1: HDD,1789899376831,2026-09-20
ikaliayev,45,Phase 1: HDD,1789899376832,2026-09-20
robin3one,45,Phase 1: HDD,1789899376889,2026-09-20
snoopys030,65,Phase 2: GPU,1789899811714,2026-09-20
ivanpetrov32,65,Phase 2: GPU,1789899811721,2026-09-20
robin3one,65,Phase 2: GPU,1789899811723,2026-09-20
silent_luc,65,Phase 2: GPU,1789899811730,2026-09-20
xiaoxiao9313,45,Phase 1: GPU,1789903123244,2026-09-20
hopelessss_,45,Phase 1: GPU,1789903123252,2026-09-20
pika_gamy,45,Phase 1: GPU,1789903123258,2026-09-20
lovegamesandthings00000,45,Phase 1: GPU,1789903123267,2026-09-20
snoopys030,45,Phase 1: GPU,1789903123275,2026-09-20
ivanpetrov32,45,Phase 1: GPU,1789903123275,2026-09-20
slay_da_b,45,Phase 1: GPU,1789903123304,2026-09-20
hopelessss_,65,Phase 2: CPU,1789903536170,2026-09-20
xiaoxiao9313,65,Phase 2: CPU,1789903536175,2026-09-20
pika_gamy,65,Phase 2: CPU,1789903536185,2026-09-20
snoopys030,65,Phase 2: CPU,1789903536197,2026-09-20
ivanpetrov32,45,Phase 1: RAM,1789905016700,2026-09-20
xiaoxiao9313,45,Phase 1: RAM,1789905016702,2026-09-20
slay_da_b,45,Phase 1: RAM,1789905016711,2026-09-20
pika_gamy,45,Phase 1: RAM,1789905016729,2026-09-20
snoopys030,45,Phase 1: RAM,1789905016731,2026-09-20
alphonsoe,45,Phase 1: RAM,1789905016732,2026-09-20
lovegamesandthings00000,45,Phase 1: RAM,1789905016807,2026-09-20
hopelessss_,45,Phase 1: RAM,1789905016810,2026-09-20
alexwifi42,65,Phase 2: HDD,1789905658401,2026-09-20
alphonsoe,65,Phase 2: HDD,1789905658407,2026-09-20
hopelessss_,65,Phase 2: HDD,1789905658412,2026-09-20
snoopys030,65,Phase 2: HDD,1789905658419,2026-09-20
alfims,65,Phase 2: HDD,1789905658426,2026-09-20
xiaoxiao9313,65,Phase 2: HDD,1789905658433,2026-09-20
pika_gamy,65,Phase 2: HDD,1789905658444,2026-09-20
hopelessss_,90,Phase 3: CPU,1789906206424,2026-09-20
alfims,90,Phase 3: CPU,1789906206425,2026-09-20
alexwifi42,90,Phase 3: CPU,1789906206426,2026-09-20
alphonsoe,90,Phase 3: CPU,1789906206434,2026-09-20
slay_da_b,90,Phase 3: CPU,1789906206439,2026-09-20
snoopys030,90,Phase 3: CPU,1789906206442,2026-09-20
xiaoxiao9313,90,Phase 3: CPU,1789906206473,2026-09-20
pika_gamy,90,Phase 3: CPU,1789906206500,2026-09-20
cerebralx1,45,Phase 1: HDD,1789907294168,2026-09-20
hopelessss_,45,Phase 1: HDD,1789907294171,2026-09-20
alphonsoe,45,Phase 1: HDD,1789907294179,2026-09-20
xiaoxiao9313,45,Phase 1: HDD,1789907294181,2026-09-20
alexwifi42,65,Phase 2: RAM,1789907984086,2026-09-20
pika_gamy,65,Phase 2: RAM,1789907984097,2026-09-20
slay_da_b,65,Phase 2: RAM,1789907984112,2026-09-20
avin_novor,65,Phase 2: RAM,1789907984118,2026-09-20
xiaoxiao9313,65,Phase 2: RAM,1789907984120,2026-09-20
alphonsoe,65,Phase 2: RAM,1789907984123,2026-09-20
cerebralx1,65,Phase 2: RAM,1789907984135,2026-09-20
hopelessss_,65,Phase 2: RAM,1789907984139,2026-09-20
snoopys030,65,Phase 2: RAM,1789907984153,2026-09-20
alphonsoe,45,Phase 1: HDD,1789909139177,2026-09-20
lovegamesandthings00000,45,Phase 1: HDD,1789909139179,2026-09-20
cerebralx1,45,Phase 1: HDD,1789909139188,2026-09-20
hopelessss_,45,Phase 1: HDD,1789909139190,2026-09-20
xiaoxiao9313,45,Phase 1: HDD,1789909139193,2026-09-20
xiaoxiao9313,65,Phase 2: CPU,1789909609743,2026-09-20
cerebralx1,65,Phase 2: CPU,1789909609754,2026-09-20
snoopys030,65,Phase 2: CPU,1789909609763,2026-09-20
pika_gamy,65,Phase 2: CPU,1789909609765,2026-09-20
hopelessss_,65,Phase 2: CPU,1789909609771,2026-09-20
lovegamesandthings00000,45,Phase 1: CPU,1789911285102,2026-09-20
alburldador,45,Phase 1: CPU,1789911285104,2026-09-20
hopelessss_,45,Phase 1: CPU,1789911285105,2026-09-20
slay_da_b,45,Phase 1: CPU,1789911285110,2026-09-20
alphonsoe,45,Phase 1: CPU,1789911285111,2026-09-20
xiaoxiao9313,45,Phase 1: CPU,1789911285112,2026-09-20
cerebralx1,45,Phase 1: CPU,1789911285118,2026-09-20
alexwifi42,45,Phase 1: CPU,1789911285120,2026-09-20
snoopys030,45,Phase 1: CPU,1789911285181,2026-09-20
puphik,45,Phase 1: CPU,1789911285209,2026-09-20
avin_novor,45,Phase 1: CPU,1789911285211,2026-09-20
ivanpetrov32,45,Phase 1: CPU,1789911285211,2026-09-20
pika_gamy,45,Phase 1: CPU,1789911285213,2026-09-20
pika_gamy,65,Phase 2: GPU,1789911812620,2026-09-20
ivanpetrov32,65,Phase 2: GPU,1789911812624,2026-09-20
alburldador,65,Phase 2: GPU,1789911812626,2026-09-20
avin_novor,65,Phase 2: GPU,1789911812638,2026-09-20
hopelessss_,65,Phase 2: GPU,1789911812644,2026-09-20
cerebralx1,65,Phase 2: GPU,1789911812660,2026-09-20
xiaoxiao9313,65,Phase 2: GPU,1789911812661,2026-09-20
ivanpetrov32,90,Phase 3: HDD,1789912253690,2026-09-20
xiaoxiao9313,90,Phase 3: HDD,1789912253691,2026-09-20
hopelessss_,90,Phase 3: HDD,1789912253692,2026-09-20
pika_gamy,90,Phase 3: HDD,1789912253692,2026-09-20
avin_novor,90,Phase 3: HDD,1789912253694,2026-09-20
cerebralx1,90,Phase 3: HDD,1789912253695,2026-09-20
robin3one,90,Phase 3: HDD,1789912253762,2026-09-20
cerebralx1,45,Phase 1: RAM,1789913866347,2026-09-20
ivanpetrov32,45,Phase 1: RAM,1789913866353,2026-09-20
hopelessss_,45,Phase 1: RAM,1789913866358,2026-09-20
valase,45,Phase 1: RAM,1789913866372,2026-09-20
silent_luc,45,Phase 1: RAM,1789913866379,2026-09-20
pika_gamy,45,Phase 1: RAM,1789913866442,2026-09-20
xiaoxiao9313,45,Phase 1: RAM,1789913866443,2026-09-20
thanossoul,45,Phase 1: RAM,1789913866445,2026-09-20
shadowladyex,45,Phase 1: RAM,1789913866446,2026-09-20
robin3one,45,Phase 1: RAM,1789913866447,2026-09-20
alburldador,45,Phase 1: RAM,1789913866459,2026-09-20
avin_novor,45,Phase 1: RAM,1789913866460,2026-09-20
lovegamesandthings00000,45,Phase 1: RAM,1789913866461,2026-09-20
operacional_cae,65,Phase 2: HDD,1789914869387,2026-09-20
hopelessss_,65,Phase 2: HDD,1789914869390,2026-09-20
alphonsoe,65,Phase 2: HDD,1789914869391,2026-09-20
alburldador,65,Phase 2: HDD,1789914869410,2026-09-20
pika_gamy,65,Phase 2: HDD,1789914869411,2026-09-20
thanossoul,65,Phase 2: HDD,1789914869413,2026-09-20
ivanpetrov32,65,Phase 2: HDD,1789914869414,2026-09-20
silent_luc,65,Phase 2: HDD,1789914869423,2026-09-20
mori2323,65,Phase 2: HDD,1789914869429,2026-09-20
avin_novor,65,Phase 2: HDD,1789914869498,2026-09-20
valase,65,Phase 2: HDD,1789914869504,2026-09-20
player0451,65,Phase 2: HDD,1789914869505,2026-09-20
robin3one,65,Phase 2: HDD,1789914869506,2026-09-20
cerebralx1,65,Phase 2: HDD,1789914869507,2026-09-20
shadowladyex,65,Phase 2: HDD,1789914869508,2026-09-20
xiaoxiao9313,65,Phase 2: HDD,1789914869511,2026-09-20
pika_gamy,90,Phase 3: GPU,1789915501432,2026-09-20
alburldador,90,Phase 3: GPU,1789915501438,2026-09-20
ivanpetrov32,90,Phase 3: GPU,1789915501453,2026-09-20
valase,90,Phase 3: GPU,1789915501455,2026-09-20
shadowladyex,90,Phase 3: GPU,1789915501465,2026-09-20
cerebralx1,90,Phase 3: GPU,1789915501466,2026-09-20
xiaoxiao9313,90,Phase 3: GPU,1789915501468,2026-09-20
robin3one,90,Phase 3: GPU,1789915501489,2026-09-20
hopelessss_,90,Phase 3: GPU,1789915501490,2026-09-20
alfims,90,Phase 3: GPU,1789915501496,2026-09-20
dahhel,90,Phase 3: GPU,1789915501531,2026-09-20
madagascaradam,120,Phase 4: CPU,1789915901409,2026-09-20
valase,120,Phase 4: CPU,1789915901410,2026-09-20
pika_gamy,120,Phase 4: CPU,1789915901411,2026-09-20
robin3one,120,Phase 4: CPU,1789915901422,2026-09-20
avin_novor,120,Phase 4: CPU,1789915901424,2026-09-20
thanossoul,120,Phase 4: CPU,1789915901436,2026-09-20
cerebralx1,120,Phase 4: CPU,1789915901437,2026-09-20
xiaoxiao9313,120,Phase 4: CPU,1789915901444,2026-09-20
dahhel,120,Phase 4: CPU,1789915901451,2026-09-20
hopelessss_,120,Phase 4: CPU,1789915901459,2026-09-20
alburldador,120,Phase 4: CPU,1789915901466,2026-09-20
ivanpetrov32,120,Phase 4: CPU,1789915901507,2026-09-20
hopelessss_,62,proStar bonus: all 4 phases,1789915902175,2026-09-20
valase,62,proStar bonus: all 4 phases,1789915902181,2026-09-20
ivanpetrov32,62,proStar bonus: all 4 phases,1789915902188,2026-09-20
robin3one,62,proStar bonus: all 4 phases,1789915902189,2026-09-20
alburldador,62,proStar bonus: all 4 phases,1789915902190,2026-09-20
cerebralx1,62,proStar bonus: all 4 phases,1789915902201,2026-09-20
xiaoxiao9313,62,proStar bonus: all 4 phases,1789915902202,2026-09-20
pika_gamy,62,proStar bonus: all 4 phases,1789915902211,2026-09-20
avin_novor,45,Phase 1: HDD,1789917285769,2026-09-20
shadowladyex,45,Phase 1: HDD,1789917285786,2026-09-20
robin3one,45,Phase 1: HDD,1789917285788,2026-09-20
lovegamesandthings00000,45,Phase 1: HDD,1789917285791,2026-09-20
hopelessss_,45,Phase 1: HDD,1789917285796,2026-09-20
thanossoul,45,Phase 1: HDD,1789917285797,2026-09-20
cerebralx1,45,Phase 1: HDD,1789917285801,2026-09-20
dahhel,45,Phase 1: HDD,1789917285803,2026-09-20
alfims,45,Phase 1: HDD,1789917285804,2026-09-20
pika_gamy,45,Phase 1: HDD,1789917285808,2026-09-20
alburldador,45,Phase 1: HDD,1789917285835,2026-09-20
silent_luc,45,Phase 1: HDD,1789917285836,2026-09-20
lmbs00,45,Phase 1: HDD,1789917285836,2026-09-20
operacional_cae,45,Phase 1: HDD,1789917285837,2026-09-20
ivanpetrov32,45,Phase 1: HDD,1789917285838,2026-09-20
valase,45,Phase 1: HDD,1789917285839,2026-09-20
alphonsoe,45,Phase 1: HDD,1789917285839,2026-09-20
pika_gamy,65,Phase 2: CPU,1789918073133,2026-09-20
ivanpetrov32,65,Phase 2: CPU,1789918073134,2026-09-20
lovegamesandthings00000,65,Phase 2: CPU,1789918073135,2026-09-20
alfims,65,Phase 2: CPU,1789918073142,2026-09-20
alphonsoe,65,Phase 2: CPU,1789918073147,2026-09-20
lmbs00,65,Phase 2: CPU,1789918073149,2026-09-20
hopelessss_,65,Phase 2: CPU,1789918073158,2026-09-20
alburldador,65,Phase 2: CPU,1789918073173,2026-09-20
silent_luc,65,Phase 2: CPU,1789918073182,2026-09-20
dahhel,65,Phase 2: CPU,1789918073183,2026-09-20
cerebralx1,65,Phase 2: CPU,1789918073210,2026-09-20
thanossoul,65,Phase 2: CPU,1789918073217,2026-09-20
silent_luc,45,Phase 1: CPU,1789919171874,2026-09-20
avin_novor,45,Phase 1: CPU,1789919171881,2026-09-20
shadowladyex,45,Phase 1: CPU,1789919171884,2026-09-20
lmbs00,45,Phase 1: CPU,1789919171891,2026-09-20
hopelessss_,45,Phase 1: CPU,1789919171905,2026-09-20
thanossoul,45,Phase 1: CPU,1789919171913,2026-09-20
robin3one,65,Phase 2: HDD,1789919578854,2026-09-20
lillakra,65,Phase 2: HDD,1789919578855,2026-09-20
silent_luc,65,Phase 2: HDD,1789919578855,2026-09-20
shadowladyex,65,Phase 2: HDD,1789919578856,2026-09-20
lmbs00,65,Phase 2: HDD,1789919578856,2026-09-20
thanossoul,65,Phase 2: HDD,1789919578869,2026-09-20
hopelessss_,65,Phase 2: HDD,1789919578875,2026-09-20
alexwifi42,45,Phase 1: CPU,1789921122645,2026-09-20
ivanpetrov32,45,Phase 1: CPU,1789921122655,2026-09-20
shadowladyex,45,Phase 1: CPU,1789921122665,2026-09-20
avin_novor,45,Phase 1: CPU,1789921122671,2026-09-20
pika_gamy,45,Phase 1: CPU,1789921122674,2026-09-20
yurigiu,45,Phase 1: CPU,1789921122675,2026-09-20
alfims,45,Phase 1: CPU,1789921122676,2026-09-20
lmbs00,45,Phase 1: CPU,1789921122680,2026-09-20
alburldador,45,Phase 1: CPU,1789921122681,2026-09-20
mori2323,45,Phase 1: CPU,1789921122709,2026-09-20
hopelessss_,45,Phase 1: CPU,1789921122713,2026-09-20
silent_luc,45,Phase 1: CPU,1789921122722,2026-09-20
lillakra,45,Phase 1: CPU,1789921122735,2026-09-20
pika_gamy,65,Phase 2: RAM,1789921649572,2026-09-20
hopelessss_,65,Phase 2: RAM,1789921649574,2026-09-20
shadowladyex,65,Phase 2: RAM,1789921649577,2026-09-20
ivanpetrov32,65,Phase 2: RAM,1789921649583,2026-09-20
mori2323,65,Phase 2: RAM,1789921649586,2026-09-20
lmbs00,65,Phase 2: RAM,1789921649607,2026-09-20
valase,65,Phase 2: RAM,1789921649646,2026-09-20
shadowladyex,90,Phase 3: GPU,1789922422571,2026-09-20
operacional_cae,90,Phase 3: GPU,1789922422581,2026-09-20
thanossoul,90,Phase 3: GPU,1789922422607,2026-09-20
hopelessss_,90,Phase 3: GPU,1789922422628,2026-09-20
alburldador,90,Phase 3: GPU,1789922422656,2026-09-20
ivanpetrov32,90,Phase 3: GPU,1789922422657,2026-09-20
pika_gamy,90,Phase 3: GPU,1789922422657,2026-09-20
madagascaradam,90,Phase 3: GPU,1789922422658,2026-09-20
silent_luc,90,Phase 3: GPU,1789922422659,2026-09-20
lillakra,90,Phase 3: GPU,1789922422659,2026-09-20
mori2323,90,Phase 3: GPU,1789922422660,2026-09-20
lmbs00,90,Phase 3: GPU,1789922422670,2026-09-20
avin_novor,90,Phase 3: GPU,1789922422678,2026-09-20
dahhel,90,Phase 3: GPU,1789922422679,2026-09-20
alexwifi42,90,Phase 3: GPU,1789922422682,2026-09-20
hopelessss_,45,Phase 1: HDD,1789923936125,2026-09-20
madagascaradam,45,Phase 1: HDD,1789923936134,2026-09-20
pika_gamy,45,Phase 1: HDD,1789923936170,2026-09-20
shadowladyex,45,Phase 1: HDD,1789923936171,2026-09-20
avin_novor,45,Phase 1: HDD,1789923936202,2026-09-20
dahhel,45,Phase 1: HDD,1789923936208,2026-09-20
lmbs00,45,Phase 1: HDD,1789923936209,2026-09-20
ivanpetrov32,45,Phase 1: HDD,1789923936210,2026-09-20
mori2323,45,Phase 1: HDD,1789923936214,2026-09-20
alburldador,45,Phase 1: HDD,1789923936215,2026-09-20
thanossoul,45,Phase 1: HDD,1789923936216,2026-09-20
lillakra,45,Phase 1: HDD,1789923936219,2026-09-20
operacional_cae,45,Phase 1: HDD,1789923936253,2026-09-20
madagascaradam,65,Phase 2: RAM,1789924405249,2026-09-20
dahhel,65,Phase 2: RAM,1789924405252,2026-09-20
shadowladyex,65,Phase 2: RAM,1789924405259,2026-09-20
silent_luc,65,Phase 2: RAM,1789924405272,2026-09-20
hopelessss_,65,Phase 2: RAM,1789924405280,2026-09-20
avin_novor,65,Phase 2: RAM,1789924405281,2026-09-20
mori2323,65,Phase 2: RAM,1789924405291,2026-09-20
pika_gamy,65,Phase 2: RAM,1789924405292,2026-09-20
avin_novor,90,Phase 3: CPU,1789924870297,2026-09-20
thanossoul,90,Phase 3: CPU,1789924870304,2026-09-20
hopelessss_,90,Phase 3: CPU,1789924870305,2026-09-20
lovegamesandthings00000,90,Phase 3: CPU,1789924870306,2026-09-20
pika_gamy,90,Phase 3: CPU,1789924870315,2026-09-20
lmbs00,90,Phase 3: CPU,1789924870320,2026-09-20
ivanpetrov32,90,Phase 3: CPU,1789924870325,2026-09-20
mori2323,90,Phase 3: CPU,1789924870327,2026-09-20
shadowladyex,90,Phase 3: CPU,1789924870333,2026-09-20
silent_luc,90,Phase 3: CPU,1789924870371,2026-09-20
dahhel,90,Phase 3: CPU,1789924870371,2026-09-20
lmbs00,45,Phase 1: CPU,1789926343335,2026-09-20
player0451,45,Phase 1: CPU,1789926343348,2026-09-20
shadowladyex,45,Phase 1: CPU,1789926343367,2026-09-20
dahhel,45,Phase 1: CPU,1789926343380,2026-09-20
madagascaradam,45,Phase 1: CPU,1789926343381,2026-09-20
pika_gamy,45,Phase 1: CPU,1789926343386,2026-09-20
silent_luc,45,Phase 1: CPU,1789926343387,2026-09-20
avin_novor,45,Phase 1: CPU,1789926343388,2026-09-20
mori2323,45,Phase 1: CPU,1789926343391,2026-09-20
hopelessss_,45,Phase 1: CPU,1789926343392,2026-09-20
lmbs00,65,Phase 2: RAM,1789927122856,2026-09-20
player0451,65,Phase 2: RAM,1789927122861,2026-09-20
avin_novor,65,Phase 2: RAM,1789927122870,2026-09-20
madagascaradam,65,Phase 2: RAM,1789927122870,2026-09-20
dahhel,65,Phase 2: RAM,1789927122871,2026-09-20
lovegamesandthings00000,65,Phase 2: RAM,1789927122879,2026-09-20
shadowladyex,65,Phase 2: RAM,1789927122882,2026-09-20
alburldador,65,Phase 2: RAM,1789927122886,2026-09-20
mori2323,65,Phase 2: RAM,1789927122902,2026-09-20
pika_gamy,65,Phase 2: RAM,1789927122903,2026-09-20
hopelessss_,65,Phase 2: RAM,1789927122904,2026-09-20
silent_luc,45,Phase 1: GPU,1789928496478,2026-09-20
thanossoul,45,Phase 1: GPU,1789928496483,2026-09-20
mori2323,45,Phase 1: GPU,1789928496487,2026-09-20
hopelessss_,45,Phase 1: GPU,1789928496521,2026-09-20
lmbs00,45,Phase 1: GPU,1789928496523,2026-09-20
shadowladyex,45,Phase 1: GPU,1789928496533,2026-09-20
avin_novor,45,Phase 1: GPU,1789928496535,2026-09-20
louis_of_apshai,45,Phase 1: GPU,1789928496558,2026-09-20
pika_gamy,45,Phase 1: GPU,1789928496568,2026-09-20
dahhel,45,Phase 1: GPU,1789928496571,2026-09-20
dahhel,65,Phase 2: RAM,1789929251808,2026-09-20
hopelessss_,65,Phase 2: RAM,1789929251809,2026-09-20
thanossoul,65,Phase 2: RAM,1789929251822,2026-09-20
lmbs00,65,Phase 2: RAM,1789929251859,2026-09-20
mori2323,65,Phase 2: RAM,1789929251861,2026-09-20
alburldador,65,Phase 2: RAM,1789929251862,2026-09-20
shadowladyex,65,Phase 2: RAM,1789929251862,2026-09-20
silent_luc,65,Phase 2: RAM,1789929251877,2026-09-20
louis_of_apshai,65,Phase 2: RAM,1789929251878,2026-09-20
avin_novor,65,Phase 2: RAM,1789929251890,2026-09-20
lmbs00,90,Phase 3: HDD,1789929689807,2026-09-20
thanossoul,90,Phase 3: HDD,1789929689814,2026-09-20
dahhel,90,Phase 3: HDD,1789929689817,2026-09-20
mori2323,90,Phase 3: HDD,1789929689827,2026-09-20
avin_novor,90,Phase 3: HDD,1789929689828,2026-09-20
hopelessss_,90,Phase 3: HDD,1789929689837,2026-09-20
shadowladyex,90,Phase 3: HDD,1789929689846,2026-09-20
silent_luc,90,Phase 3: HDD,1789929689847,2026-09-20
silent_luc,45,Phase 1: RAM,1789931409723,2026-09-20
johnnymnemonics,45,Phase 1: RAM,1789931409747,2026-09-20
pika_gamy,45,Phase 1: RAM,1789931409748,2026-09-20
ivanpetrov32,45,Phase 1: RAM,1789931409749,2026-09-20
thanossoul,45,Phase 1: RAM,1789931409766,2026-09-20
louis_of_apshai,45,Phase 1: RAM,1789931409767,2026-09-20
hopelessss_,45,Phase 1: RAM,1789931409768,2026-09-20
avin_novor,45,Phase 1: RAM,1789931409770,2026-09-20
ikaliayev,45,Phase 1: RAM,1789931409773,2026-09-20
lillakra,45,Phase 1: RAM,1789931409774,2026-09-20
dahhel,45,Phase 1: RAM,1789931409791,2026-09-20
lmbs00,45,Phase 1: RAM,1789931409807,2026-09-20
shadowladyex,45,Phase 1: RAM,1789931409808,2026-09-20
mori2323,45,Phase 1: RAM,1789931409812,2026-09-20
avin_novor,65,Phase 2: GPU,1789932323422,2026-09-20
hopelessss_,65,Phase 2: GPU,1789932323454,2026-09-20
lillakra,65,Phase 2: GPU,1789932323455,2026-09-20
mori2323,65,Phase 2: GPU,1789932323461,2026-09-20
lmbs00,65,Phase 2: GPU,1789932323472,2026-09-20
dahhel,65,Phase 2: GPU,1789932323473,2026-09-20
silent_luc,65,Phase 2: GPU,1789932323473,2026-09-20
lovegamesandthings00000,65,Phase 2: GPU,1789932323489,2026-09-20
thanossoul,65,Phase 2: GPU,1789932323490,2026-09-20
alexwifi42,65,Phase 2: GPU,1789932323497,2026-09-20
ikaliayev,65,Phase 2: GPU,1789932323498,2026-09-20
ivanpetrov32,65,Phase 2: GPU,1789932323499,2026-09-20
shadowladyex,65,Phase 2: GPU,1789932323500,2026-09-20
pika_gamy,65,Phase 2: GPU,1789932323505,2026-09-20
thanossoul,90,Phase 3: CPU,1789932771598,2026-09-20
pika_gamy,90,Phase 3: CPU,1789932771599,2026-09-20
shadowladyex,90,Phase 3: CPU,1789932771605,2026-09-20
avin_novor,90,Phase 3: CPU,1789932771614,2026-09-20
mori2323,90,Phase 3: CPU,1789932771616,2026-09-20
lmbs00,90,Phase 3: CPU,1789932771632,2026-09-20
silent_luc,90,Phase 3: CPU,1789932771634,2026-09-20
dahhel,90,Phase 3: CPU,1789932771647,2026-09-20
valase,90,Phase 3: CPU,1789932771655,2026-09-20
pika_gamy,45,Phase 1: GPU,1789934243907,2026-09-20
mori2323,45,Phase 1: GPU,1789934243929,2026-09-20
dahhel,45,Phase 1: GPU,1789934243931,2026-09-20
ivanpetrov32,45,Phase 1: GPU,1789934244010,2026-09-20
silent_luc,45,Phase 1: GPU,1789934244012,2026-09-20
ikaliayev,45,Phase 1: GPU,1789934244012,2026-09-20
avin_novor,45,Phase 1: GPU,1789934244025,2026-09-20
valase,45,Phase 1: GPU,1789934244027,2026-09-20
lmbs00,45,Phase 1: GPU,1789934244028,2026-09-20
thanossoul,45,Phase 1: GPU,1789934244029,2026-09-20
hopelessss_,45,Phase 1: GPU,1789934244048,2026-09-20
avin_novor,45,Phase 1: HDD,1789935892869,2026-09-20
ivanpetrov32,45,Phase 1: HDD,1789935892883,2026-09-20
lmbs00,45,Phase 1: HDD,1789935892885,2026-09-20
hopelessss_,45,Phase 1: HDD,1789935892893,2026-09-20
dahhel,45,Phase 1: HDD,1789935892900,2026-09-20
silent_luc,45,Phase 1: HDD,1789935892916,2026-09-20
thanossoul,45,Phase 1: HDD,1789935892918,2026-09-20
mori2323,45,Phase 1: HDD,1789935892919,2026-09-20
pika_gamy,45,Phase 1: HDD,1789935892920,2026-09-20
ikaliayev,45,Phase 1: HDD,1789935892959,2026-09-20
silent_luc,65,Phase 2: RAM,1789936429175,2026-09-20
ikaliayev,65,Phase 2: RAM,1789936429178,2026-09-20
pika_gamy,65,Phase 2: RAM,1789936429187,2026-09-20
lmbs00,65,Phase 2: RAM,1789936429210,2026-09-20
avin_novor,65,Phase 2: RAM,1789936429230,2026-09-20
hopelessss_,65,Phase 2: RAM,1789936429231,2026-09-20
dahhel,65,Phase 2: RAM,1789936429236,2026-09-20
thanossoul,65,Phase 2: RAM,1789936429249,2026-09-20
silent_luc,90,Phase 3: GPU,1789936951158,2026-09-20
mori2323,90,Phase 3: GPU,1789936951166,2026-09-20
pika_gamy,90,Phase 3: GPU,1789936951167,2026-09-20
lmbs00,90,Phase 3: GPU,1789936951168,2026-09-20
hopelessss_,90,Phase 3: GPU,1789936951169,2026-09-20
thanossoul,90,Phase 3: GPU,1789936951176,2026-09-20
dahhel,90,Phase 3: GPU,1789936951180,2026-09-20
avin_novor,90,Phase 3: GPU,1789936951186,2026-09-20
ikaliayev,90,Phase 3: GPU,1789936951238,2026-09-20
valase,90,Phase 3: GPU,1789936951249,2026-09-20
madagascaradam,45,Phase 1: HDD,1789938275850,2026-09-20
shadowladyex,45,Phase 1: HDD,1789938275851,2026-09-20
avin_novor,45,Phase 1: HDD,1789938275855,2026-09-20
valase,45,Phase 1: HDD,1789938275861,2026-09-20
ikaliayev,45,Phase 1: HDD,1789938275863,2026-09-20
silent_luc,45,Phase 1: HDD,1789938275872,2026-09-20
mori2323,45,Phase 1: HDD,1789938275880,2026-09-20
dahhel,45,Phase 1: HDD,1789938275881,2026-09-20
hopelessss_,45,Phase 1: HDD,1789938275886,2026-09-20
valase,65,Phase 2: GPU,1789938886870,2026-09-20
avin_novor,65,Phase 2: GPU,1789938886878,2026-09-20
dahhel,65,Phase 2: GPU,1789938886889,2026-09-20
hopelessss_,65,Phase 2: GPU,1789938886892,2026-09-20
mori2323,65,Phase 2: GPU,1789938886899,2026-09-20
ikaliayev,65,Phase 2: GPU,1789938886900,2026-09-20
silent_luc,65,Phase 2: GPU,1789938886907,2026-09-20
lillakra,65,Phase 2: GPU,1789938886908,2026-09-20
shadowladyex,65,Phase 2: GPU,1789938886974,2026-09-20
valase,90,Phase 3: RAM,1789939408895,2026-09-20
ikaliayev,90,Phase 3: RAM,1789939408896,2026-09-20
shadowladyex,90,Phase 3: RAM,1789939408897,2026-09-20
lillakra,90,Phase 3: RAM,1789939408906,2026-09-20
silent_luc,90,Phase 3: RAM,1789939408907,2026-09-20
pika_gamy,90,Phase 3: RAM,1789939408959,2026-09-20
thanossoul,90,Phase 3: RAM,1789939408960,2026-09-20
hopelessss_,90,Phase 3: RAM,1789939408970,2026-09-20
mori2323,90,Phase 3: RAM,1789939408970,2026-09-20
dahhel,90,Phase 3: RAM,1789939408972,2026-09-20
shadowladyex,45,Phase 1: HDD,1789940933938,2026-09-20
lillakra,45,Phase 1: HDD,1789940933956,2026-09-20
dahhel,45,Phase 1: HDD,1789940933957,2026-09-20
alexwifi42,45,Phase 1: HDD,1789940933961,2026-09-20
pika_gamy,45,Phase 1: HDD,1789940933962,2026-09-20
hopelessss_,45,Phase 1: HDD,1789940933964,2026-09-20
valase,45,Phase 1: HDD,1789940933972,2026-09-20
thanossoul,45,Phase 1: HDD,1789940933983,2026-09-20
ikaliayev,45,Phase 1: HDD,1789940934077,2026-09-20
avin_novor,45,Phase 1: HDD,1789940934140,2026-09-20
mori2323,45,Phase 1: HDD,1789940934141,2026-09-20
pika_gamy,65,Phase 2: GPU,1789941714763,2026-09-20
avin_novor,65,Phase 2: GPU,1789941714770,2026-09-20
shadowladyex,65,Phase 2: GPU,1789941714778,2026-09-20
dahhel,65,Phase 2: GPU,1789941714787,2026-09-20
lillakra,65,Phase 2: GPU,1789941714788,2026-09-20
ikaliayev,65,Phase 2: GPU,1789941714810,2026-09-20
hopelessss_,65,Phase 2: GPU,1789941714811,2026-09-20
alexwifi42,65,Phase 2: GPU,1789941714812,2026-09-20
silent_luc,65,Phase 2: GPU,1789941714824,2026-09-20
valase,65,Phase 2: GPU,1789941714826,2026-09-20
lovegamesandthings00000,65,Phase 2: GPU,1789941714828,2026-09-20
thanossoul,90,Phase 3: RAM,1789942351758,2026-09-20
ichuy07,90,Phase 3: RAM,1789942351759,2026-09-20
valase,90,Phase 3: RAM,1789942351760,2026-09-20
silent_luc,90,Phase 3: RAM,1789942351769,2026-09-20
dahhel,90,Phase 3: RAM,1789942351771,2026-09-20
avin_novor,90,Phase 3: RAM,1789942351782,2026-09-20
hopelessss_,90,Phase 3: RAM,1789942351861,2026-09-20
pika_gamy,90,Phase 3: RAM,1789942351880,2026-09-20
ikaliayev,90,Phase 3: RAM,1789942351939,2026-09-20
lillakra,90,Phase 3: RAM,1789942351957,2026-09-20
shadowladyex,90,Phase 3: RAM,1789942354052,2026-09-20
dahhel,45,Phase 1: GPU,1789943779877,2026-09-20
pika_gamy,45,Phase 1: GPU,1789943779879,2026-09-20
valase,45,Phase 1: GPU,1789943779895,2026-09-20
ikaliayev,45,Phase 1: GPU,1789943779896,2026-09-20
shadowladyex,45,Phase 1: GPU,1789943779896,2026-09-20
mori2323,45,Phase 1: GPU,1789943779971,2026-09-20
hopelessss_,45,Phase 1: GPU,1789943779974,2026-09-20
silent_luc,45,Phase 1: GPU,1789943779975,2026-09-20
lillakra,45,Phase 1: GPU,1789943779981,2026-09-20
avin_novor,45,Phase 1: GPU,1789943779982,2026-09-20
hopelessss_,65,Phase 2: HDD,1789944480394,2026-09-20
ikaliayev,65,Phase 2: HDD,1789944480398,2026-09-20
mori2323,65,Phase 2: HDD,1789944480402,2026-09-20
silent_luc,65,Phase 2: HDD,1789944480403,2026-09-20
dahhel,65,Phase 2: HDD,1789944480410,2026-09-20
lillakra,65,Phase 2: HDD,1789944480428,2026-09-20
valase,65,Phase 2: HDD,1789944480432,2026-09-20
thanossoul,65,Phase 2: HDD,1789944480442,2026-09-20
pika_gamy,65,Phase 2: HDD,1789944480446,2026-09-20
snoopys030,65,Phase 2: HDD,1789944480447,2026-09-20
dahhel,45,Phase 1: GPU,1789946062527,2026-09-20
pika_gamy,45,Phase 1: GPU,1789946062529,2026-09-20
hopelessss_,45,Phase 1: GPU,1789946062530,2026-09-20
mori2323,45,Phase 1: GPU,1789946062534,2026-09-20
valase,45,Phase 1: GPU,1789946062535,2026-09-20
ikaliayev,45,Phase 1: GPU,1789946062535,2026-09-20
thanossoul,45,Phase 1: GPU,1789946062536,2026-09-20
avin_novor,45,Phase 1: GPU,1789946062552,2026-09-20
snoopys030,45,Phase 1: GPU,1789946062554,2026-09-20
operacional_cae,45,Phase 1: GPU,1789946062565,2026-09-20
shadowladyex,45,Phase 1: GPU,1789946062567,2026-09-20
silent_luc,45,Phase 1: GPU,1789946062567,2026-09-20
alexwifi42,45,Phase 1: GPU,1789946062568,2026-09-20
silent_luc,65,Phase 2: HDD,1789946774087,2026-09-20
valase,65,Phase 2: HDD,1789946774097,2026-09-20
snoopys030,65,Phase 2: HDD,1789946774098,2026-09-20
shadowladyex,65,Phase 2: HDD,1789946774110,2026-09-20
avin_novor,65,Phase 2: HDD,1789946774118,2026-09-20
lovegamesandthings00000,65,Phase 2: HDD,1789946774123,2026-09-20
mori2323,65,Phase 2: HDD,1789946774188,2026-09-20
dahhel,65,Phase 2: HDD,1789946774196,2026-09-20
alexwifi42,65,Phase 2: HDD,1789946774206,2026-09-20
ikaliayev,65,Phase 2: HDD,1789946774214,2026-09-20
silent_luc,45,Phase 1: GPU,1789948029726,2026-09-20
valase,45,Phase 1: GPU,1789948029739,2026-09-20
pika_gamy,45,Phase 1: GPU,1789948029742,2026-09-20
ikaliayev,45,Phase 1: GPU,1789948029748,2026-09-20
dahhel,45,Phase 1: GPU,1789948029750,2026-09-20
mori2323,45,Phase 1: GPU,1789948029768,2026-09-20
snoopys030,45,Phase 1: GPU,1789948029807,2026-09-20
shadowladyex,45,Phase 1: GPU,1789948029817,2026-09-20
avin_novor,65,Phase 2: CPU,1789948835668,2026-09-21
thanossoul,65,Phase 2: CPU,1789948835670,2026-09-21
dahhel,65,Phase 2: CPU,1789948835678,2026-09-21
operacional_cae,65,Phase 2: CPU,1789948835682,2026-09-21
ikaliayev,65,Phase 2: CPU,1789948835689,2026-09-21
mori2323,65,Phase 2: CPU,1789948835695,2026-09-21
shadowladyex,65,Phase 2: CPU,1789948835704,2026-09-21
snoopys030,65,Phase 2: CPU,1789948835733,2026-09-21
valase,65,Phase 2: CPU,1789948835744,2026-09-21
silent_luc,65,Phase 2: CPU,1789948836227,2026-09-21
avin_novor,90,Phase 3: RAM,1789949410741,2026-09-21
silent_luc,90,Phase 3: RAM,1789949410743,2026-09-21
valase,90,Phase 3: RAM,1789949410758,2026-09-21
snoopys030,90,Phase 3: RAM,1789949410760,2026-09-21
shadowladyex,90,Phase 3: RAM,1789949410761,2026-09-21
ikaliayev,90,Phase 3: RAM,1789949410771,2026-09-21
mori2323,90,Phase 3: RAM,1789949410772,2026-09-21
dahhel,90,Phase 3: RAM,1789949410782,2026-09-21
operacional_cae,90,Phase 3: RAM,1789949410937,2026-09-21
shadowladyex,45,Phase 1: HDD,1789950870757,2026-09-21
thanossoul,45,Phase 1: HDD,1789950870783,2026-09-21
ikaliayev,45,Phase 1: HDD,1789950870792,2026-09-21
lovegamesandthings00000,45,Phase 1: HDD,1789950870799,2026-09-21
valase,45,Phase 1: HDD,1789950870805,2026-09-21
silent_luc,45,Phase 1: HDD,1789950870806,2026-09-21
mori2323,45,Phase 1: HDD,1789950870821,2026-09-21
snoopys030,45,Phase 1: HDD,1789950870837,2026-09-21
dahhel,45,Phase 1: HDD,1789950870869,2026-09-21
avin_novor,65,Phase 2: CPU,1789951665511,2026-09-21
snoopys030,65,Phase 2: CPU,1789951665526,2026-09-21
madagascaradam,65,Phase 2: CPU,1789951665527,2026-09-21
shadowladyex,65,Phase 2: CPU,1789951665529,2026-09-21
mori2323,65,Phase 2: CPU,1789951665534,2026-09-21
lovegamesandthings00000,65,Phase 2: CPU,1789951665539,2026-09-21
player0451,65,Phase 2: CPU,1789951665558,2026-09-21
silent_luc,65,Phase 2: CPU,1789951665559,2026-09-21
valase,65,Phase 2: CPU,1789951665561,2026-09-21
ikaliayev,65,Phase 2: CPU,1789951665562,2026-09-21
dahhel,65,Phase 2: CPU,1789951665572,2026-09-21
shadowladyex,45,Phase 1: GPU,1789952951183,2026-09-21
snoopys030,45,Phase 1: GPU,1789952951184,2026-09-21
valase,45,Phase 1: GPU,1789952951201,2026-09-21
dahhel,45,Phase 1: GPU,1789952951215,2026-09-21
ikaliayev,45,Phase 1: GPU,1789952951244,2026-09-21
pika_gamy,45,Phase 1: GPU,1789952951284,2026-09-21
mori2323,45,Phase 1: GPU,1789952951301,2026-09-21
shadowladyex,45,Phase 1: RAM,1789954721048,2026-09-21
silent_luc,45,Phase 1: RAM,1789954721060,2026-09-21
dahhel,45,Phase 1: RAM,1789954721071,2026-09-21
mori2323,45,Phase 1: RAM,1789954721080,2026-09-21
ikaliayev,45,Phase 1: RAM,1789954721087,2026-09-21
valase,45,Phase 1: RAM,1789954721089,2026-09-21
xiaoxiao9313,45,Phase 1: RAM,1789954721090,2026-09-21
madagascaradam,45,Phase 1: RAM,1789954721092,2026-09-21
lmbs00,45,Phase 1: RAM,1789954721098,2026-09-21
snoopys030,45,Phase 1: RAM,1789954721129,2026-09-21
valase,65,Phase 2: HDD,1789955452859,2026-09-21
shadowladyex,65,Phase 2: HDD,1789955452860,2026-09-21
dahhel,65,Phase 2: HDD,1789955452862,2026-09-21
ikaliayev,65,Phase 2: HDD,1789955452877,2026-09-21
snoopys030,65,Phase 2: HDD,1789955452883,2026-09-21
lmbs00,65,Phase 2: HDD,1789955452884,2026-09-21
madagascaradam,65,Phase 2: HDD,1789955452895,2026-09-21
silent_luc,65,Phase 2: HDD,1789955452897,2026-09-21
xiaoxiao9313,65,Phase 2: HDD,1789955452899,2026-09-21
avin_novor,65,Phase 2: HDD,1789955452952,2026-09-21
ikaliayev,90,Phase 3: CPU,1789955956858,2026-09-21
xiaoxiao9313,90,Phase 3: CPU,1789955956873,2026-09-21
mori2323,90,Phase 3: CPU,1789955956885,2026-09-21
lmbs00,90,Phase 3: CPU,1789955956886,2026-09-21
dahhel,90,Phase 3: CPU,1789955956887,2026-09-21
valase,90,Phase 3: CPU,1789955956896,2026-09-21
shadowladyex,90,Phase 3: CPU,1789955956898,2026-09-21
silent_luc,90,Phase 3: CPU,1789955956904,2026-09-21
mori2323,45,Phase 1: GPU,1789957412280,2026-09-21
valase,45,Phase 1: GPU,1789957412285,2026-09-21
shadowladyex,45,Phase 1: GPU,1789957412295,2026-09-21
avin_novor,45,Phase 1: GPU,1789957412301,2026-09-21
snoopys030,45,Phase 1: GPU,1789957412309,2026-09-21
ikaliayev,45,Phase 1: GPU,1789957412311,2026-09-21
xiaoxiao9313,45,Phase 1: GPU,1789957412319,2026-09-21
lmbs00,45,Phase 1: GPU,1789957412334,2026-09-21
dahhel,45,Phase 1: GPU,1789957412461,2026-09-21
silent_luc,45,Phase 1: GPU,1789957412462,2026-09-21
dahhel,65,Phase 2: HDD,1789958121618,2026-09-21
lovegamesandthings00000,65,Phase 2: HDD,1789958121633,2026-09-21
snoopys030,65,Phase 2: HDD,1789958121654,2026-09-21
lmbs00,65,Phase 2: HDD,1789958121666,2026-09-21
xiaoxiao9313,65,Phase 2: HDD,1789958121667,2026-09-21
shadowladyex,65,Phase 2: HDD,1789958121668,2026-09-21
ikaliayev,65,Phase 2: HDD,1789958121687,2026-09-21
mori2323,65,Phase 2: HDD,1789958121767,2026-09-21
ikaliayev,90,Phase 3: RAM,1789958656639,2026-09-21
lmbs00,90,Phase 3: RAM,1789958656649,2026-09-21
mori2323,90,Phase 3: RAM,1789958656658,2026-09-21
xiaoxiao9313,90,Phase 3: RAM,1789958656660,2026-09-21
slay_da_b,90,Phase 3: RAM,1789958656667,2026-09-21
snoopys030,90,Phase 3: RAM,1789958656675,2026-09-21
shadowladyex,90,Phase 3: RAM,1789958656679,2026-09-21
dahhel,90,Phase 3: RAM,1789958656682,2026-09-21
xiaoxiao9313,45,Phase 1: GPU,1789960029237,2026-09-21
lmbs00,45,Phase 1: GPU,1789960029243,2026-09-21
shadowladyex,45,Phase 1: GPU,1789960029244,2026-09-21
ikaliayev,45,Phase 1: GPU,1789960029279,2026-09-21
dahhel,45,Phase 1: GPU,1789960029280,2026-09-21
mori2323,45,Phase 1: GPU,1789960029298,2026-09-21
thanossoul,45,Phase 1: GPU,1789960029300,2026-09-21
snoopys030,45,Phase 1: GPU,1789960029304,2026-09-21
dahhel,65,Phase 2: RAM,1789960721255,2026-09-21
shadowladyex,65,Phase 2: RAM,1789960721256,2026-09-21
player0451,65,Phase 2: RAM,1789960721263,2026-09-21
thanossoul,65,Phase 2: RAM,1789960721270,2026-09-21
ikaliayev,65,Phase 2: RAM,1789960721280,2026-09-21
mori2323,65,Phase 2: RAM,1789960721285,2026-09-21
xiaoxiao9313,65,Phase 2: RAM,1789960721338,2026-09-21
snoopys030,65,Phase 2: RAM,1789960721368,2026-09-21
lmbs00,65,Phase 2: RAM,1789960721369,2026-09-21
xiaoxiao9313,90,Phase 3: CPU,1789961320210,2026-09-21
lmbs00,90,Phase 3: CPU,1789961320216,2026-09-21
snoopys030,90,Phase 3: CPU,1789961320223,2026-09-21
mori2323,90,Phase 3: CPU,1789961320230,2026-09-21
ikaliayev,90,Phase 3: CPU,1789961320232,2026-09-21
dahhel,90,Phase 3: CPU,1789961320236,2026-09-21
avin_novor,90,Phase 3: CPU,1789961320236,2026-09-21
thanossoul,90,Phase 3: CPU,1789961320242,2026-09-21
alfims,90,Phase 3: CPU,1789961320253,2026-09-21
dahhel,45,Phase 1: HDD,1789962774207,2026-09-21
lmbs00,45,Phase 1: HDD,1789962774210,2026-09-21
shadowladyex,45,Phase 1: HDD,1789962774210,2026-09-21
alfims,45,Phase 1: HDD,1789962774211,2026-09-21
snoopys030,45,Phase 1: HDD,1789962774212,2026-09-21
slay_da_b,45,Phase 1: HDD,1789962774213,2026-09-21
lovegamesandthings00000,45,Phase 1: HDD,1789962774216,2026-09-21
ikaliayev,45,Phase 1: HDD,1789962774219,2026-09-21
xiaoxiao9313,45,Phase 1: HDD,1789962774220,2026-09-21
avin_novor,45,Phase 1: HDD,1789962774239,2026-09-21
xiaoxiao9313,65,Phase 2: GPU,1789963250935,2026-09-21
lmbs00,65,Phase 2: GPU,1789963250939,2026-09-21
dahhel,65,Phase 2: GPU,1789963250952,2026-09-21
thanossoul,65,Phase 2: GPU,1789963250961,2026-09-21
ikaliayev,65,Phase 2: GPU,1789963250971,2026-09-21
ikaliayev,90,Phase 3: CPU,1789963780868,2026-09-21
player0451,90,Phase 3: CPU,1789963780884,2026-09-21
thanossoul,90,Phase 3: CPU,1789963780892,2026-09-21
alfims,90,Phase 3: CPU,1789963780893,2026-09-21
dahhel,90,Phase 3: CPU,1789963780905,2026-09-21
snoopys030,90,Phase 3: CPU,1789963780910,2026-09-21
lmbs00,90,Phase 3: CPU,1789963780920,2026-09-21
xiaoxiao9313,90,Phase 3: CPU,1789963780921,2026-09-21
avin_novor,45,Phase 1: RAM,1789965387781,2026-09-21
xiaoxiao9313,45,Phase 1: RAM,1789965387783,2026-09-21
slay_da_b,45,Phase 1: RAM,1789965387783,2026-09-21
lovegamesandthings00000,45,Phase 1: RAM,1789965387784,2026-09-21
thanossoul,45,Phase 1: RAM,1789965387787,2026-09-21
ikaliayev,45,Phase 1: RAM,1789965387794,2026-09-21
shadowladyex,45,Phase 1: RAM,1789965387821,2026-09-21
ivanpetrov32,45,Phase 1: RAM,1789965387827,2026-09-21
mori2323,45,Phase 1: RAM,1789965387874,2026-09-21
lmbs00,45,Phase 1: RAM,1789965387875,2026-09-21
snoopys030,45,Phase 1: RAM,1789965387879,2026-09-21
player0451,45,Phase 1: RAM,1789965387880,2026-09-21
dahhel,45,Phase 1: RAM,1789965387883,2026-09-21
dahhel,65,Phase 2: GPU,1789966121562,2026-09-21
thanossoul,65,Phase 2: GPU,1789966121572,2026-09-21
xiaoxiao9313,65,Phase 2: GPU,1789966121573,2026-09-21
shadowladyex,65,Phase 2: GPU,1789966121576,2026-09-21
lmbs00,65,Phase 2: GPU,1789966121579,2026-09-21
ikaliayev,65,Phase 2: GPU,1789966121589,2026-09-21
ivanpetrov32,65,Phase 2: GPU,1789966121589,2026-09-21
avin_novor,65,Phase 2: GPU,1789966121592,2026-09-21
slay_da_b,65,Phase 2: GPU,1789966121597,2026-09-21
xiaoxiao9313,90,Phase 3: HDD,1789966691569,2026-09-21
snoopys030,90,Phase 3: HDD,1789966691580,2026-09-21
ikaliayev,90,Phase 3: HDD,1789966691581,2026-09-21
lovegamesandthings00000,90,Phase 3: HDD,1789966691589,2026-09-21
thanossoul,90,Phase 3: HDD,1789966691590,2026-09-21
lmbs00,90,Phase 3: HDD,1789966691595,2026-09-21
avin_novor,90,Phase 3: HDD,1789966691613,2026-09-21
ivanpetrov32,90,Phase 3: HDD,1789966691613,2026-09-21
dahhel,90,Phase 3: HDD,1789966691614,2026-09-21
ikaliayev,45,Phase 1: GPU,1789968353080,2026-09-21
dahhel,45,Phase 1: GPU,1789968353100,2026-09-21
avin_novor,45,Phase 1: GPU,1789968353108,2026-09-21
lmbs00,45,Phase 1: GPU,1789968353109,2026-09-21
avin_novor,65,Phase 2: HDD,1789968875065,2026-09-21
ikaliayev,65,Phase 2: HDD,1789968875072,2026-09-21
snoopys030,65,Phase 2: HDD,1789968875080,2026-09-21
pika_gamy,65,Phase 2: HDD,1789968875080,2026-09-21
ivanpetrov32,65,Phase 2: HDD,1789968875082,2026-09-21
alfims,65,Phase 2: HDD,1789968875082,2026-09-21
lmbs00,65,Phase 2: HDD,1789968875090,2026-09-21
pika_gamy,45,Phase 1: RAM,1789970290760,2026-09-21
madagascaradam,45,Phase 1: RAM,1789970290760,2026-09-21
snoopys030,45,Phase 1: RAM,1789970290769,2026-09-21
shadowladyex,45,Phase 1: RAM,1789970290774,2026-09-21
ivanpetrov32,45,Phase 1: RAM,1789970290784,2026-09-21
xiaoxiao9313,45,Phase 1: RAM,1789970290786,2026-09-21
darkranx,45,Phase 1: RAM,1789970290787,2026-09-21
lmbs00,45,Phase 1: RAM,1789970290857,2026-09-21
ikaliayev,45,Phase 1: RAM,1789970290882,2026-09-21
xiaoxiao9313,45,Phase 1: GPU,1789971667530,2026-09-21
shadowladyex,45,Phase 1: GPU,1789971667531,2026-09-21
ikaliayev,45,Phase 1: GPU,1789971667545,2026-09-21
lmbs00,45,Phase 1: GPU,1789971667553,2026-09-21
ikaliayev,65,Phase 2: RAM,1789972187509,2026-09-21
pika_gamy,65,Phase 2: RAM,1789972187525,2026-09-21
alburldador,65,Phase 2: RAM,1789972187531,2026-09-21
snoopys030,65,Phase 2: RAM,1789972187539,2026-09-21
shadowladyex,65,Phase 2: RAM,1789972187548,2026-09-21
ikaliayev,45,Phase 1: HDD,1789973533501,2026-09-21
ivanpetrov32,45,Phase 1: HDD,1789973533513,2026-09-21
alburldador,45,Phase 1: HDD,1789973533522,2026-09-21
xiaoxiao9313,45,Phase 1: HDD,1789973533534,2026-09-21
alfims,45,Phase 1: HDD,1789973533535,2026-09-21
snoopys030,45,Phase 1: HDD,1789973533535,2026-09-21
lmbs00,45,Phase 1: HDD,1789973533536,2026-09-21
shadowladyex,45,Phase 1: HDD,1789973533538,2026-09-21
ivanpetrov32,65,Phase 2: GPU,1789974113481,2026-09-21
lmbs00,65,Phase 2: GPU,1789974113488,2026-09-21
lillakra,65,Phase 2: GPU,1789974113489,2026-09-21
ikaliayev,65,Phase 2: GPU,1789974113495,2026-09-21
snoopys030,65,Phase 2: GPU,1789974113500,2026-09-21
yurigiu,90,Phase 3: CPU,1789974596470,2026-09-21
lmbs00,90,Phase 3: CPU,1789974596483,2026-09-21
lillakra,90,Phase 3: CPU,1789974596489,2026-09-21
snoopys030,90,Phase 3: CPU,1789974596497,2026-09-21
ivanpetrov32,90,Phase 3: CPU,1789974596539,2026-09-21
ikaliayev,90,Phase 3: CPU,1789974596541,2026-09-21
ikaliayev,45,Phase 1: GPU,1789975667053,2026-09-21
snoopys030,45,Phase 1: GPU,1789975667061,2026-09-21
xiaoxiao9313,45,Phase 1: GPU,1789975667063,2026-09-21
shadowladyex,45,Phase 1: GPU,1789975667065,2026-09-21
xiaoxiao9313,65,Phase 2: RAM,1789976161133,2026-09-21
snoopys030,65,Phase 2: RAM,1789976161138,2026-09-21
ikaliayev,65,Phase 2: RAM,1789976161142,2026-09-21
shadowladyex,65,Phase 2: RAM,1789976161197,2026-09-21
snoopys030,45,Phase 1: CPU,1789977334657,2026-09-21
ikaliayev,45,Phase 1: CPU,1789977334663,2026-09-21
shadowladyex,45,Phase 1: CPU,1789977334672,2026-09-21
xiaoxiao9313,45,Phase 1: CPU,1789977334713,2026-09-21
ivanpetrov32,65,Phase 2: RAM,1789977835842,2026-09-21
xiaoxiao9313,65,Phase 2: RAM,1789977835847,2026-09-21
ikaliayev,65,Phase 2: RAM,1789977835848,2026-09-21
snoopys030,65,Phase 2: RAM,1789977835848,2026-09-21
shadowladyex,65,Phase 2: RAM,1789977835862,2026-09-21
whitepai,45,Phase 1: CPU,1789979136427,2026-09-21
snoopys030,45,Phase 1: CPU,1789979136439,2026-09-21
alfims,45,Phase 1: CPU,1789979136440,2026-09-21
ikaliayev,45,Phase 1: CPU,1789979136448,2026-09-21
darkranx,45,Phase 1: CPU,1789979136449,2026-09-21
shadowladyex,45,Phase 1: CPU,1789979136455,2026-09-21
xiaoxiao9313,45,Phase 1: CPU,1789979136459,2026-09-21
ikaliayev,65,Phase 2: RAM,1789979642435,2026-09-21
pika_gamy,65,Phase 2: RAM,1789979642439,2026-09-21
snoopys030,65,Phase 2: RAM,1789979642456,2026-09-21
xiaoxiao9313,65,Phase 2: RAM,1789979642469,2026-09-21
snoopys030,45,Phase 1: HDD,1789981529940,2026-09-21
ikaliayev,45,Phase 1: HDD,1789981529942,2026-09-21
shadowladyex,45,Phase 1: HDD,1789981529954,2026-09-21
hopelessss_,45,Phase 1: HDD,1789981529970,2026-09-21
xiaoxiao9313,45,Phase 1: HDD,1789981529981,2026-09-21
snoopys030,65,Phase 2: RAM,1789981970959,2026-09-21
operacional_cae,65,Phase 2: RAM,1789981970966,2026-09-21
hopelessss_,65,Phase 2: RAM,1789981970967,2026-09-21
xiaoxiao9313,65,Phase 2: RAM,1789981970975,2026-09-21
ikaliayev,65,Phase 2: RAM,1789981970997,2026-09-21
pika_gamy,45,Phase 1: RAM,1789983247072,2026-09-21
shadowladyex,45,Phase 1: RAM,1789983247073,2026-09-21
slay_da_b,45,Phase 1: RAM,1789983247083,2026-09-21
snoopys030,45,Phase 1: RAM,1789983247084,2026-09-21
xiaoxiao9313,45,Phase 1: RAM,1789983247099,2026-09-21
ikaliayev,45,Phase 1: RAM,1789983247100,2026-09-21
hopelessss_,45,Phase 1: RAM,1789983247135,2026-09-21
ikaliayev,65,Phase 2: CPU,1789983884976,2026-09-21
operacional_cae,65,Phase 2: CPU,1789983884977,2026-09-21
puphik,65,Phase 2: CPU,1789983885000,2026-09-21
shadowladyex,65,Phase 2: CPU,1789983885009,2026-09-21
snoopys030,65,Phase 2: CPU,1789983885021,2026-09-21
silent_luc,65,Phase 2: CPU,1789983885060,2026-09-21
hopelessss_,65,Phase 2: CPU,1789983885077,2026-09-21
xiaoxiao9313,65,Phase 2: CPU,1789983885107,2026-09-21
snoopys030,90,Phase 3: HDD,1789984373996,2026-09-21
ivanpetrov32,90,Phase 3: HDD,1789984374002,2026-09-21
hopelessss_,90,Phase 3: HDD,1789984374026,2026-09-21
shadowladyex,90,Phase 3: HDD,1789984374099,2026-09-21
puphik,90,Phase 3: HDD,1789984374102,2026-09-21
ikaliayev,90,Phase 3: HDD,1789984374118,2026-09-21
xiaoxiao9313,90,Phase 3: HDD,1789984374126,2026-09-21
shadowladyex,45,Phase 1: GPU,1789985393783,2026-09-21
hopelessss_,45,Phase 1: GPU,1789985393784,2026-09-21
ikaliayev,45,Phase 1: GPU,1789985393785,2026-09-21
snoopys030,45,Phase 1: GPU,1789985393808,2026-09-21
silent_luc,65,Phase 2: HDD,1789985802804,2026-09-21
ikaliayev,65,Phase 2: HDD,1789985802824,2026-09-21
operacional_cae,65,Phase 2: HDD,1789985802831,2026-09-21
hopelessss_,65,Phase 2: HDD,1789985802833,2026-09-21
shadowladyex,65,Phase 2: HDD,1789985802836,2026-09-21
hopelessss_,45,Phase 1: RAM,1789987087491,2026-09-21
ikaliayev,45,Phase 1: RAM,1789987087503,2026-09-21
silent_luc,45,Phase 1: RAM,1789987087506,2026-09-21
snoopys030,45,Phase 1: RAM,1789987087509,2026-09-21
shadowladyex,45,Phase 1: RAM,1789987087511,2026-09-21
xiaoxiao9313,45,Phase 1: RAM,1789987087525,2026-09-21
whitepai,45,Phase 1: RAM,1789987087530,2026-09-21
snoopys030,65,Phase 2: GPU,1789987544493,2026-09-21
ikaliayev,65,Phase 2: GPU,1789987544497,2026-09-21
silent_luc,65,Phase 2: GPU,1789987544505,2026-09-21
hopelessss_,65,Phase 2: GPU,1789987544519,2026-09-21
xiaoxiao9313,65,Phase 2: GPU,1789987544522,2026-09-21
snoopys030,45,Phase 1: GPU,1789988854507,2026-09-21
ikaliayev,45,Phase 1: GPU,1789988854512,2026-09-21
hopelessss_,45,Phase 1: GPU,1789988854527,2026-09-21
alphonsoe,45,Phase 1: GPU,1789988854528,2026-09-21
madagascaradam,45,Phase 1: GPU,1789988854537,2026-09-21
shadowladyex,45,Phase 1: GPU,1789988854542,2026-09-21
xiaoxiao9313,45,Phase 1: GPU,1789988854543,2026-09-21
pika_gamy,45,Phase 1: GPU,1789988854560,2026-09-21
hopelessss_,65,Phase 2: RAM,1789989575552,2026-09-21
shadowladyex,65,Phase 2: RAM,1789989575558,2026-09-21
ikaliayev,65,Phase 2: RAM,1789989575587,2026-09-21
slay_da_b,65,Phase 2: RAM,1789989575588,2026-09-21
silent_luc,65,Phase 2: RAM,1789989575597,2026-09-21
snoopys030,65,Phase 2: RAM,1789989575601,2026-09-21
madagascaradam,65,Phase 2: RAM,1789989575664,2026-09-21
xiaoxiao9313,65,Phase 2: RAM,1789989575665,2026-09-21
pika_gamy,65,Phase 2: RAM,1789989575666,2026-09-21
robin3one,65,Phase 2: RAM,1789989575677,2026-09-21
xiaoxiao9313,90,Phase 3: HDD,1789990166539,2026-09-21
pika_gamy,90,Phase 3: HDD,1789990166545,2026-09-21
shadowladyex,90,Phase 3: HDD,1789990166552,2026-09-21
snoopys030,90,Phase 3: HDD,1789990166552,2026-09-21
ikaliayev,90,Phase 3: HDD,1789990166555,2026-09-21
alphonsoe,90,Phase 3: HDD,1789990166560,2026-09-21
ivanpetrov32,90,Phase 3: HDD,1789990166560,2026-09-21
silent_luc,90,Phase 3: HDD,1789990166569,2026-09-21
hopelessss_,90,Phase 3: HDD,1789990166572,2026-09-21
pika_gamy,45,Phase 1: GPU,1789991637139,2026-09-21
lovegamesandthings00000,45,Phase 1: GPU,1789991637141,2026-09-21
shadowladyex,45,Phase 1: GPU,1789991637142,2026-09-21
snoopys030,45,Phase 1: GPU,1789991637162,2026-09-21
ivanpetrov32,45,Phase 1: GPU,1789991637166,2026-09-21
hopelessss_,45,Phase 1: GPU,1789991637166,2026-09-21
silent_luc,45,Phase 1: GPU,1789991637171,2026-09-21
xiaoxiao9313,45,Phase 1: GPU,1789991637172,2026-09-21
ikaliayev,45,Phase 1: GPU,1789991637173,2026-09-21
robin3one,45,Phase 1: GPU,1789991637179,2026-09-21
alphonsoe,45,Phase 1: GPU,1789991637186,2026-09-21
shadowladyex,65,Phase 2: RAM,1789992487233,2026-09-21
lovegamesandthings00000,65,Phase 2: RAM,1789992487245,2026-09-21
xiaoxiao9313,65,Phase 2: RAM,1789992487273,2026-09-21
alphonsoe,65,Phase 2: RAM,1789992487274,2026-09-21
slay_da_b,65,Phase 2: RAM,1789992487275,2026-09-21
ikaliayev,65,Phase 2: RAM,1789992487275,2026-09-21
alfims,65,Phase 2: RAM,1789992487276,2026-09-21
snoopys030,65,Phase 2: RAM,1789992487277,2026-09-21
silent_luc,65,Phase 2: RAM,1789992487284,2026-09-21
hopelessss_,65,Phase 2: RAM,1789992487295,2026-09-21
ivanpetrov32,65,Phase 2: RAM,1789992487299,2026-09-21
pika_gamy,65,Phase 2: RAM,1789992487300,2026-09-21
silent_luc,45,Phase 1: HDD,1789994092138,2026-09-21
shadowladyex,45,Phase 1: HDD,1789994092164,2026-09-21
cerebralx1,45,Phase 1: HDD,1789994092165,2026-09-21
xiaoxiao9313,45,Phase 1: HDD,1789994092165,2026-09-21
ikaliayev,45,Phase 1: HDD,1789994092166,2026-09-21
lillakra,45,Phase 1: HDD,1789994092167,2026-09-21
robin3one,45,Phase 1: HDD,1789994092171,2026-09-21
alfims,45,Phase 1: HDD,1789994092172,2026-09-21
snoopys030,45,Phase 1: HDD,1789994092173,2026-09-21
lovegamesandthings00000,45,Phase 1: HDD,1789994092174,2026-09-21
slay_da_b,45,Phase 1: HDD,1789994092175,2026-09-21
pika_gamy,45,Phase 1: HDD,1789994092183,2026-09-21
alphonsoe,45,Phase 1: HDD,1789994092195,2026-09-21
hopelessss_,45,Phase 1: HDD,1789994092196,2026-09-21
pika_gamy,65,Phase 2: CPU,1789994590818,2026-09-21
ikaliayev,65,Phase 2: CPU,1789994590821,2026-09-21
lillakra,65,Phase 2: CPU,1789994590828,2026-09-21
snoopys030,65,Phase 2: CPU,1789994590843,2026-09-21
hopelessss_,65,Phase 2: CPU,1789994590851,2026-09-21
cerebralx1,65,Phase 2: CPU,1789994590878,2026-09-21
hopelessss_,90,Phase 3: RAM,1789995024785,2026-09-21
slay_da_b,90,Phase 3: RAM,1789995024836,2026-09-21
cerebralx1,90,Phase 3: RAM,1789995024838,2026-09-21
alphonsoe,90,Phase 3: RAM,1789995024839,2026-09-21
pika_gamy,90,Phase 3: RAM,1789995024840,2026-09-21
ikaliayev,90,Phase 3: RAM,1789995024841,2026-09-21
xiaoxiao9313,90,Phase 3: RAM,1789995024843,2026-09-21
snoopys030,90,Phase 3: RAM,1789995024852,2026-09-21
ivanpetrov32,90,Phase 3: RAM,1789995024940,2026-09-21
alfims,45,Phase 1: HDD,1789996388600,2026-09-21
ikaliayev,45,Phase 1: HDD,1789996388610,2026-09-21
hopelessss_,45,Phase 1: HDD,1789996388618,2026-09-21
cerebralx1,45,Phase 1: HDD,1789996388636,2026-09-21
snoopys030,45,Phase 1: HDD,1789996388638,2026-09-21
slay_da_b,45,Phase 1: HDD,1789996388639,2026-09-21
alphonsoe,45,Phase 1: HDD,1789996388644,2026-09-21
robin3one,45,Phase 1: HDD,1789996388645,2026-09-21
xiaoxiao9313,45,Phase 1: HDD,1789996388646,2026-09-21
hopelessss_,65,Phase 2: GPU,1789996955630,2026-09-21
operacional_cae,65,Phase 2: GPU,1789996955634,2026-09-21
cerebralx1,65,Phase 2: GPU,1789996955635,2026-09-21
alphonsoe,65,Phase 2: GPU,1789996955643,2026-09-21
xiaoxiao9313,65,Phase 2: GPU,1789996955645,2026-09-21
ikaliayev,65,Phase 2: GPU,1789996955657,2026-09-21
snoopys030,65,Phase 2: GPU,1789996955660,2026-09-21
cerebralx1,45,Phase 1: RAM,1789998447382,2026-09-21
thanossoul,45,Phase 1: RAM,1789998447385,2026-09-21
alexwifi42,45,Phase 1: RAM,1789998447387,2026-09-21
silent_luc,45,Phase 1: RAM,1789998447388,2026-09-21
slay_da_b,45,Phase 1: RAM,1789998447409,2026-09-21
snoopys030,45,Phase 1: RAM,1789998447415,2026-09-21
mori2323,45,Phase 1: RAM,1789998447416,2026-09-21
alphonsoe,45,Phase 1: RAM,1789998447419,2026-09-21
alyssrentori,45,Phase 1: RAM,1789998447434,2026-09-21
xiaoxiao9313,45,Phase 1: RAM,1789998447444,2026-09-21
ikaliayev,45,Phase 1: RAM,1789998447451,2026-09-21
hopelessss_,45,Phase 1: RAM,1789998447498,2026-09-21
lillakra,65,Phase 2: GPU,1789999256372,2026-09-21
mori2323,65,Phase 2: GPU,1789999256376,2026-09-21
pika_gamy,65,Phase 2: GPU,1789999256383,2026-09-21
alphonsoe,65,Phase 2: GPU,1789999256389,2026-09-21
xiaoxiao9313,65,Phase 2: GPU,1789999256396,2026-09-21
silent_luc,65,Phase 2: GPU,1789999256399,2026-09-21
cerebralx1,65,Phase 2: GPU,1789999256403,2026-09-21
snoopys030,65,Phase 2: GPU,1789999256404,2026-09-21
slay_da_b,65,Phase 2: GPU,1789999256428,2026-09-21
robin3one,65,Phase 2: GPU,1789999256471,2026-09-21
ikaliayev,65,Phase 2: GPU,1789999256482,2026-09-21
hopelessss_,65,Phase 2: GPU,1789999256483,2026-09-21
hopelessss_,90,Phase 3: CPU,1789999984454,2026-09-21
mori2323,90,Phase 3: CPU,1789999984455,2026-09-21
pika_gamy,90,Phase 3: CPU,1789999984475,2026-09-21
cerebralx1,90,Phase 3: CPU,1789999984478,2026-09-21
alphonsoe,90,Phase 3: CPU,1789999984498,2026-09-21
ikaliayev,90,Phase 3: CPU,1789999984499,2026-09-21
alburldador,90,Phase 3: CPU,1789999984509,2026-09-21
silent_luc,90,Phase 3: CPU,1789999984510,2026-09-21
thanossoul,90,Phase 3: CPU,1789999984513,2026-09-21
lovegamesandthings00000,90,Phase 3: CPU,1789999984514,2026-09-21
avin_novor,90,Phase 3: CPU,1789999984523,2026-09-21
alyssrentori,90,Phase 3: CPU,1789999984524,2026-09-21
snoopys030,90,Phase 3: CPU,1789999984605,2026-09-21
alexwifi42,90,Phase 3: CPU,1789999984615,2026-09-21
hopelessss_,45,Phase 1: CPU,1790001121296,2026-09-21
xiaoxiao9313,45,Phase 1: CPU,1790001121300,2026-09-21
pika_gamy,45,Phase 1: CPU,1790001121365,2026-09-21
alphonsoe,45,Phase 1: CPU,1790001121366,2026-09-21
cerebralx1,45,Phase 1: CPU,1790001121367,2026-09-21
avin_novor,45,Phase 1: CPU,1790001121390,2026-09-21
pika_gamy,65,Phase 2: HDD,1790001563289,2026-09-21
lovegamesandthings00000,65,Phase 2: HDD,1790001563299,2026-09-21
avin_novor,65,Phase 2: HDD,1790001563305,2026-09-21
hopelessss_,65,Phase 2: HDD,1790001563312,2026-09-21
cerebralx1,65,Phase 2: HDD,1790001563313,2026-09-21
xiaoxiao9313,65,Phase 2: HDD,1790001563321,2026-09-21
silent_luc,65,Phase 2: HDD,1790001563324,2026-09-21
operacional_cae,45,Phase 1: CPU,1790002934774,2026-09-21
avin_novor,45,Phase 1: CPU,1790002934776,2026-09-21
silent_luc,45,Phase 1: CPU,1790002934782,2026-09-21
cerebralx1,45,Phase 1: CPU,1790002934784,2026-09-21
thanossoul,45,Phase 1: CPU,1790002934786,2026-09-21
xiaoxiao9313,45,Phase 1: CPU,1790002934800,2026-09-21
lovegamesandthings00000,45,Phase 1: CPU,1790002934801,2026-09-21
hopelessss_,45,Phase 1: CPU,1790002934811,2026-09-21
pika_gamy,45,Phase 1: CPU,1790002934988,2026-09-21
robin3one,45,Phase 1: CPU,1790002934998,2026-09-21
lmbs00,45,Phase 1: CPU,1790002935207,2026-09-21
dahhel,45,Phase 1: RAM,1790004759822,2026-09-21
thanossoul,45,Phase 1: RAM,1790004759860,2026-09-21
alphonsoe,45,Phase 1: RAM,1790004759863,2026-09-21
cerebralx1,45,Phase 1: RAM,1790004759864,2026-09-21
xiaoxiao9313,45,Phase 1: RAM,1790004759865,2026-09-21
player0451,45,Phase 1: RAM,1790004759871,2026-09-21
mori2323,45,Phase 1: RAM,1790004759871,2026-09-21
silent_luc,45,Phase 1: RAM,1790004759880,2026-09-21
lmbs00,45,Phase 1: RAM,1790004759881,2026-09-21
pika_gamy,45,Phase 1: RAM,1790004759882,2026-09-21
avin_novor,45,Phase 1: RAM,1790004759883,2026-09-21
ivanpetrov32,45,Phase 1: RAM,1790004759889,2026-09-21
hopelessss_,45,Phase 1: RAM,1790004759890,2026-09-21
avin_novor,65,Phase 2: HDD,1790005572878,2026-09-21
ivanpetrov32,65,Phase 2: HDD,1790005572881,2026-09-21
pika_gamy,65,Phase 2: HDD,1790005572895,2026-09-21
cerebralx1,65,Phase 2: HDD,1790005572900,2026-09-21
thanossoul,65,Phase 2: HDD,1790005572907,2026-09-21
silent_luc,65,Phase 2: HDD,1790005572908,2026-09-21
xiaoxiao9313,65,Phase 2: HDD,1790005572914,2026-09-21
mori2323,65,Phase 2: HDD,1790005572917,2026-09-21
hopelessss_,65,Phase 2: HDD,1790005572923,2026-09-21
lovegamesandthings00000,65,Phase 2: HDD,1790005572924,2026-09-21
dahhel,65,Phase 2: HDD,1790005572973,2026-09-21
mori2323,90,Phase 3: GPU,1790006136877,2026-09-21
pika_gamy,90,Phase 3: GPU,1790006136879,2026-09-21
lmbs00,90,Phase 3: GPU,1790006136891,2026-09-21
hopelessss_,90,Phase 3: GPU,1790006136893,2026-09-21
cerebralx1,90,Phase 3: GPU,1790006136895,2026-09-21
dahhel,90,Phase 3: GPU,1790006136899,2026-09-21
xiaoxiao9313,90,Phase 3: GPU,1790006136900,2026-09-21
avin_novor,90,Phase 3: GPU,1790006136911,2026-09-21
thanossoul,90,Phase 3: GPU,1790006136912,2026-09-21
alphonsoe,90,Phase 3: GPU,1790006136915,2026-09-21
silent_luc,90,Phase 3: GPU,1790006136923,2026-09-21
pika_gamy,45,Phase 1: CPU,1790007668974,2026-09-21
xiaoxiao9313,45,Phase 1: CPU,1790007668986,2026-09-21
hopelessss_,45,Phase 1: CPU,1790007669012,2026-09-21
mori2323,45,Phase 1: CPU,1790007669016,2026-09-21
silent_luc,45,Phase 1: CPU,1790007669080,2026-09-21
avin_novor,45,Phase 1: CPU,1790007669082,2026-09-21
lmbs00,45,Phase 1: CPU,1790007669082,2026-09-21
thanossoul,45,Phase 1: CPU,1790007669086,2026-09-21
ivanpetrov32,45,Phase 1: CPU,1790007669087,2026-09-21
dahhel,45,Phase 1: CPU,1790007669088,2026-09-21
cerebralx1,45,Phase 1: CPU,1790007669098,2026-09-21
alexwifi42,45,Phase 1: CPU,1790007669099,2026-09-21
silent_luc,65,Phase 2: GPU,1790008439615,2026-09-21
mori2323,65,Phase 2: GPU,1790008439633,2026-09-21
hopelessss_,65,Phase 2: GPU,1790008439655,2026-09-21
alexwifi42,65,Phase 2: GPU,1790008439665,2026-09-21
avin_novor,65,Phase 2: GPU,1790008439666,2026-09-21
dahhel,65,Phase 2: GPU,1790008439667,2026-09-21
lmbs00,65,Phase 2: GPU,1790008439667,2026-09-21
cerebralx1,65,Phase 2: GPU,1790008439668,2026-09-21
xiaoxiao9313,65,Phase 2: GPU,1790008439671,2026-09-21
ivanpetrov32,65,Phase 2: GPU,1790008439671,2026-09-21
pika_gamy,65,Phase 2: GPU,1790008439672,2026-09-21
thanossoul,65,Phase 2: GPU,1790008439834,2026-09-21
silent_luc,90,Phase 3: RAM,1790009064623,2026-09-21
xiaoxiao9313,90,Phase 3: RAM,1790009064624,2026-09-21
avin_novor,90,Phase 3: RAM,1790009064646,2026-09-21
cerebralx1,90,Phase 3: RAM,1790009064647,2026-09-21
dahhel,90,Phase 3: RAM,1790009064649,2026-09-21
mori2323,90,Phase 3: RAM,1790009064660,2026-09-21
pika_gamy,90,Phase 3: RAM,1790009064663,2026-09-21
ivanpetrov32,90,Phase 3: RAM,1790009064667,2026-09-21
player0451,90,Phase 3: RAM,1790009064668,2026-09-21
lmbs00,90,Phase 3: RAM,1790009064670,2026-09-21
hopelessss_,90,Phase 3: RAM,1790009064749,2026-09-21
slay_da_b,90,Phase 3: RAM,1790009064762,2026-09-21
silent_luc,45,Phase 1: RAM,1790010576902,2026-09-21
dahhel,45,Phase 1: RAM,1790010576918,2026-09-21
xiaoxiao9313,45,Phase 1: RAM,1790010576919,2026-09-21
cerebralx1,45,Phase 1: RAM,1790010576924,2026-09-21
player0451,45,Phase 1: RAM,1790010576939,2026-09-21
ivanpetrov32,45,Phase 1: RAM,1790010576941,2026-09-21
hopelessss_,45,Phase 1: RAM,1790010576969,2026-09-21
mori2323,45,Phase 1: RAM,1790010576971,2026-09-21
pika_gamy,45,Phase 1: RAM,1790010577004,2026-09-21
lmbs00,45,Phase 1: RAM,1790010577041,2026-09-21
avin_novor,45,Phase 1: RAM,1790010577189,2026-09-21
silent_luc,65,Phase 2: CPU,1790011409252,2026-09-21
avin_novor,65,Phase 2: CPU,1790011409254,2026-09-21
lovegamesandthings00000,65,Phase 2: CPU,1790011409255,2026-09-21
xiaoxiao9313,65,Phase 2: CPU,1790011409263,2026-09-21
cerebralx1,65,Phase 2: CPU,1790011409266,2026-09-21
mori2323,65,Phase 2: CPU,1790011409274,2026-09-21
dahhel,65,Phase 2: CPU,1790011409281,2026-09-21
lmbs00,65,Phase 2: CPU,1790011409287,2026-09-21
ivanpetrov32,65,Phase 2: CPU,1790011409287,2026-09-21
hopelessss_,65,Phase 2: CPU,1790011409305,2026-09-21
pika_gamy,65,Phase 2: CPU,1790011409343,2026-09-21
xiaoxiao9313,90,Phase 3: GPU,1790012114277,2026-09-21
ivanpetrov32,90,Phase 3: GPU,1790012114289,2026-09-21
dahhel,90,Phase 3: GPU,1790012114300,2026-09-21
ichuy07,90,Phase 3: GPU,1790012114301,2026-09-21
hopelessss_,90,Phase 3: GPU,1790012114313,2026-09-21
mori2323,90,Phase 3: GPU,1790012114323,2026-09-21
pika_gamy,90,Phase 3: GPU,1790012114328,2026-09-21
cerebralx1,90,Phase 3: GPU,1790012114328,2026-09-21
silent_luc,90,Phase 3: GPU,1790012114339,2026-09-21
lmbs00,90,Phase 3: GPU,1790012114340,2026-09-21
lovegamesandthings00000,90,Phase 3: GPU,1790012114348,2026-09-21
alburldador,90,Phase 3: GPU,1790012114348,2026-09-21
avin_novor,90,Phase 3: GPU,1790012114352,2026-09-21
valase,120,Phase 4: HDD,1790012634345,2026-09-21
silent_luc,120,Phase 4: HDD,1790012634347,2026-09-21
lmbs00,120,Phase 4: HDD,1790012634355,2026-09-21
thanossoul,120,Phase 4: HDD,1790012634356,2026-09-21
lovegamesandthings00000,120,Phase 4: HDD,1790012634368,2026-09-21
avin_novor,120,Phase 4: HDD,1790012634370,2026-09-21
xiaoxiao9313,120,Phase 4: HDD,1790012634371,2026-09-21
mori2323,120,Phase 4: HDD,1790012634371,2026-09-21
dahhel,120,Phase 4: HDD,1790012634378,2026-09-21
hopelessss_,120,Phase 4: HDD,1790012634386,2026-09-21
pika_gamy,120,Phase 4: HDD,1790012634444,2026-09-21
silent_luc,62,proStar bonus: all 4 phases,1790012635155,2026-09-21
dahhel,62,proStar bonus: all 4 phases,1790012635165,2026-09-21
pika_gamy,62,proStar bonus: all 4 phases,1790012635166,2026-09-21
avin_novor,62,proStar bonus: all 4 phases,1790012635177,2026-09-21
lmbs00,62,proStar bonus: all 4 phases,1790012635189,2026-09-21
mori2323,62,proStar bonus: all 4 phases,1790012635191,2026-09-21
hopelessss_,62,proStar bonus: all 4 phases,1790012635191,2026-09-21
xiaoxiao9313,62,proStar bonus: all 4 phases,1790012635204,2026-09-21
avin_novor,45,Phase 1: GPU,1790013779602,2026-09-21
xiaoxiao9313,45,Phase 1: GPU,1790013779612,2026-09-21
lmbs00,45,Phase 1: GPU,1790013779627,2026-09-21
thanossoul,45,Phase 1: GPU,1790013779629,2026-09-21
alexwifi42,45,Phase 1: GPU,1790013779633,2026-09-21
dahhel,45,Phase 1: GPU,1790013779634,2026-09-21
yurigiu,45,Phase 1: GPU,1790013779635,2026-09-21
pika_gamy,45,Phase 1: GPU,1790013779677,2026-09-21
hopelessss_,45,Phase 1: GPU,1790013779678,2026-09-21
mori2323,45,Phase 1: GPU,1790013779703,2026-09-21
lovegamesandthings00000,45,Phase 1: GPU,1790013779707,2026-09-21
valase,45,Phase 1: GPU,1790013780011,2026-09-21
dahhel,65,Phase 2: RAM,1790014278151,2026-09-21
valase,65,Phase 2: RAM,1790014278152,2026-09-21
hopelessss_,65,Phase 2: RAM,1790014278165,2026-09-21
avin_novor,65,Phase 2: RAM,1790014278197,2026-09-21
pika_gamy,65,Phase 2: RAM,1790014278258,2026-09-21
mori2323,65,Phase 2: RAM,1790014278266,2026-09-21
thanossoul,65,Phase 2: RAM,1790014278273,2026-09-21
avin_novor,90,Phase 3: HDD,1790014800183,2026-09-21
dahhel,90,Phase 3: HDD,1790014800196,2026-09-21
valase,90,Phase 3: HDD,1790014800198,2026-09-21
mori2323,90,Phase 3: HDD,1790014800199,2026-09-21
pika_gamy,90,Phase 3: HDD,1790014800201,2026-09-21
hopelessss_,90,Phase 3: HDD,1790014800244,2026-09-21
lmbs00,90,Phase 3: HDD,1790014800257,2026-09-21
lillakra,90,Phase 3: HDD,1790014800280,2026-09-21
silent_luc,90,Phase 3: HDD,1790014800290,2026-09-21
ivanpetrov32,90,Phase 3: HDD,1790014800313,2026-09-21
mori2323,45,Phase 1: HDD,1790016200854,2026-09-21
hopelessss_,45,Phase 1: HDD,1790016200864,2026-09-21
player0451,45,Phase 1: HDD,1790016200865,2026-09-21
ivanpetrov32,45,Phase 1: HDD,1790016200876,2026-09-21
alexwifi42,45,Phase 1: HDD,1790016200893,2026-09-21
lmbs00,45,Phase 1: HDD,1790016200899,2026-09-21
valase,45,Phase 1: HDD,1790016200900,2026-09-21
pika_gamy,45,Phase 1: HDD,1790016200902,2026-09-21
avin_novor,45,Phase 1: HDD,1790016200958,2026-09-21
silent_luc,45,Phase 1: HDD,1790016201022,2026-09-21
pika_gamy,65,Phase 2: CPU,1790016826428,2026-09-21
ivanpetrov32,65,Phase 2: CPU,1790016826436,2026-09-21
lovegamesandthings00000,65,Phase 2: CPU,1790016826447,2026-09-21
lmbs00,65,Phase 2: CPU,1790016826458,2026-09-21
valase,65,Phase 2: CPU,1790016826459,2026-09-21
hopelessss_,65,Phase 2: CPU,1790016826477,2026-09-21
avin_novor,65,Phase 2: CPU,1790016826478,2026-09-21
mori2323,65,Phase 2: CPU,1790016826479,2026-09-21
silent_luc,65,Phase 2: CPU,1790016826483,2026-09-21
valase,45,Phase 1: CPU,1790018147143,2026-09-21
thanossoul,45,Phase 1: CPU,1790018147154,2026-09-21
robin3one,45,Phase 1: CPU,1790018147159,2026-09-21
hopelessss_,45,Phase 1: CPU,1790018147161,2026-09-21
madagascaradam,45,Phase 1: CPU,1790018147165,2026-09-21
silent_luc,45,Phase 1: CPU,1790018147175,2026-09-21
avin_novor,45,Phase 1: CPU,1790018147176,2026-09-21
mori2323,45,Phase 1: CPU,1790018147182,2026-09-21
pika_gamy,45,Phase 1: CPU,1790018147183,2026-09-21
hopelessss_,65,Phase 2: HDD,1790018829177,2026-09-21
silent_luc,65,Phase 2: HDD,1790018829182,2026-09-21
dahhel,65,Phase 2: HDD,1790018829201,2026-09-21
pika_gamy,65,Phase 2: HDD,1790018829204,2026-09-21
thanossoul,65,Phase 2: HDD,1790018829208,2026-09-21
valase,65,Phase 2: HDD,1790018829209,2026-09-21
mori2323,65,Phase 2: HDD,1790018829211,2026-09-21
avin_novor,65,Phase 2: HDD,1790018829226,2026-09-21
alfims,65,Phase 2: HDD,1790018829267,2026-09-21
thanossoul,45,Phase 1: RAM,1790020308975,2026-09-21
ivanpetrov32,45,Phase 1: RAM,1790020308986,2026-09-21
valase,45,Phase 1: RAM,1790020308990,2026-09-21
mori2323,45,Phase 1: RAM,1790020309010,2026-09-21
ikaliayev,45,Phase 1: RAM,1790020309011,2026-09-21
silent_luc,45,Phase 1: RAM,1790020309017,2026-09-21
dahhel,45,Phase 1: RAM,1790020309087,2026-09-21
avin_novor,45,Phase 1: RAM,1790020309094,2026-09-21
hopelessss_,45,Phase 1: RAM,1790020309103,2026-09-21
pika_gamy,45,Phase 1: RAM,1790020309112,2026-09-21
hopelessss_,65,Phase 2: HDD,1790020902068,2026-09-21
alexwifi42,65,Phase 2: HDD,1790020902075,2026-09-21
valase,65,Phase 2: HDD,1790020902083,2026-09-21
ikaliayev,65,Phase 2: HDD,1790020902083,2026-09-21
dahhel,65,Phase 2: HDD,1790020902088,2026-09-21
silent_luc,65,Phase 2: HDD,1790020902095,2026-09-21
ura3535,65,Phase 2: HDD,1790020902147,2026-09-21
pika_gamy,65,Phase 2: HDD,1790020902164,2026-09-21
avin_novor,65,Phase 2: HDD,1790020902169,2026-09-21
avin_novor,45,Phase 1: CPU,1790022062992,2026-09-21
dahhel,45,Phase 1: CPU,1790022062993,2026-09-21
hopelessss_,45,Phase 1: CPU,1790022063000,2026-09-21
ikaliayev,45,Phase 1: CPU,1790022063001,2026-09-21
valase,45,Phase 1: CPU,1790022063007,2026-09-21
pika_gamy,45,Phase 1: CPU,1790022063027,2026-09-21
valase,65,Phase 2: HDD,1790022563880,2026-09-21
pika_gamy,65,Phase 2: HDD,1790022563886,2026-09-21
thanossoul,65,Phase 2: HDD,1790022563894,2026-09-21
avin_novor,65,Phase 2: HDD,1790022563897,2026-09-21
dahhel,65,Phase 2: HDD,1790022563906,2026-09-21
ikaliayev,65,Phase 2: HDD,1790022563912,2026-09-21
hopelessss_,65,Phase 2: HDD,1790022563972,2026-09-21
dahhel,90,Phase 3: RAM,1790023061905,2026-09-21
hopelessss_,90,Phase 3: RAM,1790023061922,2026-09-21
ura3535,90,Phase 3: RAM,1790023061925,2026-09-21
mori2323,90,Phase 3: RAM,1790023061939,2026-09-21
ikaliayev,90,Phase 3: RAM,1790023061940,2026-09-21
pika_gamy,90,Phase 3: RAM,1790023061941,2026-09-21
silent_luc,90,Phase 3: RAM,1790023061942,2026-09-21
valase,90,Phase 3: RAM,1790023061943,2026-09-21
avin_novor,90,Phase 3: RAM,1790023062002,2026-09-21
dahhel,45,Phase 1: GPU,1790024522519,2026-09-21
silent_luc,45,Phase 1: GPU,1790024522533,2026-09-21
ikaliayev,45,Phase 1: GPU,1790024522534,2026-09-21
pika_gamy,45,Phase 1: GPU,1790024522537,2026-09-21
thanossoul,45,Phase 1: GPU,1790024522543,2026-09-21
valase,45,Phase 1: GPU,1790024522545,2026-09-21
avin_novor,45,Phase 1: GPU,1790024522559,2026-09-21
shadowladyex,45,Phase 1: GPU,1790024522565,2026-09-21
mori2323,45,Phase 1: GPU,1790024522610,2026-09-21
hopelessss_,45,Phase 1: GPU,1790024522677,2026-09-21
silent_luc,65,Phase 2: HDD,1790025200506,2026-09-21
pika_gamy,65,Phase 2: HDD,1790025200523,2026-09-21
shadowladyex,65,Phase 2: HDD,1790025200545,2026-09-21
ikaliayev,65,Phase 2: HDD,1790025200545,2026-09-21
mori2323,65,Phase 2: HDD,1790025200546,2026-09-21
valase,65,Phase 2: HDD,1790025200554,2026-09-21
avin_novor,65,Phase 2: HDD,1790025200555,2026-09-21
dahhel,65,Phase 2: HDD,1790025200561,2026-09-21
hopelessss_,65,Phase 2: HDD,1790025200621,2026-09-21
valase,45,Phase 1: HDD,1790026514191,2026-09-21
avin_novor,45,Phase 1: HDD,1790026514192,2026-09-21
pika_gamy,45,Phase 1: HDD,1790026514194,2026-09-21
silent_luc,45,Phase 1: HDD,1790026514202,2026-09-21
mori2323,45,Phase 1: HDD,1790026514203,2026-09-21
dahhel,45,Phase 1: HDD,1790026514208,2026-09-21
ikaliayev,45,Phase 1: HDD,1790026514214,2026-09-21
hopelessss_,45,Phase 1: HDD,1790026514215,2026-09-21
shadowladyex,45,Phase 1: HDD,1790026514223,2026-09-21
mori2323,65,Phase 2: CPU,1790027348267,2026-09-21
valase,65,Phase 2: CPU,1790027348269,2026-09-21
dahhel,65,Phase 2: CPU,1790027348275,2026-09-21
shadowladyex,65,Phase 2: CPU,1790027348285,2026-09-21
ikaliayev,65,Phase 2: CPU,1790027348291,2026-09-21
alfims,65,Phase 2: CPU,1790027348342,2026-09-21
pika_gamy,65,Phase 2: CPU,1790027348352,2026-09-21
silent_luc,65,Phase 2: CPU,1790027348357,2026-09-21
lovegamesandthings00000,65,Phase 2: CPU,1790027348362,2026-09-21
avin_novor,65,Phase 2: CPU,1790027348362,2026-09-21
hopelessss_,65,Phase 2: CPU,1790027348368,2026-09-21
shadowladyex,90,Phase 3: RAM,1790028000293,2026-09-21
ikaliayev,90,Phase 3: RAM,1790028000296,2026-09-21
silent_luc,90,Phase 3: RAM,1790028000306,2026-09-21
hopelessss_,90,Phase 3: RAM,1790028000312,2026-09-21
valase,90,Phase 3: RAM,1790028000313,2026-09-21
alexwifi42,90,Phase 3: RAM,1790028000321,2026-09-21
pika_gamy,90,Phase 3: RAM,1790028000332,2026-09-21
mori2323,90,Phase 3: RAM,1790028000333,2026-09-21
yurigiu,90,Phase 3: RAM,1790028000335,2026-09-21
player0451,90,Phase 3: RAM,1790028000336,2026-09-21
dahhel,90,Phase 3: RAM,1790028000353,2026-09-21
avin_novor,120,Phase 4: GPU,1790028498315,2026-09-21
lmbs00,120,Phase 4: GPU,1790028498325,2026-09-21
mori2323,120,Phase 4: GPU,1790028498327,2026-09-21
valase,120,Phase 4: GPU,1790028498327,2026-09-21
hopelessss_,120,Phase 4: GPU,1790028498328,2026-09-21
pika_gamy,120,Phase 4: GPU,1790028498348,2026-09-21
dahhel,120,Phase 4: GPU,1790028498359,2026-09-21
ikaliayev,120,Phase 4: GPU,1790028498382,2026-09-21
shadowladyex,120,Phase 4: GPU,1790028498410,2026-09-21
silent_luc,120,Phase 4: GPU,1790028498411,2026-09-21
dahhel,62,proStar bonus: all 4 phases,1790028499123,2026-09-21
pika_gamy,62,proStar bonus: all 4 phases,1790028499124,2026-09-21
hopelessss_,62,proStar bonus: all 4 phases,1790028499130,2026-09-21
mori2323,62,proStar bonus: all 4 phases,1790028499140,2026-09-21
shadowladyex,62,proStar bonus: all 4 phases,1790028499145,2026-09-21
silent_luc,62,proStar bonus: all 4 phases,1790028499145,2026-09-21
ikaliayev,62,proStar bonus: all 4 phases,1790028499147,2026-09-21
valase,62,proStar bonus: all 4 phases,1790028499153,2026-09-21
louis_of_apshai,45,Phase 1: CPU,1790029638587,2026-09-21
dahhel,45,Phase 1: CPU,1790029638607,2026-09-21
pika_gamy,45,Phase 1: CPU,1790029638608,2026-09-21
shadowladyex,45,Phase 1: CPU,1790029638622,2026-09-21
alexwifi42,45,Phase 1: CPU,1790029638623,2026-09-21
player0451,45,Phase 1: CPU,1790029638625,2026-09-21
hopelessss_,45,Phase 1: CPU,1790029638626,2026-09-21
mori2323,45,Phase 1: CPU,1790029638637,2026-09-21
ikaliayev,45,Phase 1: CPU,1790029638679,2026-09-21
avin_novor,45,Phase 1: CPU,1790029638680,2026-09-21
valase,45,Phase 1: CPU,1790029638691,2026-09-21
dahhel,65,Phase 2: GPU,1790030305222,2026-09-21
pika_gamy,65,Phase 2: GPU,1790030305223,2026-09-21
shadowladyex,65,Phase 2: GPU,1790030305231,2026-09-21
hopelessss_,65,Phase 2: GPU,1790030305232,2026-09-21
lmbs00,65,Phase 2: GPU,1790030305233,2026-09-21
ikaliayev,65,Phase 2: GPU,1790030305241,2026-09-21
valase,65,Phase 2: GPU,1790030305242,2026-09-21
mori2323,65,Phase 2: GPU,1790030305249,2026-09-21
silent_luc,65,Phase 2: GPU,1790030305280,2026-09-21
dahhel,90,Phase 3: HDD,1790030774213,2026-09-21
lmbs00,90,Phase 3: HDD,1790030774227,2026-09-21
pika_gamy,90,Phase 3: HDD,1790030774235,2026-09-21
avin_novor,90,Phase 3: HDD,1790030774245,2026-09-21
valase,90,Phase 3: HDD,1790030774248,2026-09-21
ikaliayev,90,Phase 3: HDD,1790030774250,2026-09-21
mori2323,90,Phase 3: HDD,1790030774255,2026-09-21
hopelessss_,90,Phase 3: HDD,1790030774265,2026-09-21
shadowladyex,45,Phase 1: RAM,1790032276775,2026-09-21
dahhel,45,Phase 1: RAM,1790032276780,2026-09-21
silent_luc,45,Phase 1: RAM,1790032276789,2026-09-21
valase,45,Phase 1: RAM,1790032276790,2026-09-21
avin_novor,45,Phase 1: RAM,1790032276831,2026-09-21
ikaliayev,45,Phase 1: RAM,1790032276832,2026-09-21
lmbs00,45,Phase 1: RAM,1790032276833,2026-09-21
mori2323,45,Phase 1: RAM,1790032276834,2026-09-21
hopelessss_,45,Phase 1: RAM,1790032276881,2026-09-21
thanossoul,45,Phase 1: RAM,1790032276921,2026-09-21
pika_gamy,45,Phase 1: RAM,1790032276933,2026-09-21
shadowladyex,45,Phase 1: CPU,1790033724576,2026-09-21
thanossoul,45,Phase 1: CPU,1790033724579,2026-09-21
silent_luc,45,Phase 1: CPU,1790033724580,2026-09-21
mori2323,45,Phase 1: CPU,1790033724585,2026-09-21
pika_gamy,45,Phase 1: CPU,1790033724593,2026-09-21
ikaliayev,45,Phase 1: CPU,1790033724595,2026-09-21
snoopys030,45,Phase 1: CPU,1790033724669,2026-09-21
valase,45,Phase 1: CPU,1790033724671,2026-09-21
avin_novor,45,Phase 1: CPU,1790033724672,2026-09-21
lmbs00,45,Phase 1: CPU,1790033724672,2026-09-21
lovegamesandthings00000,45,Phase 1: CPU,1790033724673,2026-09-21
dahhel,45,Phase 1: CPU,1790033724680,2026-09-21
silent_luc,65,Phase 2: HDD,1790034665255,2026-09-21
avin_novor,65,Phase 2: HDD,1790034665268,2026-09-21
dahhel,65,Phase 2: HDD,1790034665280,2026-09-21
snoopys030,65,Phase 2: HDD,1790034665283,2026-09-21
pika_gamy,65,Phase 2: HDD,1790034665315,2026-09-21
louis_of_apshai,65,Phase 2: HDD,1790034665316,2026-09-21
shadowladyex,65,Phase 2: HDD,1790034665317,2026-09-21
valase,65,Phase 2: HDD,1790034665320,2026-09-21
thanossoul,65,Phase 2: HDD,1790034665321,2026-09-21
llucholba,65,Phase 2: HDD,1790034665322,2026-09-21
mori2323,65,Phase 2: HDD,1790034665333,2026-09-21
hopelessss_,65,Phase 2: HDD,1790034665334,2026-09-21
ikaliayev,65,Phase 2: HDD,1790034665352,2026-09-21
valase,90,Phase 3: GPU,1790035406392,2026-09-22
silent_luc,90,Phase 3: GPU,1790035406394,2026-09-22
dahhel,90,Phase 3: GPU,1790035406396,2026-09-22
thanossoul,90,Phase 3: GPU,1790035406399,2026-09-22
shadowladyex,90,Phase 3: GPU,1790035406407,2026-09-22
snoopys030,90,Phase 3: GPU,1790035406440,2026-09-22
pika_gamy,90,Phase 3: GPU,1790035406441,2026-09-22
mori2323,90,Phase 3: GPU,1790035406444,2026-09-22
alexwifi42,90,Phase 3: GPU,1790035406459,2026-09-22
lmbs00,90,Phase 3: GPU,1790035406459,2026-09-22
ikaliayev,90,Phase 3: GPU,1790035406465,2026-09-22
avin_novor,90,Phase 3: GPU,1790035406465,2026-09-22
pika_gamy,45,Phase 1: HDD,1790036937934,2026-09-22
alexwifi42,45,Phase 1: HDD,1790036937936,2026-09-22
shadowladyex,45,Phase 1: HDD,1790036937937,2026-09-22
lmbs00,45,Phase 1: HDD,1790036937942,2026-09-22
mori2323,45,Phase 1: HDD,1790036937955,2026-09-22
ikaliayev,45,Phase 1: HDD,1790036937956,2026-09-22
dahhel,45,Phase 1: HDD,1790036937957,2026-09-22
snoopys030,45,Phase 1: HDD,1790036937967,2026-09-22
avin_novor,45,Phase 1: HDD,1790036937970,2026-09-22
thanossoul,45,Phase 1: HDD,1790036937971,2026-09-22
silent_luc,45,Phase 1: HDD,1790036937972,2026-09-22
valase,45,Phase 1: HDD,1790036937972,2026-09-22
lmbs00,65,Phase 2: GPU,1790037729338,2026-09-22
shadowladyex,65,Phase 2: GPU,1790037729343,2026-09-22
lovegamesandthings00000,65,Phase 2: GPU,1790037729348,2026-09-22
valase,65,Phase 2: GPU,1790037729355,2026-09-22
ikaliayev,65,Phase 2: GPU,1790037729363,2026-09-22
pika_gamy,65,Phase 2: GPU,1790037729369,2026-09-22
mori2323,65,Phase 2: GPU,1790037729370,2026-09-22
snoopys030,65,Phase 2: GPU,1790037729376,2026-09-22
silent_luc,65,Phase 2: GPU,1790037729392,2026-09-22
llucholba,65,Phase 2: GPU,1790037729400,2026-09-22
player0451,65,Phase 2: GPU,1790037729420,2026-09-22
dahhel,65,Phase 2: GPU,1790037729432,2026-09-22
shadowladyex,90,Phase 3: RAM,1790038225333,2026-09-22
avin_novor,90,Phase 3: RAM,1790038225341,2026-09-22
ikaliayev,90,Phase 3: RAM,1790038225344,2026-09-22
snoopys030,90,Phase 3: RAM,1790038225346,2026-09-22
pika_gamy,90,Phase 3: RAM,1790038225420,2026-09-22
mori2323,90,Phase 3: RAM,1790038225438,2026-09-22
dahhel,90,Phase 3: RAM,1790038225439,2026-09-22
lmbs00,90,Phase 3: RAM,1790038225507,2026-09-22
valase,90,Phase 3: RAM,1790038225532,2026-09-22
snoopys030,45,Phase 1: CPU,1790039472022,2026-09-22
shadowladyex,45,Phase 1: CPU,1790039472038,2026-09-22
ikaliayev,45,Phase 1: CPU,1790039472044,2026-09-22
valase,45,Phase 1: CPU,1790039472049,2026-09-22
mori2323,45,Phase 1: CPU,1790039472050,2026-09-22
dahhel,45,Phase 1: CPU,1790039472062,2026-09-22
lmbs00,45,Phase 1: CPU,1790039472067,2026-09-22
ikaliayev,65,Phase 2: GPU,1790040058979,2026-09-22
lmbs00,65,Phase 2: GPU,1790040058988,2026-09-22
shadowladyex,65,Phase 2: GPU,1790040058989,2026-09-22
mori2323,65,Phase 2: GPU,1790040059001,2026-09-22
silent_luc,65,Phase 2: GPU,1790040059006,2026-09-22
valase,65,Phase 2: GPU,1790040059014,2026-09-22
snoopys030,65,Phase 2: GPU,1790040059016,2026-09-22
dahhel,65,Phase 2: GPU,1790040059125,2026-09-22
valase,90,Phase 3: HDD,1790040525024,2026-09-22
alexwifi42,90,Phase 3: HDD,1790040525025,2026-09-22
ikaliayev,90,Phase 3: HDD,1790040525026,2026-09-22
xiaoxiao9313,90,Phase 3: HDD,1790040525026,2026-09-22
snoopys030,90,Phase 3: HDD,1790040525027,2026-09-22
dahhel,90,Phase 3: HDD,1790040525027,2026-09-22
shadowladyex,90,Phase 3: HDD,1790040525028,2026-09-22
mori2323,90,Phase 3: HDD,1790040525029,2026-09-22
lmbs00,90,Phase 3: HDD,1790040525087,2026-09-22
alexwifi42,45,Phase 1: CPU,1790042008536,2026-09-22
shadowladyex,45,Phase 1: CPU,1790042008553,2026-09-22
lmbs00,45,Phase 1: CPU,1790042008554,2026-09-22
dahhel,45,Phase 1: CPU,1790042008566,2026-09-22
ikaliayev,45,Phase 1: CPU,1790042008583,2026-09-22
snoopys030,45,Phase 1: CPU,1790042008607,2026-09-22
mori2323,45,Phase 1: CPU,1790042008618,2026-09-22
xiaoxiao9313,45,Phase 1: CPU,1790042008619,2026-09-22
silent_luc,45,Phase 1: CPU,1790042008620,2026-09-22
avin_novor,45,Phase 1: CPU,1790042008621,2026-09-22
avin_novor,65,Phase 2: RAM,1790042670695,2026-09-22
xiaoxiao9313,65,Phase 2: RAM,1790042670709,2026-09-22
snoopys030,65,Phase 2: RAM,1790042670711,2026-09-22
lmbs00,65,Phase 2: RAM,1790042670712,2026-09-22
dahhel,65,Phase 2: RAM,1790042670736,2026-09-22
silent_luc,65,Phase 2: RAM,1790042670741,2026-09-22
ikaliayev,65,Phase 2: RAM,1790042670748,2026-09-22
llucholba,65,Phase 2: RAM,1790042670757,2026-09-22
mori2323,65,Phase 2: RAM,1790042670760,2026-09-22
shadowladyex,65,Phase 2: RAM,1790042670761,2026-09-22
dahhel,90,Phase 3: GPU,1790043078604,2026-09-22
lmbs00,90,Phase 3: GPU,1790043078616,2026-09-22
ikaliayev,90,Phase 3: GPU,1790043078617,2026-09-22
shadowladyex,90,Phase 3: GPU,1790043078618,2026-09-22
llucholba,90,Phase 3: GPU,1790043078622,2026-09-22
silent_luc,90,Phase 3: GPU,1790043078627,2026-09-22
mori2323,90,Phase 3: GPU,1790043078629,2026-09-22
xiaoxiao9313,90,Phase 3: GPU,1790043078637,2026-09-22
avin_novor,90,Phase 3: GPU,1790043078638,2026-09-22
shadowladyex,45,Phase 1: RAM,1790044432285,2026-09-22
avin_novor,45,Phase 1: RAM,1790044432291,2026-09-22
ikaliayev,45,Phase 1: RAM,1790044432299,2026-09-22
lmbs00,45,Phase 1: RAM,1790044432302,2026-09-22
mori2323,45,Phase 1: RAM,1790044432315,2026-09-22
xiaoxiao9313,45,Phase 1: RAM,1790044432324,2026-09-22
dahhel,45,Phase 1: RAM,1790044432326,2026-09-22
shadowladyex,65,Phase 2: CPU,1790045121304,2026-09-22
player0451,65,Phase 2: CPU,1790045121313,2026-09-22
mori2323,65,Phase 2: CPU,1790045121318,2026-09-22
snoopys030,65,Phase 2: CPU,1790045121325,2026-09-22
lmbs00,65,Phase 2: CPU,1790045121338,2026-09-22
avin_novor,65,Phase 2: CPU,1790045121338,2026-09-22
dahhel,65,Phase 2: CPU,1790045121345,2026-09-22
ikaliayev,65,Phase 2: CPU,1790045121346,2026-09-22
xiaoxiao9313,65,Phase 2: CPU,1790045121427,2026-09-22
ikaliayev,90,Phase 3: GPU,1790045534421,2026-09-22
thanossoul,90,Phase 3: GPU,1790045534427,2026-09-22
dahhel,90,Phase 3: GPU,1790045534428,2026-09-22
lmbs00,90,Phase 3: GPU,1790045534438,2026-09-22
xiaoxiao9313,90,Phase 3: GPU,1790045534439,2026-09-22
shadowladyex,90,Phase 3: GPU,1790045534440,2026-09-22
mori2323,90,Phase 3: GPU,1790045534448,2026-09-22
lmbs00,45,Phase 1: RAM,1790046859084,2026-09-22
shadowladyex,45,Phase 1: RAM,1790046859086,2026-09-22
snoopys030,45,Phase 1: RAM,1790046859093,2026-09-22
dahhel,45,Phase 1: RAM,1790046859095,2026-09-22
ikaliayev,45,Phase 1: RAM,1790046859098,2026-09-22
avin_novor,45,Phase 1: RAM,1790046859104,2026-09-22
xiaoxiao9313,45,Phase 1: RAM,1790046859105,2026-09-22
mori2323,45,Phase 1: RAM,1790046859144,2026-09-22
alyssrentori,65,Phase 2: GPU,1790047629015,2026-09-22
snoopys030,65,Phase 2: GPU,1790047629016,2026-09-22
thanossoul,65,Phase 2: GPU,1790047629022,2026-09-22
ikaliayev,65,Phase 2: GPU,1790047629024,2026-09-22
dahhel,65,Phase 2: GPU,1790047629027,2026-09-22
lmbs00,65,Phase 2: GPU,1790047629036,2026-09-22
slay_da_b,65,Phase 2: GPU,1790047629037,2026-09-22
xiaoxiao9313,65,Phase 2: GPU,1790047629044,2026-09-22
avin_novor,65,Phase 2: GPU,1790047629046,2026-09-22
shadowladyex,65,Phase 2: GPU,1790047629066,2026-09-22
thanossoul,45,Phase 1: CPU,1790049018696,2026-09-22
shadowladyex,45,Phase 1: CPU,1790049018703,2026-09-22
lmbs00,45,Phase 1: CPU,1790049018716,2026-09-22
dahhel,45,Phase 1: CPU,1790049018719,2026-09-22
ura3535,45,Phase 1: CPU,1790049018721,2026-09-22
snoopys030,45,Phase 1: CPU,1790049018797,2026-09-22
ikaliayev,45,Phase 1: CPU,1790049018798,2026-09-22
slay_da_b,45,Phase 1: CPU,1790049018798,2026-09-22
dahhel,65,Phase 2: HDD,1790049739804,2026-09-22
avin_novor,65,Phase 2: HDD,1790049739805,2026-09-22
shadowladyex,65,Phase 2: HDD,1790049739809,2026-09-22
thanossoul,65,Phase 2: HDD,1790049739813,2026-09-22
snoopys030,65,Phase 2: HDD,1790049739828,2026-09-22
player0451,65,Phase 2: HDD,1790049739830,2026-09-22
lmbs00,65,Phase 2: HDD,1790049739895,2026-09-22
ikaliayev,65,Phase 2: HDD,1790049739902,2026-09-22
ura3535,65,Phase 2: HDD,1790049739914,2026-09-22
ikaliayev,90,Phase 3: RAM,1790050182704,2026-09-22
snoopys030,90,Phase 3: RAM,1790050182718,2026-09-22
dahhel,90,Phase 3: RAM,1790050182733,2026-09-22
thanossoul,90,Phase 3: RAM,1790050182735,2026-09-22
shadowladyex,90,Phase 3: RAM,1790050182793,2026-09-22
avin_novor,90,Phase 3: RAM,1790050182794,2026-09-22
lmbs00,90,Phase 3: RAM,1790050182812,2026-09-22
dahhel,120,Phase 4: GPU,1790050679696,2026-09-22
thanossoul,120,Phase 4: GPU,1790050679703,2026-09-22
snoopys030,120,Phase 4: GPU,1790050679704,2026-09-22
ikaliayev,120,Phase 4: GPU,1790050679706,2026-09-22
ura3535,120,Phase 4: GPU,1790050679713,2026-09-22
lmbs00,120,Phase 4: GPU,1790050679715,2026-09-22
ivanpetrov32,120,Phase 4: GPU,1790050679719,2026-09-22
avin_novor,120,Phase 4: GPU,1790050679725,2026-09-22
shadowladyex,120,Phase 4: GPU,1790050679726,2026-09-22
thanossoul,83,proStar bonus: all 4 phases,1790050680359,2026-09-22
ikaliayev,83,proStar bonus: all 4 phases,1790050680363,2026-09-22
snoopys030,83,proStar bonus: all 4 phases,1790050680379,2026-09-22
dahhel,83,proStar bonus: all 4 phases,1790050680407,2026-09-22
lmbs00,83,proStar bonus: all 4 phases,1790050680408,2026-09-22
shadowladyex,83,proStar bonus: all 4 phases,1790050680411,2026-09-22
ichuy07,45,Phase 1: CPU,1790051580907,2026-09-22
slay_da_b,45,Phase 1: CPU,1790051580907,2026-09-22
dahhel,45,Phase 1: CPU,1790051580908,2026-09-22
shadowladyex,45,Phase 1: CPU,1790051580909,2026-09-22
lmbs00,45,Phase 1: CPU,1790051580909,2026-09-22
avin_novor,45,Phase 1: CPU,1790051580910,2026-09-22
ikaliayev,45,Phase 1: CPU,1790051580910,2026-09-22
ura3535,45,Phase 1: CPU,1790051580911,2026-09-22
dahhel,65,Phase 2: HDD,1790052163791,2026-09-22
lmbs00,65,Phase 2: HDD,1790052163800,2026-09-22
shadowladyex,65,Phase 2: HDD,1790052163801,2026-09-22
madagascaradam,65,Phase 2: HDD,1790052163805,2026-09-22
ikaliayev,65,Phase 2: HDD,1790052163811,2026-09-22
ivanpetrov32,65,Phase 2: HDD,1790052163816,2026-09-22
ichuy07,65,Phase 2: HDD,1790052163832,2026-09-22
louis_of_apshai,45,Phase 1: CPU,1790053436500,2026-09-22
avin_novor,45,Phase 1: CPU,1790053436514,2026-09-22
dahhel,45,Phase 1: CPU,1790053436517,2026-09-22
ikaliayev,45,Phase 1: CPU,1790053436549,2026-09-22
lmbs00,45,Phase 1: CPU,1790053436556,2026-09-22
shadowladyex,45,Phase 1: CPU,1790053436566,2026-09-22
ikaliayev,65,Phase 2: GPU,1790054189552,2026-09-22
shadowladyex,65,Phase 2: GPU,1790054189554,2026-09-22
snoopys030,65,Phase 2: GPU,1790054189560,2026-09-22
ivanpetrov32,65,Phase 2: GPU,1790054189560,2026-09-22
alfims,65,Phase 2: GPU,1790054189569,2026-09-22
avin_novor,65,Phase 2: GPU,1790054189573,2026-09-22
lovegamesandthings00000,65,Phase 2: GPU,1790054189579,2026-09-22
dahhel,65,Phase 2: GPU,1790054189590,2026-09-22
slay_da_b,65,Phase 2: GPU,1790054189592,2026-09-22
lmbs00,65,Phase 2: GPU,1790054189599,2026-09-22
lmbs00,90,Phase 3: HDD,1790054682498,2026-09-22
ivanpetrov32,90,Phase 3: HDD,1790054682506,2026-09-22
ikaliayev,90,Phase 3: HDD,1790054682515,2026-09-22
avin_novor,90,Phase 3: HDD,1790054682516,2026-09-22
dahhel,90,Phase 3: HDD,1790054682517,2026-09-22
snoopys030,90,Phase 3: HDD,1790054682525,2026-09-22
shadowladyex,90,Phase 3: HDD,1790054682529,2026-09-22
slay_da_b,45,Phase 1: RAM,1790055787218,2026-09-22
lmbs00,45,Phase 1: RAM,1790055787224,2026-09-22
snoopys030,45,Phase 1: RAM,1790055787239,2026-09-22
ikaliayev,45,Phase 1: RAM,1790055787321,2026-09-22
shadowladyex,45,Phase 1: RAM,1790055787332,2026-09-22
alfims,65,Phase 2: GPU,1790056307201,2026-09-22
snoopys030,65,Phase 2: GPU,1790056307202,2026-09-22
ikaliayev,65,Phase 2: GPU,1790056307209,2026-09-22
llucholba,65,Phase 2: GPU,1790056307214,2026-09-22
shadowladyex,65,Phase 2: GPU,1790056307216,2026-09-22
lmbs00,65,Phase 2: GPU,1790056307223,2026-09-22
shadowladyex,45,Phase 1: CPU,1790057589048,2026-09-22
ivanpetrov32,45,Phase 1: CPU,1790057589052,2026-09-22
lmbs00,45,Phase 1: CPU,1790057589057,2026-09-22
somemarblesfriday,45,Phase 1: CPU,1790057589071,2026-09-22
ikaliayev,45,Phase 1: CPU,1790057589073,2026-09-22
slay_da_b,45,Phase 1: CPU,1790057589082,2026-09-22
snoopys030,45,Phase 1: CPU,1790057589121,2026-09-22
lmbs00,65,Phase 2: GPU,1790058062025,2026-09-22
snoopys030,65,Phase 2: GPU,1790058062030,2026-09-22
alfims,65,Phase 2: GPU,1790058062034,2026-09-22
ivanpetrov32,65,Phase 2: GPU,1790058062041,2026-09-22
ikaliayev,65,Phase 2: GPU,1790058062042,2026-09-22
ikaliayev,45,Phase 1: GPU,1790059150644,2026-09-22
lmbs00,45,Phase 1: GPU,1790059150653,2026-09-22
shadowladyex,45,Phase 1: GPU,1790059150655,2026-09-22
ikaliayev,65,Phase 2: RAM,1790059838704,2026-09-22
alburldador,65,Phase 2: RAM,1790059838705,2026-09-22
snoopys030,65,Phase 2: RAM,1790059838712,2026-09-22
alfims,65,Phase 2: RAM,1790059838725,2026-09-22
lmbs00,65,Phase 2: RAM,1790059838725,2026-09-22
ivanpetrov32,65,Phase 2: RAM,1790059838732,2026-09-22
shadowladyex,65,Phase 2: RAM,1790059838734,2026-09-22
ivanpetrov32,90,Phase 3: HDD,1790060254706,2026-09-22
slay_da_b,90,Phase 3: HDD,1790060254710,2026-09-22
lmbs00,90,Phase 3: HDD,1790060254711,2026-09-22
ikaliayev,90,Phase 3: HDD,1790060254718,2026-09-22
shadowladyex,90,Phase 3: HDD,1790060254829,2026-09-22
shadowladyex,120,Phase 4: CPU,1790060809698,2026-09-22
ikaliayev,120,Phase 4: CPU,1790060809699,2026-09-22
alfims,120,Phase 4: CPU,1790060809706,2026-09-22
snoopys030,120,Phase 4: CPU,1790060809707,2026-09-22
lovegamesandthings00000,120,Phase 4: CPU,1790060809708,2026-09-22
lmbs00,120,Phase 4: CPU,1790060809715,2026-09-22
pika_gamy,120,Phase 4: CPU,1790060809719,2026-09-22
ivanpetrov32,120,Phase 4: CPU,1790060809726,2026-09-22
lmbs00,166,proStar bonus: all 4 phases,1790060810459,2026-09-22
ikaliayev,166,proStar bonus: all 4 phases,1790060810460,2026-09-22
shadowladyex,166,proStar bonus: all 4 phases,1790060810466,2026-09-22
shadowladyex,45,Phase 1: GPU,1790061710678,2026-09-22
slay_da_b,45,Phase 1: GPU,1790061710679,2026-09-22
snoopys030,45,Phase 1: GPU,1790061710683,2026-09-22
lmbs00,45,Phase 1: GPU,1790061710688,2026-09-22
pika_gamy,45,Phase 1: GPU,1790061710690,2026-09-22
ikaliayev,45,Phase 1: GPU,1790061710707,2026-09-22
alburldador,45,Phase 1: GPU,1790061710715,2026-09-22
snoopys030,65,Phase 2: HDD,1790062270709,2026-09-22
yurigiu,65,Phase 2: HDD,1790062270719,2026-09-22
lmbs00,65,Phase 2: HDD,1790062270725,2026-09-22
ivanpetrov32,65,Phase 2: HDD,1790062270737,2026-09-22
ikaliayev,65,Phase 2: HDD,1790062270846,2026-09-22
shadowladyex,45,Phase 1: RAM,1790063540459,2026-09-22
ivanpetrov32,45,Phase 1: RAM,1790063540461,2026-09-22
snoopys030,45,Phase 1: RAM,1790063540464,2026-09-22
alburldador,45,Phase 1: RAM,1790063540472,2026-09-22
xiaoxiao9313,45,Phase 1: RAM,1790063540473,2026-09-22
ikaliayev,45,Phase 1: RAM,1790063540474,2026-09-22
shadowladyex,65,Phase 2: CPU,1790064157465,2026-09-22
ikaliayev,65,Phase 2: CPU,1790064157495,2026-09-22
slay_da_b,65,Phase 2: CPU,1790064157496,2026-09-22
xiaoxiao9313,65,Phase 2: CPU,1790064157499,2026-09-22
snoopys030,65,Phase 2: CPU,1790064157499,2026-09-22
lovegamesandthings00000,65,Phase 2: CPU,1790064157502,2026-09-22
ivanpetrov32,65,Phase 2: CPU,1790064157503,2026-09-22
slay_da_b,45,Phase 1: HDD,1790065328134,2026-09-22
snoopys030,45,Phase 1: HDD,1790065328139,2026-09-22
ikaliayev,45,Phase 1: HDD,1790065328150,2026-09-22
lillakra,45,Phase 1: HDD,1790065328155,2026-09-22
xiaoxiao9313,45,Phase 1: HDD,1790065328169,2026-09-22
whitepai,65,Phase 2: RAM,1790065847105,2026-09-22
alfims,65,Phase 2: RAM,1790065847105,2026-09-22
xiaoxiao9313,65,Phase 2: RAM,1790065847107,2026-09-22
snoopys030,65,Phase 2: RAM,1790065847107,2026-09-22
ikaliayev,65,Phase 2: RAM,1790065847116,2026-09-22
pika_gamy,45,Phase 1: HDD,1790066857760,2026-09-22
xiaoxiao9313,45,Phase 1: HDD,1790066857771,2026-09-22
ikaliayev,45,Phase 1: HDD,1790066857783,2026-09-22
ivanpetrov32,65,Phase 2: GPU,1790067480773,2026-09-22
pika_gamy,65,Phase 2: GPU,1790067480786,2026-09-22
snoopys030,65,Phase 2: GPU,1790067480794,2026-09-22
xiaoxiao9313,65,Phase 2: GPU,1790067480795,2026-09-22
alburldador,65,Phase 2: GPU,1790067480799,2026-09-22
ikaliayev,65,Phase 2: GPU,1790067480804,2026-09-22
whitepai,90,Phase 3: CPU,1790067894715,2026-09-22
ikaliayev,90,Phase 3: CPU,1790067894716,2026-09-22
ivanpetrov32,90,Phase 3: CPU,1790067894722,2026-09-22
alburldador,90,Phase 3: CPU,1790067894733,2026-09-22
pika_gamy,90,Phase 3: CPU,1790067894771,2026-09-22
xiaoxiao9313,90,Phase 3: CPU,1790067894799,2026-09-22
snoopys030,45,Phase 1: CPU,1790069039530,2026-09-22
ikaliayev,45,Phase 1: CPU,1790069039535,2026-09-22
pika_gamy,45,Phase 1: CPU,1790069039542,2026-09-22
xiaoxiao9313,45,Phase 1: CPU,1790069039546,2026-09-22
ivanpetrov32,45,Phase 1: CPU,1790069039551,2026-09-22
puphik,65,Phase 2: RAM,1790069569591,2026-09-22
xiaoxiao9313,65,Phase 2: RAM,1790069569600,2026-09-22
whitepai,65,Phase 2: RAM,1790069569605,2026-09-22
pika_gamy,65,Phase 2: RAM,1790069569608,2026-09-22
lillakra,65,Phase 2: RAM,1790069569614,2026-09-22
ikaliayev,65,Phase 2: RAM,1790069569638,2026-09-22
ikaliayev,45,Phase 1: GPU,1790070676442,2026-09-22
ivanpetrov32,45,Phase 1: GPU,1790070676449,2026-09-22
pika_gamy,45,Phase 1: GPU,1790070676453,2026-09-22
xiaoxiao9313,45,Phase 1: GPU,1790070676478,2026-09-22
snoopys030,65,Phase 2: RAM,1790071308410,2026-09-22
alburldador,65,Phase 2: RAM,1790071308411,2026-09-22
ikaliayev,65,Phase 2: RAM,1790071308420,2026-09-22
yurigiu,65,Phase 2: RAM,1790071308429,2026-09-22
xiaoxiao9313,65,Phase 2: RAM,1790071308439,2026-09-22
pika_gamy,65,Phase 2: RAM,1790071308505,2026-09-22
pika_gamy,90,Phase 3: CPU,1790071792503,2026-09-22
ikaliayev,90,Phase 3: CPU,1790071792512,2026-09-22
xiaoxiao9313,90,Phase 3: CPU,1790071792513,2026-09-22
lillakra,90,Phase 3: CPU,1790071792541,2026-09-22
snoopys030,90,Phase 3: CPU,1790071792578,2026-09-22
alburldador,90,Phase 3: CPU,1790071792589,2026-09-22
silent_luc,90,Phase 3: CPU,1790071792590,2026-09-22
xiaoxiao9313,45,Phase 1: CPU,1790073004195,2026-09-22
operacional_cae,45,Phase 1: CPU,1790073004214,2026-09-22
slay_da_b,45,Phase 1: CPU,1790073004248,2026-09-22
pika_gamy,45,Phase 1: CPU,1790073004277,2026-09-22
ikaliayev,45,Phase 1: CPU,1790073004338,2026-09-22
calypso_ba,65,Phase 2: RAM,1790073590214,2026-09-22
snoopys030,65,Phase 2: RAM,1790073590216,2026-09-22
silent_luc,65,Phase 2: RAM,1790073590217,2026-09-22
xiaoxiao9313,65,Phase 2: RAM,1790073590218,2026-09-22
ikaliayev,65,Phase 2: RAM,1790073590219,2026-09-22
pika_gamy,65,Phase 2: RAM,1790073590222,2026-09-22
alphonsoe,65,Phase 2: RAM,1790073590223,2026-09-22
pika_gamy,45,Phase 1: RAM,1790074609845,2026-09-22
alphonsoe,45,Phase 1: RAM,1790074609859,2026-09-22
xiaoxiao9313,45,Phase 1: RAM,1790074609868,2026-09-22
ikaliayev,45,Phase 1: RAM,1790074609924,2026-09-22
ikaliayev,65,Phase 2: CPU,1790075022798,2026-09-22
xiaoxiao9313,65,Phase 2: CPU,1790075022800,2026-09-22
ivanpetrov32,65,Phase 2: CPU,1790075022802,2026-09-22
snoopys030,65,Phase 2: CPU,1790075022806,2026-09-22
pika_gamy,65,Phase 2: CPU,1790075022812,2026-09-22
alphonsoe,65,Phase 2: CPU,1790075022922,2026-09-22
avin_novor,45,Phase 1: CPU,1790076321664,2026-09-22
alphonsoe,45,Phase 1: CPU,1790076321670,2026-09-22
xiaoxiao9313,45,Phase 1: CPU,1790076321678,2026-09-22
silent_luc,45,Phase 1: CPU,1790076321682,2026-09-22
hopelessss_,45,Phase 1: CPU,1790076321688,2026-09-22
ikaliayev,45,Phase 1: CPU,1790076321693,2026-09-22
pika_gamy,45,Phase 1: CPU,1790076321732,2026-09-22
snoopys030,65,Phase 2: GPU,1790076927626,2026-09-22
lillakra,65,Phase 2: GPU,1790076927635,2026-09-22
xiaoxiao9313,65,Phase 2: GPU,1790076927637,2026-09-22
alphonsoe,65,Phase 2: GPU,1790076927643,2026-09-22
ikaliayev,65,Phase 2: GPU,1790076927646,2026-09-22
hopelessss_,65,Phase 2: GPU,1790076927648,2026-09-22
pika_gamy,65,Phase 2: GPU,1790076927649,2026-09-22
silent_luc,65,Phase 2: GPU,1790076927650,2026-09-22
ivanpetrov32,90,Phase 3: HDD,1790077532683,2026-09-22
pika_gamy,90,Phase 3: HDD,1790077532688,2026-09-22
snoopys030,90,Phase 3: HDD,1790077532690,2026-09-22
hopelessss_,90,Phase 3: HDD,1790077532694,2026-09-22
avin_novor,90,Phase 3: HDD,1790077532697,2026-09-22
ikaliayev,90,Phase 3: HDD,1790077532698,2026-09-22
silent_luc,90,Phase 3: HDD,1790077532709,2026-09-22
xiaoxiao9313,90,Phase 3: HDD,1790077532720,2026-09-22
operacional_cae,90,Phase 3: HDD,1790077532725,2026-09-22
alphonsoe,90,Phase 3: HDD,1790077532744,2026-09-22
alphonsoe,120,Phase 4: RAM,1790077986746,2026-09-22
snoopys030,120,Phase 4: RAM,1790077986804,2026-09-22
slay_da_b,120,Phase 4: RAM,1790077986805,2026-09-22
hopelessss_,120,Phase 4: RAM,1790077986806,2026-09-22
ikaliayev,120,Phase 4: RAM,1790077986816,2026-09-22
xiaoxiao9313,120,Phase 4: RAM,1790077986819,2026-09-22
silent_luc,120,Phase 4: RAM,1790077986896,2026-09-22
avin_novor,120,Phase 4: RAM,1790077986897,2026-09-22
pika_gamy,120,Phase 4: RAM,1790077986903,2026-09-22
xiaoxiao9313,83,proStar bonus: all 4 phases,1790077987784,2026-09-22
pika_gamy,83,proStar bonus: all 4 phases,1790077987795,2026-09-22
silent_luc,83,proStar bonus: all 4 phases,1790077987796,2026-09-22
hopelessss_,83,proStar bonus: all 4 phases,1790077987797,2026-09-22
alphonsoe,83,proStar bonus: all 4 phases,1790077987800,2026-09-22
ikaliayev,83,proStar bonus: all 4 phases,1790077987805,2026-09-22
silent_luc,45,Phase 1: GPU,1790078827697,2026-09-22
xiaoxiao9313,45,Phase 1: GPU,1790078827704,2026-09-22
robin3one,45,Phase 1: GPU,1790078827705,2026-09-22
alphonsoe,45,Phase 1: GPU,1790078827706,2026-09-22
pika_gamy,45,Phase 1: GPU,1790078827722,2026-09-22
hopelessss_,45,Phase 1: GPU,1790078827791,2026-09-22
alphonsoe,65,Phase 2: HDD,1790079465725,2026-09-22
ivanpetrov32,65,Phase 2: HDD,1790079465736,2026-09-22
snoopys030,65,Phase 2: HDD,1790079465740,2026-09-22
pika_gamy,65,Phase 2: HDD,1790079465753,2026-09-22
hopelessss_,65,Phase 2: HDD,1790079465754,2026-09-22
silent_luc,65,Phase 2: HDD,1790079465755,2026-09-22
xiaoxiao9313,65,Phase 2: HDD,1790079465757,2026-09-22
pika_gamy,90,Phase 3: CPU,1790079899727,2026-09-22
silent_luc,90,Phase 3: CPU,1790079899727,2026-09-22
snoopys030,90,Phase 3: CPU,1790079899735,2026-09-22
alphonsoe,90,Phase 3: CPU,1790079899740,2026-09-22
hopelessss_,90,Phase 3: CPU,1790079899746,2026-09-22
xiaoxiao9313,90,Phase 3: CPU,1790079899752,2026-09-22
lovegamesandthings00000,90,Phase 3: CPU,1790079899791,2026-09-22
xiaoxiao9313,45,Phase 1: CPU,1790081039411,2026-09-22
valase,45,Phase 1: CPU,1790081039431,2026-09-22
pika_gamy,45,Phase 1: CPU,1790081039436,2026-09-22
ivanpetrov32,45,Phase 1: CPU,1790081039442,2026-09-22
hopelessss_,45,Phase 1: CPU,1790081039443,2026-09-22
xiaoxiao9313,65,Phase 2: RAM,1790081611504,2026-09-22
pika_gamy,65,Phase 2: RAM,1790081611507,2026-09-22
hopelessss_,65,Phase 2: RAM,1790081611529,2026-09-22
valase,65,Phase 2: RAM,1790081611613,2026-09-22
operacional_cae,65,Phase 2: RAM,1790081611625,2026-09-22
snoopys030,65,Phase 2: RAM,1790081611627,2026-09-22
silent_luc,65,Phase 2: RAM,1790081611661,2026-09-22
cerebralx1,65,Phase 2: RAM,1790081611726,2026-09-22
hopelessss_,45,Phase 1: HDD,1790082922005,2026-09-22
xiaoxiao9313,45,Phase 1: HDD,1790082922005,2026-09-22
cerebralx1,45,Phase 1: HDD,1790082922006,2026-09-22
silent_luc,45,Phase 1: HDD,1790082922013,2026-09-22
pika_gamy,45,Phase 1: HDD,1790082922029,2026-09-22
alphonsoe,45,Phase 1: HDD,1790082922066,2026-09-22
snoopys030,45,Phase 1: HDD,1790082922070,2026-09-22
valase,45,Phase 1: HDD,1790082922076,2026-09-22
valase,65,Phase 2: CPU,1790083551027,2026-09-22
cerebralx1,65,Phase 2: CPU,1790083551031,2026-09-22
pika_gamy,65,Phase 2: CPU,1790083551036,2026-09-22
ivanpetrov32,65,Phase 2: CPU,1790083551038,2026-09-22
xiaoxiao9313,65,Phase 2: CPU,1790083551043,2026-09-22
silent_luc,65,Phase 2: CPU,1790083551052,2026-09-22
snoopys030,65,Phase 2: CPU,1790083551059,2026-09-22
hopelessss_,65,Phase 2: CPU,1790083551128,2026-09-22
alexwifi42,45,Phase 1: GPU,1790084766149,2026-09-22
pika_gamy,45,Phase 1: GPU,1790084766150,2026-09-22
alphonsoe,45,Phase 1: GPU,1790084766158,2026-09-22
hopelessss_,45,Phase 1: GPU,1790084766171,2026-09-22
snoopys030,45,Phase 1: GPU,1790084766181,2026-09-22
xiaoxiao9313,45,Phase 1: GPU,1790084766201,2026-09-22
alfims,45,Phase 1: GPU,1790086426842,2026-09-22
alphonsoe,45,Phase 1: GPU,1790086426852,2026-09-22
thanossoul,45,Phase 1: GPU,1790086426853,2026-09-22
xiaoxiao9313,45,Phase 1: GPU,1790086426873,2026-09-22
avin_novor,45,Phase 1: GPU,1790086426874,2026-09-22
hopelessss_,45,Phase 1: GPU,1790086426876,2026-09-22
ivanpetrov32,45,Phase 1: GPU,1790086426877,2026-09-22
pika_gamy,45,Phase 1: GPU,1790086426878,2026-09-22
snoopys030,45,Phase 1: GPU,1790086426882,2026-09-22
mori2323,45,Phase 1: GPU,1790086426883,2026-09-22
operacional_cae,65,Phase 2: HDD,1790087531779,2026-09-22
mori2323,65,Phase 2: HDD,1790087531787,2026-09-22
cerebralx1,65,Phase 2: HDD,1790087531796,2026-09-22
avin_novor,65,Phase 2: HDD,1790087531798,2026-09-22
pika_gamy,65,Phase 2: HDD,1790087531827,2026-09-22
alfims,65,Phase 2: HDD,1790087531863,2026-09-22
alphonsoe,65,Phase 2: HDD,1790087531872,2026-09-22
silent_luc,65,Phase 2: HDD,1790087531873,2026-09-22
yurigiu,65,Phase 2: HDD,1790087531874,2026-09-22
xiaoxiao9313,65,Phase 2: HDD,1790087531875,2026-09-22
hopelessss_,65,Phase 2: HDD,1790087531875,2026-09-22
thanossoul,65,Phase 2: HDD,1790087531880,2026-09-22
alexwifi42,65,Phase 2: HDD,1790087531880,2026-09-22
lovegamesandthings00000,65,Phase 2: HDD,1790087531881,2026-09-22
snoopys030,65,Phase 2: HDD,1790087531892,2026-09-22
alphonsoe,45,Phase 1: GPU,1790088951890,2026-09-22
alfims,45,Phase 1: GPU,1790088951895,2026-09-22
shadowladyex,45,Phase 1: GPU,1790088951907,2026-09-22
lmbs00,45,Phase 1: GPU,1790088951912,2026-09-22
hopelessss_,45,Phase 1: GPU,1790088951913,2026-09-22
lovegamesandthings00000,45,Phase 1: GPU,1790088951956,2026-09-22
pika_gamy,45,Phase 1: GPU,1790088951956,2026-09-22
dahhel,45,Phase 1: GPU,1790088951957,2026-09-22
avin_novor,45,Phase 1: GPU,1790088951958,2026-09-22
silent_luc,45,Phase 1: GPU,1790088951982,2026-09-22
alexwifi42,45,Phase 1: GPU,1790088951983,2026-09-22
avin_novor,65,Phase 2: RAM,1790089416581,2026-09-22
alphonsoe,65,Phase 2: RAM,1790089416584,2026-09-22
lmbs00,65,Phase 2: RAM,1790089416594,2026-09-22
yurigiu,65,Phase 2: RAM,1790089416599,2026-09-22
dahhel,65,Phase 2: RAM,1790089416600,2026-09-22
pika_gamy,65,Phase 2: RAM,1790089416609,2026-09-22
xiaoxiao9313,65,Phase 2: RAM,1790089416610,2026-09-22
hopelessss_,45,Phase 1: GPU,1790090744590,2026-09-22
thanossoul,45,Phase 1: GPU,1790090744593,2026-09-22
dahhel,45,Phase 1: GPU,1790090744601,2026-09-22
avin_novor,45,Phase 1: GPU,1790090744608,2026-09-22
silent_luc,45,Phase 1: GPU,1790090744630,2026-09-22
lmbs00,45,Phase 1: GPU,1790090744652,2026-09-22
alphonsoe,45,Phase 1: GPU,1790090744656,2026-09-22
xiaoxiao9313,45,Phase 1: GPU,1790090744658,2026-09-22
pika_gamy,45,Phase 1: GPU,1790090744665,2026-09-22
shadowladyex,45,Phase 1: GPU,1790090744691,2026-09-22
slay_da_b,45,Phase 1: CPU,1790092454055,2026-09-22
avin_novor,45,Phase 1: CPU,1790092454065,2026-09-22
xiaoxiao9313,45,Phase 1: CPU,1790092454086,2026-09-22
lovegamesandthings00000,45,Phase 1: CPU,1790092454106,2026-09-22
shadowladyex,45,Phase 1: CPU,1790092454107,2026-09-22
dahhel,45,Phase 1: CPU,1790092454109,2026-09-22
pika_gamy,45,Phase 1: CPU,1790092454153,2026-09-22
lmbs00,45,Phase 1: CPU,1790092454168,2026-09-22
operacional_cae,45,Phase 1: CPU,1790092454240,2026-09-22
silent_luc,45,Phase 1: CPU,1790092454312,2026-09-22
alfims,45,Phase 1: CPU,1790092454353,2026-09-22
thanossoul,65,Phase 2: HDD,1790093552550,2026-09-22
cerebralx1,65,Phase 2: HDD,1790093552553,2026-09-22
avin_novor,65,Phase 2: HDD,1790093552554,2026-09-22
robin3one,65,Phase 2: HDD,1790093552554,2026-09-22
xiaoxiao9313,65,Phase 2: HDD,1790093552565,2026-09-22
lmbs00,65,Phase 2: HDD,1790093552569,2026-09-22
puphik,65,Phase 2: HDD,1790093552621,2026-09-22
alburldador,65,Phase 2: HDD,1790093552622,2026-09-22
hopelessss_,65,Phase 2: HDD,1790093552634,2026-09-22
alfims,65,Phase 2: HDD,1790093552635,2026-09-22
shadowladyex,65,Phase 2: HDD,1790093552636,2026-09-22
silent_luc,65,Phase 2: HDD,1790093552637,2026-09-22
dahhel,65,Phase 2: HDD,1790093552640,2026-09-22
pika_gamy,65,Phase 2: HDD,1790093552640,2026-09-22
lovegamesandthings00000,65,Phase 2: HDD,1790093552651,2026-09-22
alburldador,90,Phase 3: GPU,1790094226101,2026-09-22
silent_luc,90,Phase 3: GPU,1790094226102,2026-09-22
hopelessss_,90,Phase 3: GPU,1790094226108,2026-09-22
shadowladyex,90,Phase 3: GPU,1790094226117,2026-09-22
xiaoxiao9313,90,Phase 3: GPU,1790094226121,2026-09-22
mori2323,90,Phase 3: GPU,1790094226140,2026-09-22
avin_novor,90,Phase 3: GPU,1790094226141,2026-09-22
cerebralx1,90,Phase 3: GPU,1790094226149,2026-09-22
dahhel,90,Phase 3: GPU,1790094226154,2026-09-22
lovegamesandthings00000,90,Phase 3: GPU,1790094226154,2026-09-22
pika_gamy,90,Phase 3: GPU,1790094226162,2026-09-22
lmbs00,90,Phase 3: GPU,1790094226169,2026-09-22
thanossoul,90,Phase 3: GPU,1790094226172,2026-09-22
ivanpetrov32,45,Phase 1: HDD,1790095909682,2026-09-22
dahhel,45,Phase 1: HDD,1790095909697,2026-09-22
shadowladyex,45,Phase 1: HDD,1790095909698,2026-09-22
mori2323,45,Phase 1: HDD,1790095909699,2026-09-22
lmbs00,45,Phase 1: HDD,1790095909699,2026-09-22
avin_novor,45,Phase 1: HDD,1790095909700,2026-09-22
xiaoxiao9313,45,Phase 1: HDD,1790095909726,2026-09-22
robin3one,45,Phase 1: HDD,1790095909732,2026-09-22
hopelessss_,45,Phase 1: HDD,1790095909733,2026-09-22
lovegamesandthings00000,45,Phase 1: HDD,1790095909737,2026-09-22
pika_gamy,45,Phase 1: HDD,1790095909738,2026-09-22
puphik,45,Phase 1: HDD,1790095909739,2026-09-22
alburldador,45,Phase 1: HDD,1790095909756,2026-09-22
silent_luc,45,Phase 1: HDD,1790095909758,2026-09-22
cerebralx1,45,Phase 1: HDD,1790095909785,2026-09-22
robin3one,65,Phase 2: RAM,1790096510752,2026-09-22
xiaoxiao9313,65,Phase 2: RAM,1790096510756,2026-09-22
shadowladyex,65,Phase 2: RAM,1790096510763,2026-09-22
mori2323,65,Phase 2: RAM,1790096510772,2026-09-22
lmbs00,65,Phase 2: RAM,1790096510773,2026-09-22
ivanpetrov32,65,Phase 2: RAM,1790096510774,2026-09-22
dahhel,65,Phase 2: RAM,1790096510781,2026-09-22
avin_novor,65,Phase 2: RAM,1790096510786,2026-09-22
pika_gamy,65,Phase 2: RAM,1790096510786,2026-09-22
alburldador,65,Phase 2: RAM,1790096510817,2026-09-22
cerebralx1,65,Phase 2: RAM,1790096510821,2026-09-22
hopelessss_,45,Phase 1: GPU,1790098141697,2026-09-22
somemarblesfriday,45,Phase 1: GPU,1790098141706,2026-09-22
lillakra,45,Phase 1: GPU,1790098141709,2026-09-22
thanossoul,45,Phase 1: GPU,1790098141713,2026-09-22
mori2323,45,Phase 1: GPU,1790098141714,2026-09-22
avin_novor,45,Phase 1: GPU,1790098141719,2026-09-22
lovegamesandthings00000,45,Phase 1: GPU,1790098141735,2026-09-22
xiaoxiao9313,45,Phase 1: GPU,1790098141736,2026-09-22
lmbs00,45,Phase 1: GPU,1790098141742,2026-09-22
robin3one,45,Phase 1: GPU,1790098141751,2026-09-22
dahhel,45,Phase 1: GPU,1790098141771,2026-09-22
ivanpetrov32,45,Phase 1: GPU,1790098141788,2026-09-22
shadowladyex,45,Phase 1: GPU,1790098141873,2026-09-22
cerebralx1,45,Phase 1: GPU,1790098141874,2026-09-22
alburldador,45,Phase 1: GPU,1790098141882,2026-09-22
somemarblesfriday,65,Phase 2: HDD,1790099117159,2026-09-22
silent_luc,65,Phase 2: HDD,1790099117162,2026-09-22
ivanpetrov32,65,Phase 2: HDD,1790099117164,2026-09-22
shadowladyex,65,Phase 2: HDD,1790099117165,2026-09-22
puphik,65,Phase 2: HDD,1790099117172,2026-09-22
cerebralx1,65,Phase 2: HDD,1790099117185,2026-09-22
hopelessss_,65,Phase 2: HDD,1790099117191,2026-09-22
lmbs00,65,Phase 2: HDD,1790099117192,2026-09-22
dahhel,65,Phase 2: HDD,1790099117193,2026-09-22
mori2323,65,Phase 2: HDD,1790099117194,2026-09-22
ikaliayev,65,Phase 2: HDD,1790099117194,2026-09-22
avin_novor,65,Phase 2: HDD,1790099117221,2026-09-22
xiaoxiao9313,65,Phase 2: HDD,1790099117232,2026-09-22
lovegamesandthings00000,65,Phase 2: HDD,1790099117232,2026-09-22
player0451,65,Phase 2: HDD,1790099117402,2026-09-22
player0451,45,Phase 1: CPU,1790100892675,2026-09-22
alexwifi42,45,Phase 1: CPU,1790100892684,2026-09-22
lmbs00,45,Phase 1: CPU,1790100892696,2026-09-22
dahhel,45,Phase 1: CPU,1790100892697,2026-09-22
silent_luc,45,Phase 1: CPU,1790100892699,2026-09-22
avin_novor,45,Phase 1: CPU,1790100892705,2026-09-22
somemarblesfriday,45,Phase 1: CPU,1790100892706,2026-09-22
shadowladyex,45,Phase 1: CPU,1790100892711,2026-09-22
mori2323,45,Phase 1: CPU,1790100892745,2026-09-22
xiaoxiao9313,45,Phase 1: CPU,1790100892746,2026-09-22
ivanpetrov32,45,Phase 1: CPU,1790100892782,2026-09-22
ikaliayev,45,Phase 1: CPU,1790100892850,2026-09-22
hopelessss_,45,Phase 1: CPU,1790100892851,2026-09-22
pika_gamy,45,Phase 1: CPU,1790100892852,2026-09-22
lovegamesandthings00000,45,Phase 1: CPU,1790100892860,2026-09-22
lillakra,45,Phase 1: CPU,1790100892871,2026-09-22
ivanpetrov32,65,Phase 2: HDD,1790101623381,2026-09-22
hopelessss_,65,Phase 2: HDD,1790101623389,2026-09-22
avin_novor,65,Phase 2: HDD,1790101623404,2026-09-22
mori2323,65,Phase 2: HDD,1790101623405,2026-09-22
shadowladyex,65,Phase 2: HDD,1790101623406,2026-09-22
silent_luc,65,Phase 2: HDD,1790101623410,2026-09-22
ikaliayev,65,Phase 2: HDD,1790101623419,2026-09-22
pika_gamy,65,Phase 2: HDD,1790101623422,2026-09-22
somemarblesfriday,65,Phase 2: HDD,1790101623439,2026-09-22
xiaoxiao9313,65,Phase 2: HDD,1790101623451,2026-09-22
player0451,65,Phase 2: HDD,1790101623495,2026-09-22
lmbs00,65,Phase 2: HDD,1790101623512,2026-09-22
johnnymnemonics,90,Phase 1: HDD,1790103159416,2026-09-22
pika_gamy,90,Phase 1: HDD,1790103159452,2026-09-22
ikaliayev,90,Phase 1: HDD,1790103159453,2026-09-22
hopelessss_,90,Phase 1: HDD,1790103159454,2026-09-22
avin_novor,90,Phase 1: HDD,1790103159489,2026-09-22
dahhel,90,Phase 1: HDD,1790103159519,2026-09-22
lovegamesandthings00000,90,Phase 1: HDD,1790103159520,2026-09-22
mori2323,90,Phase 1: HDD,1790103159521,2026-09-22
shadowladyex,90,Phase 1: HDD,1790103159522,2026-09-22
alburldador,90,Phase 1: HDD,1790103159523,2026-09-22
somemarblesfriday,90,Phase 1: HDD,1790103159525,2026-09-22
lmbs00,90,Phase 1: HDD,1790103159532,2026-09-22
lmbs00,130,Phase 2: RAM,1790104021192,2026-09-22
dahhel,130,Phase 2: RAM,1790104021206,2026-09-22
player0451,130,Phase 2: RAM,1790104021220,2026-09-22
ikaliayev,130,Phase 2: RAM,1790104021221,2026-09-22
silent_luc,130,Phase 2: RAM,1790104021227,2026-09-22
johnnymnemonics,130,Phase 2: RAM,1790104021256,2026-09-22
hopelessss_,130,Phase 2: RAM,1790104021303,2026-09-22
somemarblesfriday,130,Phase 2: RAM,1790104021311,2026-09-22
avin_novor,130,Phase 2: RAM,1790104021374,2026-09-22
pika_gamy,130,Phase 2: RAM,1790104021388,2026-09-22
mori2323,130,Phase 2: RAM,1790104021389,2026-09-22
thanossoul,130,Phase 2: RAM,1790104021402,2026-09-22
shadowladyex,130,Phase 2: RAM,1790104021403,2026-09-22
alyssrentori,180,Phase 3: CPU,1790104837249,2026-09-22
robin3one,180,Phase 3: CPU,1790104837261,2026-09-22
ikaliayev,180,Phase 3: CPU,1790104837270,2026-09-22
player0451,180,Phase 3: CPU,1790104837274,2026-09-22
johnnymnemonics,180,Phase 3: CPU,1790104837277,2026-09-22
alburldador,180,Phase 3: CPU,1790104837279,2026-09-22
silent_luc,180,Phase 3: CPU,1790104837300,2026-09-22
avin_novor,180,Phase 3: CPU,1790104837301,2026-09-22
somemarblesfriday,180,Phase 3: CPU,1790104837302,2026-09-22
alfims,180,Phase 3: CPU,1790104837319,2026-09-22
lmbs00,180,Phase 3: CPU,1790104837355,2026-09-22
thanossoul,180,Phase 3: CPU,1790104837372,2026-09-22
hopelessss_,180,Phase 3: CPU,1790104837373,2026-09-22
mori2323,180,Phase 3: CPU,1790104837387,2026-09-22
shadowladyex,180,Phase 3: CPU,1790104837400,2026-09-22
dahhel,180,Phase 3: CPU,1790104837402,2026-09-22
johnnymnemonics,90,Phase 1: HDD,1790106503364,2026-09-22
pika_gamy,90,Phase 1: HDD,1790106503368,2026-09-22
mori2323,90,Phase 1: HDD,1790106503368,2026-09-22
dahhel,90,Phase 1: HDD,1790106503413,2026-09-22
lmbs00,90,Phase 1: HDD,1790106503424,2026-09-22
silent_luc,90,Phase 1: HDD,1790106503427,2026-09-22
ikaliayev,90,Phase 1: HDD,1790106503429,2026-09-22
avin_novor,90,Phase 1: HDD,1790106503443,2026-09-22
shadowladyex,90,Phase 1: HDD,1790106503444,2026-09-22
alburldador,90,Phase 1: HDD,1790106503452,2026-09-22
cerebralx1,90,Phase 1: HDD,1790106503466,2026-09-22
somemarblesfriday,90,Phase 1: HDD,1790106503477,2026-09-22
thanossoul,90,Phase 1: HDD,1790106503477,2026-09-22
hopelessss_,90,Phase 1: HDD,1790106503478,2026-09-22
ivanpetrov32,90,Phase 1: HDD,1790106503501,2026-09-22
johnnymnemonics,130,Phase 2: RAM,1790107536178,2026-09-22
dahhel,130,Phase 2: RAM,1790107536189,2026-09-22
pika_gamy,130,Phase 2: RAM,1790107536236,2026-09-22
thanossoul,130,Phase 2: RAM,1790107536237,2026-09-22
silent_luc,130,Phase 2: RAM,1790107536238,2026-09-22
alfims,130,Phase 2: RAM,1790107536238,2026-09-22
shadowladyex,130,Phase 2: RAM,1790107536268,2026-09-22
avin_novor,130,Phase 2: RAM,1790107536270,2026-09-22
lmbs00,130,Phase 2: RAM,1790107536271,2026-09-22
alburldador,130,Phase 2: RAM,1790107536272,2026-09-22
somemarblesfriday,130,Phase 2: RAM,1790107536278,2026-09-22
cerebralx1,130,Phase 2: RAM,1790107536278,2026-09-22
mori2323,130,Phase 2: RAM,1790107536279,2026-09-22
hopelessss_,130,Phase 2: RAM,1790107536280,2026-09-22
ikaliayev,130,Phase 2: RAM,1790107536281,2026-09-22
ivanpetrov32,130,Phase 2: RAM,1790107536281,2026-09-22
player0451,130,Phase 2: RAM,1790107536288,2026-09-22
johnnymnemonics,180,Phase 3: GPU,1790108399069,2026-09-22
yurigiu,180,Phase 3: GPU,1790108399078,2026-09-22
lmbs00,180,Phase 3: GPU,1790108399094,2026-09-22
somemarblesfriday,180,Phase 3: GPU,1790108399096,2026-09-22
cerebralx1,180,Phase 3: GPU,1790108399101,2026-09-22
dahhel,180,Phase 3: GPU,1790108399110,2026-09-22
silent_luc,180,Phase 3: GPU,1790108399326,2026-09-22
ivanpetrov32,180,Phase 3: GPU,1790108399328,2026-09-22
player0451,180,Phase 3: GPU,1790108399328,2026-09-22
hopelessss_,180,Phase 3: GPU,1790108399331,2026-09-22
ikaliayev,180,Phase 3: GPU,1790108399335,2026-09-22
mori2323,180,Phase 3: GPU,1790108399335,2026-09-22
shadowladyex,180,Phase 3: GPU,1790108399336,2026-09-22
avin_novor,180,Phase 3: GPU,1790108399337,2026-09-22
thanossoul,180,Phase 3: GPU,1790108399337,2026-09-22
lillakra,180,Phase 3: GPU,1790108399338,2026-09-22
pika_gamy,180,Phase 3: GPU,1790108399339,2026-09-22
alburldador,180,Phase 3: GPU,1790108399450,2026-09-22
ikaliayev,240,Phase 4: CPU,1790108891036,2026-09-22
mori2323,240,Phase 4: CPU,1790108891048,2026-09-22
johnnymnemonics,240,Phase 4: CPU,1790108891058,2026-09-22
pika_gamy,240,Phase 4: CPU,1790108891107,2026-09-22
cerebralx1,240,Phase 4: CPU,1790108891113,2026-09-22
hopelessss_,240,Phase 4: CPU,1790108891125,2026-09-22
shadowladyex,240,Phase 4: CPU,1790108891128,2026-09-22
avin_novor,240,Phase 4: CPU,1790108891132,2026-09-22
thanossoul,240,Phase 4: CPU,1790108891136,2026-09-22
dahhel,240,Phase 4: CPU,1790108891140,2026-09-22
somemarblesfriday,240,Phase 4: CPU,1790108891147,2026-09-22
silent_luc,240,Phase 4: CPU,1790108891147,2026-09-22
alburldador,240,Phase 4: CPU,1790108891239,2026-09-22
lmbs00,240,Phase 4: CPU,1790108891253,2026-09-22
johnnymnemonics,70,proStar bonus: all 4 phases,1790108891814,2026-09-22
dahhel,70,proStar bonus: all 4 phases,1790108891886,2026-09-22
mori2323,70,proStar bonus: all 4 phases,1790108891898,2026-09-22
avin_novor,70,proStar bonus: all 4 phases,1790108891904,2026-09-22
cerebralx1,70,proStar bonus: all 4 phases,1790108891915,2026-09-22
shadowladyex,70,proStar bonus: all 4 phases,1790108891917,2026-09-22
somemarblesfriday,70,proStar bonus: all 4 phases,1790108891927,2026-09-22
silent_luc,70,proStar bonus: all 4 phases,1790108891928,2026-09-22
hopelessss_,70,proStar bonus: all 4 phases,1790108891936,2026-09-22
alburldador,70,proStar bonus: all 4 phases,1790108891949,2026-09-22
thanossoul,70,proStar bonus: all 4 phases,1790108891949,2026-09-22
pika_gamy,70,proStar bonus: all 4 phases,1790108891950,2026-09-22
lmbs00,70,proStar bonus: all 4 phases,1790108891951,2026-09-22
ikaliayev,70,proStar bonus: all 4 phases,1790108892122,2026-09-22
somemarblesfriday,675,Phase 1: GPU,1790110394709,2026-09-22
ikaliayev,90,Phase 1: GPU,1790110394711,2026-09-22
avin_novor,90,Phase 1: GPU,1790110394712,2026-09-22
thanossoul,90,Phase 1: GPU,1790110394743,2026-09-22
johnnymnemonics,90,Phase 1: GPU,1790110394797,2026-09-22
silent_luc,90,Phase 1: GPU,1790110394804,2026-09-22
alburldador,90,Phase 1: GPU,1790110394805,2026-09-22
pika_gamy,90,Phase 1: GPU,1790110394806,2026-09-22
shadowladyex,90,Phase 1: GPU,1790110394807,2026-09-22
mori2323,90,Phase 1: GPU,1790110394808,2026-09-22
dahhel,90,Phase 1: GPU,1790110394809,2026-09-22
lillakra,90,Phase 1: GPU,1790110394815,2026-09-22
operacional_cae,90,Phase 1: GPU,1790110394816,2026-09-22
valase,90,Phase 1: GPU,1790110394816,2026-09-22
lovegamesandthings00000,90,Phase 1: GPU,1790110394817,2026-09-22
cerebralx1,90,Phase 1: GPU,1790110394818,2026-09-22
hopelessss_,90,Phase 1: GPU,1790110394818,2026-09-22
lmbs00,90,Phase 1: GPU,1790110394819,2026-09-22
louis_of_apshai,90,Phase 1: GPU,1790110394829,2026-09-22
somemarblesfriday,975,Phase 2: RAM,1790111444507,2026-09-22
shadowladyex,130,Phase 2: RAM,1790111444551,2026-09-22
dahhel,130,Phase 2: RAM,1790111444566,2026-09-22
johnnymnemonics,130,Phase 2: RAM,1790111444583,2026-09-22
avin_novor,130,Phase 2: RAM,1790111444587,2026-09-22
lovegamesandthings00000,130,Phase 2: RAM,1790111444588,2026-09-22
ikaliayev,130,Phase 2: RAM,1790111444595,2026-09-22
yurigiu,130,Phase 2: RAM,1790111444599,2026-09-22
lmbs00,130,Phase 2: RAM,1790111444603,2026-09-22
hopelessss_,130,Phase 2: RAM,1790111444668,2026-09-22
louis_of_apshai,130,Phase 2: RAM,1790111444669,2026-09-22
lillakra,130,Phase 2: RAM,1790111444677,2026-09-22
operacional_cae,130,Phase 2: RAM,1790111444678,2026-09-22
valase,130,Phase 2: RAM,1790111444691,2026-09-22
silent_luc,130,Phase 2: RAM,1790111444692,2026-09-22
pika_gamy,130,Phase 2: RAM,1790111444700,2026-09-22
mori2323,130,Phase 2: RAM,1790111444701,2026-09-22
somemarblesfriday,1350,Phase 3: CPU,1790112252865,2026-09-22
louis_of_apshai,180,Phase 3: CPU,1790112252899,2026-09-22
madagascaradam,180,Phase 3: CPU,1790112252909,2026-09-22
player0451,180,Phase 3: CPU,1790112252910,2026-09-22
yurigiu,180,Phase 3: CPU,1790112252918,2026-09-22
dahhel,180,Phase 3: CPU,1790112252923,2026-09-22
pika_gamy,180,Phase 3: CPU,1790112252924,2026-09-22
johnnymnemonics,180,Phase 3: CPU,1790112252931,2026-09-22
shadowladyex,180,Phase 3: CPU,1790112252937,2026-09-22
hopelessss_,180,Phase 3: CPU,1790112252937,2026-09-22
mori2323,180,Phase 3: CPU,1790112252951,2026-09-22
avin_novor,180,Phase 3: CPU,1790112252980,2026-09-22
silent_luc,180,Phase 3: CPU,1790112253022,2026-09-22
ikaliayev,180,Phase 3: CPU,1790112253023,2026-09-22
lillakra,180,Phase 3: CPU,1790112253154,2026-09-22
somemarblesfriday,675,Phase 1: HDD,1790113809546,2026-09-22
avin_novor,90,Phase 1: HDD,1790113809565,2026-09-22
pika_gamy,90,Phase 1: HDD,1790113809566,2026-09-22
thanossoul,90,Phase 1: HDD,1790113809567,2026-09-22
dahhel,90,Phase 1: HDD,1790113809570,2026-09-22
ikaliayev,90,Phase 1: HDD,1790113809570,2026-09-22
mori2323,90,Phase 1: HDD,1790113809571,2026-09-22
shadowladyex,90,Phase 1: HDD,1790113809577,2026-09-22
silent_luc,90,Phase 1: HDD,1790113809598,2026-09-22
operacional_cae,90,Phase 1: HDD,1790113809611,2026-09-22
lillakra,90,Phase 1: HDD,1790113809612,2026-09-22
lmbs00,90,Phase 1: HDD,1790113809661,2026-09-22
hopelessss_,90,Phase 1: HDD,1790113809747,2026-09-22
valase,90,Phase 1: HDD,1790113809783,2026-09-22
dahhel,130,Phase 2: GPU,1790114587405,2026-09-22
somemarblesfriday,975,Phase 2: GPU,1790114587409,2026-09-22
lillakra,130,Phase 2: GPU,1790114587418,2026-09-22
ikaliayev,130,Phase 2: GPU,1790114587424,2026-09-22
pika_gamy,130,Phase 2: GPU,1790114587431,2026-09-22
mori2323,130,Phase 2: GPU,1790114587435,2026-09-22
hopelessss_,130,Phase 2: GPU,1790114587442,2026-09-22
thanossoul,130,Phase 2: GPU,1790114587445,2026-09-22
silent_luc,130,Phase 2: GPU,1790114587446,2026-09-22
avin_novor,130,Phase 2: GPU,1790114587447,2026-09-22
valase,130,Phase 2: GPU,1790114587471,2026-09-22
louis_of_apshai,130,Phase 2: GPU,1790114587474,2026-09-22
shadowladyex,130,Phase 2: GPU,1790114587476,2026-09-22
lmbs00,130,Phase 2: GPU,1790114587770,2026-09-22
somemarblesfriday,1350,Phase 3: RAM,1790114994299,2026-09-22
dahhel,180,Phase 3: RAM,1790114994299,2026-09-22
valase,180,Phase 3: RAM,1790114994302,2026-09-22
player0451,180,Phase 3: RAM,1790114994309,2026-09-22
lmbs00,180,Phase 3: RAM,1790114994318,2026-09-22
mori2323,180,Phase 3: RAM,1790114994320,2026-09-22
ikaliayev,180,Phase 3: RAM,1790114994331,2026-09-22
lillakra,180,Phase 3: RAM,1790114994336,2026-09-22
avin_novor,180,Phase 3: RAM,1790114994340,2026-09-22
hopelessss_,180,Phase 3: RAM,1790114994348,2026-09-22
thanossoul,180,Phase 3: RAM,1790114994350,2026-09-22
pika_gamy,180,Phase 3: RAM,1790114994394,2026-09-22
somemarblesfriday,675,Phase 1: CPU,1790116627588,2026-09-22
shadowladyex,90,Phase 1: CPU,1790116627592,2026-09-22
silent_luc,90,Phase 1: CPU,1790116627602,2026-09-22
thanossoul,90,Phase 1: CPU,1790116627613,2026-09-22
hopelessss_,90,Phase 1: CPU,1790116627661,2026-09-22
alexwifi42,90,Phase 1: CPU,1790116627674,2026-09-22
avin_novor,90,Phase 1: CPU,1790116627675,2026-09-22
dahhel,90,Phase 1: CPU,1790116627677,2026-09-22
aswd002,90,Phase 1: CPU,1790116627693,2026-09-22
pika_gamy,90,Phase 1: CPU,1790116627694,2026-09-22
ichuy07,90,Phase 1: CPU,1790116627697,2026-09-22
mori2323,90,Phase 1: CPU,1790116627698,2026-09-22
valase,90,Phase 1: CPU,1790116627699,2026-09-22
ikaliayev,90,Phase 1: CPU,1790116627706,2026-09-22
lmbs00,90,Phase 1: CPU,1790116627708,2026-09-22
somemarblesfriday,975,Phase 2: GPU,1790117648195,2026-09-22
lovegamesandthings00000,130,Phase 2: GPU,1790117648251,2026-09-22
ichuy07,130,Phase 2: GPU,1790117648252,2026-09-22
valase,130,Phase 2: GPU,1790117648252,2026-09-22
alexwifi42,130,Phase 2: GPU,1790117648254,2026-09-22
lillakra,130,Phase 2: GPU,1790117648256,2026-09-22
lmbs00,130,Phase 2: GPU,1790117648287,2026-09-22
shadowladyex,130,Phase 2: GPU,1790117648289,2026-09-22
snoopys030,130,Phase 2: GPU,1790117648290,2026-09-22
avin_novor,130,Phase 2: GPU,1790117648293,2026-09-22
silent_luc,130,Phase 2: GPU,1790117648294,2026-09-22
ikaliayev,130,Phase 2: GPU,1790117648294,2026-09-22
thanossoul,130,Phase 2: GPU,1790117648295,2026-09-22
dahhel,130,Phase 2: GPU,1790117648296,2026-09-22
pika_gamy,130,Phase 2: GPU,1790117648297,2026-09-22
hopelessss_,130,Phase 2: GPU,1790117648305,2026-09-22
mori2323,130,Phase 2: GPU,1790117648306,2026-09-22
somemarblesfriday,1350,Phase 3: RAM,1790118202286,2026-09-22
ikaliayev,180,Phase 3: RAM,1790118202339,2026-09-22
player0451,180,Phase 3: RAM,1790118202342,2026-09-22
pika_gamy,180,Phase 3: RAM,1790118202355,2026-09-22
lmbs00,180,Phase 3: RAM,1790118202355,2026-09-22
hopelessss_,180,Phase 3: RAM,1790118202356,2026-09-22
shadowladyex,180,Phase 3: RAM,1790118202365,2026-09-22
ichuy07,180,Phase 3: RAM,1790118202366,2026-09-22
valase,180,Phase 3: RAM,1790118202374,2026-09-22
lovegamesandthings00000,180,Phase 3: RAM,1790118202376,2026-09-22
dahhel,180,Phase 3: RAM,1790118202376,2026-09-22
mori2323,180,Phase 3: RAM,1790118202384,2026-09-22
somemarblesfriday,675,Phase 1: GPU,1790119710982,2026-09-22
ikaliayev,90,Phase 1: GPU,1790119711040,2026-09-22
dahhel,90,Phase 1: GPU,1790119711043,2026-09-22
mori2323,90,Phase 1: GPU,1790119711054,2026-09-22
silent_luc,90,Phase 1: GPU,1790119711057,2026-09-22
alyssrentori,90,Phase 1: GPU,1790119711064,2026-09-22
shadowladyex,90,Phase 1: GPU,1790119711065,2026-09-22
hopelessss_,90,Phase 1: GPU,1790119711077,2026-09-22
valase,90,Phase 1: GPU,1790119711078,2026-09-22
snoopys030,90,Phase 1: GPU,1790119711081,2026-09-22
pika_gamy,90,Phase 1: GPU,1790119711082,2026-09-22
lmbs00,90,Phase 1: GPU,1790119711087,2026-09-22
somemarblesfriday,975,Phase 2: HDD,1790120563927,2026-09-22
hopelessss_,130,Phase 2: HDD,1790120563946,2026-09-22
mori2323,130,Phase 2: HDD,1790120563955,2026-09-22
pika_gamy,130,Phase 2: HDD,1790120563963,2026-09-22
shadowladyex,130,Phase 2: HDD,1790120563968,2026-09-22
snoopys030,130,Phase 2: HDD,1790120563983,2026-09-22
100bitlive,130,Phase 2: HDD,1790120563986,2026-09-22
silent_luc,130,Phase 2: HDD,1790120563996,2026-09-22
valase,130,Phase 2: HDD,1790120563997,2026-09-22
lovegamesandthings00000,130,Phase 2: HDD,1790120563997,2026-09-22
dahhel,130,Phase 2: HDD,1790120564036,2026-09-22
lmbs00,130,Phase 2: HDD,1790120564038,2026-09-22
somemarblesfriday,1350,Phase 3: RAM,1790121027849,2026-09-22
silent_luc,180,Phase 3: RAM,1790121027915,2026-09-22
shadowladyex,180,Phase 3: RAM,1790121027923,2026-09-22
hopelessss_,180,Phase 3: RAM,1790121027923,2026-09-22
pika_gamy,180,Phase 3: RAM,1790121027934,2026-09-22
valase,180,Phase 3: RAM,1790121027972,2026-09-22
dahhel,180,Phase 3: RAM,1790121028034,2026-09-22
lmbs00,180,Phase 3: RAM,1790121028051,2026-09-22
mori2323,180,Phase 3: RAM,1790121028106,2026-09-22