timestamp,date,week_start,username,steamId,voteCount,gameName
1788235479599,2026-09-01,2026-08-30,llucholba,1999360,3,Placid Plastic Duck Simulator
1788235701104,2026-09-01,2026-08-30,aswd002,675010,4,MudRunner
1788235949073,2026-09-01,2026-08-30,dahhel,1920490,4,The Outer Worlds: Spacer's Choice Edition
1788236110478,2026-09-01,2026-08-30,thanossoul,1649240,4,Returnal™
1788236282560,2026-09-01,2026-08-30,alburldador,3027930,4,Karate Survivor
1788236396664,2026-09-01,2026-08-30,llucholba,2471690,1,Stress Chess
1788236486853,2026-09-01,2026-08-30,lmbs00,976310,4,Mortal Kombat 11
1788237616264,2026-09-01,2026-08-30,thanossoul,1493640,1,Banishers: Ghosts of New Eden
1788237668120,2026-09-01,2026-08-30,mori2323,343860,4,Tacoma
1788238269772,2026-09-01,2026-08-30,alburldador,1647920,4,Valfaris: Mecha Therion
1788238655907,2026-09-01,2026-08-30,xiaoxiao9313,1944430,1,Amnesia: The Bunker
1788238723499,2026-09-01,2026-08-30,ivanpetrov32,269610,4,Arcane Worlds
1788238877408,2026-09-01,2026-08-30,aswd002,15750,4,Oddworld: Stranger's Wrath HD
1788238909681,2026-09-01,2026-08-30,player0451,20820,3,Shatter
1788239005292,2026-09-01,2026-08-30,mori2323,505230,4,Pathologic 2
1788239466397,2026-09-01,2026-08-30,puphik,1266030,1,The Pale Beyond
1788239965853,2026-09-01,2026-08-30,ivanpetrov32,2431320,4,CatAclism
1788239987631,2026-09-01,2026-08-30,madagascaradam,1283410,4,Tails of Iron
1788240168408,2026-09-01,2026-08-30,xiaoxiao9313,350640,1,Sherlock Holmes: The Devil's Daughter
1788240508142,2026-09-01,2026-08-30,llucholba,21130,1,LEGO Harry Potter: Years 1-4
1788240702659,2026-09-01,2026-08-30,madagascaradam,584980,4,Late Shift
1788240759066,2026-09-01,2026-08-30,pika_gamy,1087760,2,The Gunk
1788240822221,2026-09-01,2026-08-30,xiaoxiao9313,233610,1,Distance
1788241543540,2026-09-01,2026-08-30,johnnymnemonics,1191900,4,Say No! More
1788241576122,2026-09-01,2026-08-30,pika_gamy,1647920,2,Valfaris: Mecha Therion
1788242126911,2026-09-01,2026-08-30,mori2323,1577250,4,The Chant
1788242336896,2026-09-01,2026-08-30,dahhel,1920490,4,The Outer Worlds: Spacer's Choice Edition
1788242860191,2026-09-01,2026-08-30,xiaoxiao9313,448850,1,Overload
1788243006341,2026-09-01,2026-08-30,lmbs00,976310,4,Mortal Kombat 11
1788243604438,2026-09-01,2026-08-30,slay_da_b,9200,4,RAGE
1788245177874,2026-09-01,2026-08-30,alfims,268500,4,XCOM 2
1788245297271,2026-09-01,2026-08-30,mori2323,1578650,4,Citizen Sleeper
1788245736259,2026-09-01,2026-08-30,whitepai,2955590,1,Creepy Shift: Roadside Diner
1788246456959,2026-09-01,2026-08-30,xiaoxiao9313,2609610,1,CONVRGENCE
1788246607306,2026-09-01,2026-08-30,alfims,433340,4,Slime Rancher
1788246655299,2026-09-01,2026-08-30,pika_gamy,1599880,2,Cats in Time
1788247071061,2026-09-01,2026-08-30,xiaoxiao9313,2320,1,Quake II
1788247109210,2026-09-01,2026-08-30,alexwifi42,261030,1,The Walking Dead: Season Two
1788247497813,2026-09-01,2026-08-30,sassdrake,379720,1,DOOM
1788247581049,2026-09-01,2026-08-30,alfims,1493640,4,Banishers: Ghosts of New Eden
1788248054531,2026-09-01,2026-08-30,xiaoxiao9313,200260,1,Batman: Arkham City GOTY
1788248375618,2026-09-01,2026-08-30,alexwifi42,1552810,1,Twin Mirror
1788249193769,2026-09-01,2026-08-30,alfims,1763250,4,SWORN
1788249334381,2026-09-01,2026-08-30,alexwifi42,1370050,1,Trek to Yomi
1788249742341,2026-09-01,2026-08-30,xiaoxiao9313,2609610,1,CONVRGENCE
1788250672255,2026-09-01,2026-08-30,alfims,1082180,1,TT Isle of Man: Ride on the Edge 2
1788251072810,2026-09-01,2026-08-30,alexwifi42,524220,1,NieR:Automata
1788251790121,2026-09-01,2026-08-30,whitepai,733210,1,Neversong
1788252216142,2026-09-01,2026-08-30,yurigiu,275850,4,No Man's Sky
1788252391131,2026-09-01,2026-08-30,whitepai,311190,1,Super Panda Adventures
1788252883616,2026-09-01,2026-08-30,alexwifi42,1337520,1,Risk of Rain Returns
1788253199077,2026-09-01,2026-08-30,slay_da_b,9200,4,RAGE
1788253662339,2026-09-01,2026-08-30,pika_gamy,1082180,4,TT Isle of Man: Ride on the Edge 2
1788253879090,2026-09-01,2026-08-30,alexwifi42,1493640,1,Banishers: Ghosts of New Eden
1788254886169,2026-09-01,2026-08-30,xiaoxiao9313,1434540,1,Zoeti
1788255975426,2026-09-01,2026-08-30,slay_da_b,1920490,4,The Outer Worlds: Spacer's Choice Edition
1788257096843,2026-09-01,2026-08-30,puphik,46500,1,Syberia
1788257543827,2026-09-01,2026-08-30,johnnymnemonics,4000,4,Garry's Mod
1788258959743,2026-09-01,2026-08-30,whitepai,1583720,1,Entropy : Zero 2
1788259094484,2026-09-01,2026-08-30,shadowladyex,312520,4,Rain World
1788259657762,2026-09-01,2026-08-30,aswd002,1089130,4,Quake II RTX
1788259917483,2026-09-01,2026-08-30,yurigiu,433340,4,Slime Rancher
1788260738422,2026-09-01,2026-08-30,lovegamesandthings00000,379720,4,DOOM
1788261215150,2026-09-01,2026-08-30,4gazmin4,227300,4,Euro Truck Simulator 2
1788261254751,2026-09-01,2026-08-30,whitepai,2005010,1,Warhammer 40,000: Boltgun
1788261512177,2026-09-01,2026-08-30,alphonsoe,960910,4,Heavy Rain
1788262083925,2026-09-01,2026-08-30,pika_gamy,367520,2,Hollow Knight
1788263038334,2026-09-01,2026-08-30,alphonsoe,21000,4,LEGO Batman: The Videogame
1788263289862,2026-09-01,2026-08-30,whitepai,236730,1,Anomaly 2
1788263694781,2026-09-01,2026-08-30,silent_luc,228300,4,Remember Me
1788263794339,2026-09-01,2026-08-30,yurigiu,45760,1,Ultra Street Fighter IV
1788264529749,2026-09-01,2026-08-30,4gazmin4,870780,4,Control Ultimate Edition
1788264686052,2026-09-01,2026-08-30,alphonsoe,1593500,4,God of War
1788265341110,2026-09-01,2026-08-30,alphonsoe,275850,4,No Man's Sky
1788265612904,2026-09-01,2026-08-30,johnnymnemonics,3027930,4,Karate Survivor
1788266130380,2026-09-01,2026-08-30,alphonsoe,292030,4,The Witcher 3: Wild Hunt
1788266190741,2026-09-01,2026-08-30,slay_da_b,9200,4,RAGE
1788266328426,2026-09-01,2026-08-30,cerebralx1,2186680,4,Warhammer 40,000: Rogue Trader
1788266796057,2026-09-01,2026-08-30,madagascaradam,257350,4,Baldur's Gate II: Enhanced Edition
1788266871158,2026-09-01,2026-08-30,alexwifi42,1817230,3,Hi-Fi RUSH
1788266969409,2026-09-01,2026-08-30,johnnymnemonics,612880,4,Wolfenstein II: The New Colossus
1788267446922,2026-09-01,2026-08-30,cerebralx1,2513280,4,SONIC X SHADOW GENERATIONS
1788267563493,2026-09-01,2026-08-30,alphonsoe,1593500,3,God of War
1788267578951,2026-09-01,2026-08-30,lovegamesandthings00000,447020,1,Farming Simulator 17
1788267987813,2026-09-01,2026-08-30,shadowladyex,312520,4,Rain World
1788268021200,2026-09-01,2026-08-30,alexwifi42,324800,2,Shadow Warrior 2
1788268108267,2026-09-01,2026-08-30,cerebralx1,1051200,4,Trover Saves the Universe
1788268949146,2026-09-01,2026-08-30,cerebralx1,292030,4,The Witcher 3: Wild Hunt
1788269143332,2026-09-01,2026-08-30,yurigiu,669950,1,BDSM: Big Drunk Satanic Massacre
1788269281543,2026-09-01,2026-08-30,johnnymnemonics,1401730,4,crashlands 2
1788269592639,2026-09-01,2026-08-30,operacional_cae,584980,2,Late Shift
1788270603000,2026-09-01,2026-08-30,ivanpetrov32,733210,4,Neversong
1788270901660,2026-09-01,2026-08-30,shadowladyex,312520,4,Rain World
1788271216844,2026-09-01,2026-08-30,ivanpetrov32,916730,4,Gato Roboto
1788271487126,2026-09-01,2026-08-30,thanossoul,1803400,4,Beneath Oresa
1788271598528,2026-09-01,2026-08-30,player0451,1328840,4,Lost in Play
1788272161203,2026-09-01,2026-08-30,johnnymnemonics,1681430,4,RoboCop: Rogue City
1788272362703,2026-09-01,2026-08-30,ikaliayev,3764200,4,Resident Evil Requiem
1788272789331,2026-09-01,2026-08-30,thanossoul,343860,4,Tacoma
1788273157999,2026-09-01,2026-08-30,ivanpetrov32,1901810,4,Nearly Dead - Live and Let Die
1788275223063,2026-09-01,2026-08-30,alexwifi42,13530,1,Prince of Persia: The Two Thrones
1788276008496,2026-09-01,2026-08-30,yurigiu,498240,3,Batman - The Telltale Series
1788276314996,2026-09-01,2026-08-30,lillakra,367080,4,Songbringer
1788276337582,2026-09-01,2026-08-30,alexwifi42,846870,2,Yooka-Laylee and the Impossible Lair
1788276351892,2026-09-01,2026-08-30,llucholba,609490,4,Minit
1788276629684,2026-09-01,2026-08-30,lovegamesandthings00000,1084600,1,My Time at Sandrock
1788276696943,2026-09-01,2026-08-30,moon1ightt__,1145360,1,Hades
1788277205177,2026-09-01,2026-08-30,dahhel,1920490,4,The Outer Worlds: Spacer's Choice Edition
1788277462955,2026-09-01,2026-08-30,thanossoul,449960,1,Book of Demons
1788277991697,2026-09-01,2026-08-30,alphonsoe,433340,3,Slime Rancher
1788278128100,2026-09-01,2026-08-30,lillakra,1245430,1,Golden Light
1788279138553,2026-09-01,2026-08-30,lillakra,232770,4,POSTAL
1788279154076,2026-09-01,2026-08-30,player0451,1543240,4,Gigapocalypse
1788279193077,2026-09-01,2026-08-30,alburldador,252550,4,Qbeh-1: The Atlas Cube
1788279359432,2026-09-01,2026-08-30,ikaliayev,1061910,4,Metal: Hellsinger
1788280297319,2026-09-01,2026-08-30,lillakra,407810,4,Hard Reset Redux
1788280691311,2026-09-01,2026-08-30,alburldador,894020,4,Death's Door
1788280949252,2026-09-01,2026-08-30,thanossoul,40800,4,Super Meat Boy
1788280955529,2026-09-01,2026-08-30,lmbs00,976310,4,Mortal Kombat 11
1788281177316,2026-09-01,2026-08-30,xiaoxiao9313,1235140,4,Yakuza: Like a Dragon
1788281460278,2026-09-01,2026-08-30,4gazmin4,589360,4,Ni no Kuni II: Revenant Kingdom
1788281512056,2026-09-01,2026-08-30,lovegamesandthings00000,1681430,4,RoboCop: Rogue City
1788281944326,2026-09-01,2026-08-30,alfims,13500,4,Prince of Persia: Warrior Within
1788282371304,2026-09-01,2026-08-30,lillakra,1410640,4,Syberia - The World Before
1788282999971,2026-09-01,2026-08-30,lillakra,2525380,4,Tomb Raider IV-VI Remastered
1788283464330,2026-09-01,2026-08-30,ragnar175,1649240,4,Returnal™
1788283726089,2026-09-01,2026-08-30,xiaoxiao9313,208650,4,Batman: Arkham Knight
1788284043628,2026-09-01,2026-08-30,silent_luc,2347110,4,Quasimorph: End of Dream
1788284203084,2026-09-01,2026-08-30,player0451,2747770,4,Wednesdays
1788284388298,2026-09-01,2026-08-30,ragnar175,2933080,1,Crime Boss: Rockay City
1788284652973,2026-09-01,2026-08-30,alburldador,307780,4,Mortal Kombat X
1788284980889,2026-09-01,2026-08-30,ragnar175,13500,4,Prince of Persia: Warrior Within
1788285167974,2026-09-01,2026-08-30,ikaliayev,377160,4,Fallout 4
1788285322471,2026-09-01,2026-08-30,shadowladyex,990630,4,The Last Campfire
1788285509495,2026-09-01,2026-08-30,ragnar175,798460,4,Ni no Kuni Wrath of the White Witch Remastered
1788286274655,2026-09-01,2026-08-30,johnnymnemonics,601360,4,Portal: Revolution
1788286513684,2026-09-01,2026-08-30,ragnar175,1335790,4,Operation Tango
1788286652384,2026-09-01,2026-08-30,alyssrentori,2478970,4,Tomb Raider I-III Remastered Starring Lara Croft
1788287361147,2026-09-01,2026-08-30,ragnar175,344480,4,Quell
1788288002808,2026-09-01,2026-08-30,ragnar175,683320,4,GRIS
1788288391333,2026-09-01,2026-08-30,ivanpetrov32,379720,4,DOOM
1788289693441,2026-09-01,2026-08-30,yurigiu,1577250,4,The Chant
1788290621578,2026-09-01,2026-08-30,alexwifi42,405310,1,LEGO MARVEL's Avengers
1788290765268,2026-09-01,2026-08-30,silent_luc,9200,4,RAGE
1788291737894,2026-09-01,2026-08-30,alburldador,1146310,4,Beyond a Steel Sky
1788291774163,2026-09-01,2026-08-30,valase,548430,2,Deep Rock Galactic
1788292116511,2026-09-01,2026-08-30,cerebralx1,798460,4,Ni no Kuni Wrath of the White Witch Remastered
1788293007499,2026-09-01,2026-08-30,sassdrake,437630,1,State of Mind
1788293126498,2026-09-01,2026-08-30,dahhel,1920490,4,The Outer Worlds: Spacer's Choice Edition
1788293257667,2026-09-01,2026-08-30,alyssrentori,360,4,Half-Life Deathmatch: Source
1788293322539,2026-09-01,2026-08-30,johnnymnemonics,311190,2,Super Panda Adventures
1788294127427,2026-09-01,2026-08-30,cerebralx1,433340,4,Slime Rancher
1788295442261,2026-09-01,2026-08-30,mori2323,491040,4,Bot Vice
1788295487335,2026-09-01,2026-08-30,alexwifi42,524220,4,NieR:Automata
1788295690276,2026-09-01,2026-08-30,thanossoul,1061910,4,Metal: Hellsinger
1788296096824,2026-09-01,2026-08-30,alexwifi42,1138850,1,Heavenly Bodies
1788296167197,2026-09-01,2026-08-30,lovegamesandthings00000,960910,4,Heavy Rain
1788296388440,2026-09-01,2026-08-30,4gazmin4,1145360,4,Hades
1788296750350,2026-09-01,2026-08-30,mori2323,3986690,4,Ariana and the Elder Codex
1788296914042,2026-09-01,2026-08-30,player0451,1147550,4,Not For Broadcast
1788297464238,2026-09-01,2026-08-30,alexwifi42,207610,4,The Walking Dead
1788297505759,2026-09-01,2026-08-30,pika_gamy,690640,2,Trine 4: The Nightmare Prince
1788297634664,2026-09-01,2026-08-30,ikaliayev,1803400,4,Beneath Oresa
1788297690788,2026-09-01,2026-08-30,mori2323,4302830,4,DreamForge Playtest
1788298829813,2026-09-01,2026-08-30,operacional_cae,2561580,4,Horizon Zero Dawn™ Remastered
1788298864928,2026-09-01,2026-08-30,alyssrentori,57740,4,Jagged Alliance - Back in Action
1788298966878,2026-09-01,2026-08-30,alexwifi42,1608230,4,Planet of Lana
1788299192161,2026-09-01,2026-08-30,lovegamesandthings00000,395620,4,Ittle Dew 2
1788299524393,2026-09-01,2026-08-30,operacional_cae,2416450,4,MOUSE: P.I. For Hire
1788299907560,2026-09-01,2026-08-30,madagascaradam,512900,4,Streets of Rogue
1788300192561,2026-09-01,2026-08-30,pika_gamy,792710,2,Levelhead
1788300471848,2026-09-01,2026-08-30,valase,1920490,4,The Outer Worlds: Spacer's Choice Edition
1788300594662,2026-09-01,2026-08-30,madagascaradam,1794680,4,Vampire Survivors
1788300667032,2026-09-01,2026-08-30,operacional_cae,1343240,4,Thymesia
1788300697454,2026-09-01,2026-08-30,pika_gamy,311190,4,Super Panda Adventures
1788301024016,2026-09-01,2026-08-30,lmbs00,976310,4,Mortal Kombat 11
1788301491950,2026-09-01,2026-08-30,silent_luc,9200,4,RAGE
1788301583066,2026-09-01,2026-08-30,operacional_cae,589360,4,Ni no Kuni II: Revenant Kingdom
1788301664310,2026-09-01,2026-08-30,madagascaradam,1403830,4,Paper Beast - Folded Edition
1788302660468,2026-09-01,2026-08-30,llucholba,846870,4,Yooka-Laylee and the Impossible Lair
1788303283103,2026-09-01,2026-08-30,lovegamesandthings00000,48700,1,Mount
1788303510594,2026-09-01,2026-08-30,dahhel,1920490,4,The Outer Worlds: Spacer's Choice Edition
1788303600660,2026-09-01,2026-08-30,pika_gamy,360,4,Half-Life Deathmatch: Source
1788303721237,2026-09-01,2026-08-30,sassdrake,546560,1,Half-Life: Alyx
1788303958804,2026-09-01,2026-08-30,llucholba,2471690,4,Stress Chess
1788304046399,2026-09-01,2026-08-30,lmbs00,976310,4,Mortal Kombat 11
1788304812616,2026-09-01,2026-08-30,llucholba,742300,4,Mega Man 11
1788306474075,2026-09-01,2026-08-30,dahhel,1920490,4,The Outer Worlds: Spacer's Choice Edition
1788306965789,2026-09-01,2026-08-30,lmbs00,976310,4,Mortal Kombat 11
1788307015487,2026-09-01,2026-08-30,4gazmin4,866800,4,The Walking Dead: The Final Season
1788307596294,2026-09-02,2026-08-30,silent_luc,49520,4,Borderlands 2
1788308787655,2026-09-02,2026-08-30,player0451,447020,4,Farming Simulator 17
1788308851337,2026-09-02,2026-08-30,4gazmin4,1145360,4,Hades
1788309335006,2026-09-02,2026-08-30,valase,1920490,4,The Outer Worlds: Spacer's Choice Edition
1788310259435,2026-09-02,2026-08-30,4gazmin4,292030,4,The Witcher 3: Wild Hunt
1788310481335,2026-09-02,2026-08-30,pika_gamy,1681430,4,RoboCop: Rogue City
1788311018127,2026-09-02,2026-08-30,silent_luc,238210,4,System Shock 2
1788311179461,2026-09-02,2026-08-30,xiaoxiao9313,22380,1,Fallout: New Vegas
1788311180150,2026-09-02,2026-08-30,thanossoul,70,4,Half-Life
1788311736787,2026-09-02,2026-08-30,silent_luc,617290,4,Remnant: From the Ashes
1788311855397,2026-09-02,2026-08-30,xiaoxiao9313,1088850,4,Marvel's Guardians of the Galaxy
1788312097679,2026-09-02,2026-08-30,dahhel,1920490,4,The Outer Worlds: Spacer's Choice Edition
1788312362220,2026-09-02,2026-08-30,pika_gamy,690640,2,Trine 4: The Nightmare Prince
1788314011764,2026-09-02,2026-08-30,snoopys030,798460,4,Ni no Kuni Wrath of the White Witch Remastered
1788314689518,2026-09-02,2026-08-30,shadowladyex,651670,4,Star Renegades
1788315041578,2026-09-02,2026-08-30,snoopys030,1920490,4,The Outer Worlds: Spacer's Choice Edition
1788315479210,2026-09-02,2026-08-30,ikaliayev,1803400,4,Beneath Oresa
1788315530931,2026-09-02,2026-08-30,lmbs00,976310,4,Mortal Kombat 11
1788315861835,2026-09-02,2026-08-30,shadowladyex,2521380,4,Legacy of Kain Soul Reaver 1
1788315892417,2026-09-02,2026-08-30,silent_luc,1283410,4,Tails of Iron
1788315985905,2026-09-02,2026-08-30,snoopys030,9200,4,RAGE
1788316793238,2026-09-02,2026-08-30,slay_da_b,22380,4,Fallout: New Vegas
1788317649096,2026-09-02,2026-08-30,snoopys030,1105500,4,Yakuza 4 Remastered
1788318625581,2026-09-02,2026-08-30,snoopys030,4138160,4,Kawaii Survivors
1788318641345,2026-09-02,2026-08-30,ivanpetrov32,1631270,4,StarRupture
1788319340118,2026-09-02,2026-08-30,llucholba,1049280,4,Pilgrims
1788319424087,2026-09-02,2026-08-30,lovegamesandthings00000,1155970,4,Roadwarden
1788319467716,2026-09-02,2026-08-30,ivanpetrov32,2933080,4,Crime Boss: Rockay City
1788319754452,2026-09-02,2026-08-30,alfims,1403830,1,Paper Beast - Folded Edition
1788320354130,2026-09-02,2026-08-30,player0451,588430,3,Fallout Shelter
1788320949639,2026-09-02,2026-08-30,alfims,813540,4,Scheming Through The Zombie Apocalypse: The Beginning
1788321189811,2026-09-02,2026-08-30,slay_da_b,960910,4,Heavy Rain
1788321557186,2026-09-02,2026-08-30,snoopys030,1088850,4,Marvel's Guardians of the Galaxy
1788322205424,2026-09-02,2026-08-30,alfims,203140,4,Hitman: Absolution
1788322228218,2026-09-02,2026-08-30,xiaoxiao9313,220,1,Half-Life 2
1788322477167,2026-09-02,2026-08-30,thanossoul,1328840,3,Lost in Play
1788323008198,2026-09-02,2026-08-30,alburldador,572890,4,Pikuniku
1788323755338,2026-09-02,2026-08-30,slay_da_b,22380,4,Fallout: New Vegas
1788324822806,2026-09-02,2026-08-30,alburldador,410710,4,System Shock: Enhanced Edition
1788326368797,2026-09-02,2026-08-30,johnnymnemonics,588430,4,Fallout Shelter
1788327219221,2026-09-02,2026-08-30,mori2323,1444300,4,Teacup
1788327380103,2026-09-02,2026-08-30,alburldador,782330,4,DOOM Eternal
1788327458706,2026-09-02,2026-08-30,madagascaradam,2106670,4,Gatekeeper
1788328093331,2026-09-02,2026-08-30,alfims,620,4,Portal 2
1788328106771,2026-09-02,2026-08-30,lmbs00,976310,4,Mortal Kombat 11
1788328660346,2026-09-02,2026-08-30,xiaoxiao9313,13530,1,Prince of Persia: The Two Thrones
1788328732625,2026-09-02,2026-08-30,mori2323,1132980,4,There Is No Light
1788329252675,2026-09-02,2026-08-30,shadowladyex,990630,4,The Last Campfire
1788330068578,2026-09-02,2026-08-30,llucholba,213330,1,LEGO Batman 2: DC Super Heroes
1788330157257,2026-09-02,2026-08-30,slay_da_b,1139900,4,Ghostrunner
1788330372645,2026-09-02,2026-08-30,ragnar175,1120810,4,Eastern Exorcist
1788331018979,2026-09-02,2026-08-30,xiaoxiao9313,9200,4,RAGE
1788331019368,2026-09-02,2026-08-30,ivanpetrov32,2933080,4,Crime Boss: Rockay City
1788332811580,2026-09-02,2026-08-30,mori2323,2478970,4,Tomb Raider I-III Remastered Starring Lara Croft
1788333069518,2026-09-02,2026-08-30,valase,1455840,4,Dorfromantik
1788333479221,2026-09-02,2026-08-30,xiaoxiao9313,236730,1,Anomaly 2
1788333715288,2026-09-02,2026-08-30,whitepai,1279920,1,Cobra Kai: The Karate Kid Saga Continues
1788334505613,2026-09-02,2026-08-30,yurigiu,504230,4,Celeste
1788335105009,2026-09-02,2026-08-30,whitepai,7500,1,UFO: Afterlight - Old Version
1788335412577,2026-09-02,2026-08-30,xiaoxiao9313,3025220,1,AnimalLaboratory
1788335806830,2026-09-02,2026-08-30,pika_gamy,292030,2,The Witcher 3: Wild Hunt
1788335857430,2026-09-02,2026-08-30,slay_da_b,9200,4,RAGE
1788335948678,2026-09-02,2026-08-30,naoka_ueno,589360,4,Ni no Kuni II: Revenant Kingdom
1788336401055,2026-09-02,2026-08-30,lovegamesandthings00000,13500,4,Prince of Persia: Warrior Within
1788336449781,2026-09-02,2026-08-30,naoka_ueno,588430,4,Fallout Shelter
1788337454554,2026-09-02,2026-08-30,whitepai,1147550,1,Not For Broadcast
1788337464840,2026-09-02,2026-08-30,shadowladyex,312520,3,Rain World
1788337631492,2026-09-02,2026-08-30,xiaoxiao9313,394510,1,HELLDIVERS™
1788337654781,2026-09-02,2026-08-30,sassdrake,360,1,Half-Life Deathmatch: Source
1788338218873,2026-09-02,2026-08-30,whitepai,2747770,1,Wednesdays
1788338829305,2026-09-02,2026-08-30,snoopys030,588430,4,Fallout Shelter
1788338923348,2026-09-02,2026-08-30,lillakra,238210,4,System Shock 2
1788339049036,2026-09-02,2026-08-30,whitepai,1562420,1,FOREWARNED
1788339706842,2026-09-02,2026-08-30,whitepai,1088850,1,Marvel's Guardians of the Galaxy
1788339717409,2026-09-02,2026-08-30,mori2323,956030,1,Creaks
1788340334839,2026-09-02,2026-08-30,whitepai,1227690,1,Severed Steel
1788341018514,2026-09-02,2026-08-30,naoka_ueno,314030,4,Guilty Gear X2 #Reload
1788341198939,2026-09-02,2026-08-30,whitepai,1304680,1,Voidigo
1788341431837,2026-09-02,2026-08-30,xiaoxiao9313,379720,1,DOOM
1788341901454,2026-09-02,2026-08-30,naoka_ueno,482400,4,System Shock
1788342438071,2026-09-02,2026-08-30,whitepai,314790,1,Silence
1788342724765,2026-09-02,2026-08-30,naoka_ueno,207610,4,The Walking Dead
1788343081733,2026-09-02,2026-08-30,xiaoxiao9313,2347110,1,Quasimorph: End of Dream
1788343616296,2026-09-02,2026-08-30,ivanpetrov32,322500,4,SUPERHOT
1788343709423,2026-09-02,2026-08-30,naoka_ueno,1269640,4,Beacon Pines
1788343801682,2026-09-02,2026-08-30,silent_luc,1493640,4,Banishers: Ghosts of New Eden
1788343876159,2026-09-02,2026-08-30,operacional_cae,377160,4,Fallout 4
1788344354116,2026-09-02,2026-08-30,naoka_ueno,2513280,3,SONIC X SHADOW GENERATIONS
1788344581394,2026-09-02,2026-08-30,sassdrake,1108000,1,Children of Silentown
1788345427524,2026-09-02,2026-08-30,whitepai,2347110,1,Quasimorph: End of Dream
1788346293297,2026-09-02,2026-08-30,slay_da_b,377160,4,Fallout 4
1788346604438,2026-09-02,2026-08-30,4gazmin4,900040,4,ELEX II
1788347610655,2026-09-02,2026-08-30,alphonsoe,960090,4,Bloons TD 6
1788347734401,2026-09-02,2026-08-30,xiaoxiao9313,209000,4,Batman: Arkham Origins
1788347975236,2026-09-02,2026-08-30,operacional_cae,1440440,4,Sam
1788348261721,2026-09-02,2026-08-30,alphonsoe,1687950,4,Persona 5 Royal
1788348833302,2026-09-02,2026-08-30,alphonsoe,498240,4,Batman - The Telltale Series
1788349132537,2026-09-02,2026-08-30,whitepai,6220,1,FlatOut
1788349535134,2026-09-02,2026-08-30,alphonsoe,32460,4,Monkey Island 2: Special Edition
1788349758138,2026-09-02,2026-08-30,whitepai,1335790,1,Operation Tango
1788349838508,2026-09-02,2026-08-30,4gazmin4,449960,4,Book of Demons
1788350025081,2026-09-02,2026-08-30,lovegamesandthings00000,1803400,1,Beneath Oresa
1788350370302,2026-09-02,2026-08-30,alphonsoe,292030,4,The Witcher 3: Wild Hunt
1788351247443,2026-09-02,2026-08-30,alfims,798460,1,Ni no Kuni Wrath of the White Witch Remastered
1788352932661,2026-09-02,2026-08-30,silent_luc,1283410,4,Tails of Iron
1788353112307,2026-09-02,2026-08-30,madagascaradam,589360,4,Ni no Kuni II: Revenant Kingdom
1788354189369,2026-09-02,2026-08-30,madagascaradam,218620,4,PAYDAY 2
1788355049464,2026-09-02,2026-08-30,madagascaradam,208650,4,Batman: Arkham Knight
1788356503078,2026-09-02,2026-08-30,thanossoul,32360,4,The Secret of Monkey Island: Special Edition
1788356524322,2026-09-02,2026-08-30,yurigiu,870780,4,Control Ultimate Edition
1788356677805,2026-09-02,2026-08-30,operacional_cae,1593500,4,God of War
1788357271611,2026-09-02,2026-08-30,operacional_cae,505230,4,Pathologic 2
1788357804955,2026-09-02,2026-08-30,thanossoul,976310,4,Mortal Kombat 11
1788357855943,2026-09-02,2026-08-30,4gazmin4,866800,4,The Walking Dead: The Final Season
1788358691064,2026-09-02,2026-08-30,ikaliayev,1279920,4,Cobra Kai: The Karate Kid Saga Continues
1788358830139,2026-09-02,2026-08-30,operacional_cae,13500,4,Prince of Persia: Warrior Within
1788359631586,2026-09-02,2026-08-30,dahhel,960910,4,Heavy Rain
1788359766058,2026-09-02,2026-08-30,4gazmin4,1145360,4,Hades
1788359896601,2026-09-02,2026-08-30,player0451,1722800,4,Colossus - Eternal Blight
1788360014617,2026-09-02,2026-08-30,ivanpetrov32,314790,4,Silence
1788360086523,2026-09-02,2026-08-30,dahhel,1920490,4,The Outer Worlds: Spacer's Choice Edition
1788360168897,2026-09-02,2026-08-30,alyssrentori,360,4,Half-Life Deathmatch: Source
1788360344472,2026-09-02,2026-08-30,ikaliayev,1182310,4,The Excavation of Hob's Barrow
1788361761445,2026-09-02,2026-08-30,johnnymnemonics,1458140,4,Pacific Drive
1788361823098,2026-09-02,2026-08-30,alphonsoe,1145360,3,Hades
1788361863980,2026-09-02,2026-08-30,alexwifi42,203160,1,Tomb Raider
1788361898795,2026-09-02,2026-08-30,lovegamesandthings00000,782330,1,DOOM Eternal
1788361974179,2026-09-02,2026-08-30,ikaliayev,1462040,4,FINAL FANTASY VII REMAKE INTERGRADE
1788362155691,2026-09-02,2026-08-30,dahhel,1920490,4,The Outer Worlds: Spacer's Choice Edition
1788362415498,2026-09-02,2026-08-30,alexwifi42,267530,1,The LEGO Movie - Videogame
1788362576429,2026-09-02,2026-08-30,lmbs00,976310,4,Mortal Kombat 11
1788362790431,2026-09-02,2026-08-30,cerebralx1,433340,4,Slime Rancher
1788363024555,2026-09-02,2026-08-30,ragnar175,9200,4,RAGE
1788363200008,2026-09-02,2026-08-30,alexwifi42,3764200,1,Resident Evil Requiem
1788363784448,2026-09-02,2026-08-30,cerebralx1,363440,4,Mega Man Legacy Collection
1788364046194,2026-09-02,2026-08-30,alexwifi42,870780,1,Control Ultimate Edition
1788364157877,2026-09-02,2026-08-30,thanossoul,1593500,4,God of War
1788364665135,2026-09-02,2026-08-30,cerebralx1,552500,4,Warhammer: Vermintide 2
1788364698935,2026-09-02,2026-08-30,player0451,1920490,4,The Outer Worlds: Spacer's Choice Edition
1788364951411,2026-09-02,2026-08-30,operacional_cae,2478970,1,Tomb Raider I-III Remastered Starring Lara Croft
1788365131938,2026-09-02,2026-08-30,alexwifi42,673130,1,AMID EVIL
1788365191338,2026-09-02,2026-08-30,lmbs00,976310,4,Mortal Kombat 11
1788365337065,2026-09-02,2026-08-30,cerebralx1,433340,4,Slime Rancher
1788366171192,2026-09-02,2026-08-30,lovegamesandthings00000,491040,1,Bot Vice
1788366665938,2026-09-02,2026-08-30,alburldador,250260,4,Jazzpunk: Director's Cut
1788366685443,2026-09-02,2026-08-30,alyssrentori,1076200,4,Roguebook
1788366793482,2026-09-02,2026-08-30,xiaoxiao9313,1088850,4,Marvel's Guardians of the Galaxy
1788367736231,2026-09-02,2026-08-30,cerebralx1,522240,4,Pool Panic
1788368886987,2026-09-02,2026-08-30,alexwifi42,1272160,4,The Life and Suffering of Sir Brante
1788369393913,2026-09-02,2026-08-30,slay_da_b,1649240,4,Returnal™
1788369508967,2026-09-02,2026-08-30,alexwifi42,1631270,1,StarRupture
1788369570154,2026-09-02,2026-08-30,ragnar175,690640,4,Trine 4: The Nightmare Prince
1788370692103,2026-09-02,2026-08-30,alexwifi42,1623940,1,Bramble: The Mountain King
1788371330544,2026-09-02,2026-08-30,xiaoxiao9313,1410640,1,Syberia - The World Before
1788371401326,2026-09-02,2026-08-30,ragnar175,798460,4,Ni no Kuni Wrath of the White Witch Remastered
1788371494978,2026-09-02,2026-08-30,alexwifi42,532210,1,Life is Strange 2
1788371913481,2026-09-02,2026-08-30,operacional_cae,601360,1,Portal: Revolution
1788372030299,2026-09-02,2026-08-30,alexwifi42,1580970,1,Samorost 1
1788372236271,2026-09-02,2026-08-30,hopelessss_,2478970,1,Tomb Raider I-III Remastered Starring Lara Croft
1788372946366,2026-09-02,2026-08-30,alexwifi42,228300,1,Remember Me
1788373534060,2026-09-02,2026-08-30,alexwifi42,201810,1,Wolfenstein: The New Order
1788374414800,2026-09-02,2026-08-30,ivanpetrov32,3247750,4,Mycopunk
1788374551487,2026-09-02,2026-08-30,alyssrentori,21000,4,LEGO Batman: The Videogame
1788374707022,2026-09-02,2026-08-30,alexwifi42,9200,4,RAGE
1788374710173,2026-09-02,2026-08-30,player0451,522240,4,Pool Panic
1788375283944,2026-09-02,2026-08-30,alfims,1146310,4,Beyond a Steel Sky
1788375487065,2026-09-02,2026-08-30,alexwifi42,900040,1,ELEX II
1788375703426,2026-09-02,2026-08-30,operacional_cae,960910,1,Heavy Rain
1788375759932,2026-09-02,2026-08-30,puphik,1593500,1,God of War
1788376125252,2026-09-02,2026-08-30,dahhel,1920490,4,The Outer Worlds: Spacer's Choice Edition
1788376311543,2026-09-02,2026-08-30,hopelessss_,894020,1,Death's Door
1788376878788,2026-09-02,2026-08-30,valase,350640,2,Sherlock Holmes: The Devil's Daughter
1788376941946,2026-09-02,2026-08-30,alexwifi42,49520,1,Borderlands 2
1788377083783,2026-09-02,2026-08-30,hopelessss_,1815570,1,Aces and Adventures
1788377526161,2026-09-02,2026-08-30,thanossoul,21090,4,F.E.A.R.
1788377724778,2026-09-02,2026-08-30,hopelessss_,844590,1,Hypnospace Outlaw
1788377870772,2026-09-02,2026-08-30,alburldador,617290,4,Remnant: From the Ashes
1788377897874,2026-09-02,2026-08-30,alexwifi42,2149010,4,Little Nightmares Enhanced Edition
1788378021431,2026-09-02,2026-08-30,pika_gamy,792710,4,Levelhead
1788378953180,2026-09-02,2026-08-30,mori2323,13530,4,Prince of Persia: The Two Thrones
1788379327933,2026-09-02,2026-08-30,hopelessss_,1307580,1,TOEM
1788380484197,2026-09-02,2026-08-30,johnnymnemonics,2521380,4,Legacy of Kain Soul Reaver 1
1788380656209,2026-09-02,2026-08-30,pika_gamy,589360,4,Ni no Kuni II: Revenant Kingdom
1788381095019,2026-09-02,2026-08-30,johnnymnemonics,612880,4,Wolfenstein II: The New Colossus
1788381465553,2026-09-02,2026-08-30,pika_gamy,1108000,4,Children of Silentown
1788381948917,2026-09-02,2026-08-30,lmbs00,976310,4,Mortal Kombat 11
1788382230310,2026-09-02,2026-08-30,shadowladyex,1155970,4,Roadwarden
1788382586777,2026-09-02,2026-08-30,alburldador,1898290,4,LEGO Bricktales
1788383109420,2026-09-02,2026-08-30,johnnymnemonics,1139900,4,Ghostrunner
1788383158109,2026-09-02,2026-08-30,4gazmin4,1920490,4,The Outer Worlds: Spacer's Choice Edition
1788383465740,2026-09-02,2026-08-30,operacional_cae,2609610,1,CONVRGENCE
1788383900505,2026-09-02,2026-08-30,sassdrake,13500,1,Prince of Persia: Warrior Within
1788383981931,2026-09-02,2026-08-30,shadowladyex,1493640,4,Banishers: Ghosts of New Eden
1788384120279,2026-09-02,2026-08-30,player0451,3017860,4,DOOM: The Dark Ages
1788384555919,2026-09-02,2026-08-30,shadowladyex,651670,4,Star Renegades
1788384704144,2026-09-02,2026-08-30,valase,1920490,4,The Outer Worlds: Spacer's Choice Edition
1788384855052,2026-09-02,2026-08-30,johnnymnemonics,310560,4,DiRT Rally
1788385201042,2026-09-02,2026-08-30,operacional_cae,2933080,2,Crime Boss: Rockay City
1788385292858,2026-09-02,2026-08-30,alexwifi42,692890,2,Roboquest
1788385545296,2026-09-02,2026-08-30,madagascaradam,1493640,4,Banishers: Ghosts of New Eden
1788385815352,2026-09-02,2026-08-30,operacional_cae,32360,1,The Secret of Monkey Island: Special Edition
1788386172005,2026-09-02,2026-08-30,shadowladyex,312520,1,Rain World
1788386189292,2026-09-02,2026-08-30,player0451,461040,2,PICO PARK:Classic Edition
1788386319678,2026-09-02,2026-08-30,lovegamesandthings00000,1416960,1,Everafter Falls
1788386386034,2026-09-02,2026-08-30,madagascaradam,48000,4,LIMBO
1788386816911,2026-09-02,2026-08-30,ikaliayev,588650,4,Dead Cells
1788387238512,2026-09-02,2026-08-30,operacional_cae,21090,1,F.E.A.R.
1788388352727,2026-09-02,2026-08-30,hopelessss_,4000,1,Garry's Mod
1788388420734,2026-09-02,2026-08-30,pika_gamy,1087760,4,The Gunk
1788388813465,2026-09-02,2026-08-30,silent_luc,900040,4,ELEX II
1788388846418,2026-09-02,2026-08-30,snoopys030,990630,4,The Last Campfire
1788388983456,2026-09-02,2026-08-30,pika_gamy,393520,2,Iconoclasts
1788389499070,2026-09-02,2026-08-30,operacional_cae,1245430,1,Golden Light
1788390912350,2026-09-02,2026-08-30,lovegamesandthings00000,1647920,4,Valfaris: Mecha Therion
1788390938482,2026-09-02,2026-08-30,hopelessss_,220700,1,RPG Maker VX Ace
1788390994602,2026-09-02,2026-08-30,lmbs00,976310,4,Mortal Kombat 11
1788391106695,2026-09-02,2026-08-30,snoopys030,40720,4,Samorost 2
1788391275554,2026-09-02,2026-08-30,valase,227300,4,Euro Truck Simulator 2
1788391296541,2026-09-02,2026-08-30,thanossoul,360,4,Half-Life Deathmatch: Source
1788391721099,2026-09-02,2026-08-30,hopelessss_,2303350,1,Sticky Business
1788391792916,2026-09-02,2026-08-30,dahhel,1920490,4,The Outer Worlds: Spacer's Choice Edition
1788392638792,2026-09-02,2026-08-30,llucholba,367520,4,Hollow Knight
1788393099581,2026-09-02,2026-08-30,valase,1562430,4,DREDGE
1788393458149,2026-09-02,2026-08-30,dahhel,1920490,2,The Outer Worlds: Spacer's Choice Edition
1788393691485,2026-09-03,2026-08-30,valase,447020,4,Farming Simulator 17
1788394220557,2026-09-03,2026-08-30,snoopys030,1341820,4,As Dusk Falls
1788394507808,2026-09-03,2026-08-30,valase,227300,4,Euro Truck Simulator 2
1788394551688,2026-09-03,2026-08-30,silent_luc,524220,4,NieR:Automata
1788395049334,2026-09-03,2026-08-30,valase,1920490,4,The Outer Worlds: Spacer's Choice Edition
1788395073553,2026-09-03,2026-08-30,alyssrentori,311690,4,Enter the Gungeon
1788396023960,2026-09-03,2026-08-30,snoopys030,292030,4,The Witcher 3: Wild Hunt
1788396758212,2026-09-03,2026-08-30,player0451,2747770,3,Wednesdays
1788397303973,2026-09-03,2026-08-30,ikaliayev,312990,4,The Expendabros
1788398689131,2026-09-03,2026-08-30,xiaoxiao9313,449610,1,Monster Boy And The Cursed Kingdom
1788399275169,2026-09-03,2026-08-30,mori2323,48000,4,LIMBO
1788399401029,2026-09-03,2026-08-30,xiaoxiao9313,617290,4,Remnant: From the Ashes
1788399530486,2026-09-03,2026-08-30,shadowladyex,312520,4,Rain World
1788400280743,2026-09-03,2026-08-30,slay_da_b,1920490,4,The Outer Worlds: Spacer's Choice Edition
1788400451282,2026-09-03,2026-08-30,aswd002,1222140,4,Detroit: Become Human
1788401114440,2026-09-03,2026-08-30,mori2323,1255980,4,Portal Reloaded
1788401200545,2026-09-03,2026-08-30,xiaoxiao9313,815370,1,Green Hell
1788401433088,2026-09-03,2026-08-30,alyssrentori,765870,4,Leisure Suit Larry - Wet Dreams Don't Dry
1788402192815,2026-09-03,2026-08-30,madagascaradam,2747770,4,Wednesdays
1788402316630,2026-09-03,2026-08-30,lovegamesandthings00000,1145360,4,Hades
1788402984391,2026-09-03,2026-08-30,slay_da_b,377160,4,Fallout 4
1788403155091,2026-09-03,2026-08-30,xiaoxiao9313,2149010,1,Little Nightmares Enhanced Edition
1788403191929,2026-09-03,2026-08-30,aswd002,350970,4,Planet of the Eyes
1788404011986,2026-09-03,2026-08-30,xiaoxiao9313,1088850,1,Marvel's Guardians of the Galaxy
1788404237080,2026-09-03,2026-08-30,mori2323,48000,4,LIMBO
1788405043361,2026-09-03,2026-08-30,dahhel,1920490,3,The Outer Worlds: Spacer's Choice Edition
1788405121640,2026-09-03,2026-08-30,llucholba,247080,4,Crypt of the NecroDancer
1788405510491,2026-09-03,2026-08-30,slay_da_b,1493640,4,Banishers: Ghosts of New Eden
1788406472136,2026-09-03,2026-08-30,llucholba,1932570,4,Jaded
1788406508794,2026-09-03,2026-08-30,ragnar175,1222140,4,Detroit: Become Human
1788406694812,2026-09-03,2026-08-30,lovegamesandthings00000,429570,4,The Walking Dead: Michonne
1788407081430,2026-09-03,2026-08-30,thanossoul,1255980,4,Portal Reloaded
1788407254775,2026-09-03,2026-08-30,shadowladyex,312520,2,Rain World
1788407437049,2026-09-03,2026-08-30,ivanpetrov32,314790,4,Silence
1788407591777,2026-09-03,2026-08-30,xiaoxiao9313,394510,4,HELLDIVERS™
1788408035659,2026-09-03,2026-08-30,ragnar175,1462040,1,FINAL FANTASY VII REMAKE INTERGRADE
1788408175566,2026-09-03,2026-08-30,llucholba,916730,4,Gato Roboto
1788408330235,2026-09-03,2026-08-30,slay_da_b,1493640,4,Banishers: Ghosts of New Eden
1788408447535,2026-09-03,2026-08-30,puphik,320040,1,Moon Hunters
1788408576704,2026-09-03,2026-08-30,ivanpetrov32,976310,4,Mortal Kombat 11
1788408685954,2026-09-03,2026-08-30,ragnar175,377160,4,Fallout 4
1788408862430,2026-09-03,2026-08-30,alburldador,1272160,4,The Life and Suffering of Sir Brante
1788408893922,2026-09-03,2026-08-30,player0451,227300,3,Euro Truck Simulator 2
1788408940966,2026-09-03,2026-08-30,snoopys030,4138160,4,Kawaii Survivors
1788409417246,2026-09-03,2026-08-30,llucholba,449610,4,Monster Boy And The Cursed Kingdom
1788410058953,2026-09-03,2026-08-30,ragnar175,815370,4,Green Hell
1788410574321,2026-09-03,2026-08-30,mori2323,286080,4,Thinking with Time Machine
1788410869650,2026-09-03,2026-08-30,ragnar175,1577120,4,The Quarry
1788411072331,2026-09-03,2026-08-30,lovegamesandthings00000,1493640,4,Banishers: Ghosts of New Eden
1788411424011,2026-09-03,2026-08-30,alburldador,267530,4,The LEGO Movie - Videogame
1788412683668,2026-09-03,2026-08-30,xiaoxiao9313,617290,1,Remnant: From the Ashes
1788413030049,2026-09-03,2026-08-30,alburldador,4138160,4,Kawaii Survivors
1788413785316,2026-09-03,2026-08-30,johnnymnemonics,1458140,4,Pacific Drive
1788413912106,2026-09-03,2026-08-30,slay_da_b,1493640,4,Banishers: Ghosts of New Eden
1788414418053,2026-09-03,2026-08-30,alfims,360,4,Half-Life Deathmatch: Source
1788414905352,2026-09-03,2026-08-30,xiaoxiao9313,900040,1,ELEX II
1788415062348,2026-09-03,2026-08-30,hopelessss_,311190,1,Super Panda Adventures
1788416307804,2026-09-03,2026-08-30,xiaoxiao9313,9200,1,RAGE
1788416995049,2026-09-03,2026-08-30,lmbs00,976310,4,Mortal Kombat 11
1788417006986,2026-09-03,2026-08-30,pika_gamy,367520,4,Hollow Knight
1788417620827,2026-09-03,2026-08-30,whitepai,1593500,1,God of War
1788418342903,2026-09-03,2026-08-30,whitepai,350640,1,Sherlock Holmes: The Devil's Daughter
1788418424007,2026-09-03,2026-08-30,lmbs00,976310,4,Mortal Kombat 11
1788418646399,2026-09-03,2026-08-30,alfims,3247750,4,Mycopunk
1788419016934,2026-09-03,2026-08-30,whitepai,3699800,1,Akiiwan: Relaxing Survival Playtest
1788419174543,2026-09-03,2026-08-30,hopelessss_,46500,1,Syberia
1788419723707,2026-09-03,2026-08-30,whitepai,1146310,1,Beyond a Steel Sky
1788420556772,2026-09-03,2026-08-30,whitepai,40800,1,Super Meat Boy
1788420988725,2026-09-03,2026-08-30,yurigiu,1493640,4,Banishers: Ghosts of New Eden
1788421246234,2026-09-03,2026-08-30,alfims,976310,4,Mortal Kombat 11
1788421360012,2026-09-03,2026-08-30,hopelessss_,1401730,1,crashlands 2
1788421372649,2026-09-03,2026-08-30,slay_da_b,275850,4,No Man's Sky
1788422487184,2026-09-03,2026-08-30,whitepai,228380,1,Wreckfest
1788422549282,2026-09-03,2026-08-30,xiaoxiao9313,383120,1,Empyrion - Galactic Survival
1788423202959,2026-09-03,2026-08-30,alexwifi42,324800,1,Shadow Warrior 2
1788423477388,2026-09-03,2026-08-30,alfims,449960,4,Book of Demons
1788423495784,2026-09-03,2026-08-30,ikaliayev,1155970,4,Roadwarden
1788423570788,2026-09-03,2026-08-30,valase,1920490,4,The Outer Worlds: Spacer's Choice Edition
1788423576555,2026-09-03,2026-08-30,whitepai,505230,1,Pathologic 2
1788424642594,2026-09-03,2026-08-30,alexwifi42,731040,2,The Invincible
1788424781139,2026-09-03,2026-08-30,alfims,1593500,4,God of War
1788424895353,2026-09-03,2026-08-30,valase,1920490,4,The Outer Worlds: Spacer's Choice Edition
1788425481504,2026-09-03,2026-08-30,alexwifi42,350640,1,Sherlock Holmes: The Devil's Daughter
1788425674991,2026-09-03,2026-08-30,hopelessss_,2478970,1,Tomb Raider I-III Remastered Starring Lara Croft
1788426129713,2026-09-03,2026-08-30,alexwifi42,341940,1,Hatred
1788426455313,2026-09-03,2026-08-30,pika_gamy,238210,2,System Shock 2
1788426808513,2026-09-03,2026-08-30,operacional_cae,2525380,4,Tomb Raider IV-VI Remastered
1788426915573,2026-09-03,2026-08-30,alexwifi42,1343240,1,Thymesia
1788427125396,2026-09-03,2026-08-30,sassdrake,2478970,1,Tomb Raider I-III Remastered Starring Lara Croft
1788428102158,2026-09-03,2026-08-30,alfims,505230,4,Pathologic 2
1788428479355,2026-09-03,2026-08-30,alexwifi42,323190,1,Frostpunk
1788428522314,2026-09-03,2026-08-30,ivanpetrov32,601360,4,Portal: Revolution
1788428866267,2026-09-03,2026-08-30,puphik,46510,1,Syberia 2
1788429124233,2026-09-03,2026-08-30,alexwifi42,225080,1,Brothers - A Tale of Two Sons
1788430345447,2026-09-03,2026-08-30,operacional_cae,2525380,1,Tomb Raider IV-VI Remastered
1788430579627,2026-09-03,2026-08-30,alfims,1338580,2,McPixel 3
1788430735845,2026-09-03,2026-08-30,alexwifi42,1272160,1,The Life and Suffering of Sir Brante
1788430778134,2026-09-03,2026-08-30,xiaoxiao9313,524220,1,NieR:Automata
1788431004610,2026-09-03,2026-08-30,johnnymnemonics,548430,4,Deep Rock Galactic
1788431205340,2026-09-03,2026-08-30,silent_luc,9200,4,RAGE
1788432536886,2026-09-03,2026-08-30,pika_gamy,238210,2,System Shock 2
1788433513542,2026-09-03,2026-08-30,hopelessss_,792710,1,Levelhead
1788433678725,2026-09-03,2026-08-30,4gazmin4,1920490,4,The Outer Worlds: Spacer's Choice Edition
1788434198739,2026-09-03,2026-08-30,lovegamesandthings00000,763970,4,Leisure Suit Larry 1 - In the Land of the Lounge Lizards
1788434257714,2026-09-03,2026-08-30,xiaoxiao9313,1570010,4,FAR: Changing Tides
1788434651900,2026-09-03,2026-08-30,shadowladyex,651670,4,Star Renegades
1788435122882,2026-09-03,2026-08-30,xiaoxiao9313,1462040,1,FINAL FANTASY VII REMAKE INTERGRADE
1788435691647,2026-09-03,2026-08-30,shadowladyex,312520,4,Rain World
1788435763053,2026-09-03,2026-08-30,snoopys030,40720,4,Samorost 2
1788436344579,2026-09-03,2026-08-30,yurigiu,9200,4,RAGE
1788436434560,2026-09-03,2026-08-30,alexwifi42,609320,1,FAR: Lone Sails
1788437042028,2026-09-03,2026-08-30,alphonsoe,589360,4,Ni no Kuni II: Revenant Kingdom
1788437074907,2026-09-03,2026-08-30,lovegamesandthings00000,1227650,4,Bang-On Balls: Chronicles
1788438240822,2026-09-03,2026-08-30,operacional_cae,976310,2,Mortal Kombat 11
1788438277288,2026-09-03,2026-08-30,alphonsoe,798460,4,Ni no Kuni Wrath of the White Witch Remastered
1788438521593,2026-09-03,2026-08-30,pika_gamy,866140,2,Arise: A Simple Story
1788439105632,2026-09-03,2026-08-30,madagascaradam,314030,4,Guilty Gear X2 #Reload
1788439390670,2026-09-03,2026-08-30,alyssrentori,763970,4,Leisure Suit Larry 1 - In the Land of the Lounge Lizards
1788440876312,2026-09-03,2026-08-30,alphonsoe,275850,4,No Man's Sky
1788441227350,2026-09-03,2026-08-30,cerebralx1,2186680,4,Warhammer 40,000: Rogue Trader
1788441380121,2026-09-03,2026-08-30,alexwifi42,1623940,1,Bramble: The Mountain King
1788441399903,2026-09-03,2026-08-30,johnnymnemonics,2521380,4,Legacy of Kain Soul Reaver 1
1788441600848,2026-09-03,2026-08-30,thanossoul,314030,4,Guilty Gear X2 #Reload
1788442200979,2026-09-03,2026-08-30,cerebralx1,227300,4,Euro Truck Simulator 2
1788442215643,2026-09-03,2026-08-30,alexwifi42,524220,1,NieR:Automata
1788442611750,2026-09-03,2026-08-30,thanossoul,70,4,Half-Life
1788442808094,2026-09-03,2026-08-30,alphonsoe,1145360,4,Hades
1788443017042,2026-09-03,2026-08-30,cerebralx1,1999360,4,Placid Plastic Duck Simulator
1788443062247,2026-09-03,2026-08-30,lovegamesandthings00000,1085660,4,Destiny 2
1788443451129,2026-09-03,2026-08-30,4gazmin4,292030,4,The Witcher 3: Wild Hunt
1788443773087,2026-09-03,2026-08-30,cerebralx1,2521380,4,Legacy of Kain Soul Reaver 1
1788444014358,2026-09-03,2026-08-30,operacional_cae,870780,1,Control Ultimate Edition
1788444092005,2026-09-03,2026-08-30,alphonsoe,13500,4,Prince of Persia: Warrior Within
1788444102883,2026-09-03,2026-08-30,ivanpetrov32,203160,4,Tomb Raider
1788444748531,2026-09-03,2026-08-30,cerebralx1,522240,4,Pool Panic
1788444778762,2026-09-03,2026-08-30,alexwifi42,731040,1,The Invincible
1788444805261,2026-09-03,2026-08-30,mori2323,881100,2,Noita
1788446277291,2026-09-03,2026-08-30,alyssrentori,247080,4,Crypt of the NecroDancer
1788446288882,2026-09-03,2026-08-30,alexwifi42,424840,1,Little Nightmares
1788446355463,2026-09-03,2026-08-30,ivanpetrov32,48700,4,Mount
1788446407219,2026-09-03,2026-08-30,4gazmin4,1145360,4,Hades
1788446898765,2026-09-03,2026-08-30,shadowladyex,312520,3,Rain World
1788447001473,2026-09-03,2026-08-30,player0451,22380,4,Fallout: New Vegas
1788447154841,2026-09-03,2026-08-30,alfims,21090,4,F.E.A.R.
1788447417652,2026-09-03,2026-08-30,silent_luc,2347110,4,Quasimorph: End of Dream
1788447440018,2026-09-03,2026-08-30,xiaoxiao9313,9200,4,RAGE
1788448453981,2026-09-03,2026-08-30,alexwifi42,612880,1,Wolfenstein II: The New Colossus
1788449113471,2026-09-03,2026-08-30,alexwifi42,45760,1,Ultra Street Fighter IV
1788449329272,2026-09-03,2026-08-30,player0451,1794680,4,Vampire Survivors
1788449656823,2026-09-03,2026-08-30,johnnymnemonics,70,4,Half-Life
1788449883124,2026-09-03,2026-08-30,thanossoul,314030,4,Guilty Gear X2 #Reload
1788450365489,2026-09-03,2026-08-30,ikaliayev,2909400,4,FINAL FANTASY VII REBIRTH
1788451413891,2026-09-03,2026-08-30,lmbs00,976310,4,Mortal Kombat 11
1788451861824,2026-09-03,2026-08-30,pika_gamy,792710,2,Levelhead
1788452108879,2026-09-03,2026-08-30,alburldador,2747770,4,Wednesdays
1788452868119,2026-09-03,2026-08-30,player0451,343860,4,Tacoma
1788453097031,2026-09-03,2026-08-30,johnnymnemonics,2186680,4,Warhammer 40,000: Rogue Trader
1788453187101,2026-09-03,2026-08-30,dahhel,1920490,4,The Outer Worlds: Spacer's Choice Edition
1788453318640,2026-09-03,2026-08-30,hopelessss_,2561580,1,Horizon Zero Dawn™ Remastered
1788453683689,2026-09-03,2026-08-30,lmbs00,976310,4,Mortal Kombat 11
1788453746894,2026-09-03,2026-08-30,cerebralx1,45760,4,Ultra Street Fighter IV
1788454048856,2026-09-03,2026-08-30,somemarblesfriday,1649240,4,Returnal™
1788454288148,2026-09-03,2026-08-30,dahhel,1920490,4,The Outer Worlds: Spacer's Choice Edition
1788454831373,2026-09-03,2026-08-30,alyssrentori,1084640,4,Chicken Police
1788455153927,2026-09-03,2026-08-30,hopelessss_,360,1,Half-Life Deathmatch: Source
1788455380108,2026-09-03,2026-08-30,ikaliayev,1593500,4,God of War
1788455653815,2026-09-03,2026-08-30,alexwifi42,1577120,1,The Quarry
1788456331057,2026-09-03,2026-08-30,alburldador,314790,4,Silence
1788456664979,2026-09-03,2026-08-30,player0451,505230,2,Pathologic 2
1788456955925,2026-09-03,2026-08-30,puphik,960910,1,Heavy Rain
1788457146655,2026-09-03,2026-08-30,xiaoxiao9313,1343240,4,Thymesia
1788458629459,2026-09-03,2026-08-30,lovegamesandthings00000,782330,4,DOOM Eternal
1788458883956,2026-09-03,2026-08-30,yurigiu,2073850,4,THE FINALS
1788460324416,2026-09-03,2026-08-30,hopelessss_,916730,1,Gato Roboto
1788460742775,2026-09-03,2026-08-30,alexwifi42,244210,1,Assetto Corsa
1788460892294,2026-09-03,2026-08-30,hopelessss_,227300,1,Euro Truck Simulator 2
1788460972223,2026-09-03,2026-08-30,silent_luc,4138160,4,Kawaii Survivors
1788461554564,2026-09-03,2026-08-30,alburldador,552500,4,Warhammer: Vermintide 2
1788461620616,2026-09-03,2026-08-30,4gazmin4,1343240,1,Thymesia
1788461922351,2026-09-03,2026-08-30,ivanpetrov32,292030,4,The Witcher 3: Wild Hunt
1788462118042,2026-09-03,2026-08-30,ikaliayev,2186680,4,Warhammer 40,000: Rogue Trader
1788462600279,2026-09-03,2026-08-30,hopelessss_,1146310,1,Beyond a Steel Sky
1788462652558,2026-09-03,2026-08-30,shadowladyex,894020,4,Death's Door
1788462801553,2026-09-03,2026-08-30,lmbs00,976310,4,Mortal Kombat 11
1788463538377,2026-09-03,2026-08-30,hopelessss_,57740,1,Jagged Alliance - Back in Action
1788463794568,2026-09-03,2026-08-30,ikaliayev,1061910,4,Metal: Hellsinger
1788463828221,2026-09-03,2026-08-30,alyssrentori,42890,4,Sword of the Stars Complete Collection
1788464248710,2026-09-03,2026-08-30,hopelessss_,1082180,1,TT Isle of Man: Ride on the Edge 2
1788464800169,2026-09-03,2026-08-30,hopelessss_,13500,1,Prince of Persia: Warrior Within
1788465028006,2026-09-03,2026-08-30,alexwifi42,1343240,1,Thymesia
1788465086555,2026-09-03,2026-08-30,llucholba,1647920,4,Valfaris: Mecha Therion
1788465810150,2026-09-03,2026-08-30,thanossoul,505230,4,Pathologic 2
1788465889989,2026-09-03,2026-08-30,hopelessss_,424840,1,Little Nightmares
1788466252067,2026-09-03,2026-08-30,johnnymnemonics,1139900,4,Ghostrunner
1788466479529,2026-09-03,2026-08-30,puphik,2471690,1,Stress Chess
1788466950916,2026-09-03,2026-08-30,dahhel,1920490,4,The Outer Worlds: Spacer's Choice Edition
1788467524346,2026-09-03,2026-08-30,alburldador,976310,4,Mortal Kombat 11
1788467881097,2026-09-03,2026-08-30,johnnymnemonics,1649240,1,Returnal™
1788468100347,2026-09-03,2026-08-30,valase,1920490,4,The Outer Worlds: Spacer's Choice Edition
1788468675161,2026-09-03,2026-08-30,pika_gamy,367520,2,Hollow Knight
1788469741049,2026-09-03,2026-08-30,alyssrentori,763970,4,Leisure Suit Larry 1 - In the Land of the Lounge Lizards
1788470845808,2026-09-03,2026-08-30,llucholba,858710,4,Gravity Circuit
1788470908190,2026-09-03,2026-08-30,alexwifi42,48000,1,LIMBO
1788471027667,2026-09-03,2026-08-30,lovegamesandthings00000,1255980,4,Portal Reloaded
1788471345173,2026-09-03,2026-08-30,mori2323,498240,4,Batman - The Telltale Series
1788472340445,2026-09-03,2026-08-30,mori2323,1084640,4,Chicken Police
1788472950555,2026-09-03,2026-08-30,dahhel,1920490,4,The Outer Worlds: Spacer's Choice Edition
1788473308797,2026-09-03,2026-08-30,mori2323,21000,4,LEGO Batman: The Videogame
1788473416988,2026-09-03,2026-08-30,alexwifi42,48000,1,LIMBO
1788473550207,2026-09-03,2026-08-30,cerebralx1,976310,4,Mortal Kombat 11
1788473901393,2026-09-03,2026-08-30,pika_gamy,690640,2,Trine 4: The Nightmare Prince
1788474865420,2026-09-03,2026-08-30,llucholba,4138160,4,Kawaii Survivors
1788474866935,2026-09-03,2026-08-30,madagascaradam,866140,4,Arise: A Simple Story
1788475330663,2026-09-03,2026-08-30,silent_luc,1088850,4,Marvel's Guardians of the Galaxy
1788475482476,2026-09-03,2026-08-30,alyssrentori,763970,4,Leisure Suit Larry 1 - In the Land of the Lounge Lizards
1788475734695,2026-09-03,2026-08-30,snoopys030,275850,4,No Man's Sky
1788475842535,2026-09-03,2026-08-30,player0451,1424600,4,Verne: The Shape of Fantasy
1788475883657,2026-09-03,2026-08-30,alexwifi42,524220,1,NieR:Automata
1788475998318,2026-09-03,2026-08-30,silent_luc,268500,4,XCOM 2
1788476667260,2026-09-03,2026-08-30,madagascaradam,2513280,4,SONIC X SHADOW GENERATIONS
1788476846579,2026-09-03,2026-08-30,snoopys030,433340,4,Slime Rancher
1788477347105,2026-09-03,2026-08-30,pika_gamy,2005010,4,Warhammer 40,000: Boltgun
1788477499035,2026-09-03,2026-08-30,snoopys030,238210,4,System Shock 2
1788477545872,2026-09-03,2026-08-30,silent_luc,1918450,4,HunterX
1788477679315,2026-09-03,2026-08-30,xiaoxiao9313,1088850,4,Marvel's Guardians of the Galaxy
1788478052613,2026-09-03,2026-08-30,llucholba,40720,4,Samorost 2
1788478486095,2026-09-03,2026-08-30,dahhel,1920490,4,The Outer Worlds: Spacer's Choice Edition
1788478642881,2026-09-03,2026-08-30,silent_luc,1282100,4,Remnant II
1788478704092,2026-09-03,2026-08-30,pika_gamy,1145360,2,Hades
1788478872621,2026-09-03,2026-08-30,madagascaradam,1493640,4,Banishers: Ghosts of New Eden
1788479245804,2026-09-03,2026-08-30,ikaliayev,1272160,4,The Life and Suffering of Sir Brante
1788479432274,2026-09-03,2026-08-30,snoopys030,866800,4,The Walking Dead: The Final Season
1788480659414,2026-09-04,2026-08-30,player0451,774241,2,Warhammer: Chaosbane
1788480691378,2026-09-04,2026-08-30,hopelessss_,1593500,1,God of War
1788480989954,2026-09-04,2026-08-30,ikaliayev,1462040,4,FINAL FANTASY VII REMAKE INTERGRADE
1788482811560,2026-09-04,2026-08-30,shadowladyex,312520,4,Rain World
1788483083724,2026-09-04,2026-08-30,ikaliayev,1815570,4,Aces and Adventures
1788483258485,2026-09-04,2026-08-30,lovegamesandthings00000,1593500,4,God of War
1788483413722,2026-09-04,2026-08-30,valase,1920490,4,The Outer Worlds: Spacer's Choice Edition
1788484065356,2026-09-04,2026-08-30,hopelessss_,798460,1,Ni no Kuni Wrath of the White Witch Remastered
1788484688460,2026-09-04,2026-08-30,valase,1920490,1,The Outer Worlds: Spacer's Choice Edition
1788485193784,2026-09-04,2026-08-30,player0451,115100,2,Costume Quest
1788485259329,2026-09-04,2026-08-30,4gazmin4,1343240,4,Thymesia
1788485298810,2026-09-04,2026-08-30,silent_luc,367520,3,Hollow Knight
1788485308899,2026-09-04,2026-08-30,lmbs00,976310,4,Mortal Kombat 11
1788485506770,2026-09-04,2026-08-30,shadowladyex,312520,2,Rain World
1788486829589,2026-09-04,2026-08-30,xiaoxiao9313,1462040,4,FINAL FANTASY VII REMAKE INTERGRADE
1788486971757,2026-09-04,2026-08-30,4gazmin4,1146310,4,Beyond a Steel Sky
1788487107849,2026-09-04,2026-08-30,lmbs00,976310,4,Mortal Kombat 11
1788487851370,2026-09-04,2026-08-30,lovegamesandthings00000,1401730,4,crashlands 2
1788488190420,2026-09-04,2026-08-30,4gazmin4,1920490,4,The Outer Worlds: Spacer's Choice Edition
1788488507952,2026-09-04,2026-08-30,thanossoul,1084640,4,Chicken Police
1788488619499,2026-09-04,2026-08-30,slay_da_b,275850,4,No Man's Sky
1788489241371,2026-09-04,2026-08-30,lovegamesandthings00000,42890,1,Sword of the Stars Complete Collection
1788489298991,2026-09-04,2026-08-30,madagascaradam,815370,4,Green Hell
1788489684559,2026-09-04,2026-08-30,dahhel,1920490,4,The Outer Worlds: Spacer's Choice Edition
1788491473406,2026-09-04,2026-08-30,ikaliayev,589360,4,Ni no Kuni II: Revenant Kingdom
1788491493370,2026-09-04,2026-08-30,shadowladyex,312520,2,Rain World
1788492308051,2026-09-04,2026-08-30,thanossoul,22380,4,Fallout: New Vegas
1788492635402,2026-09-04,2026-08-30,llucholba,238210,1,System Shock 2
1788494131773,2026-09-04,2026-08-30,puphik,203160,1,Tomb Raider
1788494563787,2026-09-04,2026-08-30,slay_da_b,2186680,4,Warhammer 40,000: Rogue Trader
1788494719401,2026-09-04,2026-08-30,mori2323,2561580,1,Horizon Zero Dawn™ Remastered
1788495486601,2026-09-04,2026-08-30,ivanpetrov32,2521380,4,Legacy of Kain Soul Reaver 1
1788495706849,2026-09-04,2026-08-30,llucholba,791470,1,DYO
1788496421499,2026-09-04,2026-08-30,alburldador,247080,4,Crypt of the NecroDancer
1788496655008,2026-09-04,2026-08-30,slay_da_b,1139900,4,Ghostrunner
1788496856060,2026-09-04,2026-08-30,ivanpetrov32,765870,4,Leisure Suit Larry - Wet Dreams Don't Dry
1788497829374,2026-09-04,2026-08-30,snoopys030,1681430,4,RoboCop: Rogue City
1788498087498,2026-09-04,2026-08-30,alburldador,2747770,4,Wednesdays
1788498317727,2026-09-04,2026-08-30,slay_da_b,1493640,4,Banishers: Ghosts of New Eden
1788498935116,2026-09-04,2026-08-30,dahhel,1920490,2,The Outer Worlds: Spacer's Choice Edition
1788499007637,2026-09-04,2026-08-30,ivanpetrov32,3986690,3,Ariana and the Elder Codex
1788499520911,2026-09-04,2026-08-30,ragnar175,3247750,4,Mycopunk
1788499655372,2026-09-04,2026-08-30,calypso_ba,360,4,Half-Life Deathmatch: Source
1788500197857,2026-09-04,2026-08-30,alyssrentori,1146310,4,Beyond a Steel Sky
1788500782619,2026-09-04,2026-08-30,pika_gamy,1222140,2,Detroit: Become Human
1788502293386,2026-09-04,2026-08-30,pika_gamy,360,2,Half-Life Deathmatch: Source
1788502815711,2026-09-04,2026-08-30,madagascaradam,512900,4,Streets of Rogue
1788504020551,2026-09-04,2026-08-30,ragnar175,360,4,Half-Life Deathmatch: Source
1788504258509,2026-09-04,2026-08-30,slay_da_b,9200,4,RAGE
1788506692048,2026-09-04,2026-08-30,sassdrake,1282100,1,Remnant II
1788507733491,2026-09-04,2026-08-30,hopelessss_,1255980,1,Portal Reloaded
1788509762507,2026-09-04,2026-08-30,whitepai,40800,1,Super Meat Boy
1788510585936,2026-09-04,2026-08-30,hopelessss_,70,1,Half-Life
1788510736976,2026-09-04,2026-08-30,whitepai,1132980,1,There Is No Light
1788510970345,2026-09-04,2026-08-30,yurigiu,312520,4,Rain World
1788511142791,2026-09-04,2026-08-30,hopelessss_,227300,1,Euro Truck Simulator 2
1788511341523,2026-09-04,2026-08-30,whitepai,40800,1,Super Meat Boy
1788511516029,2026-09-04,2026-08-30,operacional_cae,870780,4,Control Ultimate Edition
1788511976588,2026-09-04,2026-08-30,whitepai,866800,1,The Walking Dead: The Final Season
1788512330595,2026-09-04,2026-08-30,operacional_cae,13500,4,Prince of Persia: Warrior Within
1788512375378,2026-09-04,2026-08-30,hopelessss_,960910,1,Heavy Rain
1788512800429,2026-09-04,2026-08-30,whitepai,4836540,1,Company of Heroes 3: Final Stand
1788513536250,2026-09-04,2026-08-30,sassdrake,292030,1,The Witcher 3: Wild Hunt
1788513798198,2026-09-04,2026-08-30,operacional_cae,505230,4,Pathologic 2
1788514068885,2026-09-04,2026-08-30,hopelessss_,1061910,1,Metal: Hellsinger
1788514080906,2026-09-04,2026-08-30,whitepai,695100,1,Smoke and Sacrifice
1788514372398,2026-09-04,2026-08-30,yurigiu,1432850,4,Farewell North
1788515615594,2026-09-04,2026-08-30,operacional_cae,377160,4,Fallout 4
1788516004822,2026-09-04,2026-08-30,silent_luc,1282100,4,Remnant II
1788516169453,2026-09-04,2026-08-30,alexwifi42,208650,2,Batman: Arkham Knight
1788516286388,2026-09-04,2026-08-30,whitepai,13530,1,Prince of Persia: The Two Thrones
1788516468206,2026-09-04,2026-08-30,yurigiu,651670,4,Star Renegades
1788516821405,2026-09-04,2026-08-30,whitepai,1458140,1,Pacific Drive
1788516822823,2026-09-04,2026-08-30,alexwifi42,323190,1,Frostpunk
1788516994322,2026-09-04,2026-08-30,pika_gamy,49520,2,Borderlands 2
1788517300038,2026-09-04,2026-08-30,johnnymnemonics,2051620,4,Enlisted
1788517429446,2026-09-04,2026-08-30,whitepai,2747770,1,Wednesdays
1788517735464,2026-09-04,2026-08-30,alexwifi42,49520,1,Borderlands 2
1788517972469,2026-09-04,2026-08-30,puphik,343860,1,Tacoma
1788518035441,2026-09-04,2026-08-30,whitepai,881100,1,Noita
1788518168035,2026-09-04,2026-08-30,silent_luc,9200,4,RAGE
1788518422980,2026-09-04,2026-08-30,hopelessss_,976310,1,Mortal Kombat 11
1788518930410,2026-09-04,2026-08-30,hopelessss_,601360,1,Portal: Revolution
1788519011932,2026-09-04,2026-08-30,johnnymnemonics,1139900,4,Ghostrunner
1788519180284,2026-09-04,2026-08-30,whitepai,1227650,1,Bang-On Balls: Chronicles
1788519264643,2026-09-04,2026-08-30,alphonsoe,292030,4,The Witcher 3: Wild Hunt
1788519411496,2026-09-04,2026-08-30,alexwifi42,1577250,1,The Chant
1788519909416,2026-09-04,2026-08-30,alexwifi42,40720,1,Samorost 2
1788519952409,2026-09-04,2026-08-30,hopelessss_,498240,1,Batman - The Telltale Series
1788519969313,2026-09-04,2026-08-30,alphonsoe,292030,4,The Witcher 3: Wild Hunt
1788520036142,2026-09-04,2026-08-30,whitepai,866140,1,Arise: A Simple Story
1788520656526,2026-09-04,2026-08-30,alphonsoe,275850,4,No Man's Sky
1788520901822,2026-09-04,2026-08-30,whitepai,40800,1,Super Meat Boy
1788521351600,2026-09-04,2026-08-30,alphonsoe,32460,4,Monkey Island 2: Special Edition
1788521657483,2026-09-04,2026-08-30,hopelessss_,243160,1,Mushroom 11
1788522457709,2026-09-04,2026-08-30,hopelessss_,916730,1,Gato Roboto
1788522688602,2026-09-04,2026-08-30,valase,433340,4,Slime Rancher
1788522742784,2026-09-04,2026-08-30,alphonsoe,275850,4,No Man's Sky
1788522797232,2026-09-04,2026-08-30,yurigiu,314790,4,Silence
1788522895684,2026-09-04,2026-08-30,operacional_cae,1577250,4,The Chant
1788523444988,2026-09-04,2026-08-30,operacional_cae,292030,4,The Witcher 3: Wild Hunt
1788523754578,2026-09-04,2026-08-30,xiaoxiao9313,870780,1,Control Ultimate Edition
1788523769740,2026-09-04,2026-08-30,yurigiu,2933080,4,Crime Boss: Rockay City
1788524028747,2026-09-04,2026-08-30,lovegamesandthings00000,46490,4,Still Life 2
1788524495171,2026-09-04,2026-08-30,calypso_ba,1076200,4,Roguebook
1788527256906,2026-09-04,2026-08-30,alphonsoe,275850,3,No Man's Sky
1788527294587,2026-09-04,2026-08-30,ivanpetrov32,360,4,Half-Life Deathmatch: Source
1788527382053,2026-09-04,2026-08-30,madagascaradam,394510,4,HELLDIVERS™
1788527450356,2026-09-04,2026-08-30,cerebralx1,1593500,4,God of War
1788527522409,2026-09-04,2026-08-30,thanossoul,247080,4,Crypt of the NecroDancer
1788527976408,2026-09-04,2026-08-30,lovegamesandthings00000,651670,1,Star Renegades
1788528219553,2026-09-04,2026-08-30,cerebralx1,1145360,4,Hades
1788528615114,2026-09-04,2026-08-30,operacional_cae,268910,1,Cuphead
1788528765729,2026-09-04,2026-08-30,madagascaradam,612880,4,Wolfenstein II: The New Colossus
1788528957592,2026-09-04,2026-08-30,cerebralx1,1145360,4,Hades
1788528964647,2026-09-04,2026-08-30,alexwifi42,1577120,1,The Quarry
1788529380416,2026-09-04,2026-08-30,thanossoul,1898290,4,LEGO Bricktales
1788529464796,2026-09-04,2026-08-30,cerebralx1,449960,4,Book of Demons
1788529517351,2026-09-04,2026-08-30,johnnymnemonics,2347110,4,Quasimorph: End of Dream
1788529666094,2026-09-04,2026-08-30,alexwifi42,1088850,1,Marvel's Guardians of the Galaxy
1788530916975,2026-09-04,2026-08-30,xiaoxiao9313,1088850,4,Marvel's Guardians of the Galaxy
1788530984760,2026-09-04,2026-08-30,ivanpetrov32,1139900,4,Ghostrunner
1788531284381,2026-09-04,2026-08-30,player0451,1593500,4,God of War
1788531405714,2026-09-04,2026-08-30,alexwifi42,48700,1,Mount
1788531484488,2026-09-04,2026-08-30,yurigiu,601360,4,Portal: Revolution
1788531748194,2026-09-04,2026-08-30,xiaoxiao9313,2478970,4,Tomb Raider I-III Remastered Starring Lara Croft
1788532636161,2026-09-04,2026-08-30,slay_da_b,9200,4,RAGE
1788533297547,2026-09-04,2026-08-30,mori2323,1145360,4,Hades
1788533492953,2026-09-04,2026-08-30,lmbs00,976310,4,Mortal Kombat 11
1788533665152,2026-09-04,2026-08-30,johnnymnemonics,360,4,Half-Life Deathmatch: Source
1788533863616,2026-09-04,2026-08-30,operacional_cae,238210,1,System Shock 2
1788533986746,2026-09-04,2026-08-30,alexwifi42,203160,1,Tomb Raider
1788534375789,2026-09-04,2026-08-30,mori2323,70,4,Half-Life
1788534756891,2026-09-04,2026-08-30,player0451,377160,4,Fallout 4
1788534955517,2026-09-04,2026-08-30,mori2323,1222140,4,Detroit: Become Human
1788535866525,2026-09-04,2026-08-30,mori2323,1255980,4,Portal Reloaded
1788535893647,2026-09-04,2026-08-30,lmbs00,976310,4,Mortal Kombat 11
1788536049406,2026-09-04,2026-08-30,alexwifi42,1681430,1,RoboCop: Rogue City
1788536116022,2026-09-04,2026-08-30,johnnymnemonics,1593500,3,God of War
1788536318184,2026-09-04,2026-08-30,thanossoul,13500,4,Prince of Persia: Warrior Within
1788536612832,2026-09-04,2026-08-30,silent_luc,524220,4,NieR:Automata
1788537340884,2026-09-04,2026-08-30,llucholba,1593500,4,God of War
1788537594173,2026-09-04,2026-08-30,alexwifi42,323190,1,Frostpunk
1788537779821,2026-09-04,2026-08-30,lmbs00,976310,4,Mortal Kombat 11
1788539232923,2026-09-04,2026-08-30,yurigiu,275850,4,No Man's Sky
1788539386550,2026-09-04,2026-08-30,alburldador,588430,4,Fallout Shelter
1788542095384,2026-09-04,2026-08-30,dahhel,1920490,4,The Outer Worlds: Spacer's Choice Edition
1788542223973,2026-09-04,2026-08-30,player0451,1918450,4,HunterX
1788542390003,2026-09-04,2026-08-30,llucholba,1722800,4,Colossus - Eternal Blight
1788542758534,2026-09-04,2026-08-30,ikaliayev,1155970,4,Roadwarden
1788543296778,2026-09-04,2026-08-30,hopelessss_,232770,1,POSTAL
1788543316089,2026-09-04,2026-08-30,dahhel,1920490,4,The Outer Worlds: Spacer's Choice Edition
1788543817369,2026-09-04,2026-08-30,ivanpetrov32,360,4,Half-Life Deathmatch: Source
1788543987325,2026-09-04,2026-08-30,slay_da_b,1920490,4,The Outer Worlds: Spacer's Choice Edition
1788544062168,2026-09-04,2026-08-30,alburldador,238210,4,System Shock 2
1788544634077,2026-09-04,2026-08-30,dahhel,1920490,4,The Outer Worlds: Spacer's Choice Edition
1788545838503,2026-09-04,2026-08-30,dahhel,1920490,1,The Outer Worlds: Spacer's Choice Edition
1788546354604,2026-09-04,2026-08-30,valase,1920490,4,The Outer Worlds: Spacer's Choice Edition
1788546512904,2026-09-04,2026-08-30,johnnymnemonics,1577120,3,The Quarry
1788547319690,2026-09-04,2026-08-30,silent_luc,524220,4,NieR:Automata
1788548026248,2026-09-04,2026-08-30,alexwifi42,1577250,1,The Chant
1788548908132,2026-09-04,2026-08-30,ikaliayev,1803400,4,Beneath Oresa
1788549231448,2026-09-04,2026-08-30,alyssrentori,247080,4,Crypt of the NecroDancer
1788549348719,2026-09-04,2026-08-30,lovegamesandthings00000,1145360,4,Hades
1788549462628,2026-09-04,2026-08-30,pika_gamy,1328840,2,Lost in Play
1788549467817,2026-09-04,2026-08-30,madagascaradam,48000,4,LIMBO
1788549530253,2026-09-04,2026-08-30,lmbs00,976310,4,Mortal Kombat 11
1788549835886,2026-09-04,2026-08-30,valase,1920490,4,The Outer Worlds: Spacer's Choice Edition
1788549847895,2026-09-04,2026-08-30,cerebralx1,449960,4,Book of Demons
1788550428948,2026-09-04,2026-08-30,player0451,1920490,4,The Outer Worlds: Spacer's Choice Edition
1788550469667,2026-09-04,2026-08-30,alburldador,2747770,4,Wednesdays
1788551024692,2026-09-04,2026-08-30,thanossoul,1145360,4,Hades
1788551094711,2026-09-04,2026-08-30,pika_gamy,203160,4,Tomb Raider
1788551274462,2026-09-04,2026-08-30,alexwifi42,1428100,1,Instruments of Destruction
1788551495033,2026-09-04,2026-08-30,operacional_cae,70,1,Half-Life
1788551548128,2026-09-04,2026-08-30,madagascaradam,243160,4,Mushroom 11
1788552533760,2026-09-04,2026-08-30,puphik,866800,1,The Walking Dead: The Final Season
1788552955780,2026-09-04,2026-08-30,yurigiu,498240,4,Batman - The Telltale Series
1788552965398,2026-09-04,2026-08-30,alexwifi42,524220,1,NieR:Automata
1788553289923,2026-09-04,2026-08-30,johnnymnemonics,2933080,2,Crime Boss: Rockay City
1788553497147,2026-09-04,2026-08-30,cerebralx1,798460,4,Ni no Kuni Wrath of the White Witch Remastered
1788553961367,2026-09-04,2026-08-30,player0451,32360,3,The Secret of Monkey Island: Special Edition
1788553990151,2026-09-04,2026-08-30,shadowladyex,312520,4,Rain World
1788554958763,2026-09-04,2026-08-30,whitepai,1647920,1,Valfaris: Mecha Therion
1788555024106,2026-09-04,2026-08-30,shadowladyex,312520,4,Rain World
1788555364783,2026-09-04,2026-08-30,alexwifi42,870780,1,Control Ultimate Edition
1788556709525,2026-09-04,2026-08-30,shadowladyex,651670,4,Star Renegades
1788556727209,2026-09-04,2026-08-30,ikaliayev,1593500,4,God of War
1788556912295,2026-09-04,2026-08-30,alburldador,1145360,4,Hades
1788557219276,2026-09-04,2026-08-30,alexwifi42,1593500,1,God of War
1788557291587,2026-09-04,2026-08-30,valase,1920490,4,The Outer Worlds: Spacer's Choice Edition
1788557941595,2026-09-04,2026-08-30,alexwifi42,48000,1,LIMBO
1788558454820,2026-09-04,2026-08-30,shadowladyex,312520,4,Rain World
1788559450678,2026-09-04,2026-08-30,llucholba,360,4,Half-Life Deathmatch: Source
1788559661938,2026-09-04,2026-08-30,johnnymnemonics,203160,1,Tomb Raider
1788559943552,2026-09-04,2026-08-30,alexwifi42,9200,1,RAGE
1788560259851,2026-09-04,2026-08-30,lovegamesandthings00000,292030,1,The Witcher 3: Wild Hunt
1788560726488,2026-09-04,2026-08-30,alexwifi42,1898290,1,LEGO Bricktales
1788560791321,2026-09-04,2026-08-30,valase,1920490,4,The Outer Worlds: Spacer's Choice Edition
1788561026489,2026-09-04,2026-08-30,shadowladyex,312520,4,Rain World
1788561741922,2026-09-04,2026-08-30,alyssrentori,57740,4,Jagged Alliance - Back in Action
1788561823876,2026-09-04,2026-08-30,lmbs00,976310,4,Mortal Kombat 11
1788562123520,2026-09-04,2026-08-30,alexwifi42,990630,3,The Last Campfire
1788565414491,2026-09-04,2026-08-30,thanossoul,1088850,4,Marvel's Guardians of the Galaxy
1788565469844,2026-09-04,2026-08-30,snoopys030,976310,4,Mortal Kombat 11
1788565590760,2026-09-04,2026-08-30,pika_gamy,1898290,4,LEGO Bricktales
1788565656655,2026-09-04,2026-08-30,dahhel,1920490,4,The Outer Worlds: Spacer's Choice Edition
1788565685385,2026-09-04,2026-08-30,llucholba,238210,3,System Shock 2
1788566112918,2026-09-04,2026-08-30,mori2323,1145360,4,Hades
1788566148583,2026-09-04,2026-08-30,lovegamesandthings00000,13500,4,Prince of Persia: Warrior Within
1788566675141,2026-09-05,2026-08-30,silent_luc,524220,4,NieR:Automata
1788567540159,2026-09-05,2026-08-30,pika_gamy,449610,2,Monster Boy And The Cursed Kingdom
1788568870932,2026-09-05,2026-08-30,pika_gamy,379720,4,DOOM
1788569270663,2026-09-05,2026-08-30,snoopys030,292030,4,The Witcher 3: Wild Hunt
1788569929194,2026-09-05,2026-08-30,lovegamesandthings00000,449610,1,Monster Boy And The Cursed Kingdom
1788570249652,2026-09-05,2026-08-30,player0451,1071130,1,The Procession to Calvary
1788570823931,2026-09-05,2026-08-30,snoopys030,1462040,4,FINAL FANTASY VII REMAKE INTERGRADE
1788571547021,2026-09-05,2026-08-30,hopelessss_,292030,1,The Witcher 3: Wild Hunt
1788571559974,2026-09-05,2026-08-30,snoopys030,2186680,4,Warhammer 40,000: Rogue Trader
1788571828692,2026-09-05,2026-08-30,lmbs00,976310,4,Mortal Kombat 11
1788572105281,2026-09-05,2026-08-30,valase,1920490,4,The Outer Worlds: Spacer's Choice Edition
1788572123582,2026-09-05,2026-08-30,hopelessss_,9200,1,RAGE
1788572674217,2026-09-05,2026-08-30,hopelessss_,1139900,1,Ghostrunner
1788572835288,2026-09-05,2026-08-30,snoopys030,292030,4,The Witcher 3: Wild Hunt
1788573820349,2026-09-05,2026-08-30,hopelessss_,3806420,1,I Eat Paintings When Guards Aren't Looking
1788573898056,2026-09-05,2026-08-30,lovegamesandthings00000,1462040,1,FINAL FANTASY VII REMAKE INTERGRADE
1788574055586,2026-09-05,2026-08-30,shadowladyex,312520,3,Rain World
1788574452741,2026-09-05,2026-08-30,hopelessss_,1462040,1,FINAL FANTASY VII REMAKE INTERGRADE
1788574642992,2026-09-05,2026-08-30,mori2323,1593500,4,God of War
1788574687353,2026-09-05,2026-08-30,slay_da_b,9200,4,RAGE
1788575897535,2026-09-05,2026-08-30,slay_da_b,1920490,4,The Outer Worlds: Spacer's Choice Edition
1788576673874,2026-09-05,2026-08-30,snoopys030,1593500,4,God of War
1788576989420,2026-09-05,2026-08-30,dahhel,1920490,4,The Outer Worlds: Spacer's Choice Edition
1788577246531,2026-09-05,2026-08-30,slay_da_b,1920490,4,The Outer Worlds: Spacer's Choice Edition
1788578698574,2026-09-05,2026-08-30,slay_da_b,1920490,4,The Outer Worlds: Spacer's Choice Edition
1788579145985,2026-09-05,2026-08-30,player0451,1920490,3,The Outer Worlds: Spacer's Choice Edition
1788579704694,2026-09-05,2026-08-30,thanossoul,976310,4,Mortal Kombat 11
1788581010099,2026-09-05,2026-08-30,xiaoxiao9313,9200,4,RAGE
1788581032334,2026-09-05,2026-08-30,dahhel,1920490,2,The Outer Worlds: Spacer's Choice Edition
1788581082340,2026-09-05,2026-08-30,madagascaradam,363860,4,MythForce
1788581704157,2026-09-05,2026-08-30,ikaliayev,976310,4,Mortal Kombat 11
1788584451905,2026-09-05,2026-09-06,ivanpetrov32,363860,4,MythForce
1788585012667,2026-09-05,2026-09-06,mori2323,696480,4,The Norwood Suite
1788585028616,2026-09-05,2026-09-06,alphonsoe,2909400,4,FINAL FANTASY VII REBIRTH
1788585059725,2026-09-05,2026-09-06,madagascaradam,1437400,4,Salt and Sacrifice
1788585819489,2026-09-05,2026-09-06,alphonsoe,1462040,4,FINAL FANTASY VII REMAKE INTERGRADE
1788586405092,2026-09-05,2026-09-06,llucholba,696480,4,The Norwood Suite
1788586744229,2026-09-05,2026-09-06,ivanpetrov32,2909400,4,FINAL FANTASY VII REBIRTH
1788586841496,2026-09-05,2026-09-06,alphonsoe,1462040,4,FINAL FANTASY VII REMAKE INTERGRADE
1788587416629,2026-09-05,2026-09-06,mori2323,4836540,4,Company of Heroes 3: Final Stand
1788587640545,2026-09-05,2026-09-06,alphonsoe,1462040,4,FINAL FANTASY VII REMAKE INTERGRADE
1788587721296,2026-09-05,2026-09-06,puphik,1203620,1,Enshrouded
1788587956058,2026-09-05,2026-09-06,xiaoxiao9313,1462040,4,FINAL FANTASY VII REMAKE INTERGRADE
1788588668147,2026-09-05,2026-09-06,ivanpetrov32,449610,4,Monster Boy And The Cursed Kingdom
1788589373387,2026-09-05,2026-09-06,alburldador,774241,4,Warhammer: Chaosbane
1788589407675,2026-09-05,2026-09-06,hopelessss_,2000970,1,Beacon of Neyda
1788589441028,2026-09-05,2026-09-06,ikaliayev,1462040,4,FINAL FANTASY VII REMAKE INTERGRADE
1788590242076,2026-09-05,2026-09-06,xiaoxiao9313,2909400,1,FINAL FANTASY VII REBIRTH
1788590243227,2026-09-05,2026-09-06,hopelessss_,1428100,1,Instruments of Destruction
1788590517920,2026-09-05,2026-09-06,alphonsoe,1462040,2,FINAL FANTASY VII REMAKE INTERGRADE
1788590860755,2026-09-05,2026-09-06,xiaoxiao9313,1462040,4,FINAL FANTASY VII REMAKE INTERGRADE
1788591332145,2026-09-05,2026-09-06,hopelessss_,1428100,1,Instruments of Destruction
1788592290387,2026-09-05,2026-09-06,hopelessss_,1082180,1,TT Isle of Man: Ride on the Edge 2
1788593122245,2026-09-05,2026-09-06,alburldador,865680,4,The Eternal Cylinder
1788593400883,2026-09-05,2026-09-06,lillakra,46490,4,Still Life 2
1788593487943,2026-09-05,2026-09-06,hopelessss_,1352930,1,HAAK
1788593879933,2026-09-05,2026-09-06,pika_gamy,2909400,2,FINAL FANTASY VII REBIRTH
1788594165471,2026-09-05,2026-09-06,sassdrake,287390,1,Metro: Last Light Redux
1788594329030,2026-09-05,2026-09-06,calypso_ba,243160,4,Mushroom 11
1788594874239,2026-09-05,2026-09-06,mori2323,243160,4,Mushroom 11
1788596145542,2026-09-05,2026-09-06,mori2323,46490,2,Still Life 2
1788596209024,2026-09-05,2026-09-06,xiaoxiao9313,1462040,4,FINAL FANTASY VII REMAKE INTERGRADE
1788600339243,2026-09-05,2026-09-06,sassdrake,1203620,1,Enshrouded
1788601619225,2026-09-05,2026-09-06,snoopys030,1462040,4,FINAL FANTASY VII REMAKE INTERGRADE
1788601731094,2026-09-05,2026-09-06,yurigiu,696480,4,The Norwood Suite
1788602125078,2026-09-05,2026-09-06,alexwifi42,407810,1,Hard Reset Redux
1788603177032,2026-09-05,2026-09-06,alexwifi42,1622350,1,Copycat
1788604952838,2026-09-05,2026-09-06,alyssrentori,1462040,4,FINAL FANTASY VII REMAKE INTERGRADE
1788605605300,2026-09-05,2026-09-06,lillakra,2154240,4,Odinfall
1788606375661,2026-09-05,2026-09-06,johnnymnemonics,1082180,4,TT Isle of Man: Ride on the Edge 2
1788607471990,2026-09-05,2026-09-06,lillakra,1522870,4,Supraland Six Inches Under
1788607518011,2026-09-05,2026-09-06,alphonsoe,1462040,4,FINAL FANTASY VII REMAKE INTERGRADE
1788608363756,2026-09-05,2026-09-06,puphik,1748230,1,RESTLESS SOUL
1788608537500,2026-09-05,2026-09-06,lovegamesandthings00000,310560,1,DiRT Rally
1788608618440,2026-09-05,2026-09-06,lillakra,2321350,4,StormEdge
1788608877823,2026-09-05,2026-09-06,alexwifi42,1843310,1,FUNKO FUSION
1788610098362,2026-09-05,2026-09-06,silent_luc,1918450,4,HunterX
1788610897607,2026-09-05,2026-09-06,shadowladyex,46490,4,Still Life 2
1788610971555,2026-09-05,2026-09-06,alburldador,3806420,4,I Eat Paintings When Guards Aren't Looking
1788611742928,2026-09-05,2026-09-06,pika_gamy,449610,4,Monster Boy And The Cursed Kingdom
1788611834948,2026-09-05,2026-09-06,cerebralx1,1741160,4,Catch Me!
1788612066026,2026-09-05,2026-09-06,yurigiu,310560,4,DiRT Rally
1788612529650,2026-09-05,2026-09-06,cerebralx1,1462040,4,FINAL FANTASY VII REMAKE INTERGRADE
1788613655284,2026-09-05,2026-09-06,alexwifi42,1428100,1,Instruments of Destruction
1788613864562,2026-09-05,2026-09-06,cerebralx1,1462040,4,FINAL FANTASY VII REMAKE INTERGRADE
1788613871190,2026-09-05,2026-09-06,lovegamesandthings00000,1918450,1,HunterX
1788614603840,2026-09-05,2026-09-06,cerebralx1,1741160,4,Catch Me!
1788614871159,2026-09-05,2026-09-06,thanossoul,865680,4,The Eternal Cylinder
1788614940871,2026-09-05,2026-09-06,xiaoxiao9313,1462040,1,FINAL FANTASY VII REMAKE INTERGRADE
1788615056790,2026-09-05,2026-09-06,shadowladyex,46490,4,Still Life 2
1788615167040,2026-09-05,2026-09-06,snoopys030,310560,4,DiRT Rally
1788615270101,2026-09-05,2026-09-06,alexwifi42,1432850,1,Farewell North
1788615942711,2026-09-05,2026-09-06,thanossoul,310560,4,DiRT Rally
1788616208387,2026-09-05,2026-09-06,alexwifi42,1352930,1,HAAK
1788617133582,2026-09-05,2026-09-06,alphonsoe,1462040,3,FINAL FANTASY VII REMAKE INTERGRADE
1788617284930,2026-09-05,2026-09-06,calypso_ba,2996040,4,Teenage Mutant Ninja Turtles: Splintered Fate
1788617285898,2026-09-05,2026-09-06,pika_gamy,2321350,4,StormEdge
1788617305773,2026-09-05,2026-09-06,madagascaradam,243160,4,Mushroom 11
1788617405749,2026-09-05,2026-09-06,lovegamesandthings00000,2909400,4,FINAL FANTASY VII REBIRTH
1788618163090,2026-09-05,2026-09-06,ivanpetrov32,46490,4,Still Life 2
1788618216023,2026-09-05,2026-09-06,alexwifi42,1432850,1,Farewell North
1788618788070,2026-09-05,2026-09-06,alexwifi42,1428100,1,Instruments of Destruction
1788618826924,2026-09-05,2026-09-06,johnnymnemonics,1462040,4,FINAL FANTASY VII REMAKE INTERGRADE
1788619003056,2026-09-05,2026-09-06,madagascaradam,1462040,4,FINAL FANTASY VII REMAKE INTERGRADE
1788619575558,2026-09-05,2026-09-06,pika_gamy,1918450,1,HunterX
1788619760274,2026-09-05,2026-09-06,alexwifi42,310560,1,DiRT Rally
1788619871118,2026-09-05,2026-09-06,alphonsoe,1462040,1,FINAL FANTASY VII REMAKE INTERGRADE
1788620047082,2026-09-05,2026-09-06,sassdrake,310560,1,DiRT Rally
1788620253088,2026-09-05,2026-09-06,pika_gamy,2321350,2,StormEdge
1788620476874,2026-09-05,2026-09-06,ivanpetrov32,1918450,4,HunterX
1788621362826,2026-09-05,2026-09-06,ikaliayev,1462040,4,FINAL FANTASY VII REMAKE INTERGRADE
1788621479637,2026-09-05,2026-09-06,alexwifi42,2321350,1,StormEdge
1788622003794,2026-09-05,2026-09-06,alexwifi42,1352930,1,HAAK
1788622115955,2026-09-05,2026-09-06,dahhel,774241,4,Warhammer: Chaosbane
1788622131913,2026-09-05,2026-09-06,johnnymnemonics,1462040,4,FINAL FANTASY VII REMAKE INTERGRADE
1788622984029,2026-09-05,2026-09-06,thanossoul,46490,4,Still Life 2
1788623330207,2026-09-05,2026-09-06,llucholba,367500,4,Dragon's Dogma: Dark Arisen
1788623371616,2026-09-05,2026-09-06,silent_luc,651670,4,Star Renegades
1788623456870,2026-09-05,2026-09-06,dahhel,960910,4,Heavy Rain
1788624938788,2026-09-05,2026-09-06,xiaoxiao9313,1577120,4,The Quarry
1788625170630,2026-09-05,2026-09-06,lmbs00,1593500,4,God of War
1788625590878,2026-09-05,2026-09-06,johnnymnemonics,9070,4,DOOM 3: Resurrection of Evil
1788625706010,2026-09-05,2026-09-06,alexwifi42,457760,1,The Signal From Tlva
1788626391119,2026-09-05,2026-09-06,lovegamesandthings00000,115100,4,Costume Quest
1788626935805,2026-09-05,2026-09-06,alburldador,584980,4,Late Shift
1788627468019,2026-09-05,2026-09-06,chestersz,1337520,1,Risk of Rain Returns
1788627826457,2026-09-05,2026-09-06,alexwifi42,48700,1,Mount
1788627846687,2026-09-05,2026-09-06,llucholba,433340,4,Slime Rancher
1788627928005,2026-09-05,2026-09-06,madagascaradam,320140,4,Absolute Drift
1788628012165,2026-09-05,2026-09-06,alyssrentori,1703140,4,Isle of Jura
1788628052560,2026-09-05,2026-09-06,johnnymnemonics,2168150,3,Teslagrad Remastered
1788628163100,2026-09-05,2026-09-06,pika_gamy,1087760,2,The Gunk
1788628498588,2026-09-05,2026-09-06,puphik,1085510,1,Garfield Kart - Furious Racing
1788628726174,2026-09-05,2026-09-06,alexwifi42,1676130,1,Deadlink
1788628859197,2026-09-05,2026-09-06,lovegamesandthings00000,976310,4,Mortal Kombat 11
1788629365843,2026-09-05,2026-09-06,alexwifi42,2138710,1,Sifu
1788629425314,2026-09-05,2026-09-06,ivanpetrov32,1084640,4,Chicken Police
1788630407415,2026-09-05,2026-09-06,alexwifi42,226720,1,Lost Planet 3
1788630501409,2026-09-05,2026-09-06,chestersz,377160,1,Fallout 4
1788630741019,2026-09-05,2026-09-06,valase,979120,4,Autonauts
1788630954472,2026-09-05,2026-09-06,slay_da_b,782330,4,DOOM Eternal
1788631088757,2026-09-05,2026-09-06,alexwifi42,67370,1,The Darkness II
1788631306875,2026-09-05,2026-09-06,dahhel,312520,4,Rain World
1788631498164,2026-09-05,2026-09-06,pika_gamy,395620,2,Ittle Dew 2
1788632096333,2026-09-05,2026-09-06,llucholba,1053710,4,The Red Lantern
1788632520031,2026-09-05,2026-09-06,player0451,1016180,4,Terror of Hemasaurus
1788632984665,2026-09-05,2026-09-06,silent_luc,874260,4,The Forgotten City
1788633067992,2026-09-05,2026-09-06,hopelessss_,1437400,2,Salt and Sacrifice
1788633905047,2026-09-05,2026-09-06,johnnymnemonics,2073850,2,THE FINALS
1788634771286,2026-09-05,2026-09-06,chestersz,498660,1,Mind Spheres
1788635922979,2026-09-05,2026-09-06,chestersz,671510,1,Desolate
1788636292437,2026-09-05,2026-09-06,hopelessss_,589360,1,Ni no Kuni II: Revenant Kingdom
1788637148835,2026-09-05,2026-09-06,alexwifi42,1687950,1,Persona 5 Royal
1788637192112,2026-09-05,2026-09-06,lovegamesandthings00000,798460,4,Ni no Kuni Wrath of the White Witch Remastered
1788637600876,2026-09-05,2026-09-06,alexwifi42,1583230,1,High On Life
1788637808156,2026-09-05,2026-09-06,hopelessss_,1574310,1,OXENFREE II: Lost Signals
1788638005868,2026-09-05,2026-09-06,alburldador,2186680,1,Warhammer 40,000: Rogue Trader
1788638247298,2026-09-05,2026-09-06,alexwifi42,2005010,1,Warhammer 40,000: Boltgun
1788638475944,2026-09-05,2026-09-06,player0451,312200,4,Chasm
1788638558383,2026-09-05,2026-09-06,hopelessss_,1087760,1,The Gunk
1788638620709,2026-09-05,2026-09-06,ikaliayev,858260,4,Until You Fall
1788638644892,2026-09-05,2026-09-06,operacional_cae,225080,4,Brothers - A Tale of Two Sons
1788638687757,2026-09-05,2026-09-06,pika_gamy,292030,2,The Witcher 3: Wild Hunt
1788639085601,2026-09-05,2026-09-06,hopelessss_,1316530,1,Buster's Tower Defense
1788639609088,2026-09-05,2026-09-06,alexwifi42,321270,1,UNLOVED
1788640031975,2026-09-05,2026-09-06,chestersz,214910,1,Air Conflicts: Pacific Carriers
1788640145672,2026-09-05,2026-09-06,operacional_cae,765840,4,Leisure Suit Larry 2 - Looking For Love (In Several Wrong Places)
1788640330675,2026-09-05,2026-09-06,alburldador,1282100,4,Remnant II
1788640918833,2026-09-05,2026-09-06,pika_gamy,651670,2,Star Renegades
1788641258784,2026-09-05,2026-09-06,ikaliayev,367520,4,Hollow Knight
1788641467271,2026-09-05,2026-09-06,player0451,2106670,4,Gatekeeper
1788642046449,2026-09-05,2026-09-06,valase,979120,4,Autonauts
1788642450063,2026-09-05,2026-09-06,chestersz,252410,1,SteamWorld Dig
1788643044138,2026-09-05,2026-09-06,madagascaradam,387290,4,Ori and the Blind Forest: Definitive Edition
1788643110156,2026-09-05,2026-09-06,yurigiu,58570,4,The Next BIG Thing
1788644072961,2026-09-05,2026-09-06,whitepai,1843310,1,FUNKO FUSION
1788644303655,2026-09-05,2026-09-06,thanossoul,1272160,4,The Life and Suffering of Sir Brante
1788644449504,2026-09-05,2026-09-06,ikaliayev,1920490,4,The Outer Worlds: Spacer's Choice Edition
1788644847858,2026-09-05,2026-09-06,lovegamesandthings00000,1599880,1,Cats in Time
1788644878973,2026-09-05,2026-09-06,johnnymnemonics,695100,3,Smoke and Sacrifice
1788644975235,2026-09-05,2026-09-06,whitepai,493540,1,Figment
1788645588714,2026-09-05,2026-09-06,silent_luc,1630,4,Disciples II: Rise of the Elves
1788645676112,2026-09-05,2026-09-06,hopelessss_,394310,1,Punch Club
1788646434425,2026-09-05,2026-09-06,lmbs00,21000,4,LEGO Batman: The Videogame
1788647022647,2026-09-05,2026-09-06,chestersz,601360,1,Portal: Revolution
1788647316199,2026-09-05,2026-09-06,lmbs00,208650,4,Batman: Arkham Knight
1788648402375,2026-09-05,2026-09-06,llucholba,218090,4,Unity of Command
1788648411935,2026-09-05,2026-09-06,lovegamesandthings00000,70,1,Half-Life
1788648511779,2026-09-05,2026-09-06,shadowladyex,46490,4,Still Life 2
1788648649705,2026-09-05,2026-09-06,alexwifi42,894020,4,Death's Door
1788649093712,2026-09-05,2026-09-06,hopelessss_,313780,1,Conarium
1788649466274,2026-09-05,2026-09-06,valase,979120,4,Autonauts
1788649692979,2026-09-05,2026-09-06,hopelessss_,621060,4,PC Building Simulator
1788649870243,2026-09-05,2026-09-06,shadowladyex,312520,4,Rain World
1788650629137,2026-09-05,2026-09-06,lmbs00,310560,4,DiRT Rally
1788650674964,2026-09-05,2026-09-06,shadowladyex,2521380,4,Legacy of Kain Soul Reaver 1
1788650918321,2026-09-05,2026-09-06,silent_luc,1455840,4,Dorfromantik
1788651803215,2026-09-05,2026-09-06,lovegamesandthings00000,269190,4,Edge Of Eternity
1788652564918,2026-09-05,2026-09-06,llucholba,1428100,4,Instruments of Destruction
1788652637045,2026-09-05,2026-09-06,lmbs00,244210,4,Assetto Corsa
1788653264084,2026-09-06,2026-09-06,snoopys030,1649080,4,Two Point Campus
1788654049148,2026-09-06,2026-09-06,player0451,1492070,4,Sker Ritual
1788654304064,2026-09-06,2026-09-06,snoopys030,1282100,4,Remnant II
1788654318986,2026-09-06,2026-09-06,mori2323,698670,4,Scorn
1788654356668,2026-09-06,2026-09-06,whitepai,795100,1,Friday the 13th: Killer Puzzle
1788654402731,2026-09-06,2026-09-06,avin_novor,218680,4,Scribblenauts Unlimited
1788654582663,2026-09-06,2026-09-06,alyssrentori,606150,4,Moonlighter
1788654629955,2026-09-06,2026-09-06,ikaliayev,299480,4,Rogue Stormers
1788654663593,2026-09-06,2026-09-06,aswd002,1885110,4,Cryptmaster
1788654937822,2026-09-06,2026-09-06,shadowladyex,651670,3,Star Renegades
1788655406776,2026-09-06,2026-09-06,avin_novor,13500,4,Prince of Persia: Warrior Within
1788655703206,2026-09-06,2026-09-06,ikaliayev,629820,4,Maneater
1788655708946,2026-09-06,2026-09-06,thanossoul,2933080,4,Crime Boss: Rockay City
1788655979896,2026-09-06,2026-09-06,silent_luc,2347110,4,Quasimorph: End of Dream
1788656030129,2026-09-06,2026-09-06,valase,979120,4,Autonauts
1788656138291,2026-09-06,2026-09-06,snoopys030,1531490,4,Harmony's Odyssey
1788656194273,2026-09-06,2026-09-06,mori2323,1794680,4,Vampire Survivors
1788656367610,2026-09-06,2026-09-06,alyssrentori,658920,4,Half-Life 2: VR Mod
1788656576531,2026-09-06,2026-09-06,dahhel,312520,4,Rain World
1788657588296,2026-09-06,2026-09-06,avin_novor,788100,4,Neon Abyss
1788657678548,2026-09-06,2026-09-06,thanossoul,2521380,1,Legacy of Kain Soul Reaver 1
1788657745501,2026-09-06,2026-09-06,player0451,453910,4,Love is Dead
1788657754972,2026-09-06,2026-09-06,snoopys030,9070,4,DOOM 3: Resurrection of Evil
1788657946533,2026-09-06,2026-09-06,valase,1455840,4,Dorfromantik
1788658608454,2026-09-06,2026-09-06,hopelessss_,572890,1,Pikuniku
1788658709144,2026-09-06,2026-09-06,pika_gamy,1599880,2,Cats in Time
1788658718567,2026-09-06,2026-09-06,mori2323,695100,4,Smoke and Sacrifice
1788658800573,2026-09-06,2026-09-06,johnnymnemonics,2384130,4,shell of a king
1788658857091,2026-09-06,2026-09-06,silent_luc,9200,4,RAGE
1788658887749,2026-09-06,2026-09-06,avin_novor,1107790,4,The Complex
1788659170253,2026-09-06,2026-09-06,hopelessss_,227300,3,Euro Truck Simulator 2
1788659232970,2026-09-06,2026-09-06,pika_gamy,241320,4,Ittle Dew
1788659279197,2026-09-06,2026-09-06,xiaoxiao9313,1069690,4,Rogue Lords
1788659535519,2026-09-06,2026-09-06,shadowladyex,244210,1,Assetto Corsa
1788659776833,2026-09-06,2026-09-06,pika_gamy,1167300,4,Battle Axe
1788659840810,2026-09-06,2026-09-06,xiaoxiao9313,1687950,4,Persona 5 Royal
1788659859514,2026-09-06,2026-09-06,hopelessss_,435300,4,We Know the Devil
1788659911471,2026-09-06,2026-09-06,valase,433340,4,Slime Rancher
1788660121196,2026-09-06,2026-09-06,dahhel,632470,4,Disco Elysium
1788660259493,2026-09-06,2026-09-06,pika_gamy,2005010,4,Warhammer 40,000: Boltgun
1788660481834,2026-09-06,2026-09-06,xiaoxiao9313,498240,1,Batman - The Telltale Series
1788660553121,2026-09-06,2026-09-06,slay_da_b,286690,4,Metro 2033 Redux
1788660603104,2026-09-06,2026-09-06,valase,1915380,4,Garden Life: A Cozy Simulator
1788660837623,2026-09-06,2026-09-06,hopelessss_,200260,4,Batman: Arkham City GOTY
1788660840449,2026-09-06,2026-09-06,dahhel,973810,2,Journey To The Savage Planet
1788660846120,2026-09-06,2026-09-06,pika_gamy,275850,2,No Man's Sky
1788660919057,2026-09-06,2026-09-06,silent_luc,1458140,2,Pacific Drive
1788661093587,2026-09-06,2026-09-06,thanossoul,698670,1,Scorn
1788661134319,2026-09-06,2026-09-06,player0451,1282100,3,Remnant II
1788661181687,2026-09-06,2026-09-06,xiaoxiao9313,433550,1,DARQ
1788661450786,2026-09-06,2026-09-06,hopelessss_,2083240,4,Asterogues
1788661546738,2026-09-06,2026-09-06,llucholba,2296990,3,We Were Here Expeditions: The FriendShip
1788661793600,2026-09-06,2026-09-06,xiaoxiao9313,617290,1,Remnant: From the Ashes
1788662349923,2026-09-06,2026-09-06,mori2323,377160,4,Fallout 4
1788662556110,2026-09-06,2026-09-06,xiaoxiao9313,2478970,1,Tomb Raider I-III Remastered Starring Lara Croft
1788663260206,2026-09-06,2026-09-06,hopelessss_,1730700,4,We Love Katamari REROLL  Royal Reverie
1788663444185,2026-09-06,2026-09-06,avin_novor,1493640,4,Banishers: Ghosts of New Eden
1788663474839,2026-09-06,2026-09-06,xiaoxiao9313,3520580,1,Sheep for the Stars
1788664022102,2026-09-06,2026-09-06,xiaoxiao9313,408410,1,X-Morph: Defense
1788664468718,2026-09-06,2026-09-06,avin_novor,429570,4,The Walking Dead: Michonne
1788664590021,2026-09-06,2026-09-06,hopelessss_,747470,1,Doughlings: Arcade
1788664716816,2026-09-06,2026-09-06,alyssrentori,314030,4,Guilty Gear X2 #Reload
1788664754014,2026-09-06,2026-09-06,xiaoxiao9313,2909400,4,FINAL FANTASY VII REBIRTH
1788665206020,2026-09-06,2026-09-06,hopelessss_,1019310,1,VirtuaVerse
1788666137940,2026-09-06,2026-09-06,ivanpetrov32,2005010,4,Warhammer 40,000: Boltgun
1788666282340,2026-09-06,2026-09-06,alyssrentori,477160,4,Human Fall Flat
1788667479463,2026-09-06,2026-09-06,xiaoxiao9313,379720,1,DOOM
1788668118843,2026-09-06,2026-09-06,player0451,252170,1,Anomaly Warzone Earth Mobile Campaign
1788668476251,2026-09-06,2026-09-06,xiaoxiao9313,228280,4,Baldur's Gate: Enhanced Edition
1788668912685,2026-09-06,2026-09-06,dahhel,312520,3,Rain World
1788669079207,2026-09-06,2026-09-06,alphonsoe,1145360,4,Hades
1788669265220,2026-09-06,2026-09-06,hopelessss_,1593500,1,God of War
1788669362693,2026-09-06,2026-09-06,madagascaradam,1088850,4,Marvel's Guardians of the Galaxy
1788671634666,2026-09-06,2026-09-06,ivanpetrov32,21000,4,LEGO Batman: The Videogame
1788671828479,2026-09-06,2026-09-06,slay_da_b,22380,4,Fallout: New Vegas
1788672702513,2026-09-06,2026-09-06,madagascaradam,297350,4,The Old City: Leviathan
1788672816803,2026-09-06,2026-09-06,calypso_ba,606150,4,Moonlighter
1788673395771,2026-09-06,2026-09-06,xiaoxiao9313,220440,1,DmC Devil May Cry
1788673640071,2026-09-06,2026-09-06,ivanpetrov32,314790,4,Silence
1788674350546,2026-09-06,2026-09-06,xiaoxiao9313,2561580,1,Horizon Zero Dawn™ Remastered
1788675175007,2026-09-06,2026-09-06,alphonsoe,2521380,4,Legacy of Kain Soul Reaver 1
1788675629458,2026-09-06,2026-09-06,puphik,48000,1,LIMBO
1788675661059,2026-09-06,2026-09-06,avin_novor,322500,4,SUPERHOT
1788676895104,2026-09-06,2026-09-06,alphonsoe,589360,4,Ni no Kuni II: Revenant Kingdom
1788677531288,2026-09-06,2026-09-06,slay_da_b,22380,4,Fallout: New Vegas
1788677749666,2026-09-06,2026-09-06,alphonsoe,498240,4,Batman - The Telltale Series
1788678604551,2026-09-06,2026-09-06,alburldador,512900,1,Streets of Rogue
1788680333702,2026-09-06,2026-09-06,llucholba,1084600,4,My Time at Sandrock
1788681058536,2026-09-06,2026-09-06,hopelessss_,1766740,1,Choo-Choo Charles
1788681213851,2026-09-06,2026-09-06,llucholba,12320,1,Sacred Gold
1788681418677,2026-09-06,2026-09-06,avin_novor,1265860,4,NASCAR Heat 5
1788681789610,2026-09-06,2026-09-06,lillakra,1578650,4,Citizen Sleeper
1788683149298,2026-09-06,2026-09-06,sassdrake,223470,1,POSTAL 2
1788683357948,2026-09-06,2026-09-06,hopelessss_,712180,1,Mugsters
1788684807585,2026-09-06,2026-09-06,calypso_ba,599140,4,Graveyard Keeper
1788685118875,2026-09-06,2026-09-06,yurigiu,70,4,Half-Life
1788685433244,2026-09-06,2026-09-06,hopelessss_,1060600,2,Lair of the Clockwork God
1788686468531,2026-09-06,2026-09-06,hopelessss_,674940,1,Stick Fight: The Game
1788688802365,2026-09-06,2026-09-06,chestersz,628200,1,The Invisible Hand
1788689694912,2026-09-06,2026-09-06,chestersz,346560,1,Hero of the Kingdom II
1788689730189,2026-09-06,2026-09-06,yurigiu,21130,4,LEGO Harry Potter: Years 1-4
1788690104777,2026-09-06,2026-09-06,alburldador,379720,1,DOOM
1788690419513,2026-09-06,2026-09-06,calypso_ba,367520,4,Hollow Knight
1788690886414,2026-09-06,2026-09-06,xiaoxiao9313,2347110,1,Quasimorph: End of Dream
1788691603809,2026-09-06,2026-09-06,lovegamesandthings00000,275390,4,Guacamelee! Super Turbo Championship Edition
1788692824103,2026-09-06,2026-09-06,mori2323,1918450,1,HunterX
1788692881238,2026-09-06,2026-09-06,lillakra,9200,4,RAGE
1788693169936,2026-09-06,2026-09-06,yurigiu,584980,4,Late Shift
1788693492668,2026-09-06,2026-09-06,lillakra,589360,4,Ni no Kuni II: Revenant Kingdom
1788693657784,2026-09-06,2026-09-06,chestersz,1422410,1,Into the Pit
1788693836709,2026-09-06,2026-09-06,hopelessss_,1573390,2,Lilas Sky Ark
1788694281340,2026-09-06,2026-09-06,alexwifi42,228300,1,Remember Me
1788694351864,2026-09-06,2026-09-06,lillakra,498240,4,Batman - The Telltale Series
1788694373385,2026-09-06,2026-09-06,ivanpetrov32,1311070,4,Greak: Memories of Azur
1788694439716,2026-09-06,2026-09-06,shadowladyex,990630,4,The Last Campfire
1788694458131,2026-09-06,2026-09-06,calypso_ba,612880,4,Wolfenstein II: The New Colossus
1788694471640,2026-09-06,2026-09-06,rzvlover,466420,1,Warriors' Wrath
1788694509530,2026-09-06,2026-09-06,alburldador,1915380,4,Garden Life: A Cozy Simulator
1788694549025,2026-09-06,2026-09-06,slay_da_b,620,4,Portal 2
1788694594673,2026-09-06,2026-09-06,mori2323,267530,4,The LEGO Movie - Videogame
1788694635700,2026-09-06,2026-09-06,xiaoxiao9313,208650,4,Batman: Arkham Knight
1788694879149,2026-09-06,2026-09-06,pika_gamy,866140,4,Arise: A Simple Story
1788695180175,2026-09-06,2026-09-06,chestersz,645320,1,SCARF
1788695317133,2026-09-06,2026-09-06,xiaoxiao9313,1343240,4,Thymesia
1788695359572,2026-09-06,2026-09-06,alexwifi42,1222140,4,Detroit: Become Human
1788695402939,2026-09-06,2026-09-06,alburldador,914750,4,Bee Simulator
1788695444046,2026-09-06,2026-09-06,pika_gamy,2321350,4,StormEdge
1788695502197,2026-09-06,2026-09-06,silent_luc,651670,4,Star Renegades
1788695809362,2026-09-06,2026-09-06,shadowladyex,894020,4,Death's Door
1788695863306,2026-09-06,2026-09-06,alexwifi42,536220,4,The Walking Dead: A New Frontier
1788695942344,2026-09-06,2026-09-06,lovegamesandthings00000,1430760,1,Aquarist
1788696048123,2026-09-06,2026-09-06,xiaoxiao9313,252170,1,Anomaly Warzone Earth Mobile Campaign
1788696062734,2026-09-06,2026-09-06,pika_gamy,314790,2,Silence
1788696097393,2026-09-06,2026-09-06,lillakra,2513280,4,SONIC X SHADOW GENERATIONS
1788696171679,2026-09-06,2026-09-06,alburldador,1552810,4,Twin Mirror
1788696232509,2026-09-06,2026-09-06,alyssrentori,323190,4,Frostpunk
1788696532541,2026-09-06,2026-09-06,aswd002,964800,4,Prodeus
1788696608553,2026-09-06,2026-09-06,lillakra,232770,4,POSTAL
1788696699227,2026-09-06,2026-09-06,naoka_ueno,621060,4,PC Building Simulator
1788696751814,2026-09-06,2026-09-06,shadowladyex,1132980,2,There Is No Light
1788696858834,2026-09-06,2026-09-06,mori2323,312520,4,Rain World
1788696882855,2026-09-06,2026-09-06,dahhel,1817230,4,Hi-Fi RUSH
1788697067840,2026-09-06,2026-09-06,alburldador,1577120,4,The Quarry
1788697146297,2026-09-06,2026-09-06,sassdrake,220,1,Half-Life 2
1788697177136,2026-09-06,2026-09-06,lillakra,1952540,4,Voltaire - The Vegan Vampire
1788697278073,2026-09-06,2026-09-06,alexwifi42,1088850,4,Marvel's Guardians of the Galaxy
1788697463076,2026-09-06,2026-09-06,aswd002,2094320,4,Escape First Alchemist
1788697507983,2026-09-06,2026-09-06,xiaoxiao9313,3699800,1,Akiiwan: Relaxing Survival Playtest
1788697690578,2026-09-06,2026-09-06,mori2323,1000030,3,Cook, Serve, Delicious! 3?!
1788697820627,2026-09-06,2026-09-06,alburldador,814680,4,Unbound: Worlds Apart
1788697992637,2026-09-06,2026-09-06,silent_luc,938560,4,INMOST
1788698056055,2026-09-06,2026-09-06,aswd002,424840,4,Little Nightmares
1788698331965,2026-09-06,2026-09-06,dahhel,1939970,3,Nobody Wants to Die
1788698548306,2026-09-06,2026-09-06,naoka_ueno,269190,4,Edge Of Eternity
1788698621176,2026-09-06,2026-09-06,johnnymnemonics,2384130,4,shell of a king
1788698649610,2026-09-06,2026-09-06,alburldador,1724770,3,Castle Of Alchemists
1788698690092,2026-09-06,2026-09-06,pika_gamy,792710,1,Levelhead
1788698701108,2026-09-06,2026-09-06,alexwifi42,8870,1,BioShock Infinite
1788698940875,2026-09-06,2026-09-06,dahhel,1139900,1,Ghostrunner
1788699236277,2026-09-06,2026-09-06,naoka_ueno,3764200,4,Resident Evil Requiem
1788699296048,2026-09-06,2026-09-06,snoopys030,1428100,1,Instruments of Destruction
1788699322818,2026-09-06,2026-09-06,johnnymnemonics,447020,4,Farming Simulator 17
1788699476468,2026-09-06,2026-09-06,alexwifi42,1647920,2,Valfaris: Mecha Therion
1788699622063,2026-09-06,2026-09-06,aswd002,473950,4,Manifold Garden
1788699719971,2026-09-06,2026-09-06,mori2323,1687950,1,Persona 5 Royal
1788700106709,2026-09-06,2026-09-06,chestersz,3499550,1,Mai: Child of Ages
1788700206654,2026-09-06,2026-09-06,operacional_cae,46500,4,Syberia
1788700496966,2026-09-06,2026-09-06,thanossoul,612880,4,Wolfenstein II: The New Colossus
1788700728316,2026-09-06,2026-09-06,naoka_ueno,1190170,4,OlliOlli World
1788700806445,2026-09-06,2026-09-06,cerebralx1,958520,4,33 Immortals
1788701187332,2026-09-06,2026-09-06,operacional_cae,698670,4,Scorn
1788701444689,2026-09-06,2026-09-06,cerebralx1,1999360,4,Placid Plastic Duck Simulator
1788701810905,2026-09-06,2026-09-06,naoka_ueno,13600,4,Prince of Persia: The Sands of Time
1788702086572,2026-09-06,2026-09-06,thanossoul,735290,4,Genesis Noir
1788702116878,2026-09-06,2026-09-06,cerebralx1,1020470,4,Evoland Legendary Edition
1788702126219,2026-09-06,2026-09-06,operacional_cae,13500,4,Prince of Persia: Warrior Within
1788702920010,2026-09-06,2026-09-06,cerebralx1,1815570,4,Aces and Adventures
1788703076008,2026-09-06,2026-09-06,shadowladyex,312520,2,Rain World
1788703100664,2026-09-06,2026-09-06,johnnymnemonics,1898290,4,LEGO Bricktales
1788703397259,2026-09-06,2026-09-06,naoka_ueno,1088850,4,Marvel's Guardians of the Galaxy
1788703439059,2026-09-06,2026-09-06,lovegamesandthings00000,202750,4,Alan Wake's American Nightmare
1788703887484,2026-09-06,2026-09-06,operacional_cae,4105730,4,Floor13
1788704064310,2026-09-06,2026-09-06,cerebralx1,774241,4,Warhammer: Chaosbane
1788704200631,2026-09-06,2026-09-06,naoka_ueno,251430,3,The Inner World
1788704655111,2026-09-06,2026-09-06,cerebralx1,314030,4,Guilty Gear X2 #Reload
1788704851138,2026-09-06,2026-09-06,thanossoul,524220,4,NieR:Automata
1788705746265,2026-09-06,2026-09-06,slay_da_b,22380,1,Fallout: New Vegas
1788705986713,2026-09-06,2026-09-06,madagascaradam,42890,4,Sword of the Stars Complete Collection
1788706400030,2026-09-06,2026-09-06,calypso_ba,1282100,4,Remnant II
1788706707112,2026-09-06,2026-09-06,operacional_cae,40720,4,Samorost 2
1788706747872,2026-09-06,2026-09-06,alphonsoe,461950,4,Beat Cop
1788706894671,2026-09-06,2026-09-06,shadowladyex,651670,1,Star Renegades
1788706903940,2026-09-06,2026-09-06,xiaoxiao9313,710920,2,Darksiders Genesis
1788706931129,2026-09-06,2026-09-06,dahhel,960910,2,Heavy Rain
1788706996333,2026-09-06,2026-09-06,ikaliayev,3435260,4,Dice With Death
1788707044996,2026-09-06,2026-09-06,alyssrentori,268500,4,XCOM 2
1788707063282,2026-09-06,2026-09-06,aswd002,568070,4,Mable
1788707104445,2026-09-06,2026-09-06,player0451,113020,4,Monaco
1788707134202,2026-09-06,2026-09-06,yurigiu,367520,4,Hollow Knight
1788707241446,2026-09-06,2026-09-06,pika_gamy,1020470,2,Evoland Legendary Edition
1788707470744,2026-09-06,2026-09-06,johnnymnemonics,2933080,1,Crime Boss: Rockay City
1788707575865,2026-09-06,2026-09-06,lmbs00,377160,4,Fallout 4
1788707582983,2026-09-06,2026-09-06,silent_luc,378540,4,The Surge
1788707695900,2026-09-06,2026-09-06,slay_da_b,979120,4,Autonauts
1788707819129,2026-09-06,2026-09-06,lovegamesandthings00000,21090,4,F.E.A.R.
1788707838059,2026-09-06,2026-09-06,ikaliayev,1794680,4,Vampire Survivors
1788708101063,2026-09-06,2026-09-06,alburldador,3029960,1,Frame Breaker
1788708201303,2026-09-06,2026-09-06,shadowladyex,312520,1,Rain World
1788708322952,2026-09-06,2026-09-06,lmbs00,1577120,4,The Quarry
1788708672944,2026-09-06,2026-09-06,pika_gamy,936790,1,Life is Strange: True Colors
1788708719836,2026-09-06,2026-09-06,player0451,3699800,4,Akiiwan: Relaxing Survival Playtest
1788708938856,2026-09-06,2026-09-06,lmbs00,1265860,4,NASCAR Heat 5
1788709256680,2026-09-06,2026-09-06,alexwifi42,690040,4,SUPERHOT: MIND CONTROL DELETE
1788709409908,2026-09-06,2026-09-06,yurigiu,363440,4,Mega Man Legacy Collection
1788709515389,2026-09-06,2026-09-06,xiaoxiao9313,606280,1,Darksiders III
1788709945869,2026-09-06,2026-09-06,alexwifi42,1283410,1,Tails of Iron
1788709973491,2026-09-06,2026-09-06,lmbs00,584980,2,Late Shift
1788710173847,2026-09-06,2026-09-06,ikaliayev,1120810,4,Eastern Exorcist
1788710305826,2026-09-06,2026-09-06,alburldador,589360,1,Ni no Kuni II: Revenant Kingdom
1788710990571,2026-09-06,2026-09-06,player0451,203160,4,Tomb Raider
1788711529253,2026-09-06,2026-09-06,whitepai,493900,1,Dungeons 3
1788711895021,2026-09-06,2026-09-06,dahhel,1222140,2,Detroit: Become Human
1788711992319,2026-09-06,2026-09-06,pika_gamy,651670,1,Star Renegades
1788712073231,2026-09-06,2026-09-06,whitepai,617290,1,Remnant: From the Ashes
1788712463857,2026-09-06,2026-09-06,ikaliayev,2133590,4,fig.
1788712772001,2026-09-06,2026-09-06,player0451,381210,1,Dead by Daylight
1788713162481,2026-09-06,2026-09-06,whitepai,1205450,1,Turnip Boy Commits Tax Evasion
1788713162904,2026-09-06,2026-09-06,xiaoxiao9313,1079260,1,Fireworks Mania
1788713181230,2026-09-06,2026-09-06,shadowladyex,312520,1,Rain World
1788713252033,2026-09-06,2026-09-06,alexwifi42,1145360,1,Hades
1788713315718,2026-09-06,2026-09-06,johnnymnemonics,1577120,2,The Quarry
1788713605027,2026-09-06,2026-09-06,chestersz,1042490,1,Call of the Sea
1788713778566,2026-09-06,2026-09-06,hopelessss_,323320,4,Grow Home
1788713895375,2026-09-06,2026-09-06,ikaliayev,794540,4,Neo Cab
1788713978144,2026-09-06,2026-09-06,alburldador,1265860,2,NASCAR Heat 5
1788714044817,2026-09-06,2026-09-06,ivanpetrov32,341170,4,Adventures of Chris
1788714442285,2026-09-06,2026-09-06,lovegamesandthings00000,461040,4,PICO PARK:Classic Edition
1788714844852,2026-09-06,2026-09-06,hopelessss_,613830,1,CHRONO TRIGGER
1788715038278,2026-09-06,2026-09-06,chestersz,1328840,1,Lost in Play
1788715103598,2026-09-06,2026-09-06,alexwifi42,19980,1,Prince of Persia
1788715496987,2026-09-06,2026-09-06,alfims,389140,4,Horizon Chase Turbo
1788716000108,2026-09-06,2026-09-06,whitepai,865680,1,The Eternal Cylinder
1788716421227,2026-09-06,2026-09-06,alexwifi42,640590,1,The LEGO NINJAGO Movie Video Game
1788716478587,2026-09-06,2026-09-06,operacional_cae,433550,4,DARQ
1788716598881,2026-09-06,2026-09-06,hopelessss_,33680,1,Eversion
1788716689436,2026-09-06,2026-09-06,whitepai,599140,1,Graveyard Keeper
1788717121731,2026-09-06,2026-09-06,llucholba,1020470,4,Evoland Legendary Edition
1788717568195,2026-09-06,2026-09-06,operacional_cae,2933080,4,Crime Boss: Rockay City
1788718552896,2026-09-06,2026-09-06,alyssrentori,2478970,4,Tomb Raider I-III Remastered Starring Lara Croft
1788718682522,2026-09-06,2026-09-06,sassdrake,21090,1,F.E.A.R.
1788719536545,2026-09-06,2026-09-06,ivanpetrov32,2561580,4,Horizon Zero Dawn™ Remastered
1788719591053,2026-09-06,2026-09-06,alfims,278360,4,A StorY About My Uncle
1788719808760,2026-09-06,2026-09-06,alexwifi42,312520,1,Rain World
1788719813981,2026-09-06,2026-09-06,whitepai,20820,1,Shatter
1788720854477,2026-09-06,2026-09-06,slay_da_b,1593500,4,God of War
1788721155691,2026-09-06,2026-09-06,chestersz,1852830,1,SPACE ACCIDENT
1788722212227,2026-09-06,2026-09-06,madagascaradam,9070,4,DOOM 3: Resurrection of Evil
1788722215848,2026-09-06,2026-09-06,avin_novor,1206620,4,Soul Axiom Rebooted
1788722686675,2026-09-06,2026-09-06,lovegamesandthings00000,341170,4,Adventures of Chris
1788722712955,2026-09-06,2026-09-06,alexwifi42,881100,1,Noita
1788722759515,2026-09-06,2026-09-06,chestersz,1796470,1,Haste
1788724319809,2026-09-06,2026-09-06,hopelessss_,1136370,2,Bear and Breakfast
1788725018227,2026-09-06,2026-09-06,madagascaradam,236730,4,Anomaly 2
1788725024516,2026-09-06,2026-09-06,alexwifi42,698670,1,Scorn
1788726088822,2026-09-06,2026-09-06,valase,979120,4,Autonauts
1788726164928,2026-09-06,2026-09-06,johnnymnemonics,21090,4,F.E.A.R.
1788726189765,2026-09-06,2026-09-06,avin_novor,3027930,4,Karate Survivor
1788726739541,2026-09-06,2026-09-06,puphik,1597580,1,Clid the Snail
1788728644603,2026-09-06,2026-09-06,chestersz,2747770,1,Wednesdays
1788731223043,2026-09-06,2026-09-06,johnnymnemonics,2561580,1,Horizon Zero Dawn™ Remastered
1788731299443,2026-09-06,2026-09-06,dahhel,312520,4,Rain World
1788732012118,2026-09-06,2026-09-06,chestersz,1324350,1,Turbo Golf Racing
1788732222124,2026-09-06,2026-09-06,alfims,21120,4,F.E.A.R.: Perseus Mandate
1788732444534,2026-09-06,2026-09-06,sassdrake,606280,1,Darksiders III
1788733043985,2026-09-06,2026-09-06,operacional_cae,1944430,1,Amnesia: The Bunker
1788735880725,2026-09-06,2026-09-06,hopelessss_,1380420,3,Grow: Song of the Evertree
1788736785881,2026-09-06,2026-09-06,lovegamesandthings00000,1444300,4,Teacup
1788737132963,2026-09-06,2026-09-06,avin_novor,1577250,4,The Chant
1788738356587,2026-09-06,2026-09-06,avin_novor,1175460,4,Revita
1788739065041,2026-09-06,2026-09-06,snoopys030,71240,1,SEGA Bass Fishing
1788739361623,2026-09-07,2026-09-06,operacional_cae,49520,4,Borderlands 2
1788739504513,2026-09-07,2026-09-06,valase,979120,4,Autonauts
1788739722012,2026-09-07,2026-09-06,hopelessss_,278360,1,A StorY About My Uncle
1788740173212,2026-09-07,2026-09-06,alyssrentori,1544360,4,LEGO® Builder's Journey
1788740175548,2026-09-07,2026-09-06,chestersz,1637320,1,Dome Keeper
1788740350085,2026-09-07,2026-09-06,silent_luc,1766740,4,Choo-Choo Charles
1788741958504,2026-09-07,2026-09-06,player0451,798460,4,Ni no Kuni Wrath of the White Witch Remastered
1788742277922,2026-09-07,2026-09-06,madagascaradam,228380,4,Wreckfest
1788742443687,2026-09-07,2026-09-06,hopelessss_,990630,1,The Last Campfire
1788742771014,2026-09-07,2026-09-06,snoopys030,765840,4,Leisure Suit Larry 2 - Looking For Love (In Several Wrong Places)
1788742828953,2026-09-07,2026-09-06,madagascaradam,1369410,4,Dream Stone 2
1788742939243,2026-09-07,2026-09-06,puphik,433550,1,DARQ
1788743240970,2026-09-07,2026-09-06,lovegamesandthings00000,379720,1,DOOM
1788744151688,2026-09-07,2026-09-06,valase,979120,4,Autonauts
1788744538604,2026-09-07,2026-09-06,snoopys030,278360,4,A StorY About My Uncle
1788744544113,2026-09-07,2026-09-06,dahhel,312520,4,Rain World
1788744783024,2026-09-07,2026-09-06,lmbs00,1510630,4,Everybody Wham Wham
1788745306627,2026-09-07,2026-09-06,thanossoul,765870,4,Leisure Suit Larry - Wet Dreams Don't Dry
1788745563782,2026-09-07,2026-09-06,lovegamesandthings00000,1272160,1,The Life and Suffering of Sir Brante
1788747814291,2026-09-07,2026-09-06,snoopys030,2996040,4,Teenage Mutant Ninja Turtles: Splintered Fate
1788748415694,2026-09-07,2026-09-06,player0451,207040,4,Sine Mora
1788748478386,2026-09-07,2026-09-06,valase,979120,4,Autonauts
1788748823276,2026-09-07,2026-09-06,shadowladyex,312520,4,Rain World
1788748890886,2026-09-07,2026-09-06,thanossoul,2525380,4,Tomb Raider IV-VI Remastered
1788750211238,2026-09-07,2026-09-06,player0451,2320,2,Quake II
1788751213364,2026-09-07,2026-09-06,snoopys030,292030,4,The Witcher 3: Wild Hunt
1788751392769,2026-09-07,2026-09-06,ivanpetrov32,1252240,4,Aeon Drive
1788752377647,2026-09-07,2026-09-06,ivanpetrov32,4141430,4,delivered by friday
1788753073766,2026-09-07,2026-09-06,shadowladyex,312520,4,Rain World
1788754157237,2026-09-07,2026-09-06,hopelessss_,1219520,3,CORVUS
1788754370958,2026-09-07,2026-09-06,llucholba,792710,4,Levelhead
1788754755983,2026-09-07,2026-09-06,mori2323,671510,4,Desolate
1788755067447,2026-09-07,2026-09-06,llucholba,334940,4,Yoku's Island Express
1788755880818,2026-09-07,2026-09-06,llucholba,3527290,4,PEAK
1788757343567,2026-09-07,2026-09-06,alfims,870780,4,Control Ultimate Edition
1788757503106,2026-09-07,2026-09-06,slay_da_b,1593500,4,God of War
1788757750984,2026-09-07,2026-09-06,snoopys030,310560,4,DiRT Rally
1788757818346,2026-09-07,2026-09-06,johnnymnemonics,1184480,4,Inertial Drift
1788758426168,2026-09-07,2026-09-06,hopelessss_,987840,2,Expeditions: Rome
1788758706828,2026-09-07,2026-09-06,darkranx,524220,4,NieR:Automata
1788759349134,2026-09-07,2026-09-06,johnnymnemonics,866800,4,The Walking Dead: The Final Season
1788759380100,2026-09-07,2026-09-06,alfims,21000,4,LEGO Batman: The Videogame
1788759415112,2026-09-07,2026-09-06,calypso_ba,2186680,4,Warhammer 40,000: Rogue Trader
1788760222252,2026-09-07,2026-09-06,ragnar175,1432100,4,The Bookwalker
1788761139700,2026-09-07,2026-09-06,ragnar175,3184160,4,Spellchanted
1788761595900,2026-09-07,2026-09-06,avin_novor,278360,4,A StorY About My Uncle
1788761609909,2026-09-07,2026-09-06,alexwifi42,312520,1,Rain World
1788762046337,2026-09-07,2026-09-06,ragnar175,3483,4,Peggle Extreme
1788763169021,2026-09-07,2026-09-06,madagascaradam,1069690,4,Rogue Lords
1788763226123,2026-09-07,2026-09-06,lmbs00,46270,4,Star Wolves
1788763260771,2026-09-07,2026-09-06,alfims,390290,4,Bulb Boy
1788763289188,2026-09-07,2026-09-06,darkranx,244210,4,Assetto Corsa
1788763717403,2026-09-07,2026-09-06,mori2323,2416450,4,MOUSE: P.I. For Hire
1788764039594,2026-09-07,2026-09-06,lmbs00,601360,4,Portal: Revolution
1788764692364,2026-09-07,2026-09-06,whitepai,461950,1,Beat Cop
1788764944070,2026-09-07,2026-09-06,lmbs00,46490,3,Still Life 2
1788765266579,2026-09-07,2026-09-06,alfims,1552810,4,Twin Mirror
1788765656609,2026-09-07,2026-09-06,avin_novor,1815570,4,Aces and Adventures
1788765865663,2026-09-07,2026-09-06,yurigiu,1145360,1,Hades
1788766010505,2026-09-07,2026-09-06,whitepai,1824220,1,Chivalry 2
1788766058410,2026-09-07,2026-09-06,darkranx,1593500,4,God of War
1788766127784,2026-09-07,2026-09-06,alfims,1303950,1,Toodee and Topdee
1788766408163,2026-09-07,2026-09-06,snoopys030,1265860,4,NASCAR Heat 5
1788766814803,2026-09-07,2026-09-06,whitepai,461040,1,PICO PARK:Classic Edition
1788767453767,2026-09-07,2026-09-06,whitepai,1428100,1,Instruments of Destruction
1788767565474,2026-09-07,2026-09-06,pika_gamy,589360,2,Ni no Kuni II: Revenant Kingdom
1788768075848,2026-09-07,2026-09-06,thanossoul,292030,4,The Witcher 3: Wild Hunt
1788769662713,2026-09-07,2026-09-06,sassdrake,2478970,1,Tomb Raider I-III Remastered Starring Lara Croft
1788769872544,2026-09-07,2026-09-06,whitepai,233720,1,Surgeon Simulator
1788770201387,2026-09-07,2026-09-06,darkranx,458580,4,Windlands 2
1788770202230,2026-09-07,2026-09-06,ivanpetrov32,1510630,4,Everybody Wham Wham
1788770779012,2026-09-07,2026-09-06,whitepai,924070,1,Arboria
1788771474304,2026-09-07,2026-09-06,ivanpetrov32,1577250,4,The Chant
1788772551449,2026-09-07,2026-09-06,whitepai,287390,1,Metro: Last Light Redux
1788772916683,2026-09-07,2026-09-06,darkranx,297350,4,The Old City: Leviathan
1788773416179,2026-09-07,2026-09-06,llucholba,1045580,4,Deleveled
1788773471131,2026-09-07,2026-09-06,slay_da_b,960910,4,Heavy Rain
1788773522925,2026-09-07,2026-09-06,puphik,3435260,1,Dice With Death
1788774140427,2026-09-07,2026-09-06,alfims,2513280,4,SONIC X SHADOW GENERATIONS
1788774192192,2026-09-07,2026-09-06,darkranx,2933080,4,Crime Boss: Rockay City
1788774378653,2026-09-07,2026-09-06,snoopys030,49520,4,Borderlands 2
1788774748563,2026-09-07,2026-09-06,whitepai,560260,1,Super Blue Boy Planet
1788774775282,2026-09-07,2026-09-06,darkranx,3027930,4,Karate Survivor
1788775368540,2026-09-07,2026-09-06,alfims,1428730,4,BRoS - Battle Royale of Survival
1788775456797,2026-09-07,2026-09-06,whitepai,1952590,1,Future Racer 2000
1788775714352,2026-09-07,2026-09-06,sassdrake,383870,1,Firewatch
1788775858274,2026-09-07,2026-09-06,silent_luc,1649240,4,Returnal™
1788775896677,2026-09-07,2026-09-06,puphik,251430,1,The Inner World
1788775972153,2026-09-07,2026-09-06,whitepai,322330,1,Don't Starve Together
1788776491566,2026-09-07,2026-09-06,alfims,1576370,1,REPLIKATOR
1788777009856,2026-09-07,2026-09-06,lovegamesandthings00000,1649080,4,Two Point Campus
1788777052084,2026-09-07,2026-09-06,snoopys030,225080,4,Brothers - A Tale of Two Sons
1788777073641,2026-09-07,2026-09-06,whitepai,1543240,1,Gigapocalypse
1788777406431,2026-09-07,2026-09-06,yurigiu,275850,4,No Man's Sky
1788777780606,2026-09-07,2026-09-06,whitepai,760810,1,Retimed
1788777836093,2026-09-07,2026-09-06,hopelessss_,2083240,3,Asterogues
1788778140686,2026-09-07,2026-09-06,alphonsoe,32460,4,Monkey Island 2: Special Edition
1788778994147,2026-09-07,2026-09-06,alphonsoe,1145360,4,Hades
1788779395533,2026-09-07,2026-09-06,whitepai,1123770,1,Curse of the Dead Gods
1788780353612,2026-09-07,2026-09-06,ivanpetrov32,1944430,3,Amnesia: The Bunker
1788781207987,2026-09-07,2026-09-06,alphonsoe,275850,4,No Man's Sky
1788781779155,2026-09-07,2026-09-06,whitepai,1116580,1,Shady Part of Me
1788782070472,2026-09-07,2026-09-06,johnnymnemonics,2019810,4,Boxes
1788782392420,2026-09-07,2026-09-06,alphonsoe,32360,4,The Secret of Monkey Island: Special Edition
1788782499670,2026-09-07,2026-09-06,whitepai,252410,1,SteamWorld Dig
1788783867788,2026-09-07,2026-09-06,alfims,227300,1,Euro Truck Simulator 2
1788784021153,2026-09-07,2026-09-06,cerebralx1,3764200,4,Resident Evil Requiem
1788784259629,2026-09-07,2026-09-06,thanossoul,13530,4,Prince of Persia: The Two Thrones
1788784397199,2026-09-07,2026-09-06,alfims,1657630,1,Slime Rancher 2
1788784988805,2026-09-07,2026-09-06,alphonsoe,275850,4,No Man's Sky
1788785649005,2026-09-07,2026-09-06,chestersz,1164940,1,Trepang2
1788785722217,2026-09-07,2026-09-06,cerebralx1,237630,4,DuckTales Remastered
1788785910412,2026-09-07,2026-09-06,johnnymnemonics,314790,3,Silence
1788786088760,2026-09-07,2026-09-06,yurigiu,2347110,4,Quasimorph: End of Dream
1788786136583,2026-09-07,2026-09-06,operacional_cae,1410640,4,Syberia - The World Before
1788786312291,2026-09-07,2026-09-06,alexwifi42,1158890,1,White Shadows
1788786331815,2026-09-07,2026-09-06,silent_luc,782330,4,DOOM Eternal
1788786413171,2026-09-07,2026-09-06,cerebralx1,1815570,4,Aces and Adventures
1788786510623,2026-09-07,2026-09-06,shadowladyex,312520,4,Rain World
1788786856375,2026-09-07,2026-09-06,alexwifi42,1493640,1,Banishers: Ghosts of New Eden
1788787306421,2026-09-07,2026-09-06,cerebralx1,924070,4,Arboria
1788787819468,2026-09-07,2026-09-06,operacional_cae,268910,4,Cuphead
1788788103565,2026-09-07,2026-09-06,cerebralx1,45760,4,Ultra Street Fighter IV
1788788305392,2026-09-07,2026-09-06,alexwifi42,1281590,2,The Dark Pictures Anthology: House of Ashes
1788788827257,2026-09-07,2026-09-06,cerebralx1,1076200,4,Roguebook
1788788957849,2026-09-07,2026-09-06,hopelessss_,809880,1,Degrees of Separation
1788788978115,2026-09-07,2026-09-06,alexwifi42,1622350,1,Copycat
1788789083714,2026-09-07,2026-09-06,mori2323,1282100,4,Remnant II
1788789488971,2026-09-07,2026-09-06,xiaoxiao9313,617290,4,Remnant: From the Ashes
1788790152238,2026-09-07,2026-09-06,hopelessss_,3033560,1,Bajka
1788790254672,2026-09-07,2026-09-06,shadowladyex,312520,4,Rain World
1788790835659,2026-09-07,2026-09-06,alfims,255870,1,PixelJunk Shooter
1788790849910,2026-09-07,2026-09-06,hopelessss_,1455840,4,Dorfromantik
1788791429606,2026-09-07,2026-09-06,mori2323,1139900,4,Ghostrunner
1788791869796,2026-09-07,2026-09-06,alexwifi42,13530,1,Prince of Persia: The Two Thrones
1788792953640,2026-09-07,2026-09-06,operacional_cae,40720,4,Samorost 2
1788792978778,2026-09-07,2026-09-06,thanossoul,599140,4,Graveyard Keeper
1788792994313,2026-09-07,2026-09-06,madagascaradam,914750,4,Bee Simulator
1788793299291,2026-09-07,2026-09-06,xiaoxiao9313,1235140,4,Yakuza: Like a Dragon
1788793786399,2026-09-07,2026-09-06,madagascaradam,3027930,4,Karate Survivor
1788793976454,2026-09-07,2026-09-06,shadowladyex,312520,4,Rain World
1788794265024,2026-09-07,2026-09-06,puphik,1493640,1,Banishers: Ghosts of New Eden
1788795242703,2026-09-07,2026-09-06,silent_luc,9200,4,RAGE
1788795690226,2026-09-07,2026-09-06,player0451,428660,4,Deliver Us The Moon
1788795842058,2026-09-07,2026-09-06,alburldador,798460,4,Ni no Kuni Wrath of the White Witch Remastered
1788795901998,2026-09-07,2026-09-06,ivanpetrov32,1151050,4,Golf Gang
1788796076927,2026-09-07,2026-09-06,lovegamesandthings00000,2005010,4,Warhammer 40,000: Boltgun
1788797595476,2026-09-07,2026-09-06,valase,979120,4,Autonauts
1788797848160,2026-09-07,2026-09-06,player0451,1815570,4,Aces and Adventures
1788797932631,2026-09-07,2026-09-06,dahhel,312520,4,Rain World
1788798078361,2026-09-07,2026-09-06,xiaoxiao9313,1577120,4,The Quarry
1788798685045,2026-09-07,2026-09-06,louis_of_apshai,424840,4,Little Nightmares
1788799667728,2026-09-07,2026-09-06,alexwifi42,21000,1,LEGO Batman: The Videogame
1788800042617,2026-09-07,2026-09-06,chestersz,201810,1,Wolfenstein: The New Order
1788800388354,2026-09-07,2026-09-06,player0451,2177750,4,Half-Life 2: VR Mod - Episode One
1788800703318,2026-09-07,2026-09-06,slay_da_b,379720,4,DOOM
1788800866919,2026-09-07,2026-09-06,alfims,70,4,Half-Life
1788800872307,2026-09-07,2026-09-06,hopelessss_,960910,2,Heavy Rain
1788800987319,2026-09-07,2026-09-06,alexwifi42,220440,2,DmC Devil May Cry
1788801310036,2026-09-07,2026-09-06,alburldador,377160,4,Fallout 4
1788801361631,2026-09-07,2026-09-06,calypso_ba,49520,4,Borderlands 2
1788801393399,2026-09-07,2026-09-06,ikaliayev,1091500,4,Cyberpunk 2077
1788801633776,2026-09-07,2026-09-06,johnnymnemonics,1627840,4,Universe For Sale
1788801724749,2026-09-07,2026-09-06,dahhel,312520,4,Rain World
1788801752618,2026-09-07,2026-09-06,alexwifi42,3247750,1,Mycopunk
1788801905371,2026-09-07,2026-09-06,player0451,1352930,3,HAAK
1788802472880,2026-09-07,2026-09-06,slay_da_b,322500,4,SUPERHOT
1788802653467,2026-09-07,2026-09-06,alburldador,1939970,4,Nobody Wants to Die
1788803160502,2026-09-07,2026-09-06,slay_da_b,671510,4,Desolate
1788803598653,2026-09-07,2026-09-06,lovegamesandthings00000,1649080,4,Two Point Campus
1788803890133,2026-09-07,2026-09-06,alburldador,1915380,4,Garden Life: A Cozy Simulator
1788804005112,2026-09-07,2026-09-06,yurigiu,275850,4,No Man's Sky
1788805104194,2026-09-07,2026-09-06,alburldador,359350,4,Defunct
1788805146449,2026-09-07,2026-09-06,valase,979120,4,Autonauts
1788805352564,2026-09-07,2026-09-06,dahhel,312520,4,Rain World
1788806196564,2026-09-07,2026-09-06,calypso_ba,1920490,4,The Outer Worlds: Spacer's Choice Edition
1788806558214,2026-09-07,2026-09-06,xiaoxiao9313,524220,4,NieR:Automata
1788806946994,2026-09-07,2026-09-06,lmbs00,473950,4,Manifold Garden
1788807137521,2026-09-07,2026-09-06,ikaliayev,414340,4,Hellblade: Senua's Sacrifice
1788807508669,2026-09-07,2026-09-06,puphik,1915380,1,Garden Life: A Cozy Simulator
1788808000721,2026-09-07,2026-09-06,lmbs00,379720,4,DOOM
1788808127566,2026-09-07,2026-09-06,thanossoul,617290,4,Remnant: From the Ashes
1788808514210,2026-09-07,2026-09-06,alexwifi42,1552810,1,Twin Mirror
1788808577943,2026-09-07,2026-09-06,ivanpetrov32,377160,3,Fallout 4
1788808691884,2026-09-07,2026-09-06,valase,979120,4,Autonauts
1788808994993,2026-09-07,2026-09-06,dahhel,312520,4,Rain World
1788809161494,2026-09-07,2026-09-06,avin_novor,322450,4,FRAMED Collection
1788809652170,2026-09-07,2026-09-06,johnnymnemonics,1796470,3,Haste
1788809725909,2026-09-07,2026-09-06,sassdrake,3399980,1,Down the Rabbit Hole Flattened
1788809981657,2026-09-07,2026-09-06,cerebralx1,363440,4,Mega Man Legacy Collection
1788810155772,2026-09-07,2026-09-06,operacional_cae,8870,4,BioShock Infinite
1788810250272,2026-09-07,2026-09-06,chestersz,2426330,1,Greed and Grind
1788810317498,2026-09-07,2026-09-06,silent_luc,524220,4,NieR:Automata
1788810457057,2026-09-07,2026-09-06,louis_of_apshai,465200,4,Fury Unleashed
1788810498966,2026-09-07,2026-09-06,alfims,23400,1,Imperium Romanum: Gold Edition
1788810860019,2026-09-07,2026-09-06,player0451,750290,2,Slice of Sea
1788812479493,2026-09-07,2026-09-06,alexwifi42,1582650,1,Caravan Sandwitch
1788812737006,2026-09-07,2026-09-06,valase,979120,4,Autonauts
1788812807372,2026-09-07,2026-09-06,llucholba,381210,4,Dead by Daylight
1788813090135,2026-09-07,2026-09-06,dahhel,312520,4,Rain World
1788813345368,2026-09-07,2026-09-06,louis_of_apshai,609490,4,Minit
1788813358528,2026-09-07,2026-09-06,alburldador,32330,4,LEGO Indiana Jones: The Original Adventures
1788813393062,2026-09-07,2026-09-06,llucholba,1544360,4,LEGO® Builder's Journey
1788813466758,2026-09-07,2026-09-06,johnnymnemonics,202750,1,Alan Wake's American Nightmare
1788813674442,2026-09-07,2026-09-06,cerebralx1,2521380,4,Legacy of Kain Soul Reaver 1
1788813872223,2026-09-07,2026-09-06,avin_novor,1191900,4,Say No! More
1788814077336,2026-09-07,2026-09-06,operacional_cae,424840,4,Little Nightmares
1788814576507,2026-09-07,2026-09-06,pika_gamy,1061910,2,Metal: Hellsinger
1788815068408,2026-09-07,2026-09-06,operacional_cae,711660,1,CHUCHEL
1788815174368,2026-09-07,2026-09-06,lovegamesandthings00000,1657630,4,Slime Rancher 2
1788815424494,2026-09-07,2026-09-06,alexwifi42,632470,1,Disco Elysium
1788815693707,2026-09-07,2026-09-06,llucholba,480490,4,Prey
1788816257866,2026-09-07,2026-09-06,silent_luc,363860,4,MythForce
1788816627648,2026-09-07,2026-09-06,pika_gamy,367520,4,Hollow Knight
1788816826332,2026-09-07,2026-09-06,somemarblesfriday,2019810,4,Boxes
1788817005662,2026-09-07,2026-09-06,ikaliayev,377160,4,Fallout 4
1788817128685,2026-09-07,2026-09-06,valase,979120,4,Autonauts
1788817413081,2026-09-07,2026-09-06,shadowladyex,312520,4,Rain World
1788817452052,2026-09-07,2026-09-06,somemarblesfriday,3247750,4,Mycopunk
1788817842520,2026-09-07,2026-09-06,alexwifi42,310560,1,DiRT Rally
1788817933078,2026-09-07,2026-09-06,operacional_cae,410710,1,System Shock: Enhanced Edition
1788818011204,2026-09-07,2026-09-06,lovegamesandthings00000,1455840,4,Dorfromantik
1788818111472,2026-09-07,2026-09-06,somemarblesfriday,1796470,4,Haste
1788818664266,2026-09-07,2026-09-06,somemarblesfriday,1139900,4,Ghostrunner
1788818697242,2026-09-07,2026-09-06,chestersz,730390,1,Raji: An Ancient Epic
1788818992942,2026-09-07,2026-09-06,johnnymnemonics,400,1,Portal
1788819027792,2026-09-07,2026-09-06,avin_novor,45760,4,Ultra Street Fighter IV
1788819280885,2026-09-07,2026-09-06,somemarblesfriday,435300,4,We Know the Devil
1788819397006,2026-09-07,2026-09-06,operacional_cae,282070,2,This War of Mine
1788819712202,2026-09-07,2026-09-06,alexwifi42,498240,2,Batman - The Telltale Series
1788819769099,2026-09-07,2026-09-06,somemarblesfriday,42890,4,Sword of the Stars Complete Collection
1788820377241,2026-09-07,2026-09-06,somemarblesfriday,379720,2,DOOM
1788820626780,2026-09-07,2026-09-06,operacional_cae,532210,1,Life is Strange 2
1788820864479,2026-09-07,2026-09-06,pika_gamy,313780,2,Conarium
1788821010143,2026-09-07,2026-09-06,alyssrentori,3463050,4,Dreams of Aether
1788821060605,2026-09-07,2026-09-06,valase,979120,4,Autonauts
1788821314995,2026-09-07,2026-09-06,dahhel,312520,2,Rain World
1788822253369,2026-09-07,2026-09-06,hopelessss_,461040,3,PICO PARK:Classic Edition
1788822630944,2026-09-07,2026-09-06,player0451,1232010,3,Radical Rabbit Stew
1788822708068,2026-09-07,2026-09-06,silent_luc,524220,3,NieR:Automata
1788823907823,2026-09-07,2026-09-06,madagascaradam,1432100,4,The Bookwalker
1788824335911,2026-09-07,2026-09-06,pika_gamy,367520,4,Hollow Knight
1788824970781,2026-09-07,2026-09-06,valase,979120,4,Autonauts
1788825057158,2026-09-07,2026-09-06,pika_gamy,1401730,4,crashlands 2
1788825122103,2026-09-07,2026-09-06,shadowladyex,312520,4,Rain World
1788827773565,2026-09-08,2026-09-06,mori2323,960910,4,Heavy Rain
1788828152121,2026-09-08,2026-09-06,snoopys030,2933080,4,Crime Boss: Rockay City
1788828639434,2026-09-08,2026-09-06,shadowladyex,312520,4,Rain World
1788828821873,2026-09-08,2026-09-06,lmbs00,307780,4,Mortal Kombat X
1788829073748,2026-09-08,2026-09-06,lovegamesandthings00000,2521380,4,Legacy of Kain Soul Reaver 1
1788830070927,2026-09-08,2026-09-06,lmbs00,1019310,1,VirtuaVerse
1788830814683,2026-09-08,2026-09-06,lmbs00,620,4,Portal 2
1788830967323,2026-09-08,2026-09-06,player0451,809880,3,Degrees of Separation
1788831666839,2026-09-08,2026-09-06,silent_luc,894020,4,Death's Door
1788832032973,2026-09-08,2026-09-06,lovegamesandthings00000,2478970,1,Tomb Raider I-III Remastered Starring Lara Croft
1788834061501,2026-09-08,2026-09-06,llucholba,1136370,4,Bear and Breakfast
1788834542064,2026-09-08,2026-09-06,snoopys030,208650,4,Batman: Arkham Knight
1788835229251,2026-09-08,2026-09-06,llucholba,532210,4,Life is Strange 2
1788836347747,2026-09-08,2026-09-06,slay_da_b,310560,4,DiRT Rally
1788836807009,2026-09-08,2026-09-06,hopelessss_,1155970,1,Roadwarden
1788837500336,2026-09-08,2026-09-06,mori2323,1661630,4,KarmaZoo
1788837657028,2026-09-08,2026-09-06,avin_novor,1573390,4,Lilas Sky Ark
1788837850527,2026-09-08,2026-09-06,slay_da_b,22380,4,Fallout: New Vegas
1788838283500,2026-09-08,2026-09-06,madagascaradam,96000,4,The Tiny Bang Story
1788838529789,2026-09-08,2026-09-06,avin_novor,512900,4,Streets of Rogue
1788839116749,2026-09-08,2026-09-06,snoopys030,377160,4,Fallout 4
1788839537391,2026-09-08,2026-09-06,dahhel,312520,4,Rain World
1788841048849,2026-09-08,2026-09-06,ivanpetrov32,2747770,4,Wednesdays
1788841053465,2026-09-08,2026-09-06,puphik,1433340,1,Happy's Humble Burger Farm
1788841224199,2026-09-08,2026-09-06,alburldador,1932570,4,Jaded
1788841453266,2026-09-08,2026-09-06,player0451,22380,3,Fallout: New Vegas
1788842337257,2026-09-08,2026-09-06,mori2323,46490,4,Still Life 2
1788842359619,2026-09-08,2026-09-06,alyssrentori,367520,4,Hollow Knight
1788842954505,2026-09-08,2026-09-06,darkranx,278360,4,A StorY About My Uncle
1788842955051,2026-09-08,2026-09-06,ikaliayev,2561580,4,Horizon Zero Dawn™ Remastered
1788843047521,2026-09-08,2026-09-06,dahhel,312520,2,Rain World
1788843308504,2026-09-08,2026-09-06,alburldador,742300,4,Mega Man 11
1788843868247,2026-09-08,2026-09-06,darkranx,461040,4,PICO PARK:Classic Edition
1788844527367,2026-09-08,2026-09-06,madagascaradam,428660,4,Deliver Us The Moon
1788844590597,2026-09-08,2026-09-06,johnnymnemonics,1661630,4,KarmaZoo
1788845795934,2026-09-08,2026-09-06,llucholba,2960090,4,Squared Adventure
1788845930160,2026-09-08,2026-09-06,darkranx,2512830,4,NOTTOLOT
1788845960448,2026-09-08,2026-09-06,ivanpetrov32,1681430,4,RoboCop: Rogue City
1788846009843,2026-09-08,2026-09-06,alfims,1218210,4,Coromon
1788846242401,2026-09-08,2026-09-06,shadowladyex,312520,4,Rain World
1788846301845,2026-09-08,2026-09-06,mori2323,1205450,4,Turnip Boy Commits Tax Evasion
1788848079262,2026-09-08,2026-09-06,lmbs00,292030,4,The Witcher 3: Wild Hunt
1788848161440,2026-09-08,2026-09-06,alfims,1726190,4,No Straight Roads: Encore Edition
1788848248782,2026-09-08,2026-09-06,llucholba,205910,3,Tiny and Big: Grandpa's Leftovers
1788850392850,2026-09-08,2026-09-06,pika_gamy,1918450,2,HunterX
1788851079594,2026-09-08,2026-09-06,whitepai,508440,1,Totally Accurate Battle Simulator
1788851519654,2026-09-08,2026-09-06,lmbs00,866140,3,Arise: A Simple Story
1788852281994,2026-09-08,2026-09-06,darkranx,2512830,4,NOTTOLOT
1788852383793,2026-09-08,2026-09-06,whitepai,359350,1,Defunct
1788852971701,2026-09-08,2026-09-06,aswd002,4054940,4,Return to Dark Castle
1788853214815,2026-09-08,2026-09-06,llucholba,2417620,1,Pogglewash
1788853395212,2026-09-08,2026-09-06,whitepai,1155970,1,Roadwarden
1788854357698,2026-09-08,2026-09-06,darkranx,292030,4,The Witcher 3: Wild Hunt
1788854624244,2026-09-08,2026-09-06,whitepai,1190170,1,OlliOlli World
1788855194836,2026-09-08,2026-09-06,thanossoul,367520,4,Hollow Knight
1788855310205,2026-09-08,2026-09-06,snoopys030,2019810,1,Boxes
1788855448318,2026-09-08,2026-09-06,whitepai,323190,1,Frostpunk
1788855720584,2026-09-08,2026-09-06,mori2323,1815570,4,Aces and Adventures
1788855853210,2026-09-08,2026-09-06,shadowladyex,312520,4,Rain World
1788855983597,2026-09-08,2026-09-06,thanossoul,275390,4,Guacamelee! Super Turbo Championship Edition
1788855992053,2026-09-08,2026-09-06,whitepai,32330,1,LEGO Indiana Jones: The Original Adventures
1788855992446,2026-09-08,2026-09-06,darkranx,1952540,3,Voltaire - The Vegan Vampire
1788856285604,2026-09-08,2026-09-06,snoopys030,9070,4,DOOM 3: Resurrection of Evil
1788856635885,2026-09-08,2026-09-06,thanossoul,606280,4,Darksiders III
1788857103404,2026-09-08,2026-09-06,whitepai,474960,1,Quantum Break
1788858118746,2026-09-08,2026-09-06,aswd002,710920,4,Darksiders Genesis
1788858176728,2026-09-08,2026-09-06,slay_da_b,617290,4,Remnant: From the Ashes
1788858379922,2026-09-08,2026-09-06,operacional_cae,352400,4,LEGO Jurassic World
1788858565423,2026-09-08,2026-09-06,whitepai,2512830,1,NOTTOLOT
1788859279539,2026-09-08,2026-09-06,whitepai,1184790,1,SCP: Fragmented Minds
1788859500996,2026-09-08,2026-09-06,operacional_cae,456750,4,The Room Three
1788859539490,2026-09-08,2026-09-06,aswd002,255870,4,PixelJunk Shooter
1788859721547,2026-09-08,2026-09-06,chestersz,1409160,1,Plasma
1788859896596,2026-09-08,2026-09-06,sassdrake,208200,1,DOOM 3: BFG Edition
1788859919801,2026-09-08,2026-09-06,yurigiu,429570,4,The Walking Dead: Michonne
1788860007627,2026-09-08,2026-09-06,whitepai,40800,1,Super Meat Boy
1788860301866,2026-09-08,2026-09-06,chestersz,19980,1,Prince of Persia
1788860335972,2026-09-08,2026-09-06,operacional_cae,1944430,1,Amnesia: The Bunker
1788860515913,2026-09-08,2026-09-06,xiaoxiao9313,13530,4,Prince of Persia: The Two Thrones
1788860973609,2026-09-08,2026-09-06,alfims,620,1,Portal 2
1788861022084,2026-09-08,2026-09-06,slay_da_b,275850,4,No Man's Sky
1788861185268,2026-09-08,2026-09-06,alexwifi42,493900,1,Dungeons 3
1788861417632,2026-09-08,2026-09-06,pika_gamy,914750,4,Bee Simulator
1788861817832,2026-09-08,2026-09-06,4gazmin4,377160,4,Fallout 4
1788861848810,2026-09-08,2026-09-06,silent_luc,313780,4,Conarium
1788861880648,2026-09-08,2026-09-06,operacional_cae,21980,1,Call of Juarez: Bound in Blood
1788861992204,2026-09-08,2026-09-06,whitepai,3353390,1,Starforged Legacy
1788862383171,2026-09-08,2026-09-06,slay_da_b,1593500,4,God of War
1788862588674,2026-09-08,2026-09-06,whitepai,1462040,1,FINAL FANTASY VII REMAKE INTERGRADE
1788862613107,2026-09-08,2026-09-06,johnnymnemonics,1184480,4,Inertial Drift
1788862664420,2026-09-08,2026-09-06,xiaoxiao9313,1206620,4,Soul Axiom Rebooted
1788863081062,2026-09-08,2026-09-06,puphik,1724770,1,Castle Of Alchemists
1788863087047,2026-09-08,2026-09-06,whitepai,1061180,1,Crumble
1788863747464,2026-09-08,2026-09-06,slay_da_b,22380,4,Fallout: New Vegas
1788863858494,2026-09-08,2026-09-06,thanossoul,498240,4,Batman - The Telltale Series
1788864236975,2026-09-08,2026-09-06,operacional_cae,1999360,1,Placid Plastic Duck Simulator
1788864337576,2026-09-08,2026-09-06,chestersz,250260,1,Jazzpunk: Director's Cut
1788864593811,2026-09-08,2026-09-06,alphonsoe,13500,4,Prince of Persia: Warrior Within
1788864680224,2026-09-08,2026-09-06,lovegamesandthings00000,314790,4,Silence
1788864698306,2026-09-08,2026-09-06,sassdrake,1873030,1,Wolfenstein: Enemy Territory
1788864895546,2026-09-08,2026-09-06,yurigiu,1182310,1,The Excavation of Hob's Barrow
1788865284149,2026-09-08,2026-09-06,pika_gamy,395620,2,Ittle Dew 2
1788865326510,2026-09-08,2026-09-06,operacional_cae,322450,1,FRAMED Collection
1788866333602,2026-09-08,2026-09-06,alexwifi42,1328840,1,Lost in Play
1788866838880,2026-09-08,2026-09-06,alphonsoe,292030,4,The Witcher 3: Wild Hunt
1788867716900,2026-09-08,2026-09-06,alexwifi42,352400,1,LEGO Jurassic World
1788867731303,2026-09-08,2026-09-06,operacional_cae,2019810,1,Boxes
1788868418693,2026-09-08,2026-09-06,chestersz,1184790,1,SCP: Fragmented Minds
1788868972162,2026-09-08,2026-09-06,4gazmin4,269190,4,Edge Of Eternity
1788869272844,2026-09-08,2026-09-06,alexwifi42,1577250,1,The Chant
1788869393618,2026-09-08,2026-09-06,whitepai,244210,1,Assetto Corsa
1788869637883,2026-09-08,2026-09-06,alphonsoe,21000,4,LEGO Batman: The Videogame
1788870337322,2026-09-08,2026-09-06,ivanpetrov32,1328350,4,Turbo Overkill
1788870511717,2026-09-08,2026-09-06,alphonsoe,1622770,4,Doors: Paradox
1788870641192,2026-09-08,2026-09-06,alexwifi42,352400,1,LEGO Jurassic World
1788870672817,2026-09-08,2026-09-06,alfims,2019810,1,Boxes
1788870989072,2026-09-08,2026-09-06,ivanpetrov32,782330,4,DOOM Eternal
1788871038736,2026-09-08,2026-09-06,alphonsoe,32460,4,Monkey Island 2: Special Edition
1788872042859,2026-09-08,2026-09-06,silent_luc,9200,4,RAGE
1788872077984,2026-09-08,2026-09-06,pika_gamy,792710,2,Levelhead
1788872303780,2026-09-08,2026-09-06,louis_of_apshai,390290,4,Bulb Boy
1788874004006,2026-09-08,2026-09-06,shadowladyex,312520,4,Rain World
1788874043189,2026-09-08,2026-09-06,lovegamesandthings00000,1205450,4,Turnip Boy Commits Tax Evasion
1788874592191,2026-09-08,2026-09-06,yurigiu,881100,4,Noita
1788874618861,2026-09-08,2026-09-06,alexwifi42,814360,1,Mythic Ocean
1788875410223,2026-09-08,2026-09-06,alphonsoe,798460,3,Ni no Kuni Wrath of the White Witch Remastered
1788875444656,2026-09-08,2026-09-06,xiaoxiao9313,1281590,4,The Dark Pictures Anthology: House of Ashes
1788875585344,2026-09-08,2026-09-06,chestersz,1580970,1,Samorost 1
1788875610877,2026-09-08,2026-09-06,louis_of_apshai,225080,4,Brothers - A Tale of Two Sons
1788876443860,2026-09-08,2026-09-06,mori2323,367520,4,Hollow Knight
1788876783007,2026-09-08,2026-09-06,slay_da_b,979120,4,Autonauts
1788877056883,2026-09-08,2026-09-06,thanossoul,3247750,4,Mycopunk
1788879038811,2026-09-08,2026-09-06,player0451,324800,4,Shadow Warrior 2
1788880039770,2026-09-08,2026-09-06,mori2323,1293180,4,SuchArt!
1788880715947,2026-09-08,2026-09-06,cerebralx1,227300,4,Euro Truck Simulator 2
1788881022929,2026-09-08,2026-09-06,alphonsoe,798460,2,Ni no Kuni Wrath of the White Witch Remastered
1788881587125,2026-09-08,2026-09-06,johnnymnemonics,1282100,4,Remnant II
1788881810459,2026-09-08,2026-09-06,lmbs00,1173200,4,Metal Unit
1788881969865,2026-09-08,2026-09-06,cerebralx1,237630,4,DuckTales Remastered
1788882001039,2026-09-08,2026-09-06,player0451,13500,4,Prince of Persia: Warrior Within
1788882220427,2026-09-08,2026-09-06,chestersz,2512830,1,NOTTOLOT
1788882266246,2026-09-08,2026-09-06,johnnymnemonics,1091500,4,Cyberpunk 2077
1788883237925,2026-09-08,2026-09-06,cerebralx1,363440,1,Mega Man Legacy Collection
1788883827141,2026-09-08,2026-09-06,alexwifi42,1281590,1,The Dark Pictures Anthology: House of Ashes
1788883960604,2026-09-08,2026-09-06,xiaoxiao9313,866800,4,The Walking Dead: The Final Season
1788884054395,2026-09-08,2026-09-06,cerebralx1,632470,4,Disco Elysium
1788884754664,2026-09-08,2026-09-06,alburldador,1466640,4,Road 96
1788885329408,2026-09-08,2026-09-06,dahhel,312520,4,Rain World
1788885912807,2026-09-08,2026-09-06,chestersz,736260,1,Baba Is You
1788886218268,2026-09-08,2026-09-06,operacional_cae,1255980,1,Portal Reloaded
1788886483644,2026-09-08,2026-09-06,hopelessss_,1337520,4,Risk of Rain Returns
1788886594112,2026-09-08,2026-09-06,avin_novor,433340,4,Slime Rancher
1788886750417,2026-09-08,2026-09-06,alburldador,312200,4,Chasm
1788887009254,2026-09-08,2026-09-06,operacional_cae,505230,1,Pathologic 2
1788887242054,2026-09-08,2026-09-06,alyssrentori,835960,4,The Talos Principle 2
1788887255534,2026-09-08,2026-09-06,hopelessss_,297350,4,The Old City: Leviathan
1788887899594,2026-09-08,2026-09-06,ivanpetrov32,979120,4,Autonauts
1788888124523,2026-09-08,2026-09-06,dahhel,312520,4,Rain World
1788888422692,2026-09-08,2026-09-06,yurigiu,1766740,4,Choo-Choo Charles
1788888741259,2026-09-08,2026-09-06,cerebralx1,1105500,4,Yakuza 4 Remastered
1788889107318,2026-09-08,2026-09-06,player0451,227300,4,Euro Truck Simulator 2
1788889139875,2026-09-08,2026-09-06,ikaliayev,584980,4,Late Shift
1788889431551,2026-09-08,2026-09-06,cerebralx1,798460,4,Ni no Kuni Wrath of the White Witch Remastered
1788889757955,2026-09-08,2026-09-06,avin_novor,990630,4,The Last Campfire
1788889880437,2026-09-08,2026-09-06,lmbs00,208650,4,Batman: Arkham Knight
1788890157047,2026-09-08,2026-09-06,chestersz,1089130,1,Quake II RTX
1788890462167,2026-09-08,2026-09-06,alburldador,1430760,4,Aquarist
1788890758683,2026-09-08,2026-09-06,alexwifi42,21090,1,F.E.A.R.
1788890773496,2026-09-08,2026-09-06,ikaliayev,1794680,4,Vampire Survivors
1788890928207,2026-09-08,2026-09-06,llucholba,1401730,4,crashlands 2
1788890943303,2026-09-08,2026-09-06,dahhel,312520,4,Rain World
1788891047927,2026-09-08,2026-09-06,xiaoxiao9313,1577120,4,The Quarry
1788891297194,2026-09-08,2026-09-06,yurigiu,3699800,4,Akiiwan: Relaxing Survival Playtest
1788891311660,2026-09-08,2026-09-06,calypso_ba,310560,4,DiRT Rally
1788891529917,2026-09-08,2026-09-06,ivanpetrov32,1324350,4,Turbo Golf Racing
1788892261218,2026-09-08,2026-09-06,thanossoul,390290,4,Bulb Boy
1788892688961,2026-09-08,2026-09-06,pika_gamy,1087760,2,The Gunk
1788892744206,2026-09-08,2026-09-06,llucholba,1316530,4,Buster's Tower Defense
1788893052657,2026-09-08,2026-09-06,mori2323,866140,4,Arise: A Simple Story
1788893794743,2026-09-08,2026-09-06,valase,979120,4,Autonauts
1788893874993,2026-09-08,2026-09-06,llucholba,1911610,3,Windblown
1788894137268,2026-09-08,2026-09-06,shadowladyex,312520,4,Rain World
1788894417780,2026-09-08,2026-09-06,alyssrentori,936790,4,Life is Strange: True Colors
1788894754081,2026-09-08,2026-09-06,pika_gamy,690640,2,Trine 4: The Nightmare Prince
1788895523918,2026-09-08,2026-09-06,alexwifi42,1583230,1,High On Life
1788896083144,2026-09-08,2026-09-06,louis_of_apshai,696480,4,The Norwood Suite
1788896965997,2026-09-08,2026-09-06,shadowladyex,312520,3,Rain World
1788897035289,2026-09-08,2026-09-06,operacional_cae,1577120,2,The Quarry
1788897368624,2026-09-08,2026-09-06,alfims,814680,4,Unbound: Worlds Apart
1788897616758,2026-09-08,2026-09-06,pika_gamy,690640,2,Trine 4: The Nightmare Prince
1788897869370,2026-09-08,2026-09-06,chestersz,1107790,1,The Complex
1788898657371,2026-09-08,2026-09-06,silent_luc,275850,4,No Man's Sky
1788898790812,2026-09-08,2026-09-06,ikaliayev,698670,4,Scorn
1788899599615,2026-09-08,2026-09-06,dahhel,312520,4,Rain World
1788900075038,2026-09-08,2026-09-06,johnnymnemonics,881100,4,Noita
1788902273252,2026-09-08,2026-09-06,shadowladyex,312520,2,Rain World
1788902418917,2026-09-08,2026-09-06,operacional_cae,1593500,1,God of War
1788902632150,2026-09-08,2026-09-06,johnnymnemonics,1265860,4,NASCAR Heat 5
1788902699616,2026-09-08,2026-09-06,puphik,4105730,1,Floor13
1788903044043,2026-09-08,2026-09-06,madagascaradam,1724770,4,Castle Of Alchemists
1788903046236,2026-09-08,2026-09-06,ikaliayev,2384130,4,shell of a king
1788903331345,2026-09-08,2026-09-06,ichuy07,3764200,1,Resident Evil Requiem
1788903659045,2026-09-08,2026-09-06,pika_gamy,1586800,2,Lil Gator Game
1788903870133,2026-09-08,2026-09-06,silent_luc,1049410,4,Superliminal
1788903872713,2026-09-08,2026-09-06,yurigiu,990630,4,The Last Campfire
1788904158547,2026-09-08,2026-09-06,operacional_cae,1082180,1,TT Isle of Man: Ride on the Edge 2
1788904980023,2026-09-08,2026-09-06,valase,312520,4,Rain World
1788905478526,2026-09-08,2026-09-06,madagascaradam,15750,4,Oddworld: Stranger's Wrath HD
1788906691246,2026-09-08,2026-09-06,madagascaradam,866140,4,Arise: A Simple Story
1788906917704,2026-09-08,2026-09-06,silent_luc,250260,4,Jazzpunk: Director's Cut
1788906961295,2026-09-08,2026-09-06,lovegamesandthings00000,960910,4,Heavy Rain
1788907276836,2026-09-08,2026-09-06,pika_gamy,1681430,4,RoboCop: Rogue City
1788907574562,2026-09-08,2026-09-06,valase,312520,4,Rain World
1788908048790,2026-09-08,2026-09-06,alexwifi42,1578650,1,Citizen Sleeper
1788908125582,2026-09-08,2026-09-06,pika_gamy,690640,2,Trine 4: The Nightmare Prince
1788908526932,2026-09-08,2026-09-06,llucholba,1245430,4,Golden Light
1788908754177,2026-09-08,2026-09-06,ikaliayev,798460,4,Ni no Kuni Wrath of the White Witch Remastered
1788908828486,2026-09-08,2026-09-06,avin_novor,1151050,4,Golf Gang
1788908844730,2026-09-08,2026-09-06,chestersz,1141580,1,Taiji
1788908971851,2026-09-08,2026-09-06,alexwifi42,1087760,1,The Gunk
1788909458639,2026-09-08,2026-09-06,snoopys030,1084640,4,Chicken Police
1788909480928,2026-09-08,2026-09-06,silent_luc,1343240,4,Thymesia
1788909811593,2026-09-08,2026-09-06,chestersz,2365810,1,Pseudoregalia
1788910094569,2026-09-08,2026-09-06,lovegamesandthings00000,782330,4,DOOM Eternal
1788910439891,2026-09-08,2026-09-06,snoopys030,202750,4,Alan Wake's American Nightmare
1788910465851,2026-09-08,2026-09-06,player0451,590590,4,Remnants of Naezith
1788911061716,2026-09-08,2026-09-06,thanossoul,2320,4,Quake II
1788911078692,2026-09-08,2026-09-06,pika_gamy,792710,2,Levelhead
1788911309110,2026-09-08,2026-09-06,aswd002,1740720,4,Have a Nice Death
1788911372614,2026-09-08,2026-09-06,snoopys030,13530,4,Prince of Persia: The Two Thrones
1788912516880,2026-09-09,2026-09-06,snoopys030,377160,4,Fallout 4
1788912866709,2026-09-09,2026-09-06,valase,312520,4,Rain World
1788913545043,2026-09-09,2026-09-06,pika_gamy,367520,2,Hollow Knight
1788913568630,2026-09-09,2026-09-06,aswd002,220700,4,RPG Maker VX Ace
1788913690952,2026-09-09,2026-09-06,shadowladyex,312520,2,Rain World
1788913788734,2026-09-09,2026-09-06,player0451,247080,3,Crypt of the NecroDancer
1788913823548,2026-09-09,2026-09-06,alyssrentori,2909400,4,FINAL FANTASY VII REBIRTH
1788913884735,2026-09-09,2026-09-06,alexwifi42,1939970,1,Nobody Wants to Die
1788913996478,2026-09-09,2026-09-06,madagascaradam,524220,4,NieR:Automata
1788914418844,2026-09-09,2026-09-06,silent_luc,275850,3,No Man's Sky
1788915641567,2026-09-09,2026-09-06,lovegamesandthings00000,874260,1,The Forgotten City
1788915883575,2026-09-09,2026-09-06,valase,312520,4,Rain World
1788917569002,2026-09-09,2026-09-06,pika_gamy,2005010,2,Warhammer 40,000: Boltgun
1788918452251,2026-09-09,2026-09-06,madagascaradam,247080,4,Crypt of the NecroDancer
1788919663907,2026-09-09,2026-09-06,llucholba,363440,3,Mega Man Legacy Collection
1788919679056,2026-09-09,2026-09-06,lmbs00,760810,4,Retimed
1788920328968,2026-09-09,2026-09-06,thanossoul,1486630,4,Intravenous
1788920499308,2026-09-09,2026-09-06,dahhel,312520,4,Rain World
1788920918438,2026-09-09,2026-09-06,player0451,207040,3,Sine Mora
1788921085547,2026-09-09,2026-09-06,alyssrentori,2525380,4,Tomb Raider IV-VI Remastered
1788921096460,2026-09-09,2026-09-06,snoopys030,377160,4,Fallout 4
1788921139759,2026-09-09,2026-09-06,mori2323,606150,4,Moonlighter
1788923124597,2026-09-09,2026-09-06,alyssrentori,247080,4,Crypt of the NecroDancer
1788923205801,2026-09-09,2026-09-06,lmbs00,814680,4,Unbound: Worlds Apart
1788924283867,2026-09-09,2026-09-06,alfims,976310,4,Mortal Kombat 11
1788924827693,2026-09-09,2026-09-06,louis_of_apshai,590590,4,Remnants of Naezith
1788924989293,2026-09-09,2026-09-06,madagascaradam,400,4,Portal
1788925290745,2026-09-09,2026-09-06,dahhel,312520,3,Rain World
1788925351414,2026-09-09,2026-09-06,xiaoxiao9313,870780,4,Control Ultimate Edition
1788925605478,2026-09-09,2026-09-06,alfims,1338580,4,McPixel 3
1788925917548,2026-09-09,2026-09-06,llucholba,669950,2,BDSM: Big Drunk Satanic Massacre
1788926096177,2026-09-09,2026-09-06,avin_novor,1462040,4,FINAL FANTASY VII REMAKE INTERGRADE
1788926159066,2026-09-09,2026-09-06,mori2323,233720,4,Surgeon Simulator
1788926209448,2026-09-09,2026-09-06,alfims,2933080,1,Crime Boss: Rockay City
1788926896019,2026-09-09,2026-09-06,slay_da_b,782330,4,DOOM Eternal
1788927527235,2026-09-09,2026-09-06,alburldador,498240,4,Batman - The Telltale Series
1788928453635,2026-09-09,2026-09-06,darkranx,613830,4,CHRONO TRIGGER
1788929000204,2026-09-09,2026-09-06,darkranx,46500,4,Syberia
1788929105645,2026-09-09,2026-09-06,lmbs00,524220,4,NieR:Automata
1788929271086,2026-09-09,2026-09-06,ichuy07,916730,1,Gato Roboto
1788929593773,2026-09-09,2026-09-06,alburldador,395620,4,Ittle Dew 2
1788929738543,2026-09-09,2026-09-06,llucholba,1304680,1,Voidigo
1788930025048,2026-09-09,2026-09-06,dahhel,312520,1,Rain World
1788930186118,2026-09-09,2026-09-06,darkranx,2513280,4,SONIC X SHADOW GENERATIONS
1788931239138,2026-09-09,2026-09-06,calypso_ba,1898290,4,LEGO Bricktales
1788931647432,2026-09-09,2026-09-06,ichuy07,916730,1,Gato Roboto
1788931670597,2026-09-09,2026-09-06,alfims,960090,4,Bloons TD 6
1788932002585,2026-09-09,2026-09-06,ivanpetrov32,1915380,4,Garden Life: A Cozy Simulator
1788932007864,2026-09-09,2026-09-06,johnnymnemonics,410710,4,System Shock: Enhanced Edition
1788932172641,2026-09-09,2026-09-06,ichuy07,378540,1,The Surge
1788932408804,2026-09-09,2026-09-06,slay_da_b,312520,4,Rain World
1788932972735,2026-09-09,2026-09-06,llucholba,2224920,1,Evacuation
1788932999955,2026-09-09,2026-09-06,madagascaradam,508440,3,Totally Accurate Battle Simulator
1788933204566,2026-09-09,2026-09-06,xiaoxiao9313,1462040,4,FINAL FANTASY VII REMAKE INTERGRADE
1788933692821,2026-09-09,2026-09-06,ivanpetrov32,248820,4,Risk of Rain (2013)
1788934212362,2026-09-09,2026-09-06,hopelessss_,40800,1,Super Meat Boy
1788935099410,2026-09-09,2026-09-06,darkranx,1030300,4,Hollow Knight: Silksong
1788935382599,2026-09-09,2026-09-06,mori2323,1493640,4,Banishers: Ghosts of New Eden
1788935394834,2026-09-09,2026-09-06,pika_gamy,238210,2,System Shock 2
1788936182873,2026-09-09,2026-09-06,lmbs00,2478970,4,Tomb Raider I-III Remastered Starring Lara Croft
1788936787663,2026-09-09,2026-09-06,darkranx,568070,4,Mable
1788936820715,2026-09-09,2026-09-06,avin_novor,1049410,4,Superliminal
1788937041371,2026-09-09,2026-09-06,xiaoxiao9313,498240,4,Batman - The Telltale Series
1788937136421,2026-09-09,2026-09-06,slay_da_b,312520,4,Rain World
1788937481954,2026-09-09,2026-09-06,hopelessss_,1952590,1,Future Racer 2000
1788938505662,2026-09-09,2026-09-06,alfims,2303350,4,Sticky Business
1788940611860,2026-09-09,2026-09-06,ivanpetrov32,860510,4,Little Nightmares II
1788942786855,2026-09-09,2026-09-06,slay_da_b,1282100,4,Remnant II
1788943396201,2026-09-09,2026-09-06,sassdrake,620,1,Portal 2
1788943416070,2026-09-09,2026-09-06,operacional_cae,305620,4,The Long Dark
1788943614505,2026-09-09,2026-09-06,hopelessss_,21090,1,F.E.A.R.
1788944066856,2026-09-09,2026-09-06,operacional_cae,453910,4,Love is Dead
1788945555562,2026-09-09,2026-09-06,snoopys030,2521380,4,Legacy of Kain Soul Reaver 1
1788945571780,2026-09-09,2026-09-06,operacional_cae,474960,4,Quantum Break
1788945797135,2026-09-09,2026-09-06,whitepai,1977170,1,Jusant
1788945987632,2026-09-09,2026-09-06,puphik,1915380,1,Garden Life: A Cozy Simulator
1788946167661,2026-09-09,2026-09-06,chestersz,1341290,1,We Were Here Forever
1788946804758,2026-09-09,2026-09-06,operacional_cae,321270,1,UNLOVED
1788946849038,2026-09-09,2026-09-06,darkranx,2321350,4,StormEdge
1788946928978,2026-09-09,2026-09-06,snoopys030,1687950,4,Persona 5 Royal
1788947165126,2026-09-09,2026-09-06,whitepai,1939970,1,Nobody Wants to Die
1788947200043,2026-09-09,2026-09-06,alfims,1328840,4,Lost in Play
1788947844094,2026-09-09,2026-09-06,hopelessss_,275850,1,No Man's Sky
1788947940357,2026-09-09,2026-09-06,whitepai,394510,1,HELLDIVERS™
1788948021599,2026-09-09,2026-09-06,yurigiu,4105730,4,Floor13
1788948136283,2026-09-09,2026-09-06,lillakra,1085510,4,Garfield Kart - Furious Racing
1788948407960,2026-09-09,2026-09-06,alexwifi42,267530,1,The LEGO Movie - Videogame
1788949123480,2026-09-09,2026-09-06,whitepai,505230,1,Pathologic 2
1788949259988,2026-09-09,2026-09-06,hopelessss_,498240,1,Batman - The Telltale Series
1788949338576,2026-09-09,2026-09-06,calypso_ba,57690,4,Tropico 4
1788949540444,2026-09-09,2026-09-06,alexwifi42,2168150,1,Teslagrad Remastered
1788949724096,2026-09-09,2026-09-06,whitepai,1918450,1,HunterX
1788950407664,2026-09-09,2026-09-06,alexwifi42,324800,1,Shadow Warrior 2
1788950431309,2026-09-09,2026-09-06,hopelessss_,1328350,1,Turbo Overkill
1788950806149,2026-09-09,2026-09-06,ivanpetrov32,1983260,4,Dungeons of Hinterberg
1788950949784,2026-09-09,2026-09-06,whitepai,1981610,1,Wanted: Dead
1788950970072,2026-09-09,2026-09-06,lovegamesandthings00000,1724770,4,Castle Of Alchemists
1788951992773,2026-09-09,2026-09-06,silent_luc,9200,4,RAGE
1788952066770,2026-09-09,2026-09-06,alexwifi42,2149010,1,Little Nightmares Enhanced Edition
1788952714015,2026-09-09,2026-09-06,whitepai,1390410,1,Midnight Fight Express
1788952800725,2026-09-09,2026-09-06,alyssrentori,324800,4,Shadow Warrior 2
1788953168928,2026-09-09,2026-09-06,alphonsoe,32360,4,The Secret of Monkey Island: Special Edition
1788953224131,2026-09-09,2026-09-06,operacional_cae,584980,1,Late Shift
1788953777384,2026-09-09,2026-09-06,operacional_cae,8870,1,BioShock Infinite
1788953780778,2026-09-09,2026-09-06,alphonsoe,1593500,4,God of War
1788953871606,2026-09-09,2026-09-06,yurigiu,1730590,4,The Entropy Centre
1788954318156,2026-09-09,2026-09-06,xiaoxiao9313,9200,4,RAGE
1788954895239,2026-09-09,2026-09-06,alphonsoe,1462040,4,FINAL FANTASY VII REMAKE INTERGRADE
1788955559997,2026-09-09,2026-09-06,cerebralx1,976310,4,Mortal Kombat 11
1788955740008,2026-09-09,2026-09-06,alphonsoe,32460,4,Monkey Island 2: Special Edition
1788956378232,2026-09-09,2026-09-06,operacional_cae,2073850,1,THE FINALS
1788956403732,2026-09-09,2026-09-06,cerebralx1,1020470,4,Evoland Legendary Edition
1788956481273,2026-09-09,2026-09-06,shadowladyex,312520,4,Rain World
1788956933836,2026-09-09,2026-09-06,alfims,1155970,1,Roadwarden
1788957147346,2026-09-09,2026-09-06,alphonsoe,1462040,4,FINAL FANTASY VII REMAKE INTERGRADE
1788957156161,2026-09-09,2026-09-06,cerebralx1,220440,4,DmC Devil May Cry
1788957820569,2026-09-09,2026-09-06,madagascaradam,584980,4,Late Shift
1788957864582,2026-09-09,2026-09-06,cerebralx1,363440,4,Mega Man Legacy Collection
1788958121542,2026-09-09,2026-09-06,operacional_cae,46490,1,Still Life 2
1788958215122,2026-09-09,2026-09-06,4gazmin4,13530,4,Prince of Persia: The Two Thrones
1788958655103,2026-09-09,2026-09-06,shadowladyex,312520,4,Rain World
1788958731973,2026-09-09,2026-09-06,thanossoul,1255980,4,Portal Reloaded
1788959529591,2026-09-09,2026-09-06,thanossoul,698670,4,Scorn
1788961069513,2026-09-09,2026-09-06,xiaoxiao9313,9200,4,RAGE
1788961751741,2026-09-09,2026-09-06,calypso_ba,482400,4,System Shock
1788961765036,2026-09-09,2026-09-06,mori2323,491040,4,Bot Vice
1788961804902,2026-09-09,2026-09-06,avin_novor,275850,4,No Man's Sky
1788962130281,2026-09-09,2026-09-06,alphonsoe,798460,2,Ni no Kuni Wrath of the White Witch Remastered
1788963292549,2026-09-09,2026-09-06,valase,312520,4,Rain World
1788963925950,2026-09-09,2026-09-06,operacional_cae,1850570,1,DEATH STRANDING DIRECTOR'S CUT
1788964683721,2026-09-09,2026-09-06,llucholba,612880,4,Wolfenstein II: The New Colossus
1788965419997,2026-09-09,2026-09-06,player0451,203160,4,Tomb Raider
1788967318460,2026-09-09,2026-09-06,thanossoul,498240,4,Batman - The Telltale Series
1788967458263,2026-09-09,2026-09-06,valase,312520,4,Rain World
1788967664807,2026-09-09,2026-09-06,alphonsoe,2909400,1,FINAL FANTASY VII REBIRTH
1788967819026,2026-09-09,2026-09-06,alexwifi42,244210,1,Assetto Corsa
1788968366518,2026-09-09,2026-09-06,xiaoxiao9313,379720,4,DOOM
1788968801397,2026-09-09,2026-09-06,silent_luc,524220,4,NieR:Automata
1788968809845,2026-09-09,2026-09-06,player0451,985890,4,Streets of Rage 4
1788968941768,2026-09-09,2026-09-06,pika_gamy,792710,2,Levelhead
1788970267327,2026-09-09,2026-09-06,avin_novor,275850,4,No Man's Sky
1788970481391,2026-09-09,2026-09-06,player0451,798460,4,Ni no Kuni Wrath of the White Witch Remastered
1788970758384,2026-09-09,2026-09-06,lovegamesandthings00000,267530,4,The LEGO Movie - Videogame
1788971362065,2026-09-09,2026-09-06,slay_da_b,1593500,4,God of War
1788971631275,2026-09-09,2026-09-06,dahhel,312520,4,Rain World
1788971832857,2026-09-09,2026-09-06,ivanpetrov32,247080,4,Crypt of the NecroDancer
1788971844675,2026-09-09,2026-09-06,ikaliayev,1687950,4,Persona 5 Royal
1788971961268,2026-09-09,2026-09-06,johnnymnemonics,1437400,4,Salt and Sacrifice
1788972117128,2026-09-09,2026-09-06,alburldador,1155970,4,Roadwarden
1788973701906,2026-09-09,2026-09-06,valase,312520,4,Rain World
1788974519094,2026-09-09,2026-09-06,mori2323,798460,4,Ni no Kuni Wrath of the White Witch Remastered
1788974696923,2026-09-09,2026-09-06,alexwifi42,960910,1,Heavy Rain
1788975620358,2026-09-09,2026-09-06,shadowladyex,312520,4,Rain World
1788975675271,2026-09-09,2026-09-06,alburldador,1570010,4,FAR: Changing Tides
1788976483541,2026-09-09,2026-09-06,ikaliayev,414340,4,Hellblade: Senua's Sacrifice
1788976887636,2026-09-09,2026-09-06,johnnymnemonics,1091500,4,Cyberpunk 2077
1788977099015,2026-09-09,2026-09-06,alexwifi42,1817230,4,Hi-Fi RUSH
1788977371688,2026-09-09,2026-09-06,pika_gamy,690640,4,Trine 4: The Nightmare Prince
1788977624108,2026-09-09,2026-09-06,shadowladyex,312520,4,Rain World
1788978342083,2026-09-09,2026-09-06,alfims,352400,4,LEGO Jurassic World
1788978638225,2026-09-09,2026-09-06,lmbs00,202750,4,Alan Wake's American Nightmare
1788978884310,2026-09-09,2026-09-06,pika_gamy,1577250,4,The Chant
1788979351799,2026-09-09,2026-09-06,avin_novor,696480,4,The Norwood Suite
1788979399849,2026-09-09,2026-09-06,dahhel,312520,4,Rain World
1788980004324,2026-09-09,2026-09-06,mori2323,617290,4,Remnant: From the Ashes
1788980146677,2026-09-09,2026-09-06,lmbs00,449610,4,Monster Boy And The Cursed Kingdom
1788980664957,2026-09-09,2026-09-06,4gazmin4,612880,4,Wolfenstein II: The New Colossus
1788980810067,2026-09-09,2026-09-06,llucholba,1577250,4,The Chant
1788981185083,2026-09-09,2026-09-06,alburldador,2747770,4,Wednesdays
1788981203054,2026-09-09,2026-09-06,lillakra,1681430,4,RoboCop: Rogue City
1788981382494,2026-09-09,2026-09-06,dahhel,312520,4,Rain World
1788981594682,2026-09-09,2026-09-06,silent_luc,9200,4,RAGE
1788982136657,2026-09-09,2026-09-06,ikaliayev,589360,4,Ni no Kuni II: Revenant Kingdom
1788982467819,2026-09-09,2026-09-06,lovegamesandthings00000,960910,4,Heavy Rain
1788982568457,2026-09-09,2026-09-06,johnnymnemonics,202750,4,Alan Wake's American Nightmare
1788982717715,2026-09-09,2026-09-06,player0451,524220,4,NieR:Automata
1788983173838,2026-09-09,2026-09-06,pika_gamy,395620,2,Ittle Dew 2
1788983240835,2026-09-09,2026-09-06,4gazmin4,21090,4,F.E.A.R.
1788983282669,2026-09-09,2026-09-06,llucholba,428660,4,Deliver Us The Moon
1788983404201,2026-09-09,2026-09-06,cerebralx1,1681430,4,RoboCop: Rogue City
1788983418111,2026-09-09,2026-09-06,thanossoul,1486630,4,Intravenous
1788983790075,2026-09-09,2026-09-06,ikaliayev,1687950,4,Persona 5 Royal
1788983947611,2026-09-09,2026-09-06,llucholba,253230,1,A Hat in Time
1788984295124,2026-09-09,2026-09-06,sassdrake,220440,1,DmC Devil May Cry
1788984470937,2026-09-09,2026-09-06,alburldador,1944430,4,Amnesia: The Bunker
1788985133174,2026-09-09,2026-09-06,cerebralx1,1999360,4,Placid Plastic Duck Simulator
1788985580753,2026-09-09,2026-09-06,silent_luc,428660,4,Deliver Us The Moon
1788985620117,2026-09-09,2026-09-06,operacional_cae,1794680,2,Vampire Survivors
1788985752484,2026-09-09,2026-09-06,johnnymnemonics,498240,4,Batman - The Telltale Series
1788986049428,2026-09-09,2026-09-06,louis_of_apshai,314790,4,Silence
1788986060544,2026-09-09,2026-09-06,puphik,3483,1,Peggle Extreme
1788987150275,2026-09-09,2026-09-06,alexwifi42,1622350,1,Copycat
1788987992871,2026-09-09,2026-09-06,shadowladyex,312520,4,Rain World
1788988300035,2026-09-09,2026-09-06,yurigiu,1458140,4,Pacific Drive
1788988566483,2026-09-09,2026-09-06,avin_novor,695100,4,Smoke and Sacrifice
1788988586963,2026-09-09,2026-09-06,louis_of_apshai,814360,4,Mythic Ocean
1788988653928,2026-09-09,2026-09-06,lmbs00,2933080,4,Crime Boss: Rockay City
1788989982846,2026-09-09,2026-09-06,yurigiu,322500,4,SUPERHOT
1788990305484,2026-09-09,2026-09-06,avin_novor,1932570,4,Jaded
1788990734348,2026-09-09,2026-09-06,chestersz,200260,1,Batman: Arkham City GOTY
1788990820211,2026-09-09,2026-09-06,4gazmin4,1282100,4,Remnant II
1788991704015,2026-09-09,2026-09-06,madagascaradam,1681430,4,RoboCop: Rogue City
1788991833701,2026-09-09,2026-09-06,alexwifi42,43160,4,Metro: Last Light Complete Edition
1788991843422,2026-09-09,2026-09-06,dahhel,312520,4,Rain World
1788992348183,2026-09-09,2026-09-06,chestersz,844590,1,Hypnospace Outlaw
1788993640251,2026-09-09,2026-09-06,ikaliayev,548430,4,Deep Rock Galactic
1788993823739,2026-09-09,2026-09-06,cerebralx1,1020470,4,Evoland Legendary Edition
1788993932654,2026-09-09,2026-09-06,chestersz,346560,1,Hero of the Kingdom II
1788993946752,2026-09-09,2026-09-06,valase,312520,4,Rain World
1788994422076,2026-09-09,2026-09-06,operacional_cae,377160,4,Fallout 4
1788995716224,2026-09-09,2026-09-06,operacional_cae,505230,2,Pathologic 2
1788995914477,2026-09-09,2026-09-06,alexwifi42,323190,4,Frostpunk
1788995934422,2026-09-09,2026-09-06,valase,312520,4,Rain World
1788997069810,2026-09-09,2026-09-06,player0451,524220,4,NieR:Automata
1788998109119,2026-09-09,2026-09-06,chestersz,71240,1,SEGA Bass Fishing
1788999514780,2026-09-10,2026-09-06,thanossoul,322500,4,SUPERHOT
1788999594787,2026-09-10,2026-09-06,alyssrentori,765840,4,Leisure Suit Larry 2 - Looking For Love (In Several Wrong Places)
1789000231346,2026-09-10,2026-09-06,lovegamesandthings00000,3027930,4,Karate Survivor
1789000433136,2026-09-10,2026-09-06,chestersz,960910,1,Heavy Rain
1789000521732,2026-09-10,2026-09-06,snoopys030,202750,4,Alan Wake's American Nightmare
1789000787836,2026-09-10,2026-09-06,4gazmin4,1577250,4,The Chant
1789001764420,2026-09-10,2026-09-06,ikaliayev,266210,4,One Way Heroics
1789004463036,2026-09-10,2026-09-06,snoopys030,2521380,4,Legacy of Kain Soul Reaver 1
1789005124924,2026-09-10,2026-09-06,alyssrentori,1687950,4,Persona 5 Royal
1789005936663,2026-09-10,2026-09-06,madagascaradam,1164940,4,Trepang2
1789006741002,2026-09-10,2026-09-06,dahhel,312520,4,Rain World
1789006958118,2026-09-10,2026-09-06,madagascaradam,461040,4,PICO PARK:Classic Edition
1789007198672,2026-09-10,2026-09-06,llucholba,377160,4,Fallout 4
1789007354852,2026-09-10,2026-09-06,avin_novor,21000,4,LEGO Batman: The Videogame
1789007361159,2026-09-10,2026-09-06,player0451,390290,3,Bulb Boy
1789007917472,2026-09-10,2026-09-06,slay_da_b,960910,4,Heavy Rain
1789009082509,2026-09-10,2026-09-06,madagascaradam,1087760,4,The Gunk
1789009356411,2026-09-10,2026-09-06,lovegamesandthings00000,491040,4,Bot Vice
1789009623902,2026-09-10,2026-09-06,shadowladyex,312520,4,Rain World
1789010034531,2026-09-10,2026-09-06,thanossoul,225080,3,Brothers - A Tale of Two Sons
1789010690626,2026-09-10,2026-09-06,mori2323,698670,4,Scorn
1789010803097,2026-09-10,2026-09-06,lovegamesandthings00000,1232010,4,Radical Rabbit Stew
1789011280186,2026-09-10,2026-09-06,lmbs00,292030,4,The Witcher 3: Wild Hunt
1789012187733,2026-09-10,2026-09-06,avin_novor,3527290,3,PEAK
1789012192431,2026-09-10,2026-09-06,slay_da_b,814680,4,Unbound: Worlds Apart
1789013212095,2026-09-10,2026-09-06,dahhel,312520,2,Rain World
1789013868253,2026-09-10,2026-09-06,alburldador,70,4,Half-Life
1789014090040,2026-09-10,2026-09-06,xiaoxiao9313,1577120,4,The Quarry
1789014182218,2026-09-10,2026-09-06,alfims,314790,4,Silence
1789015549235,2026-09-10,2026-09-06,alfims,447020,4,Farming Simulator 17
1789015941609,2026-09-10,2026-09-06,snoopys030,314790,4,Silence
1789016449681,2026-09-10,2026-09-06,llucholba,1206620,1,Soul Axiom Rebooted
1789016811752,2026-09-10,2026-09-06,johnnymnemonics,976310,4,Mortal Kombat 11
1789017101189,2026-09-10,2026-09-06,alburldador,1815570,4,Aces and Adventures
1789017239746,2026-09-10,2026-09-06,dahhel,2305840,1,Cat Quest III
1789017852458,2026-09-10,2026-09-06,xiaoxiao9313,958520,4,33 Immortals
1789017896164,2026-09-10,2026-09-06,slay_da_b,275850,4,No Man's Sky
1789018327283,2026-09-10,2026-09-06,mori2323,1282100,4,Remnant II
1789019667363,2026-09-10,2026-09-06,ivanpetrov32,267530,4,The LEGO Movie - Videogame
1789019803089,2026-09-10,2026-09-06,mori2323,3699800,4,Akiiwan: Relaxing Survival Playtest
1789020850810,2026-09-10,2026-09-06,ivanpetrov32,979120,4,Autonauts
1789021660311,2026-09-10,2026-09-06,ivanpetrov32,3699800,4,Akiiwan: Relaxing Survival Playtest
1789023751804,2026-09-10,2026-09-06,lmbs00,1139900,4,Ghostrunner
1789023996179,2026-09-10,2026-09-06,xiaoxiao9313,252170,4,Anomaly Warzone Earth Mobile Campaign
1789025295041,2026-09-10,2026-09-06,yurigiu,1493640,4,Banishers: Ghosts of New Eden
1789025299396,2026-09-10,2026-09-06,ivanpetrov32,390290,4,Bulb Boy
1789025711129,2026-09-10,2026-09-06,lmbs00,1252240,4,Aeon Drive
1789025961132,2026-09-10,2026-09-06,mori2323,1401730,4,crashlands 2
1789026069342,2026-09-10,2026-09-06,snoopys030,1577120,4,The Quarry
1789026476451,2026-09-10,2026-09-06,lillakra,314030,4,Guilty Gear X2 #Reload
1789026711877,2026-09-10,2026-09-06,whitepai,498240,1,Batman - The Telltale Series
1789028697859,2026-09-10,2026-09-06,pika_gamy,1085510,2,Garfield Kart - Furious Racing
1789029212348,2026-09-10,2026-09-06,calypso_ba,601360,4,Portal: Revolution
1789029794911,2026-09-10,2026-09-06,valase,312520,4,Rain World
1789030152136,2026-09-10,2026-09-06,whitepai,599140,1,Graveyard Keeper
1789030278432,2026-09-10,2026-09-06,operacional_cae,1084640,4,Chicken Police
1789030545415,2026-09-10,2026-09-06,yurigiu,314790,4,Silence
1789030851023,2026-09-10,2026-09-06,whitepai,267530,1,The LEGO Movie - Videogame
1789030897566,2026-09-10,2026-09-06,operacional_cae,321270,4,UNLOVED
1789031139011,2026-09-10,2026-09-06,sassdrake,1282100,1,Remnant II
1789031244219,2026-09-10,2026-09-06,slay_da_b,22380,4,Fallout: New Vegas
1789031558685,2026-09-10,2026-09-06,valase,312520,4,Rain World
1789031910660,2026-09-10,2026-09-06,alfims,1593500,4,God of War
1789032271114,2026-09-10,2026-09-06,whitepai,1920490,1,The Outer Worlds: Spacer's Choice Edition
1789032284981,2026-09-10,2026-09-06,xiaoxiao9313,20820,1,Shatter
1789032289050,2026-09-10,2026-09-06,operacional_cae,601360,1,Portal: Revolution
1789033323425,2026-09-10,2026-09-06,whitepai,1184480,1,Inertial Drift
1789033860401,2026-09-10,2026-09-06,hopelessss_,617290,1,Remnant: From the Ashes
1789034072114,2026-09-10,2026-09-06,alfims,207040,4,Sine Mora
1789034351338,2026-09-10,2026-09-06,ivanpetrov32,1282100,2,Remnant II
1789034557898,2026-09-10,2026-09-06,whitepai,976310,1,Mortal Kombat 11
1789034853953,2026-09-10,2026-09-06,yurigiu,310560,4,DiRT Rally
1789034884505,2026-09-10,2026-09-06,puphik,2384130,1,shell of a king
1789035124473,2026-09-10,2026-09-06,johnnymnemonics,1084640,4,Chicken Police
1789035158681,2026-09-10,2026-09-06,alexwifi42,1428100,1,Instruments of Destruction
1789035314638,2026-09-10,2026-09-06,whitepai,96000,1,The Tiny Bang Story
1789035410999,2026-09-10,2026-09-06,chestersz,2426330,1,Greed and Grind
1789035661713,2026-09-10,2026-09-06,alexwifi42,473950,2,Manifold Garden
1789036543466,2026-09-10,2026-09-06,whitepai,1167300,1,Battle Axe
1789037054123,2026-09-10,2026-09-06,alphonsoe,275850,4,No Man's Sky
1789037140939,2026-09-10,2026-09-06,louis_of_apshai,620,4,Portal 2
1789037375179,2026-09-10,2026-09-06,operacional_cae,203160,3,Tomb Raider
1789037458374,2026-09-10,2026-09-06,snoopys030,498240,4,Batman - The Telltale Series
1789037551431,2026-09-10,2026-09-06,alexwifi42,1390410,1,Midnight Fight Express
1789037623621,2026-09-10,2026-09-06,lillakra,1493640,4,Banishers: Ghosts of New Eden
1789037661174,2026-09-10,2026-09-06,shadowladyex,312520,4,Rain World
1789037820146,2026-09-10,2026-09-06,whitepai,1293180,1,SuchArt!
1789037827068,2026-09-10,2026-09-06,lovegamesandthings00000,21120,4,F.E.A.R.: Perseus Mandate
1789038316383,2026-09-10,2026-09-06,alphonsoe,798460,4,Ni no Kuni Wrath of the White Witch Remastered
1789038506496,2026-09-10,2026-09-06,whitepai,2478970,1,Tomb Raider I-III Remastered Starring Lara Croft
1789038532226,2026-09-10,2026-09-06,lillakra,612880,4,Wolfenstein II: The New Colossus
1789038712755,2026-09-10,2026-09-06,yurigiu,267530,4,The LEGO Movie - Videogame
1789038776283,2026-09-10,2026-09-06,alphonsoe,589360,4,Ni no Kuni II: Revenant Kingdom
1789038784379,2026-09-10,2026-09-06,silent_luc,9200,4,RAGE
1789039101323,2026-09-10,2026-09-06,whitepai,395620,1,Ittle Dew 2
1789039340489,2026-09-10,2026-09-06,chestersz,2094320,1,Escape First Alchemist
1789039569873,2026-09-10,2026-09-06,alphonsoe,1593500,4,God of War
1789039833136,2026-09-10,2026-09-06,thanossoul,208650,4,Batman: Arkham Knight
1789040209539,2026-09-10,2026-09-06,alphonsoe,32360,4,The Secret of Monkey Island: Special Edition
1789040536719,2026-09-10,2026-09-06,operacional_cae,1265860,1,NASCAR Heat 5
1789040557427,2026-09-10,2026-09-06,alexwifi42,2561580,2,Horizon Zero Dawn™ Remastered
1789040696953,2026-09-10,2026-09-06,pika_gamy,690640,4,Trine 4: The Nightmare Prince
1789040703607,2026-09-10,2026-09-06,shadowladyex,312520,4,Rain World
1789040900955,2026-09-10,2026-09-06,lillakra,2525380,4,Tomb Raider IV-VI Remastered
1789041501563,2026-09-10,2026-09-06,lovegamesandthings00000,617290,4,Remnant: From the Ashes
1789041617274,2026-09-10,2026-09-06,chestersz,1437400,1,Salt and Sacrifice
1789041668502,2026-09-10,2026-09-06,whitepai,1433340,1,Happy's Humble Burger Farm
1789042290256,2026-09-10,2026-09-06,slay_da_b,1139900,4,Ghostrunner
1789042930686,2026-09-10,2026-09-06,thanossoul,1577120,4,The Quarry
1789043005273,2026-09-10,2026-09-06,silent_luc,524220,4,NieR:Automata
1789043094745,2026-09-10,2026-09-06,johnnymnemonics,2478970,4,Tomb Raider I-III Remastered Starring Lara Croft
1789043332932,2026-09-10,2026-09-06,player0451,49520,4,Borderlands 2
1789043364663,2026-09-10,2026-09-06,operacional_cae,321270,1,UNLOVED
1789043756377,2026-09-10,2026-09-06,shadowladyex,312520,4,Rain World
1789043757894,2026-09-10,2026-09-06,lovegamesandthings00000,1724770,4,Castle Of Alchemists
1789044091808,2026-09-10,2026-09-06,pika_gamy,1599880,2,Cats in Time
1789045495161,2026-09-10,2026-09-06,madagascaradam,1577250,4,The Chant
1789045651886,2026-09-10,2026-09-06,johnnymnemonics,1593500,2,God of War
1789047184380,2026-09-10,2026-09-06,alexwifi42,1552810,1,Twin Mirror
1789048013309,2026-09-10,2026-09-06,avin_novor,3247750,4,Mycopunk
1789048222661,2026-09-10,2026-09-06,operacional_cae,960910,1,Heavy Rain
1789048529022,2026-09-10,2026-09-06,louis_of_apshai,979120,4,Autonauts
1789049198093,2026-09-10,2026-09-06,yurigiu,866800,4,The Walking Dead: The Final Season
1789050491528,2026-09-10,2026-09-06,slay_da_b,690640,4,Trine 4: The Nightmare Prince
1789050507051,2026-09-10,2026-09-06,thanossoul,870780,4,Control Ultimate Edition
1789050669778,2026-09-10,2026-09-06,alexwifi42,387290,3,Ori and the Blind Forest: Definitive Edition
1789050932467,2026-09-10,2026-09-06,avin_novor,3027930,4,Karate Survivor
1789051266773,2026-09-10,2026-09-06,chestersz,512900,1,Streets of Rogue
1789051407925,2026-09-10,2026-09-06,operacional_cae,379720,1,DOOM
1789052078641,2026-09-10,2026-09-06,calypso_ba,292030,4,The Witcher 3: Wild Hunt
1789052449860,2026-09-10,2026-09-06,xiaoxiao9313,1206620,4,Soul Axiom Rebooted
1789052981364,2026-09-10,2026-09-06,alphonsoe,798460,3,Ni no Kuni Wrath of the White Witch Remastered
1789053076471,2026-09-10,2026-09-06,lillakra,46500,4,Syberia
1789053317008,2026-09-10,2026-09-06,alexwifi42,1817230,1,Hi-Fi RUSH
1789053366234,2026-09-10,2026-09-06,silent_luc,782330,4,DOOM Eternal
1789053752254,2026-09-10,2026-09-06,lillakra,1920490,4,The Outer Worlds: Spacer's Choice Edition
1789054065402,2026-09-10,2026-09-06,pika_gamy,792710,4,Levelhead
1789054269834,2026-09-10,2026-09-06,dahhel,312520,4,Rain World
1789054316674,2026-09-10,2026-09-06,lillakra,22380,4,Fallout: New Vegas
1789054999551,2026-09-10,2026-09-06,lillakra,1898290,4,LEGO Bricktales
1789055037716,2026-09-10,2026-09-06,alexwifi42,1593500,1,God of War
1789055403534,2026-09-10,2026-09-06,alburldador,1552810,4,Twin Mirror
1789055702054,2026-09-10,2026-09-06,shadowladyex,312520,3,Rain World
1789055819047,2026-09-10,2026-09-06,alexwifi42,32330,1,LEGO Indiana Jones: The Original Adventures
1789055980870,2026-09-10,2026-09-06,sassdrake,617290,1,Remnant: From the Ashes
1789056422410,2026-09-10,2026-09-06,alexwifi42,394510,1,HELLDIVERS™
1789057204561,2026-09-10,2026-09-06,xiaoxiao9313,45760,4,Ultra Street Fighter IV
1789057254317,2026-09-10,2026-09-06,ikaliayev,1661630,4,KarmaZoo
1789057911636,2026-09-10,2026-09-06,alburldador,1455840,1,Dorfromantik
1789058350362,2026-09-10,2026-09-06,dahhel,312520,4,Rain World
1789058600860,2026-09-10,2026-09-06,louis_of_apshai,620,4,Portal 2
1789058788492,2026-09-10,2026-09-06,silent_luc,1458140,4,Pacific Drive
1789059269235,2026-09-10,2026-09-06,sassdrake,1493640,1,Banishers: Ghosts of New Eden
1789059716532,2026-09-10,2026-09-06,valase,312520,4,Rain World
1789059901130,2026-09-10,2026-09-06,alfims,1132980,4,There Is No Light
1789061106415,2026-09-10,2026-09-06,valase,312520,4,Rain World
1789061150297,2026-09-10,2026-09-06,lovegamesandthings00000,1577250,4,The Chant
1789061339067,2026-09-10,2026-09-06,alfims,269190,4,Edge Of Eternity
1789061382084,2026-09-10,2026-09-06,sassdrake,620,1,Portal 2
1789062218513,2026-09-10,2026-09-06,johnnymnemonics,1145360,4,Hades
1789062457972,2026-09-10,2026-09-06,dahhel,312520,4,Rain World
1789062533885,2026-09-10,2026-09-06,alburldador,1190170,4,OlliOlli World
1789063834097,2026-09-10,2026-09-06,calypso_ba,1794680,4,Vampire Survivors
1789063915698,2026-09-10,2026-09-06,alexwifi42,1281590,1,The Dark Pictures Anthology: House of Ashes
1789064579548,2026-09-10,2026-09-06,lmbs00,1139900,4,Ghostrunner
1789064632857,2026-09-10,2026-09-06,thanossoul,1493640,4,Banishers: Ghosts of New Eden
1789065080312,2026-09-10,2026-09-06,mori2323,323190,4,Frostpunk
1789065399109,2026-09-10,2026-09-06,alexwifi42,9200,1,RAGE
1789065527495,2026-09-10,2026-09-06,pika_gamy,1087760,4,The Gunk
1789065696708,2026-09-10,2026-09-06,llucholba,458580,4,Windlands 2
1789065755198,2026-09-10,2026-09-06,lovegamesandthings00000,690640,4,Trine 4: The Nightmare Prince
1789066358645,2026-09-10,2026-09-06,alburldador,1815570,4,Aces and Adventures
1789066605932,2026-09-10,2026-09-06,shadowladyex,312520,3,Rain World
1789067048438,2026-09-10,2026-09-06,lmbs00,1817230,4,Hi-Fi RUSH
1789067390088,2026-09-10,2026-09-06,johnnymnemonics,1139900,2,Ghostrunner
1789067890358,2026-09-10,2026-09-06,dahhel,312520,3,Rain World
1789068060230,2026-09-10,2026-09-06,ikaliayev,1132980,4,There Is No Light
1789068463506,2026-09-10,2026-09-06,alexwifi42,870780,1,Control Ultimate Edition
1789069324864,2026-09-10,2026-09-06,pika_gamy,1599880,4,Cats in Time
1789069799983,2026-09-10,2026-09-06,yurigiu,21120,4,F.E.A.R.: Perseus Mandate
1789070888323,2026-09-10,2026-09-06,hopelessss_,765840,1,Leisure Suit Larry 2 - Looking For Love (In Several Wrong Places)
1789071944025,2026-09-10,2026-09-06,pika_gamy,606150,4,Moonlighter
1789072340081,2026-09-10,2026-09-06,alexwifi42,1164940,1,Trepang2
1789072470663,2026-09-10,2026-09-06,llucholba,1510630,4,Everybody Wham Wham
1789073033056,2026-09-10,2026-09-06,lovegamesandthings00000,1265860,4,NASCAR Heat 5
1789073848948,2026-09-10,2026-09-06,pika_gamy,792710,2,Levelhead
1789073948111,2026-09-10,2026-09-06,chestersz,1401730,1,crashlands 2
1789073989703,2026-09-10,2026-09-06,avin_novor,512900,4,Streets of Rogue
1789074030836,2026-09-10,2026-09-06,operacional_cae,2525380,4,Tomb Raider IV-VI Remastered
1789074045718,2026-09-10,2026-09-06,dahhel,312520,1,Rain World
1789074119559,2026-09-10,2026-09-06,cerebralx1,1794680,4,Vampire Survivors
1789074514869,2026-09-10,2026-09-06,alexwifi42,474960,4,Quantum Break
1789074534607,2026-09-10,2026-09-06,johnnymnemonics,870780,2,Control Ultimate Edition
1789074885986,2026-09-10,2026-09-06,cerebralx1,1462040,4,FINAL FANTASY VII REMAKE INTERGRADE
1789075381015,2026-09-10,2026-09-06,cerebralx1,1599880,4,Cats in Time
1789075933296,2026-09-10,2026-09-06,cerebralx1,1105500,4,Yakuza 4 Remastered
1789076535006,2026-09-10,2026-09-06,cerebralx1,45760,4,Ultra Street Fighter IV
1789077003689,2026-09-10,2026-09-06,silent_luc,524220,4,NieR:Automata
1789077159980,2026-09-10,2026-09-06,llucholba,498240,4,Batman - The Telltale Series
1789077248214,2026-09-10,2026-09-06,alexwifi42,1084640,2,Chicken Police
1789077682317,2026-09-10,2026-09-06,llucholba,1794680,4,Vampire Survivors
1789077776140,2026-09-10,2026-09-06,puphik,218090,1,Unity of Command
1789077847452,2026-09-10,2026-09-06,alexwifi42,9200,1,RAGE
1789078263309,2026-09-10,2026-09-06,madagascaradam,21090,4,F.E.A.R.
1789078363613,2026-09-10,2026-09-06,avin_novor,278360,4,A StorY About My Uncle
1789078625630,2026-09-10,2026-09-06,hopelessss_,400,1,Portal
1789078702553,2026-09-10,2026-09-06,llucholba,1255980,2,Portal Reloaded
1789078761783,2026-09-10,2026-09-06,madagascaradam,323190,4,Frostpunk
1789078939901,2026-09-10,2026-09-06,alexwifi42,480490,4,Prey
1789078972536,2026-09-10,2026-09-06,cerebralx1,45760,4,Ultra Street Fighter IV
1789079134275,2026-09-10,2026-09-06,puphik,305620,1,The Long Dark
1789080372812,2026-09-10,2026-09-06,valase,312520,4,Rain World
1789081063673,2026-09-10,2026-09-06,pika_gamy,1061910,2,Metal: Hellsinger
1789081916500,2026-09-10,2026-09-06,thanossoul,698670,1,Scorn
1789082362408,2026-09-10,2026-09-06,shadowladyex,312520,4,Rain World
1789082492131,2026-09-10,2026-09-06,ikaliayev,379720,4,DOOM
1789082563190,2026-09-10,2026-09-06,thanossoul,1577250,4,The Chant
1789082836828,2026-09-10,2026-09-06,lovegamesandthings00000,352400,4,LEGO Jurassic World
1789082849045,2026-09-10,2026-09-06,madagascaradam,505230,4,Pathologic 2
1789082958702,2026-09-10,2026-09-06,snoopys030,617290,4,Remnant: From the Ashes
1789083410884,2026-09-10,2026-09-06,4gazmin4,21090,4,F.E.A.R.
1789083908347,2026-09-10,2026-09-06,snoopys030,13500,4,Prince of Persia: Warrior Within
1789085146467,2026-09-11,2026-09-06,chestersz,377160,1,Fallout 4
1789086453540,2026-09-11,2026-09-06,snoopys030,1265860,4,NASCAR Heat 5
1789087211206,2026-09-11,2026-09-06,hopelessss_,278360,1,A StorY About My Uncle
1789087391510,2026-09-11,2026-09-06,lovegamesandthings00000,3027930,1,Karate Survivor
1789087530612,2026-09-11,2026-09-06,madagascaradam,976310,4,Mortal Kombat 11
1789087685246,2026-09-11,2026-09-06,player0451,2005010,4,Warhammer 40,000: Boltgun
1789088200623,2026-09-11,2026-09-06,hopelessss_,1087760,1,The Gunk
1789088484305,2026-09-11,2026-09-06,silent_luc,524220,4,NieR:Automata
1789089062822,2026-09-11,2026-09-06,hopelessss_,2347110,1,Quasimorph: End of Dream
1789089799533,2026-09-11,2026-09-06,hopelessss_,477160,1,Human Fall Flat
1789089862475,2026-09-11,2026-09-06,ikaliayev,524220,4,NieR:Automata
1789090056974,2026-09-11,2026-09-06,llucholba,498240,3,Batman - The Telltale Series
1789090861033,2026-09-11,2026-09-06,hopelessss_,1061910,1,Metal: Hellsinger
1789091872232,2026-09-11,2026-09-06,hopelessss_,617290,1,Remnant: From the Ashes
1789092688282,2026-09-11,2026-09-06,slay_da_b,323190,4,Frostpunk
1789092694426,2026-09-11,2026-09-06,lovegamesandthings00000,548430,1,Deep Rock Galactic
1789092746393,2026-09-11,2026-09-06,valase,312520,4,Rain World
1789092956494,2026-09-11,2026-09-06,hopelessss_,1661630,1,KarmaZoo
1789093278581,2026-09-11,2026-09-06,player0451,1136370,4,Bear and Breakfast
1789093501396,2026-09-11,2026-09-06,llucholba,606280,1,Darksiders III
1789093535998,2026-09-11,2026-09-06,silent_luc,1918450,4,HunterX
1789094039861,2026-09-11,2026-09-06,hopelessss_,269190,1,Edge Of Eternity
1789094041814,2026-09-11,2026-09-06,slay_da_b,979120,4,Autonauts
1789094903923,2026-09-11,2026-09-06,player0451,1084600,4,My Time at Sandrock
1789095141675,2026-09-11,2026-09-06,valase,312520,4,Rain World
1789095162816,2026-09-11,2026-09-06,hopelessss_,1132980,1,There Is No Light
1789095411738,2026-09-11,2026-09-06,alyssrentori,341170,4,Adventures of Chris
1789095483354,2026-09-11,2026-09-06,xiaoxiao9313,532210,4,Life is Strange 2
1789095982641,2026-09-11,2026-09-06,avin_novor,1983260,4,Dungeons of Hinterberg
1789096188430,2026-09-11,2026-09-06,shadowladyex,312520,4,Rain World
1789096606259,2026-09-11,2026-09-06,hopelessss_,2321350,1,StormEdge
1789096713821,2026-09-11,2026-09-06,slay_da_b,377160,4,Fallout 4
1789097241686,2026-09-11,2026-09-06,valase,312520,4,Rain World
1789097259030,2026-09-11,2026-09-06,thanossoul,395620,4,Ittle Dew 2
1789097992789,2026-09-11,2026-09-06,hopelessss_,1730590,1,The Entropy Centre
1789098175184,2026-09-11,2026-09-06,lovegamesandthings00000,698670,1,Scorn
1789098409845,2026-09-11,2026-09-06,dahhel,312520,4,Rain World
1789098412585,2026-09-11,2026-09-06,mori2323,208650,4,Batman: Arkham Knight
1789098731915,2026-09-11,2026-09-06,naoka_ueno,2933080,4,Crime Boss: Rockay City
1789099180039,2026-09-11,2026-09-06,xiaoxiao9313,606280,4,Darksiders III