username,amount,reason,source,timestamp,date,day
alfims,90,Phase 3: RAM,bootLoop,1782878411548,2026-07-01,Wed
avin_novor,90,Phase 3: RAM,bootLoop,1782878411551,2026-07-01,Wed
snoopys030,90,Phase 3: RAM,bootLoop,1782878411561,2026-07-01,Wed
dahhel,90,Phase 3: RAM,bootLoop,1782878411574,2026-07-01,Wed
shadowladyex,90,Phase 3: RAM,bootLoop,1782878411578,2026-07-01,Wed
xiaoxiao9313,90,Phase 3: RAM,bootLoop,1782878411695,2026-07-01,Wed
zoskycube,1,Ending round with !v###,vodVote,1782878426961,2026-07-01,Wed
mori2323,132,Gauntlet vote: THE FINALS [v:4],gauntlet,1782878442683,2026-07-01,Wed
avin_novor,80,vote +42🔥,vodVote,1782878528058,2026-07-01,Wed
dahhel,56,vote +18🔥,vodVote,1782878537829,2026-07-01,Wed
mori2323,40,vote +2🔥,vodVote,1782878542646,2026-07-01,Wed
snoopys030,55,vote +17🔥,vodVote,1782878625278,2026-07-01,Wed
xiaoxiao9313,42,vote +4🔥,vodVote,1782878724721,2026-07-01,Wed
xiaoxiao9313,33,Gauntlet vote: Pine [v:1],gauntlet,1782878734834,2026-07-01,Wed
alyssrentori,38,vote ,vodVote,1782878744361,2026-07-01,Wed
alyssrentori,132,Gauntlet vote: Backbone [v:4],gauntlet,1782878765316,2026-07-01,Wed
shadowladyex,59,vote +21🔥,vodVote,1782878825972,2026-07-01,Wed
alfims,40,vote +2🔥,vodVote,1782878845707,2026-07-01,Wed
mori2323,176,AI Art word: gravity,art,1782879151668,2026-07-01,Wed
alyssrentori,52,AI Art word: girl,art,1782879170987,2026-07-01,Wed
slay_da_b,38,vote ,vodVote,1782879333216,2026-07-01,Wed
slay_da_b,132,Gauntlet vote: Planet Explorers [v:4],gauntlet,1782879370166,2026-07-01,Wed
madagascaradam,39,vote +1🔥,vodVote,1782879534152,2026-07-01,Wed
shadowladyex,44,overtimeOverdose (1),vodVote,1782879586164,2026-07-01,Wed
madagascaradam,41,overtimeOverdose (2),vodVote,1782879636838,2026-07-01,Wed
dahhel,38,overtimeOverdose (3),vodVote,1782879696876,2026-07-01,Wed
avin_novor,45,Phase 1: GPU,bootLoop,1782879747200,2026-07-01,Wed
madagascaradam,45,Phase 1: GPU,bootLoop,1782879747205,2026-07-01,Wed
shadowladyex,45,Phase 1: GPU,bootLoop,1782879747211,2026-07-01,Wed
alfims,45,Phase 1: GPU,bootLoop,1782879747236,2026-07-01,Wed
alyssrentori,45,Phase 1: GPU,bootLoop,1782879747265,2026-07-01,Wed
snoopys030,45,Phase 1: GPU,bootLoop,1782879747293,2026-07-01,Wed
slay_da_b,45,Phase 1: GPU,bootLoop,1782879747319,2026-07-01,Wed
dahhel,45,Phase 1: GPU,bootLoop,1782879747322,2026-07-01,Wed
alfims,35,overtimeOverdose (4),vodVote,1782879749821,2026-07-01,Wed
alfims,98,AI Art word: kinetics,art,1782879760785,2026-07-01,Wed
mori2323,32,overtimeOverdose (5),vodVote,1782879775499,2026-07-01,Wed
xiaoxiao9313,29,overtimeOverdose (6),vodVote,1782879778697,2026-07-01,Wed
avin_novor,26,overtimeOverdose (7),vodVote,1782879792698,2026-07-01,Wed
zoskycube,1,Ending round with !v###,vodVote,1782879819818,2026-07-01,Wed
dahhel,99,Gauntlet vote: Ni no Kuni II: Revenant Kingdom [v:3],gauntlet,1782879842379,2026-07-01,Wed
dahhel,57,vote +19🔥,vodVote,1782879941875,2026-07-01,Wed
shadowladyex,60,vote +22🔥,vodVote,1782879963010,2026-07-01,Wed
alfims,132,Gauntlet vote: Dorfromantik [v:4],gauntlet,1782879981810,2026-07-01,Wed
darkranx,38,vote ,vodVote,1782880056602,2026-07-01,Wed
snoopys030,56,vote +18🔥,vodVote,1782880061142,2026-07-01,Wed
mori2323,41,vote +3🔥,vodVote,1782880210981,2026-07-01,Wed
avin_novor,81,vote +43🔥,vodVote,1782880219692,2026-07-01,Wed
dahhel,65,Phase 2: HDD,bootLoop,1782880321175,2026-07-01,Wed
snoopys030,65,Phase 2: HDD,bootLoop,1782880321183,2026-07-01,Wed
shadowladyex,65,Phase 2: HDD,bootLoop,1782880321186,2026-07-01,Wed
avin_novor,65,Phase 2: HDD,bootLoop,1782880321193,2026-07-01,Wed
darkranx,65,Phase 2: HDD,bootLoop,1782880321196,2026-07-01,Wed
slay_da_b,39,vote +1🔥,vodVote,1782880348743,2026-07-01,Wed
madagascaradam,2525,Referral bonus (6 referrals),referral,1782880472455,2026-07-01,Wed
mori2323,218,AI Art word: mojitos,art,1782880522539,2026-07-01,Wed
slay_da_b,132,"Gauntlet vote: Warhammer 40,000: Rogue Trader [v:4]",gauntlet,1782880578140,2026-07-01,Wed
darkranx,132,Gauntlet vote: Euro Truck Simulator 2 [v:4],gauntlet,1782880768864,2026-07-01,Wed
xiaoxiao9313,43,vote +5🔥,vodVote,1782880772060,2026-07-01,Wed
alburldador,38,vote ,vodVote,1782880775218,2026-07-01,Wed
xiaoxiao9313,33,Gauntlet vote: Batman: Arkham City GOTY [v:1],gauntlet,1782880778755,2026-07-01,Wed
darkranx,44,overtimeOverdose (1),vodVote,1782880820919,2026-07-01,Wed
xiaoxiao9313,41,overtimeOverdose (2),vodVote,1782880827952,2026-07-01,Wed
darkranx,90,Phase 3: CPU,bootLoop,1782880840304,2026-07-01,Wed
slay_da_b,90,Phase 3: CPU,bootLoop,1782880840308,2026-07-01,Wed
dahhel,90,Phase 3: CPU,bootLoop,1782880840310,2026-07-01,Wed
snoopys030,90,Phase 3: CPU,bootLoop,1782880840312,2026-07-01,Wed
alburldador,90,Phase 3: CPU,bootLoop,1782880840315,2026-07-01,Wed
shadowladyex,90,Phase 3: CPU,bootLoop,1782880840317,2026-07-01,Wed
xiaoxiao9313,90,Phase 3: CPU,bootLoop,1782880840321,2026-07-01,Wed
dahhel,38,overtimeOverdose (3),vodVote,1782880852245,2026-07-01,Wed
alburldador,38,overtimeOverdose (3),vodVote,1782880852397,2026-07-01,Wed
shadowladyex,32,overtimeOverdose (5),vodVote,1782880927975,2026-07-01,Wed
zoskycube,1,Ending round with !v###,vodVote,1782881013773,2026-07-01,Wed
alfims,132,Gauntlet vote: Batman: Arkham Knight [v:4],gauntlet,1782881097410,2026-07-01,Wed
alburldador,39,vote +1🔥,vodVote,1782881142401,2026-07-01,Wed
avin_novor,82,vote +44🔥,vodVote,1782881154047,2026-07-01,Wed
dahhel,58,vote +20🔥,vodVote,1782881173441,2026-07-01,Wed
alfims,38,vote ,vodVote,1782881177503,2026-07-01,Wed
alfims,84,AI Art word: penguins,art,1782881180234,2026-07-01,Wed
alburldador,1000,Voucher: dailyDose,voucher,1782881180515,2026-07-01,Wed
avin_novor,132,Gauntlet vote: Remnant: From the Ashes [v:4],gauntlet,1782881186435,2026-07-01,Wed
xiaoxiao9313,44,vote +6🔥,vodVote,1782881224120,2026-07-01,Wed
snoopys030,57,vote +19🔥,vodVote,1782881232727,2026-07-01,Wed
shadowladyex,61,vote +23🔥,vodVote,1782881253372,2026-07-01,Wed
slay_da_b,40,vote +2🔥,vodVote,1782881512278,2026-07-01,Wed
alyssrentori,38,vote ,vodVote,1782881809300,2026-07-01,Wed
alyssrentori,132,Gauntlet vote: Cryptmaster [v:4],gauntlet,1782881829627,2026-07-01,Wed
alburldador,44,overtimeOverdose (1),vodVote,1782881910463,2026-07-01,Wed
dahhel,45,Phase 1: CPU,bootLoop,1782881919716,2026-07-01,Wed
shadowladyex,45,Phase 1: CPU,bootLoop,1782881919719,2026-07-01,Wed
alburldador,45,Phase 1: CPU,bootLoop,1782881919795,2026-07-01,Wed
avin_novor,41,overtimeOverdose (2),vodVote,1782881920219,2026-07-01,Wed
shadowladyex,38,overtimeOverdose (3),vodVote,1782881925797,2026-07-01,Wed
snoopys030,35,overtimeOverdose (4),vodVote,1782881970723,2026-07-01,Wed
slay_da_b,32,overtimeOverdose (5),vodVote,1782881998772,2026-07-01,Wed
mori2323,29,overtimeOverdose (6),vodVote,1782882004927,2026-07-01,Wed
mori2323,42,vote +4🔥,vodVote,1782882010065,2026-07-01,Wed
dahhel,26,overtimeOverdose (7),vodVote,1782882013823,2026-07-01,Wed
mori2323,205,AI Art word: sucky,art,1782882027952,2026-07-01,Wed
darkranx,23,overtimeOverdose (8),vodVote,1782882045726,2026-07-01,Wed
calypso_ba,20,overtimeOverdose (9),vodVote,1782882047563,2026-07-01,Wed
calypso_ba,38,vote ,vodVote,1782882066371,2026-07-01,Wed
calypso_ba,132,Gauntlet vote: LEGO Bricktales [v:4],gauntlet,1782882072734,2026-07-01,Wed
mori2323,132,Gauntlet vote: Little Nightmares [v:4],gauntlet,1782882107368,2026-07-01,Wed
zoskycube,1,Ending round with !v###,vodVote,1782882149228,2026-07-01,Wed
johnnymnemonics,84,AI Art word: false,art,1782882201824,2026-07-01,Wed
johnnymnemonics,132,Gauntlet vote: The Outer Worlds: Spacer's Choice Edition [v:4],gauntlet,1782882261178,2026-07-01,Wed
johnnymnemonics,38,vote ,vodVote,1782882271049,2026-07-01,Wed
alfims,39,vote +1🔥,vodVote,1782882288611,2026-07-01,Wed
shadowladyex,62,vote +24🔥,vodVote,1782882323881,2026-07-01,Wed
darkranx,38,vote ,vodVote,1782882387146,2026-07-01,Wed
darkranx,132,Gauntlet vote: Scheming Through The Zombie Apocalypse: The Beginning [v:4],gauntlet,1782882405579,2026-07-01,Wed
madagascaradam,38,vote ,vodVote,1782882454385,2026-07-01,Wed
madagascaradam,1000,Voucher: dailyDose,voucher,1782882470688,2026-07-01,Wed
dahhel,59,vote +21🔥,vodVote,1782882492218,2026-07-01,Wed
dahhel,33,Gauntlet vote: Detroit: Become Human [v:1],gauntlet,1782882511580,2026-07-01,Wed
mori2323,65,Phase 2: HDD,bootLoop,1782882722745,2026-07-01,Wed
alfims,65,Phase 2: HDD,bootLoop,1782882722749,2026-07-01,Wed
avin_novor,65,Phase 2: HDD,bootLoop,1782882722755,2026-07-01,Wed
alburldador,65,Phase 2: HDD,bootLoop,1782882722761,2026-07-01,Wed
shadowladyex,65,Phase 2: HDD,bootLoop,1782882722764,2026-07-01,Wed
madagascaradam,65,Phase 2: HDD,bootLoop,1782882722774,2026-07-01,Wed
dahhel,65,Phase 2: HDD,bootLoop,1782882722783,2026-07-01,Wed
calypso_ba,65,Phase 2: HDD,bootLoop,1782882722786,2026-07-01,Wed
darkranx,65,Phase 2: HDD,bootLoop,1782882722794,2026-07-01,Wed
slay_da_b,65,Phase 2: HDD,bootLoop,1782882722796,2026-07-01,Wed
avin_novor,83,vote +45🔥,vodVote,1782882739231,2026-07-01,Wed
ivanpetrov32,38,vote ,vodVote,1782882767811,2026-07-01,Wed
ivanpetrov32,132,Gauntlet vote: Wizard with a Gun [v:4],gauntlet,1782882778401,2026-07-01,Wed
alburldador,44,overtimeOverdose (1),vodVote,1782882851497,2026-07-01,Wed
avin_novor,41,overtimeOverdose (2),vodVote,1782882861180,2026-07-01,Wed
alburldador,40,vote +2🔥,vodVote,1782882873347,2026-07-01,Wed
mori2323,43,vote +5🔥,vodVote,1782882878404,2026-07-01,Wed
mori2323,38,overtimeOverdose (3),vodVote,1782882883977,2026-07-01,Wed
ivanpetrov32,35,overtimeOverdose (4),vodVote,1782882884609,2026-07-01,Wed
shadowladyex,32,overtimeOverdose (5),vodVote,1782882885256,2026-07-01,Wed
madagascaradam,29,overtimeOverdose (6),vodVote,1782882892110,2026-07-01,Wed
xiaoxiao9313,26,overtimeOverdose (7),vodVote,1782882892912,2026-07-01,Wed
xiaoxiao9313,45,vote +7🔥,vodVote,1782882904215,2026-07-01,Wed
xiaoxiao9313,33,Gauntlet vote: Expeditions: Rome [v:1],gauntlet,1782882914857,2026-07-01,Wed
darkranx,84,AI Art word: extreme,art,1782882915887,2026-07-01,Wed
darkranx,23,overtimeOverdose (8),vodVote,1782882922073,2026-07-01,Wed
ivanpetrov32,112,AI Art word: enlightened,art,1782882935836,2026-07-01,Wed
dahhel,20,overtimeOverdose (9),vodVote,1782882948358,2026-07-01,Wed
snoopys030,58,vote +20🔥,vodVote,1782882999865,2026-07-01,Wed
snoopys030,17,overtimeOverdose (10),vodVote,1782883004122,2026-07-01,Wed
alfims,75,AI Art word: errors,art,1782883018507,2026-07-01,Wed
alfims,14,overtimeOverdose (11),vodVote,1782883032206,2026-07-01,Wed
puphik,11,overtimeOverdose (12),vodVote,1782883102078,2026-07-01,Wed
zoskycube,1,Ending round with !v###,vodVote,1782883141093,2026-07-01,Wed
johnnymnemonics,132,Gauntlet vote: Control Ultimate Edition [v:4],gauntlet,1782883156677,2026-07-01,Wed
johnnymnemonics,39,vote +1🔥,vodVote,1782883246651,2026-07-01,Wed
player0451,38,AI Art word: underside,art,1782883249628,2026-07-01,Wed
player0451,33,Gauntlet vote: Fallout: New Vegas [v:1],gauntlet,1782883256147,2026-07-01,Wed
player0451,38,vote ,vodVote,1782883259212,2026-07-01,Wed
mori2323,44,vote +6🔥,vodVote,1782883277395,2026-07-01,Wed
shadowladyex,63,vote +25🔥,vodVote,1782883291308,2026-07-01,Wed
alburldador,41,vote +3🔥,vodVote,1782883314120,2026-07-01,Wed
mori2323,220,AI Art word: nightly,art,1782883387468,2026-07-01,Wed
snoopys030,90,Phase 3: RAM,bootLoop,1782883388713,2026-07-01,Wed
alfims,90,Phase 3: RAM,bootLoop,1782883388718,2026-07-01,Wed
madagascaradam,90,Phase 3: RAM,bootLoop,1782883388729,2026-07-01,Wed
mori2323,90,Phase 3: RAM,bootLoop,1782883388730,2026-07-01,Wed
shadowladyex,90,Phase 3: RAM,bootLoop,1782883388747,2026-07-01,Wed
xiaoxiao9313,90,Phase 3: RAM,bootLoop,1782883388749,2026-07-01,Wed
ivanpetrov32,90,Phase 3: RAM,bootLoop,1782883388753,2026-07-01,Wed
dahhel,90,Phase 3: RAM,bootLoop,1782883388754,2026-07-01,Wed
alburldador,90,Phase 3: RAM,bootLoop,1782883388810,2026-07-01,Wed
dahhel,60,vote +22🔥,vodVote,1782883501942,2026-07-01,Wed
avin_novor,84,vote +46🔥,vodVote,1782883547469,2026-07-01,Wed
xiaoxiao9313,46,vote +8🔥,vodVote,1782883547917,2026-07-01,Wed
darkranx,132,Gauntlet vote: Hotel Renovator [v:4],gauntlet,1782883644307,2026-07-01,Wed
johnnymnemonics,132,Gauntlet vote: BIOMUTANT [v:4],gauntlet,1782883723565,2026-07-01,Wed
johnnymnemonics,57,AI Art word: lunar,art,1782883742920,2026-07-01,Wed
snoopys030,59,vote +21🔥,vodVote,1782884180778,2026-07-01,Wed
alfims,40,vote +2🔥,vodVote,1782884357922,2026-07-01,Wed
alfims,122,AI Art word: vague,art,1782884382013,2026-07-01,Wed
shadowladyex,44,overtimeOverdose (1),vodVote,1782884383681,2026-07-01,Wed
mori2323,41,overtimeOverdose (2),vodVote,1782884389653,2026-07-01,Wed
alburldador,38,overtimeOverdose (3),vodVote,1782884394681,2026-07-01,Wed
avin_novor,35,overtimeOverdose (4),vodVote,1782884399769,2026-07-01,Wed
xiaoxiao9313,32,overtimeOverdose (5),vodVote,1782884426944,2026-07-01,Wed
madagascaradam,29,overtimeOverdose (6),vodVote,1782884500017,2026-07-01,Wed
madagascaradam,39,vote +1🔥,vodVote,1782884505440,2026-07-01,Wed
madagascaradam,99,Gauntlet vote: Nine Sols [v:3],gauntlet,1782884513575,2026-07-01,Wed
zoskycube,1,Ending round with !v###,vodVote,1782884559299,2026-07-01,Wed
slay_da_b,132,"Gauntlet vote: Warhammer 40,000: Rogue Trader [v:4]",gauntlet,1782884578560,2026-07-01,Wed
alburldador,132,Gauntlet vote: Scribblenauts Unmasked [v:4],gauntlet,1782884651136,2026-07-01,Wed
alburldador,45,Phase 1: CPU,bootLoop,1782884686229,2026-07-01,Wed
mori2323,45,Phase 1: CPU,bootLoop,1782884686237,2026-07-01,Wed
avin_novor,45,Phase 1: CPU,bootLoop,1782884686243,2026-07-01,Wed
madagascaradam,45,Phase 1: CPU,bootLoop,1782884686263,2026-07-01,Wed
xiaoxiao9313,45,Phase 1: CPU,bootLoop,1782884686266,2026-07-01,Wed
snoopys030,45,Phase 1: CPU,bootLoop,1782884686272,2026-07-01,Wed
slay_da_b,45,Phase 1: CPU,bootLoop,1782884686292,2026-07-01,Wed
alfims,45,Phase 1: CPU,bootLoop,1782884686306,2026-07-01,Wed
avin_novor,84,AI Art word: galleon,art,1782884699981,2026-07-01,Wed
avin_novor,85,vote +47🔥,vodVote,1782884716079,2026-07-01,Wed
avin_novor,99,Gauntlet vote: God of War [v:3],gauntlet,1782884738659,2026-07-01,Wed
mori2323,252,AI Art word: guffaw,art,1782884739684,2026-07-01,Wed
xiaoxiao9313,47,vote +9🔥,vodVote,1782884779061,2026-07-01,Wed
shadowladyex,64,vote +26🔥,vodVote,1782884793046,2026-07-01,Wed
xiaoxiao9313,33,Gauntlet vote: Death by Game Show [v:1],gauntlet,1782884798125,2026-07-01,Wed
alburldador,42,vote +4🔥,vodVote,1782884816501,2026-07-01,Wed
alfims,41,vote +3🔥,vodVote,1782884833749,2026-07-01,Wed
mori2323,45,vote +7🔥,vodVote,1782884836320,2026-07-01,Wed
darkranx,42,AI Art word: illusion,art,1782885042375,2026-07-01,Wed
darkranx,132,Gauntlet vote: Roboquest [v:4],gauntlet,1782885054640,2026-07-01,Wed
darkranx,1000,Voucher: dailyDose,voucher,1782885093477,2026-07-01,Wed
alfims,65,Phase 2: HDD,bootLoop,1782885131299,2026-07-01,Wed
shadowladyex,65,Phase 2: HDD,bootLoop,1782885131307,2026-07-01,Wed
darkranx,65,Phase 2: HDD,bootLoop,1782885131308,2026-07-01,Wed
alburldador,65,Phase 2: HDD,bootLoop,1782885131311,2026-07-01,Wed
mori2323,65,Phase 2: HDD,bootLoop,1782885131316,2026-07-01,Wed
xiaoxiao9313,65,Phase 2: HDD,bootLoop,1782885131318,2026-07-01,Wed
darkranx,44,overtimeOverdose (1),vodVote,1782885312017,2026-07-01,Wed
snoopys030,60,vote +22🔥,vodVote,1782885315473,2026-07-01,Wed
snoopys030,41,overtimeOverdose (2),vodVote,1782885322158,2026-07-01,Wed
alburldador,38,overtimeOverdose (3),vodVote,1782885324319,2026-07-01,Wed
mori2323,35,overtimeOverdose (4),vodVote,1782885331430,2026-07-01,Wed
avin_novor,32,overtimeOverdose (5),vodVote,1782885352076,2026-07-01,Wed
shadowladyex,29,overtimeOverdose (6),vodVote,1782885352873,2026-07-01,Wed
zoskycube,1,Ending round with !v###,vodVote,1782885591764,2026-07-01,Wed
xiaoxiao9313,48,vote +10🔥,vodVote,1782885743137,2026-07-01,Wed
alburldador,43,vote +5🔥,vodVote,1782885759802,2026-07-01,Wed
mori2323,46,vote +8🔥,vodVote,1782885788785,2026-07-01,Wed
slay_da_b,38,vote ,vodVote,1782885813023,2026-07-01,Wed
avin_novor,86,vote +48🔥,vodVote,1782885886589,2026-07-01,Wed
alfims,42,vote +4🔥,vodVote,1782885893210,2026-07-01,Wed
mori2323,252,AI Art word: mammoth,art,1782886092756,2026-07-01,Wed
shadowladyex,65,vote +27🔥,vodVote,1782886198025,2026-07-01,Wed
avin_novor,45,Phase 1: RAM,bootLoop,1782886204788,2026-07-01,Wed
shadowladyex,45,Phase 1: RAM,bootLoop,1782886204796,2026-07-01,Wed
xiaoxiao9313,45,Phase 1: RAM,bootLoop,1782886204807,2026-07-01,Wed
alfims,45,Phase 1: RAM,bootLoop,1782886204910,2026-07-01,Wed
snoopys030,61,vote +23🔥,vodVote,1782886243737,2026-07-01,Wed
alburldador,91,AI Art word: traumatic,art,1782886368360,2026-07-01,Wed
mori2323,44,overtimeOverdose (1),vodVote,1782886598606,2026-07-01,Wed
alburldador,41,overtimeOverdose (2),vodVote,1782886610516,2026-07-01,Wed
rafsongames,38,vote ,vodVote,1782886643824,2026-07-01,Wed
rafsongames,38,overtimeOverdose (3),vodVote,1782886646361,2026-07-01,Wed
rafsongames,33,Gauntlet vote: Killsquad [v:1],gauntlet,1782886649153,2026-07-01,Wed
darkranx,35,overtimeOverdose (4),vodVote,1782886654074,2026-07-01,Wed
mori2323,33,Gauntlet vote: Mega Man 11 [v:1],gauntlet,1782886703575,2026-07-01,Wed
shadowladyex,32,overtimeOverdose (5),vodVote,1782886774597,2026-07-01,Wed
alfims,29,overtimeOverdose (6),vodVote,1782886844398,2026-07-01,Wed
alfims,33,Gauntlet vote: Castle Of Alchemists [v:1],gauntlet,1782886853474,2026-07-01,Wed
zoskycube,1,Ending round with !v###,vodVote,1782886854270,2026-07-01,Wed
rafsongames,39,vote +1🔥,vodVote,1782886957188,2026-07-01,Wed
mori2323,47,vote +9🔥,vodVote,1782887004642,2026-07-01,Wed
snoopys030,62,vote +24🔥,vodVote,1782887015676,2026-07-01,Wed
xiaoxiao9313,49,vote +11🔥,vodVote,1782887144570,2026-07-01,Wed
xiaoxiao9313,33,Gauntlet vote: Skully [v:1],gauntlet,1782887152877,2026-07-01,Wed
xiaoxiao9313,115,AI Art word: defend,art,1782887167629,2026-07-01,Wed
rafsongames,33,Gauntlet vote: Soulflow [v:1],gauntlet,1782887234638,2026-07-01,Wed
alburldador,44,vote +6🔥,vodVote,1782887239640,2026-07-01,Wed
avin_novor,87,vote +49🔥,vodVote,1782887496718,2026-07-01,Wed
slay_da_b,39,vote +1🔥,vodVote,1782887535924,2026-07-01,Wed
snoopys030,45,Phase 1: GPU,bootLoop,1782887538481,2026-07-01,Wed
alburldador,45,Phase 1: GPU,bootLoop,1782887538499,2026-07-01,Wed
avin_novor,45,Phase 1: GPU,bootLoop,1782887538518,2026-07-01,Wed
avin_novor,98,AI Art word: severance,art,1782887548756,2026-07-01,Wed
shadowladyex,66,vote +28🔥,vodVote,1782887561457,2026-07-01,Wed
mori2323,220,AI Art word: sundeck,art,1782887585796,2026-07-01,Wed
avin_novor,1000,Voucher: dailyDose,voucher,1782887586278,2026-07-01,Wed
mori2323,44,overtimeOverdose (1),vodVote,1782887709742,2026-07-01,Wed
darkranx,41,overtimeOverdose (2),vodVote,1782887744217,2026-07-01,Wed
darkranx,38,vote ,vodVote,1782887755087,2026-07-01,Wed
ivanpetrov32,38,overtimeOverdose (3),vodVote,1782887762123,2026-07-01,Wed
darkranx,132,Gauntlet vote: Assetto Corsa [v:4],gauntlet,1782887764414,2026-07-01,Wed
ivanpetrov32,132,Gauntlet vote: MagiCat [v:4],gauntlet,1782887775073,2026-07-01,Wed
snoopys030,35,overtimeOverdose (4),vodVote,1782887808075,2026-07-01,Wed
ivanpetrov32,115,AI Art word: fading,art,1782887811543,2026-07-01,Wed
shadowladyex,32,overtimeOverdose (5),vodVote,1782888000892,2026-07-01,Wed
zoskycube,1,Ending round with !v###,vodVote,1782888028843,2026-07-01,Wed
darkranx,361,150922+361 winning @ vodVote,vodVote,1782888028994,2026-07-01,Wed
darkranx,65,Phase 2: CPU,bootLoop,1782888069431,2026-07-01,Wed
snoopys030,65,Phase 2: CPU,bootLoop,1782888069440,2026-07-01,Wed
ivanpetrov32,65,Phase 2: CPU,bootLoop,1782888069445,2026-07-01,Wed
mori2323,65,Phase 2: CPU,bootLoop,1782888069449,2026-07-01,Wed
shadowladyex,65,Phase 2: CPU,bootLoop,1782888069455,2026-07-01,Wed
4gazmin4,38,vote ,vodVote,1782888333224,2026-07-01,Wed
4gazmin4,33,Gauntlet vote: Legacy of Kain Soul Reaver 1 [v:1],gauntlet,1782888345228,2026-07-01,Wed
mori2323,48,vote +10🔥,vodVote,1782888425984,2026-07-01,Wed
rafsongames,40,vote +2🔥,vodVote,1782888498975,2026-07-01,Wed
rafsongames,33,Gauntlet vote: New Tales from the Borderlands [v:1],gauntlet,1782888505328,2026-07-01,Wed
snoopys030,63,vote +25🔥,vodVote,1782888564284,2026-07-01,Wed
shadowladyex,67,vote +29🔥,vodVote,1782888622219,2026-07-01,Wed
shadowladyex,157,AI Art word: effaces,art,1782888664752,2026-07-01,Wed
darkranx,39,vote +1🔥,vodVote,1782888944337,2026-07-01,Wed
ivanpetrov32,38,vote ,vodVote,1782889064845,2026-07-01,Wed
alfims,38,vote ,vodVote,1782889092690,2026-07-01,Wed
darkranx,105,AI Art word: nimble,art,1782889099090,2026-07-01,Wed
darkranx,33,Gauntlet vote: Shadow Warrior 2 [v:1],gauntlet,1782889113362,2026-07-01,Wed
mori2323,44,overtimeOverdose (1),vodVote,1782889138981,2026-07-01,Wed
rafsongames,41,overtimeOverdose (2),vodVote,1782889263908,2026-07-01,Wed
rafsongames,33,Gauntlet vote: Sine Mora EX [v:1],gauntlet,1782889267269,2026-07-01,Wed
mori2323,220,AI Art word: ladybug,art,1782889289618,2026-07-01,Wed
alfims,38,overtimeOverdose (3),vodVote,1782889289835,2026-07-01,Wed
shadowladyex,35,overtimeOverdose (4),vodVote,1782889308142,2026-07-01,Wed
pika_gamy,32,overtimeOverdose (5),vodVote,1782889320375,2026-07-01,Wed
pika_gamy,38,vote ,vodVote,1782889322167,2026-07-01,Wed
snoopys030,29,overtimeOverdose (6),vodVote,1782889343258,2026-07-01,Wed
zoskycube,1,Ending round with !v###,vodVote,1782889409629,2026-07-01,Wed
mori2323,49,vote +11🔥,vodVote,1782889560789,2026-07-01,Wed
shadowladyex,68,vote +30🔥,vodVote,1782889795516,2026-07-01,Wed
rafsongames,41,vote +3🔥,vodVote,1782889804422,2026-07-01,Wed
snoopys030,64,vote +26🔥,vodVote,1782889923299,2026-07-01,Wed
snoopys030,1000,Voucher: dailyDose,voucher,1782889937282,2026-07-01,Wed
shadowladyex,161,AI Art word: vapory,art,1782890054812,2026-07-01,Wed
pika_gamy,39,vote +1🔥,vodVote,1782890268106,2026-07-01,Wed
slay_da_b,38,vote ,vodVote,1782890328773,2026-07-01,Wed
yurigiu,38,vote ,vodVote,1782890415898,2026-07-01,Wed
mori2323,44,overtimeOverdose (1),vodVote,1782890419052,2026-07-01,Wed
yurigiu,33,Gauntlet vote: Moros Protocol [v:1],gauntlet,1782890420840,2026-07-01,Wed
pika_gamy,41,overtimeOverdose (2),vodVote,1782890423000,2026-07-01,Wed
yurigiu,38,overtimeOverdose (3),vodVote,1782890424104,2026-07-01,Wed
ikaliayev,132,Gauntlet vote: Beneath Oresa [v:4],gauntlet,1782890447318,2026-07-01,Wed
slay_da_b,35,overtimeOverdose (4),vodVote,1782890462117,2026-07-01,Wed
alfims,39,vote +1🔥,vodVote,1782890469956,2026-07-01,Wed
alfims,32,overtimeOverdose (5),vodVote,1782890471799,2026-07-01,Wed
slay_da_b,45,Phase 1: GPU,bootLoop,1782890570892,2026-07-01,Wed
alfims,45,Phase 1: GPU,bootLoop,1782890570896,2026-07-01,Wed
yurigiu,45,Phase 1: GPU,bootLoop,1782890570920,2026-07-01,Wed
snoopys030,45,Phase 1: GPU,bootLoop,1782890570925,2026-07-01,Wed
pika_gamy,45,Phase 1: GPU,bootLoop,1782890570944,2026-07-01,Wed
alyssrentori,38,vote ,vodVote,1782890625877,2026-07-01,Wed
alyssrentori,132,Gauntlet vote: Portal 2 [v:4],gauntlet,1782890640793,2026-07-01,Wed
mori2323,172,AI Art word: indrawn,art,1782890643214,2026-07-01,Wed
zoskycube,1,Ending round with !v###,vodVote,1782890745752,2026-07-01,Wed
mori2323,50,vote +12🔥,vodVote,1782890871092,2026-07-01,Wed
snoopys030,65,vote +27🔥,vodVote,1782890891612,2026-07-01,Wed
shadowladyex,69,vote +31🔥,vodVote,1782890897858,2026-07-01,Wed
alfims,40,vote +2🔥,vodVote,1782890903885,2026-07-01,Wed
ivanpetrov32,38,vote ,vodVote,1782891029480,2026-07-01,Wed
rafsongames,42,vote +4🔥,vodVote,1782891117439,2026-07-01,Wed
rafsongames,33,Gauntlet vote: World of Warships [v:1],gauntlet,1782891127132,2026-07-01,Wed
pika_gamy,40,vote +2🔥,vodVote,1782891141969,2026-07-01,Wed
shadowladyex,176,AI Art word: malefic,art,1782891529133,2026-07-01,Wed
slay_da_b,39,vote +1🔥,vodVote,1782891547425,2026-07-01,Wed
shadowladyex,44,overtimeOverdose (1),vodVote,1782891575353,2026-07-01,Wed
slay_da_b,41,overtimeOverdose (2),vodVote,1782891579203,2026-07-01,Wed
snoopys030,38,overtimeOverdose (3),vodVote,1782891595925,2026-07-01,Wed
mori2323,35,overtimeOverdose (4),vodVote,1782891612401,2026-07-01,Wed
robin3one,32,overtimeOverdose (5),vodVote,1782891614081,2026-07-01,Wed
robin3one,38,vote ,vodVote,1782891621735,2026-07-01,Wed
robin3one,132,Gauntlet vote: KarmaZoo [v:4],gauntlet,1782891630184,2026-07-01,Wed
mori2323,132,Gauntlet vote: Horizon Zero Dawn™ Remastered [v:4],gauntlet,1782891637232,2026-07-01,Wed
whitepai,38,vote ,vodVote,1782891649879,2026-07-01,Wed
whitepai,33,Gauntlet vote: Book of Demons [v:1],gauntlet,1782891653661,2026-07-01,Wed
zoskycube,1,Ending round with !v###,vodVote,1782891748980,2026-07-01,Wed
robin3one,94,AI Art word: terrace,art,1782891772761,2026-07-01,Wed
robin3one,39,vote +1🔥,vodVote,1782891857888,2026-07-01,Wed
mori2323,51,vote +13🔥,vodVote,1782891951191,2026-07-01,Wed
robin3one,45,Phase 1: GPU,bootLoop,1782891997800,2026-07-01,Wed
snoopys030,45,Phase 1: GPU,bootLoop,1782891997825,2026-07-01,Wed
mori2323,45,Phase 1: GPU,bootLoop,1782891997829,2026-07-01,Wed
whitepai,45,Phase 1: GPU,bootLoop,1782891997834,2026-07-01,Wed
slay_da_b,45,Phase 1: GPU,bootLoop,1782891997838,2026-07-01,Wed
shadowladyex,45,Phase 1: GPU,bootLoop,1782891997847,2026-07-01,Wed
whitepai,39,vote +1🔥,vodVote,1782891998224,2026-07-01,Wed
mori2323,220,AI Art word: hadiths,art,1782892021501,2026-07-01,Wed
snoopys030,66,vote +28🔥,vodVote,1782892065915,2026-07-01,Wed
robin3one,132,Gauntlet vote: SCARF [v:4],gauntlet,1782892208926,2026-07-01,Wed
shadowladyex,70,vote +32🔥,vodVote,1782892280709,2026-07-01,Wed
alburldador,38,vote ,vodVote,1782892353724,2026-07-01,Wed
sassdrake,73,AI Art word: paratrooper,art,1782892389122,2026-07-01,Wed
sassdrake,38,vote ,vodVote,1782892394933,2026-07-01,Wed
sassdrake,33,Gauntlet vote: Prince of Persia: The Sands of Time [v:1],gauntlet,1782892401662,2026-07-01,Wed
robin3one,44,overtimeOverdose (1),vodVote,1782892418943,2026-07-01,Wed
mori2323,44,overtimeOverdose (1),vodVote,1782892419028,2026-07-01,Wed
pika_gamy,41,overtimeOverdose (2),vodVote,1782892479896,2026-07-01,Wed
pika_gamy,41,vote +3🔥,vodVote,1782892483519,2026-07-01,Wed
pika_gamy,65,Phase 2: CPU,bootLoop,1782892509387,2026-07-01,Wed
robin3one,65,Phase 2: CPU,bootLoop,1782892509416,2026-07-01,Wed
mori2323,65,Phase 2: CPU,bootLoop,1782892509419,2026-07-01,Wed
alburldador,65,Phase 2: CPU,bootLoop,1782892509425,2026-07-01,Wed
shadowladyex,65,Phase 2: CPU,bootLoop,1782892509429,2026-07-01,Wed
alburldador,38,overtimeOverdose (3),vodVote,1782892520562,2026-07-01,Wed
snoopys030,35,overtimeOverdose (4),vodVote,1782892577415,2026-07-01,Wed
zoskycube,1,Ending round with !v###,vodVote,1782892641679,2026-07-01,Wed
mori2323,52,vote +14🔥,vodVote,1782892749512,2026-07-01,Wed
slay_da_b,38,vote ,vodVote,1782892763583,2026-07-01,Wed
robin3one,40,vote +2🔥,vodVote,1782892783902,2026-07-01,Wed
alburldador,39,vote +1🔥,vodVote,1782892860893,2026-07-01,Wed
xiaoxiao9313,38,vote ,vodVote,1782892873913,2026-07-01,Wed
mori2323,132,Gauntlet vote: SONIC X SHADOW GENERATIONS [v:4],gauntlet,1782892876385,2026-07-01,Wed
shadowladyex,71,vote +33🔥,vodVote,1782892880972,2026-07-01,Wed
robin3one,132,Gauntlet vote: Roboquest [v:4],gauntlet,1782892881454,2026-07-01,Wed
alburldador,115,AI Art word: weary,art,1782892893790,2026-07-01,Wed
shadowladyex,218,AI Art word: wealthy,art,1782892904034,2026-07-01,Wed
xiaoxiao9313,84,AI Art word: wood,art,1782892933498,2026-07-01,Wed
xiaoxiao9313,90,Phase 3: HDD,bootLoop,1782892949310,2026-07-01,Wed
snoopys030,90,Phase 3: HDD,bootLoop,1782892949312,2026-07-01,Wed
slay_da_b,90,Phase 3: HDD,bootLoop,1782892949317,2026-07-01,Wed
mori2323,90,Phase 3: HDD,bootLoop,1782892949326,2026-07-01,Wed
robin3one,90,Phase 3: HDD,bootLoop,1782892949329,2026-07-01,Wed
alburldador,90,Phase 3: HDD,bootLoop,1782892949335,2026-07-01,Wed
shadowladyex,90,Phase 3: HDD,bootLoop,1782892949346,2026-07-01,Wed
ivanpetrov32,38,vote ,vodVote,1782893036437,2026-07-01,Wed
4gazmin4,38,vote ,vodVote,1782893073419,2026-07-01,Wed
4gazmin4,33,Gauntlet vote: Remnant: From the Ashes [v:1],gauntlet,1782893082042,2026-07-01,Wed
snoopys030,67,vote +29🔥,vodVote,1782893082614,2026-07-01,Wed
robin3one,80,AI Art word: scare,art,1782893148317,2026-07-01,Wed
pika_gamy,42,vote +4🔥,vodVote,1782893306282,2026-07-01,Wed
pika_gamy,66,Gauntlet vote: Half-Life [v:2],gauntlet,1782893309704,2026-07-01,Wed
robin3one,1000,Voucher: dailyDose,voucher,1782893482891,2026-07-01,Wed
robin3one,132,Gauntlet vote: Prey [v:4],gauntlet,1782893719074,2026-07-01,Wed
shadowladyex,44,overtimeOverdose (1),vodVote,1782893739264,2026-07-01,Wed
robin3one,44,overtimeOverdose (1),vodVote,1782893739410,2026-07-01,Wed
snoopys030,41,overtimeOverdose (2),vodVote,1782893743211,2026-07-01,Wed
xiaoxiao9313,38,overtimeOverdose (3),vodVote,1782893744943,2026-07-01,Wed
mori2323,35,overtimeOverdose (4),vodVote,1782893799387,2026-07-01,Wed
alburldador,32,overtimeOverdose (5),vodVote,1782893804614,2026-07-01,Wed
slay_da_b,29,overtimeOverdose (6),vodVote,1782893880781,2026-07-01,Wed
pika_gamy,26,overtimeOverdose (7),vodVote,1782893920203,2026-07-01,Wed
zoskycube,1,Ending round with !v###,vodVote,1782893981292,2026-07-01,Wed
mori2323,53,vote +15🔥,vodVote,1782894092905,2026-07-01,Wed
robin3one,41,vote +3🔥,vodVote,1782894105862,2026-07-01,Wed
shadowladyex,72,vote +34🔥,vodVote,1782894165976,2026-07-01,Wed
snoopys030,68,vote +30🔥,vodVote,1782894229164,2026-07-01,Wed
pika_gamy,45,Phase 1: CPU,bootLoop,1782894245108,2026-07-01,Wed
xiaoxiao9313,45,Phase 1: CPU,bootLoop,1782894245111,2026-07-01,Wed
snoopys030,45,Phase 1: CPU,bootLoop,1782894245158,2026-07-01,Wed
mori2323,45,Phase 1: CPU,bootLoop,1782894245185,2026-07-01,Wed
shadowladyex,45,Phase 1: CPU,bootLoop,1782894245188,2026-07-01,Wed
robin3one,45,Phase 1: CPU,bootLoop,1782894245190,2026-07-01,Wed
slay_da_b,45,Phase 1: CPU,bootLoop,1782894245194,2026-07-01,Wed
alburldador,45,Phase 1: CPU,bootLoop,1782894245199,2026-07-01,Wed
alburldador,40,vote +2🔥,vodVote,1782894250017,2026-07-01,Wed
robin3one,132,Gauntlet vote: System Shock 2 [v:4],gauntlet,1782894257917,2026-07-01,Wed
darkranx,38,vote ,vodVote,1782894306138,2026-07-01,Wed
4gazmin4,39,vote +1🔥,vodVote,1782894340517,2026-07-01,Wed
4gazmin4,33,Gauntlet vote: V-Rally 4 [v:1],gauntlet,1782894368256,2026-07-01,Wed
yurigiu,38,vote ,vodVote,1782894422177,2026-07-01,Wed
yurigiu,33,Gauntlet vote: Beneath Oresa [v:1],gauntlet,1782894426778,2026-07-01,Wed
shadowladyex,147,AI Art word: untouched,art,1782894439677,2026-07-01,Wed
yurigiu,115,AI Art word: unified,art,1782894444359,2026-07-01,Wed
alburldador,115,AI Art word: unbound,art,1782894446729,2026-07-01,Wed
ivanpetrov32,39,vote +1🔥,vodVote,1782894567012,2026-07-01,Wed
4gazmin4,44,overtimeOverdose (1),vodVote,1782894689094,2026-07-01,Wed
robin3one,41,overtimeOverdose (2),vodVote,1782894696009,2026-07-01,Wed
whitepai,38,vote ,vodVote,1782894712354,2026-07-01,Wed
whitepai,33,Gauntlet vote: From Space [v:1],gauntlet,1782894715052,2026-07-01,Wed
alburldador,38,overtimeOverdose (3),vodVote,1782894715250,2026-07-01,Wed
robin3one,33,Gauntlet vote: Half-Life Deathmatch: Source [v:1],gauntlet,1782894797416,2026-07-01,Wed
darkranx,35,overtimeOverdose (4),vodVote,1782894818201,2026-07-01,Wed
snoopys030,32,overtimeOverdose (5),vodVote,1782894818924,2026-07-01,Wed
robin3one,63,AI Art word: legal,art,1782894943792,2026-07-01,Wed
zoskycube,1,Ending round with !v###,vodVote,1782894958823,2026-07-01,Wed
robin3one,361,153411+361 winning @ vodVote,vodVote,1782894959170,2026-07-01,Wed
alfims,38,vote ,vodVote,1782895133810,2026-07-01,Wed
alfims,33,Gauntlet vote: The Egyptian Prophecy: The Fate of Ramses [v:1],gauntlet,1782895139348,2026-07-01,Wed
snoopys030,69,vote +31🔥,vodVote,1782895142887,2026-07-01,Wed
robin3one,42,vote +4🔥,vodVote,1782895187615,2026-07-01,Wed
alyssrentori,38,vote ,vodVote,1782895188144,2026-07-01,Wed
alburldador,41,vote +3🔥,vodVote,1782895228908,2026-07-01,Wed
darkranx,94,AI Art word: army,art,1782895437267,2026-07-01,Wed
darkranx,45,Phase 1: HDD,bootLoop,1782895578421,2026-07-01,Wed
alburldador,45,Phase 1: HDD,bootLoop,1782895578432,2026-07-01,Wed
snoopys030,45,Phase 1: HDD,bootLoop,1782895578436,2026-07-01,Wed
robin3one,45,Phase 1: HDD,bootLoop,1782895578443,2026-07-01,Wed
shadowladyex,73,vote +35🔥,vodVote,1782895778666,2026-07-01,Wed
robin3one,44,overtimeOverdose (1),vodVote,1782895852628,2026-07-01,Wed
darkranx,41,overtimeOverdose (2),vodVote,1782895854880,2026-07-01,Wed
alburldador,38,overtimeOverdose (3),vodVote,1782895869968,2026-07-01,Wed
whitepai,39,vote +1🔥,vodVote,1782895901858,2026-07-01,Wed
whitepai,33,Gauntlet vote: Sheep for the Stars [v:1],gauntlet,1782895904525,2026-07-01,Wed
alfims,35,overtimeOverdose (4),vodVote,1782895907059,2026-07-01,Wed
shadowladyex,126,AI Art word: grateful,art,1782895939514,2026-07-01,Wed
shadowladyex,32,overtimeOverdose (5),vodVote,1782895943202,2026-07-01,Wed
darkranx,65,Phase 2: GPU,bootLoop,1782896050446,2026-07-01,Wed
shadowladyex,65,Phase 2: GPU,bootLoop,1782896050453,2026-07-01,Wed
robin3one,65,Phase 2: GPU,bootLoop,1782896050468,2026-07-01,Wed
alfims,65,Phase 2: GPU,bootLoop,1782896050477,2026-07-01,Wed
alburldador,65,Phase 2: GPU,bootLoop,1782896050487,2026-07-01,Wed
snoopys030,65,Phase 2: GPU,bootLoop,1782896050491,2026-07-01,Wed
zoskycube,1,Ending round with !v###,vodVote,1782896105635,2026-07-01,Wed
xiaoxiao9313,105,AI Art word: investigate,art,1782896172818,2026-07-01,Wed
xiaoxiao9313,33,Gauntlet vote: Legacy of Kain Soul Reaver 1 [v:1],gauntlet,1782896187912,2026-07-01,Wed
xiaoxiao9313,38,vote ,vodVote,1782896212376,2026-07-01,Wed
slay_da_b,38,vote ,vodVote,1782896213880,2026-07-01,Wed
slay_da_b,178,AI Art word: icepick,art,1782896256931,2026-07-01,Wed
alburldador,100,AI Art word: instanced,art,1782896296096,2026-07-01,Wed
snoopys030,70,vote +32🔥,vodVote,1782896343010,2026-07-01,Wed
alburldador,42,vote +4🔥,vodVote,1782896343167,2026-07-01,Wed
slay_da_b,33,"Gauntlet vote: Warhammer 40,000: Rogue Trader [v:1]",gauntlet,1782896458935,2026-07-01,Wed
darkranx,38,vote ,vodVote,1782896479779,2026-07-01,Wed
robin3one,149,AI Art word: kilobit,art,1782896488615,2026-07-01,Wed
robin3one,43,vote +5🔥,vodVote,1782896508919,2026-07-01,Wed
robin3one,132,Gauntlet vote: NiGHTS into Dreams... [v:4],gauntlet,1782896516977,2026-07-01,Wed
shadowladyex,74,vote +36🔥,vodVote,1782896663669,2026-07-01,Wed
ivanpetrov32,38,vote ,vodVote,1782896670858,2026-07-01,Wed
alfims,39,vote +1🔥,vodVote,1782896714693,2026-07-01,Wed
robin3one,44,overtimeOverdose (1),vodVote,1782897013891,2026-07-01,Wed
pika_gamy,41,overtimeOverdose (2),vodVote,1782897070063,2026-07-01,Wed
pika_gamy,38,vote ,vodVote,1782897073837,2026-07-01,Wed
darkranx,38,overtimeOverdose (3),vodVote,1782897102206,2026-07-01,Wed
valase,38,vote ,vodVote,1782897117473,2026-07-01,Wed
valase,35,overtimeOverdose (4),vodVote,1782897124302,2026-07-01,Wed
snoopys030,32,overtimeOverdose (5),vodVote,1782897125433,2026-07-01,Wed
zoskycube,1,Ending round with !v###,vodVote,1782897264855,2026-07-01,Wed
robin3one,33,Gauntlet vote: Half-Life [v:1],gauntlet,1782897278302,2026-07-01,Wed
robin3one,45,Phase 1: HDD,bootLoop,1782897307873,2026-07-01,Wed
valase,45,Phase 1: HDD,bootLoop,1782897307880,2026-07-01,Wed
snoopys030,45,Phase 1: HDD,bootLoop,1782897307884,2026-07-01,Wed
alfims,45,Phase 1: HDD,bootLoop,1782897307892,2026-07-01,Wed
pika_gamy,45,Phase 1: HDD,bootLoop,1782897307902,2026-07-01,Wed
darkranx,45,Phase 1: HDD,bootLoop,1782897307904,2026-07-01,Wed
alburldador,45,Phase 1: HDD,bootLoop,1782897307969,2026-07-01,Wed
pika_gamy,39,vote +1🔥,vodVote,1782897416072,2026-07-01,Wed
alfims,40,vote +2🔥,vodVote,1782897454728,2026-07-01,Wed
whitepai,38,vote ,vodVote,1782897474611,2026-07-01,Wed
whitepai,33,Gauntlet vote: Super Cable Boy [v:1],gauntlet,1782897478614,2026-07-01,Wed
shadowladyex,220,AI Art word: thermic,art,1782897478774,2026-07-01,Wed
shadowladyex,75,vote +37🔥,vodVote,1782897484348,2026-07-01,Wed
alburldador,43,vote +5🔥,vodVote,1782897500270,2026-07-01,Wed
robin3one,44,vote +6🔥,vodVote,1782897506742,2026-07-01,Wed
valase,39,vote +1🔥,vodVote,1782897528904,2026-07-01,Wed
valase,33,Gauntlet vote: Eets [v:1],gauntlet,1782897550645,2026-07-01,Wed
slay_da_b,39,vote +1🔥,vodVote,1782897599084,2026-07-01,Wed
alburldador,176,AI Art word: harvest,art,1782897735863,2026-07-01,Wed
whitepai,1000,Voucher: dailyDose,voucher,1782897775273,2026-07-01,Wed
darkranx,39,vote +1🔥,vodVote,1782897784067,2026-07-01,Wed
darkranx,99,Gauntlet vote: Beyond a Steel Sky [v:3],gauntlet,1782897814107,2026-07-01,Wed
robin3one,65,Phase 2: CPU,bootLoop,1782897932927,2026-07-01,Wed
shadowladyex,65,Phase 2: CPU,bootLoop,1782897932933,2026-07-01,Wed
slay_da_b,65,Phase 2: CPU,bootLoop,1782897932936,2026-07-01,Wed
whitepai,65,Phase 2: CPU,bootLoop,1782897932945,2026-07-01,Wed
darkranx,65,Phase 2: CPU,bootLoop,1782897932951,2026-07-01,Wed
pika_gamy,65,Phase 2: CPU,bootLoop,1782897932953,2026-07-01,Wed
alburldador,65,Phase 2: CPU,bootLoop,1782897932960,2026-07-01,Wed
valase,65,Phase 2: CPU,bootLoop,1782897932964,2026-07-01,Wed
slay_da_b,154,AI Art word: pharmacy,art,1782897970822,2026-07-01,Wed
snoopys030,71,vote +33🔥,vodVote,1782898008046,2026-07-01,Wed
alburldador,44,overtimeOverdose (1),vodVote,1782898060652,2026-07-01,Wed
shadowladyex,41,overtimeOverdose (2),vodVote,1782898135723,2026-07-01,Wed
darkranx,38,overtimeOverdose (3),vodVote,1782898185966,2026-07-01,Wed
zoskycube,1,Ending round with !v###,vodVote,1782898238270,2026-07-01,Wed
valase,40,vote +2🔥,vodVote,1782898391073,2026-07-01,Wed
shadowladyex,38,vote ,vodVote,1782898402794,2026-07-01,Wed
alburldador,44,vote +6🔥,vodVote,1782898438308,2026-07-01,Wed
valase,33,Gauntlet vote: Noita [v:1],gauntlet,1782898439285,2026-07-01,Wed
xiaoxiao9313,38,vote ,vodVote,1782898503590,2026-07-01,Wed
xiaoxiao9313,33,Gauntlet vote: Two Point Campus [v:1],gauntlet,1782898507093,2026-07-01,Wed
xiaoxiao9313,42,AI Art word: win,art,1782898531666,2026-07-01,Wed
snoopys030,72,vote +34🔥,vodVote,1782898840518,2026-07-01,Wed
robin3one,45,vote +7🔥,vodVote,1782898989496,2026-07-01,Wed
shadowladyex,115,AI Art word: fearless,art,1782899040830,2026-07-01,Wed
snoopys030,45,Phase 1: HDD,bootLoop,1782899122442,2026-07-01,Wed
valase,45,Phase 1: HDD,bootLoop,1782899122463,2026-07-01,Wed
robin3one,45,Phase 1: HDD,bootLoop,1782899122469,2026-07-01,Wed
shadowladyex,45,Phase 1: HDD,bootLoop,1782899122482,2026-07-01,Wed
alburldador,45,Phase 1: HDD,bootLoop,1782899122487,2026-07-01,Wed
alburldador,44,overtimeOverdose (1),vodVote,1782899182578,2026-07-01,Wed
whitepai,39,vote +1🔥,vodVote,1782899186107,2026-07-01,Wed
whitepai,33,Gauntlet vote: From Space [v:1],gauntlet,1782899189501,2026-07-01,Wed
alburldador,219,AI Art word: cheetah,art,1782899205460,2026-07-01,Wed
valase,41,overtimeOverdose (2),vodVote,1782899261190,2026-07-01,Wed
slay_da_b,38,overtimeOverdose (3),vodVote,1782899312484,2026-07-01,Wed
snoopys030,35,overtimeOverdose (4),vodVote,1782899327634,2026-07-01,Wed
ivanpetrov32,38,vote ,vodVote,1782899347646,2026-07-01,Wed
slay_da_b,163,AI Art word: brunch,art,1782899449334,2026-07-01,Wed
zoskycube,1,Ending round with !v###,vodVote,1782899453041,2026-07-01,Wed
slay_da_b,65,Phase 2: CPU,bootLoop,1782899523484,2026-07-01,Wed
whitepai,65,Phase 2: CPU,bootLoop,1782899523499,2026-07-01,Wed
valase,65,Phase 2: CPU,bootLoop,1782899523523,2026-07-01,Wed
snoopys030,65,Phase 2: CPU,bootLoop,1782899523643,2026-07-01,Wed
alburldador,65,Phase 2: CPU,bootLoop,1782899524049,2026-07-01,Wed
alfims,38,vote ,vodVote,1782899557010,2026-07-01,Wed
slay_da_b,38,vote ,vodVote,1782899592777,2026-07-01,Wed
snoopys030,73,vote +35🔥,vodVote,1782899700635,2026-07-01,Wed
alburldador,45,vote +7🔥,vodVote,1782899923578,2026-07-01,Wed
shadowladyex,39,vote +1🔥,vodVote,1782899928082,2026-07-01,Wed
valase,41,vote +3🔥,vodVote,1782900063081,2026-07-01,Wed
alburldador,44,overtimeOverdose (1),vodVote,1782900229201,2026-07-01,Wed
shadowladyex,41,overtimeOverdose (2),vodVote,1782900259502,2026-07-01,Wed
valase,38,overtimeOverdose (3),vodVote,1782900311145,2026-07-01,Wed
snoopys030,35,overtimeOverdose (4),vodVote,1782900316533,2026-07-01,Wed
snoopys030,132,Gauntlet vote: The Witcher 3: Wild Hunt [v:4],gauntlet,1782900342805,2026-07-01,Wed
silent_luc,38,vote ,vodVote,1782900377131,2026-07-01,Wed
silent_luc,32,overtimeOverdose (5),vodVote,1782900392007,2026-07-01,Wed
zoskycube,1,Ending round with !v###,vodVote,1782900392666,2026-07-01,Wed
shadowladyex,172,AI Art word: lowland,art,1782900538874,2026-07-01,Wed
xiaoxiao9313,46,AI Art word: lion,art,1782900545857,2026-07-01,Wed
silent_luc,73,AI Art word: life,art,1782900550284,2026-07-01,Wed
xiaoxiao9313,38,vote ,vodVote,1782900562064,2026-07-01,Wed
shadowladyex,40,vote +2🔥,vodVote,1782900562761,2026-07-01,Wed
xiaoxiao9313,33,Gauntlet vote: Gatekeeper [v:1],gauntlet,1782900565556,2026-07-01,Wed
slay_da_b,39,vote +1🔥,vodVote,1782900649293,2026-07-01,Wed
alburldador,45,Phase 1: CPU,bootLoop,1782900783191,2026-07-01,Wed
silent_luc,45,Phase 1: CPU,bootLoop,1782900783216,2026-07-01,Wed
valase,45,Phase 1: CPU,bootLoop,1782900783221,2026-07-01,Wed
shadowladyex,45,Phase 1: CPU,bootLoop,1782900783224,2026-07-01,Wed
xiaoxiao9313,45,Phase 1: CPU,bootLoop,1782900783226,2026-07-01,Wed
snoopys030,45,Phase 1: CPU,bootLoop,1782900783356,2026-07-01,Wed
alfims,45,Phase 1: CPU,bootLoop,1782900783374,2026-07-01,Wed
silent_luc,39,vote +1🔥,vodVote,1782900788378,2026-07-01,Wed
snoopys030,74,vote +36🔥,vodVote,1782900802201,2026-07-01,Wed
slay_da_b,176,AI Art word: outflow,art,1782900814543,2026-07-01,Wed
alburldador,46,vote +8🔥,vodVote,1782900833084,2026-07-01,Wed
valase,42,vote +4🔥,vodVote,1782900933773,2026-07-01,Wed
slay_da_b,132,"Gauntlet vote: Warhammer 40,000: Rogue Trader [v:4]",gauntlet,1782900981716,2026-07-01,Wed
ivanpetrov32,38,vote ,vodVote,1782901046851,2026-07-01,Wed
silent_luc,44,overtimeOverdose (1),vodVote,1782901267926,2026-07-01,Wed
valase,41,overtimeOverdose (2),vodVote,1782901317706,2026-07-01,Wed
alburldador,38,overtimeOverdose (3),vodVote,1782901407545,2026-07-01,Wed
zoskycube,1,Ending round with !v###,vodVote,1782901433642,2026-07-01,Wed
valase,43,vote +5🔥,vodVote,1782901737148,2026-07-01,Wed
alburldador,47,vote +9🔥,vodVote,1782901740515,2026-07-01,Wed
chestersz,38,vote ,vodVote,1782901746239,2026-07-01,Wed
xiaoxiao9313,39,vote +1🔥,vodVote,1782901768756,2026-07-01,Wed
chestersz,52,AI Art word: inter,art,1782901785499,2026-07-01,Wed
xiaoxiao9313,33,Gauntlet vote: Minit [v:1],gauntlet,1782901786538,2026-07-01,Wed
silent_luc,40,vote +2🔥,vodVote,1782901795130,2026-07-01,Wed
chestersz,33,Gauntlet vote: Oddworld: Stranger's Wrath HD [v:1],gauntlet,1782901796716,2026-07-01,Wed
shadowladyex,41,vote +3🔥,vodVote,1782901812196,2026-07-01,Wed
snoopys030,75,vote +37🔥,vodVote,1782901819707,2026-07-01,Wed
xiaoxiao9313,109,AI Art word: important,art,1782901891460,2026-07-01,Wed
whitepai,38,vote ,vodVote,1782901992785,2026-07-01,Wed
whitepai,33,Gauntlet vote: Tomb Raider IV-VI Remastered [v:1],gauntlet,1782901997574,2026-07-01,Wed
shadowladyex,315,AI Art word: keyways,art,1782902051155,2026-07-01,Wed
slay_da_b,40,vote +2🔥,vodVote,1782902177637,2026-07-01,Wed
slay_da_b,45,Phase 1: GPU,bootLoop,1782902327768,2026-07-01,Wed
alburldador,45,Phase 1: GPU,bootLoop,1782902327786,2026-07-01,Wed
xiaoxiao9313,45,Phase 1: GPU,bootLoop,1782902327794,2026-07-01,Wed
valase,45,Phase 1: GPU,bootLoop,1782902327800,2026-07-01,Wed
silent_luc,45,Phase 1: GPU,bootLoop,1782902327805,2026-07-01,Wed
shadowladyex,45,Phase 1: GPU,bootLoop,1782902327876,2026-07-01,Wed
snoopys030,45,Phase 1: GPU,bootLoop,1782902327912,2026-07-01,Wed
alburldador,157,AI Art word: jowls,art,1782902342672,2026-07-01,Wed
pika_gamy,38,vote ,vodVote,1782902430110,2026-07-01,Wed
pika_gamy,66,Gauntlet vote: LEGO Bricktales [v:2],gauntlet,1782902442751,2026-07-01,Wed
snoopys030,132,Gauntlet vote: Little Nightmares [v:4],gauntlet,1782902471086,2026-07-01,Wed
chestersz,33,Gauntlet vote: The Entropy Centre [v:1],gauntlet,1782902612987,2026-07-01,Wed
pika_gamy,44,overtimeOverdose (1),vodVote,1782902659339,2026-07-01,Wed
alburldador,41,overtimeOverdose (2),vodVote,1782902689667,2026-07-01,Wed
snoopys030,38,overtimeOverdose (3),vodVote,1782902712130,2026-07-01,Wed
silent_luc,35,overtimeOverdose (4),vodVote,1782902724571,2026-07-01,Wed
pika_gamy,65,Phase 2: CPU,bootLoop,1782902786424,2026-07-01,Wed
whitepai,65,Phase 2: CPU,bootLoop,1782902786427,2026-07-01,Wed
snoopys030,65,Phase 2: CPU,bootLoop,1782902786432,2026-07-01,Wed
xiaoxiao9313,65,Phase 2: CPU,bootLoop,1782902786435,2026-07-01,Wed
alburldador,65,Phase 2: CPU,bootLoop,1782902786441,2026-07-01,Wed
valase,32,overtimeOverdose (5),vodVote,1782902831972,2026-07-01,Wed
xiaoxiao9313,29,overtimeOverdose (6),vodVote,1782902936310,2026-07-01,Wed
zoskycube,1,Ending round with !v###,vodVote,1782902989086,2026-07-01,Wed
whitepai,39,vote +1🔥,vodVote,1782903109715,2026-07-01,Wed
whitepai,33,Gauntlet vote: Cobra Kai 2: Dojos Rising [v:1],gauntlet,1782903112304,2026-07-01,Wed
alburldador,48,vote +10🔥,vodVote,1782903133246,2026-07-01,Wed
ivanpetrov32,38,vote ,vodVote,1782903226777,2026-07-01,Wed
xiaoxiao9313,45,AI Art word: teleport,art,1782903241028,2026-07-01,Wed
xiaoxiao9313,40,vote +2🔥,vodVote,1782903249890,2026-07-01,Wed
xiaoxiao9313,33,Gauntlet vote: Net.Attack() [v:1],gauntlet,1782903252778,2026-07-01,Wed
shadowladyex,298,AI Art word: hymnody,art,1782903454039,2026-07-01,Wed
shadowladyex,42,vote +4🔥,vodVote,1782903481731,2026-07-01,Wed
slay_da_b,41,vote +3🔥,vodVote,1782903516440,2026-07-01,Wed
chestersz,39,vote +1🔥,vodVote,1782903517942,2026-07-01,Wed
chestersz,33,Gauntlet vote: 1000xRESIST [v:1],gauntlet,1782903525592,2026-07-01,Wed
chestersz,4340,Voucher: zB → zCubes,voucher,1782903551817,2026-07-01,Wed
valase,44,vote +6🔥,vodVote,1782903556359,2026-07-01,Wed
chestersz,1000,Voucher: dailyDose,voucher,1782903609553,2026-07-01,Wed
snoopys030,76,vote +38🔥,vodVote,1782903626067,2026-07-01,Wed
valase,1000,Voucher: dailyDose,voucher,1782903646732,2026-07-01,Wed
pika_gamy,39,vote +1🔥,vodVote,1782903661567,2026-07-01,Wed
valase,44,overtimeOverdose (1),vodVote,1782903706389,2026-07-01,Wed
slay_da_b,136,AI Art word: partake,art,1782903706579,2026-07-01,Wed
pika_gamy,41,overtimeOverdose (2),vodVote,1782903711968,2026-07-01,Wed
slay_da_b,38,overtimeOverdose (3),vodVote,1782903715411,2026-07-01,Wed
valase,132,Gauntlet vote: Planet Explorers [v:4],gauntlet,1782903982089,2026-07-01,Wed
zoskycube,1,Ending round with !v###,vodVote,1782903983908,2026-07-01,Wed
slay_da_b,45,Phase 1: GPU,bootLoop,1782904018972,2026-07-01,Wed
valase,45,Phase 1: GPU,bootLoop,1782904018979,2026-07-01,Wed
xiaoxiao9313,45,Phase 1: GPU,bootLoop,1782904018981,2026-07-01,Wed
pika_gamy,45,Phase 1: GPU,bootLoop,1782904018985,2026-07-01,Wed
snoopys030,45,Phase 1: GPU,bootLoop,1782904018998,2026-07-01,Wed
shadowladyex,45,Phase 1: GPU,bootLoop,1782904019027,2026-07-01,Wed
alburldador,132,Gauntlet vote: Leisure Suit Larry 1 - In the Land of the Lounge Lizards [v:4],gauntlet,1782904044065,2026-07-01,Wed
silent_luc,38,vote ,vodVote,1782904259314,2026-07-01,Wed
pika_gamy,40,vote +2🔥,vodVote,1782904321406,2026-07-01,Wed
xiaoxiao9313,41,vote +3🔥,vodVote,1782904322725,2026-07-01,Wed
xiaoxiao9313,33,Gauntlet vote: Windjammers 2 [v:1],gauntlet,1782904328275,2026-07-01,Wed
whitepai,40,vote +2🔥,vodVote,1782904375910,2026-07-01,Wed
whitepai,33,Gauntlet vote: RPG Maker XP [v:1],gauntlet,1782904377690,2026-07-01,Wed
slay_da_b,42,vote +4🔥,vodVote,1782904429836,2026-07-01,Wed
slay_da_b,132,Gauntlet vote: Banishers: Ghosts of New Eden [v:4],gauntlet,1782904444937,2026-07-01,Wed
valase,45,vote +7🔥,vodVote,1782904478640,2026-07-01,Wed
whitepai,65,Phase 2: CPU,bootLoop,1782904525880,2026-07-01,Wed
slay_da_b,65,Phase 2: CPU,bootLoop,1782904525884,2026-07-01,Wed
valase,65,Phase 2: CPU,bootLoop,1782904525890,2026-07-01,Wed
xiaoxiao9313,65,Phase 2: CPU,bootLoop,1782904525921,2026-07-01,Wed
silent_luc,65,Phase 2: CPU,bootLoop,1782904525928,2026-07-01,Wed
alexwifi42,33,Gauntlet vote: Life is Strange: True Colors [v:1],gauntlet,1782904607186,2026-07-01,Wed
alexwifi42,38,vote ,vodVote,1782904615496,2026-07-01,Wed
alexwifi42,73,AI Art word: flat,art,1782904621358,2026-07-01,Wed
alburldador,49,vote +11🔥,vodVote,1782904710373,2026-07-01,Wed
lovegamesandthings00000,38,vote ,vodVote,1782904769580,2026-07-01,Wed
lovegamesandthings00000,33,Gauntlet vote: Mortal Kombat 11 [v:1],gauntlet,1782904774517,2026-07-01,Wed
snoopys030,77,vote +39🔥,vodVote,1782904795414,2026-07-01,Wed
shadowladyex,43,vote +5🔥,vodVote,1782904804293,2026-07-01,Wed
shadowladyex,44,overtimeOverdose (1),vodVote,1782904877816,2026-07-01,Wed
alburldador,41,overtimeOverdose (2),vodVote,1782904884279,2026-07-01,Wed
valase,38,overtimeOverdose (3),vodVote,1782904885138,2026-07-01,Wed
shadowladyex,204,AI Art word: compete,art,1782904898784,2026-07-01,Wed
alphonsoe,35,overtimeOverdose (4),vodVote,1782904898954,2026-07-01,Wed
slay_da_b,32,overtimeOverdose (5),vodVote,1782904936605,2026-07-01,Wed
silent_luc,29,overtimeOverdose (6),vodVote,1782904938681,2026-07-01,Wed
ivanpetrov32,39,vote +1🔥,vodVote,1782904950988,2026-07-01,Wed
alphonsoe,115,AI Art word: crowns,art,1782904982716,2026-07-01,Wed
slay_da_b,90,Phase 3: HDD,bootLoop,1782905121904,2026-07-01,Wed
alphonsoe,90,Phase 3: HDD,bootLoop,1782905121913,2026-07-01,Wed
alburldador,90,Phase 3: HDD,bootLoop,1782905121915,2026-07-01,Wed
valase,90,Phase 3: HDD,bootLoop,1782905121923,2026-07-01,Wed
alexwifi42,90,Phase 3: HDD,bootLoop,1782905121925,2026-07-01,Wed
shadowladyex,90,Phase 3: HDD,bootLoop,1782905121928,2026-07-01,Wed
snoopys030,90,Phase 3: HDD,bootLoop,1782905121988,2026-07-01,Wed
lovegamesandthings00000,90,Phase 3: HDD,bootLoop,1782905121995,2026-07-01,Wed
zoskycube,1,Ending round with !v###,vodVote,1782905173392,2026-07-01,Wed
slay_da_b,132,"Gauntlet vote: Warhammer 40,000: Rogue Trader [v:4]",gauntlet,1782905173940,2026-07-01,Wed
slay_da_b,161,AI Art word: bobbled,art,1782905198982,2026-07-01,Wed
alexwifi42,33,Gauntlet vote: Alan Wake's American Nightmare [v:1],gauntlet,1782905231854,2026-07-01,Wed
slay_da_b,43,vote +5🔥,vodVote,1782905286173,2026-07-01,Wed
alphonsoe,38,vote ,vodVote,1782905322437,2026-07-01,Wed
ikaliayev,38,vote ,vodVote,1782905357508,2026-07-01,Wed
4gazmin4,38,vote ,vodVote,1782905394139,2026-07-01,Wed
alburldador,50,vote +12🔥,vodVote,1782905402988,2026-07-01,Wed
4gazmin4,33,Gauntlet vote: Fort Solis [v:1],gauntlet,1782905404984,2026-07-01,Wed
silent_luc,39,vote +1🔥,vodVote,1782905407411,2026-07-01,Wed
valase,46,vote +8🔥,vodVote,1782905421226,2026-07-01,Wed
ikaliayev,132,Gauntlet vote: Ship of Fools [v:4],gauntlet,1782905446786,2026-07-01,Wed
snoopys030,78,vote +40🔥,vodVote,1782905493754,2026-07-01,Wed
ikaliayev,94,AI Art word: edging,art,1782905498033,2026-07-01,Wed
pika_gamy,41,vote +3🔥,vodVote,1782905576569,2026-07-01,Wed
xiaoxiao9313,120,Phase 4: RAM,bootLoop,1782905633916,2026-07-01,Wed
alexwifi42,120,Phase 4: RAM,bootLoop,1782905633940,2026-07-01,Wed
pika_gamy,120,Phase 4: RAM,bootLoop,1782905633942,2026-07-01,Wed
silent_luc,120,Phase 4: RAM,bootLoop,1782905633946,2026-07-01,Wed
slay_da_b,120,Phase 4: RAM,bootLoop,1782905633956,2026-07-01,Wed
alphonsoe,120,Phase 4: RAM,bootLoop,1782905633959,2026-07-01,Wed
snoopys030,120,Phase 4: RAM,bootLoop,1782905633961,2026-07-01,Wed
ikaliayev,120,Phase 4: RAM,bootLoop,1782905633966,2026-07-01,Wed
alburldador,120,Phase 4: RAM,bootLoop,1782905633968,2026-07-01,Wed
slay_da_b,500,proStar bonus: all 4 phases,bootLoop,1782905634478,2026-07-01,Wed
alburldador,98,AI Art word: underpay,art,1782905729929,2026-07-01,Wed
xiaoxiao9313,42,AI Art word: unit,art,1782905758547,2026-07-01,Wed
xiaoxiao9313,42,vote +4🔥,vodVote,1782905773027,2026-07-01,Wed
xiaoxiao9313,33,Gauntlet vote: Tacoma [v:1],gauntlet,1782905776365,2026-07-01,Wed
silent_luc,1000,Voucher: dailyDose,voucher,1782905786762,2026-07-01,Wed
silent_luc,132,Gauntlet vote: Remnant: From the Ashes [v:4],gauntlet,1782905802786,2026-07-01,Wed
alburldador,44,overtimeOverdose (1),vodVote,1782905907225,2026-07-01,Wed
alphonsoe,41,overtimeOverdose (2),vodVote,1782905949162,2026-07-01,Wed
ikaliayev,38,overtimeOverdose (3),vodVote,1782905998373,2026-07-01,Wed
snoopys030,35,overtimeOverdose (4),vodVote,1782906045390,2026-07-01,Wed
silent_luc,32,overtimeOverdose (5),vodVote,1782906084476,2026-07-01,Wed
alphonsoe,132,Gauntlet vote: Batman - The Telltale Series [v:4],gauntlet,1782906088006,2026-07-01,Wed
zoskycube,1,Ending round with !v###,vodVote,1782906100916,2026-07-01,Wed
yurigiu,157,AI Art word: layoff,art,1782906162323,2026-07-01,Wed
yurigiu,132,Gauntlet vote: F.E.A.R. [v:4],gauntlet,1782906194521,2026-07-01,Wed
alphonsoe,39,vote +1🔥,vodVote,1782906243988,2026-07-01,Wed
alphonsoe,45,Phase 1: HDD,bootLoop,1782906354998,2026-07-01,Wed
snoopys030,45,Phase 1: HDD,bootLoop,1782906355002,2026-07-01,Wed
yurigiu,45,Phase 1: HDD,bootLoop,1782906355004,2026-07-01,Wed
silent_luc,45,Phase 1: HDD,bootLoop,1782906355008,2026-07-01,Wed
ikaliayev,45,Phase 1: HDD,bootLoop,1782906355010,2026-07-01,Wed
shadowladyex,38,vote ,vodVote,1782906368599,2026-07-01,Wed
alburldador,51,vote +13🔥,vodVote,1782906369061,2026-07-01,Wed
snoopys030,79,vote +41🔥,vodVote,1782906378731,2026-07-01,Wed
ikaliayev,39,vote +1🔥,vodVote,1782906423352,2026-07-01,Wed
ikaliayev,132,Gauntlet vote: Directive 8020 [v:4],gauntlet,1782906454884,2026-07-01,Wed
alphonsoe,103,AI Art word: outlaw,art,1782906484530,2026-07-01,Wed
slay_da_b,201,AI Art word: overfly,art,1782906554326,2026-07-01,Wed
slay_da_b,44,vote +6🔥,vodVote,1782906566350,2026-07-01,Wed
pika_gamy,42,vote +4🔥,vodVote,1782906593952,2026-07-01,Wed
alexwifi42,38,vote ,vodVote,1782906709486,2026-07-01,Wed
silent_luc,40,vote +2🔥,vodVote,1782906751149,2026-07-01,Wed
thanossoul,33,Gauntlet vote: The Quarry [v:1],gauntlet,1782906776123,2026-07-01,Wed
thanossoul,38,vote ,vodVote,1782906781367,2026-07-01,Wed
thanossoul,1000,Voucher: dailyDose,voucher,1782906826739,2026-07-01,Wed
thanossoul,126,AI Art word: heresy,art,1782906838346,2026-07-01,Wed
alexwifi42,33,Gauntlet vote: Yakuza 4 Remastered [v:1],gauntlet,1782906886617,2026-07-01,Wed
ikaliayev,44,overtimeOverdose (1),vodVote,1782906904853,2026-07-01,Wed
silent_luc,41,overtimeOverdose (2),vodVote,1782906907994,2026-07-01,Wed
xiaoxiao9313,38,overtimeOverdose (3),vodVote,1782906908810,2026-07-01,Wed
xiaoxiao9313,43,vote +5🔥,vodVote,1782906928599,2026-07-01,Wed
xiaoxiao9313,33,Gauntlet vote: The Iceman [v:1],gauntlet,1782906933502,2026-07-01,Wed
pika_gamy,35,overtimeOverdose (4),vodVote,1782906954007,2026-07-01,Wed
shadowladyex,32,overtimeOverdose (5),vodVote,1782906959398,2026-07-01,Wed
alburldador,29,overtimeOverdose (6),vodVote,1782906990003,2026-07-01,Wed
thanossoul,65,Phase 2: GPU,bootLoop,1782907044043,2026-07-01,Wed
silent_luc,65,Phase 2: GPU,bootLoop,1782907044057,2026-07-01,Wed
pika_gamy,65,Phase 2: GPU,bootLoop,1782907044069,2026-07-01,Wed
alexwifi42,65,Phase 2: GPU,bootLoop,1782907044076,2026-07-01,Wed
slay_da_b,65,Phase 2: GPU,bootLoop,1782907044084,2026-07-01,Wed
ikaliayev,65,Phase 2: GPU,bootLoop,1782907044089,2026-07-01,Wed
xiaoxiao9313,65,Phase 2: GPU,bootLoop,1782907044094,2026-07-01,Wed
alphonsoe,65,Phase 2: GPU,bootLoop,1782907044096,2026-07-01,Wed
alburldador,65,Phase 2: GPU,bootLoop,1782907044101,2026-07-01,Wed
zoskycube,1,Ending round with !v###,vodVote,1782907115572,2026-07-01,Wed
alburldador,184,AI Art word: jokes,art,1782907116397,2026-07-01,Wed
ikaliayev,184,AI Art word: jaconet,art,1782907169978,2026-07-01,Wed
ikaliayev,40,vote +2🔥,vodVote,1782907228492,2026-07-01,Wed
alfims,38,vote ,vodVote,1782907228898,2026-07-01,Wed
alfims,33,Gauntlet vote: PC Building Simulator [v:1],gauntlet,1782907236206,2026-07-01,Wed
thanossoul,39,vote +1🔥,vodVote,1782907272414,2026-07-01,Wed
alphonsoe,40,vote +2🔥,vodVote,1782907275546,2026-07-01,Wed
xiaoxiao9313,44,vote +6🔥,vodVote,1782907289411,2026-07-01,Wed
xiaoxiao9313,51,AI Art word: wallet,art,1782907321893,2026-07-01,Wed
ivanpetrov32,38,vote ,vodVote,1782907504655,2026-07-01,Wed
snoopys030,80,vote +42🔥,vodVote,1782907617471,2026-07-01,Wed
valase,38,vote ,vodVote,1782907624270,2026-07-01,Wed
thanossoul,33,Gauntlet vote: Castle Of Alchemists [v:1],gauntlet,1782907634099,2026-07-01,Wed
pika_gamy,43,vote +5🔥,vodVote,1782907653797,2026-07-01,Wed
avin_novor,38,vote ,vodVote,1782907758295,2026-07-01,Wed
4gazmin4,38,vote ,vodVote,1782907823058,2026-07-01,Wed
4gazmin4,33,Gauntlet vote: Fallout 4 [v:1],gauntlet,1782907835541,2026-07-01,Wed
alphonsoe,128,AI Art word: nightwalker,art,1782907920388,2026-07-01,Wed
slay_da_b,191,AI Art word: nebbish,art,1782907920861,2026-07-01,Wed
alphonsoe,44,overtimeOverdose (1),vodVote,1782907928424,2026-07-01,Wed
slay_da_b,41,overtimeOverdose (2),vodVote,1782907931044,2026-07-01,Wed
thanossoul,38,overtimeOverdose (3),vodVote,1782907933667,2026-07-01,Wed
alburldador,35,overtimeOverdose (4),vodVote,1782907962857,2026-07-01,Wed
alfims,32,overtimeOverdose (5),vodVote,1782908000183,2026-07-01,Wed
ikaliayev,29,overtimeOverdose (6),vodVote,1782908008747,2026-07-01,Wed
louis_of_apshai,38,vote ,vodVote,1782908101025,2026-07-01,Wed
alfims,147,AI Art word: parking,art,1782908144750,2026-07-01,Wed
valase,26,overtimeOverdose (7),vodVote,1782908172584,2026-07-01,Wed
louis_of_apshai,157,AI Art word: playful,art,1782908179728,2026-07-01,Wed
pika_gamy,23,overtimeOverdose (8),vodVote,1782908180419,2026-07-01,Wed
louis_of_apshai,132,Gauntlet vote: Syberia - The World Before [v:4],gauntlet,1782908218124,2026-07-01,Wed
zoskycube,1,Ending round with !v###,vodVote,1782908228989,2026-07-01,Wed
valase,132,Gauntlet vote: Planet Explorers [v:4],gauntlet,1782908287004,2026-07-01,Wed
xiaoxiao9313,45,vote +7🔥,vodVote,1782908340097,2026-07-01,Wed
shadowladyex,38,vote ,vodVote,1782908398155,2026-07-01,Wed
ikaliayev,41,vote +3🔥,vodVote,1782908406662,2026-07-01,Wed
thanossoul,40,vote +2🔥,vodVote,1782908417584,2026-07-01,Wed
thanossoul,33,Gauntlet vote: Surgeon Simulator [v:1],gauntlet,1782908425377,2026-07-01,Wed
alphonsoe,41,vote +3🔥,vodVote,1782908437492,2026-07-01,Wed
thanossoul,74,AI Art word: ventilation,art,1782908440099,2026-07-01,Wed
4gazmin4,39,vote +1🔥,vodVote,1782908444208,2026-07-01,Wed
4gazmin4,33,Gauntlet vote: Darksiders Genesis [v:1],gauntlet,1782908455947,2026-07-01,Wed
valase,39,vote +1🔥,vodVote,1782908468559,2026-07-01,Wed
alburldador,38,vote ,vodVote,1782908508482,2026-07-01,Wed
snoopys030,81,vote +43🔥,vodVote,1782908554741,2026-07-01,Wed
alfims,39,vote +1🔥,vodVote,1782908558423,2026-07-01,Wed
valase,45,Phase 1: CPU,bootLoop,1782908570786,2026-07-01,Wed
alfims,45,Phase 1: CPU,bootLoop,1782908570799,2026-07-01,Wed
ikaliayev,45,Phase 1: CPU,bootLoop,1782908570811,2026-07-01,Wed
avin_novor,45,Phase 1: CPU,bootLoop,1782908570820,2026-07-01,Wed
snoopys030,45,Phase 1: CPU,bootLoop,1782908570824,2026-07-01,Wed
shadowladyex,45,Phase 1: CPU,bootLoop,1782908570828,2026-07-01,Wed
thanossoul,45,Phase 1: CPU,bootLoop,1782908570832,2026-07-01,Wed
alphonsoe,45,Phase 1: CPU,bootLoop,1782908570837,2026-07-01,Wed
xiaoxiao9313,45,Phase 1: CPU,bootLoop,1782908570840,2026-07-01,Wed
louis_of_apshai,45,Phase 1: CPU,bootLoop,1782908570852,2026-07-01,Wed
alburldador,45,Phase 1: CPU,bootLoop,1782908570856,2026-07-01,Wed
slay_da_b,45,Phase 1: CPU,bootLoop,1782908570860,2026-07-01,Wed
alburldador,138,AI Art word: failing,art,1782908652487,2026-07-01,Wed
silent_luc,38,vote ,vodVote,1782908704835,2026-07-01,Wed
yurigiu,38,vote ,vodVote,1782908838885,2026-07-01,Wed
yurigiu,33,Gauntlet vote: Squared Adventure [v:1],gauntlet,1782908843359,2026-07-01,Wed
yurigiu,126,AI Art word: glimpse,art,1782908871892,2026-07-01,Wed
shadowladyex,132,Gauntlet vote: Banishers: Ghosts of New Eden [v:4],gauntlet,1782908873919,2026-07-01,Wed
ikaliayev,151,AI Art word: glimmer,art,1782908925946,2026-07-01,Wed
silent_luc,65,Phase 2: GPU,bootLoop,1782909224524,2026-07-01,Wed
alburldador,65,Phase 2: GPU,bootLoop,1782909224528,2026-07-01,Wed
pika_gamy,65,Phase 2: GPU,bootLoop,1782909224530,2026-07-01,Wed
shadowladyex,65,Phase 2: GPU,bootLoop,1782909224543,2026-07-01,Wed
alfims,65,Phase 2: GPU,bootLoop,1782909224545,2026-07-01,Wed
yurigiu,65,Phase 2: GPU,bootLoop,1782909224549,2026-07-01,Wed
ikaliayev,65,Phase 2: GPU,bootLoop,1782909224554,2026-07-01,Wed
snoopys030,65,Phase 2: GPU,bootLoop,1782909224559,2026-07-01,Wed
alphonsoe,65,Phase 2: GPU,bootLoop,1782909224634,2026-07-01,Wed
valase,65,Phase 2: GPU,bootLoop,1782909224640,2026-07-01,Wed
slay_da_b,44,overtimeOverdose (1),vodVote,1782909258006,2026-07-01,Wed
4gazmin4,41,overtimeOverdose (2),vodVote,1782909262490,2026-07-01,Wed
ikaliayev,41,overtimeOverdose (2),vodVote,1782909262752,2026-07-01,Wed
alphonsoe,41,overtimeOverdose (2),vodVote,1782909263217,2026-07-01,Wed
valase,32,overtimeOverdose (5),vodVote,1782909269331,2026-07-01,Wed
slay_da_b,38,vote ,vodVote,1782909273791,2026-07-01,Wed
silent_luc,29,overtimeOverdose (6),vodVote,1782909331341,2026-07-01,Wed
alphonsoe,200,AI Art word: aftereffect,art,1782909413759,2026-07-01,Wed
alfims,26,overtimeOverdose (7),vodVote,1782909417193,2026-07-01,Wed
zoskycube,1,Ending round with !v###,vodVote,1782909426949,2026-07-01,Wed
thanossoul,33,Gauntlet vote: Mini Motor Racing EVO [v:1],gauntlet,1782909436078,2026-07-01,Wed
alfims,38,AI Art word: antimatter,art,1782909471073,2026-07-01,Wed
thanossoul,41,vote +3🔥,vodVote,1782909530804,2026-07-01,Wed
4gazmin4,40,vote +2🔥,vodVote,1782909555379,2026-07-01,Wed
4gazmin4,33,"Gauntlet vote: Warhammer 40,000: Rogue Trader [v:1]",gauntlet,1782909566909,2026-07-01,Wed
ikaliayev,132,Gauntlet vote: Beacon Pines [v:4],gauntlet,1782909615300,2026-07-01,Wed
ikaliayev,42,vote +4🔥,vodVote,1782909620778,2026-07-01,Wed
snoopys030,82,vote +44🔥,vodVote,1782909641733,2026-07-01,Wed
ivanpetrov32,38,vote ,vodVote,1782909661212,2026-07-01,Wed
valase,40,vote +2🔥,vodVote,1782909676689,2026-07-01,Wed
alphonsoe,42,vote +4🔥,vodVote,1782909688146,2026-07-01,Wed
pika_gamy,38,vote ,vodVote,1782909741583,2026-07-01,Wed
alburldador,38,vote ,vodVote,1782909818171,2026-07-01,Wed
sassdrake,94,AI Art word: mirage,art,1782909900468,2026-07-01,Wed
sassdrake,33,Gauntlet vote: Dishonored [v:1],gauntlet,1782909907242,2026-07-01,Wed
sassdrake,38,vote ,vodVote,1782909913899,2026-07-01,Wed
silent_luc,39,vote +1🔥,vodVote,1782909955982,2026-07-01,Wed
shadowladyex,39,vote +1🔥,vodVote,1782910189927,2026-07-01,Wed
thanossoul,33,Gauntlet vote: Remnant: From the Ashes [v:1],gauntlet,1782910190382,2026-07-01,Wed
alburldador,154,AI Art word: thatched,art,1782910246928,2026-07-01,Wed
alphonsoe,45,Phase 1: HDD,bootLoop,1782910254020,2026-07-01,Wed
shadowladyex,45,Phase 1: HDD,bootLoop,1782910254039,2026-07-01,Wed
alburldador,45,Phase 1: HDD,bootLoop,1782910254054,2026-07-01,Wed
ikaliayev,45,Phase 1: HDD,bootLoop,1782910254065,2026-07-01,Wed
alburldador,132,Gauntlet vote: Hi-Fi RUSH [v:4],gauntlet,1782910285374,2026-07-01,Wed
alexwifi42,38,vote ,vodVote,1782910391063,2026-07-01,Wed
ikaliayev,176,AI Art word: chatted,art,1782910402463,2026-07-01,Wed
alexwifi42,33,Gauntlet vote: RAGE [v:1],gauntlet,1782910406972,2026-07-01,Wed
alexwifi42,70,AI Art word: colorist,art,1782910417844,2026-07-01,Wed
cerebralx1,38,vote ,vodVote,1782910473944,2026-07-01,Wed
alphonsoe,44,overtimeOverdose (1),vodVote,1782910477449,2026-07-01,Wed
lovegamesandthings00000,84,AI Art word: cope,art,1782910481471,2026-07-01,Wed
ikaliayev,41,overtimeOverdose (2),vodVote,1782910487107,2026-07-01,Wed
lovegamesandthings00000,38,vote ,vodVote,1782910487584,2026-07-01,Wed
alphonsoe,132,Gauntlet vote: Batman - The Telltale Series [v:4],gauntlet,1782910497800,2026-07-01,Wed
alburldador,38,overtimeOverdose (3),vodVote,1782910502300,2026-07-01,Wed
lovegamesandthings00000,33,Gauntlet vote: Minit [v:1],gauntlet,1782910509891,2026-07-01,Wed
4gazmin4,35,overtimeOverdose (4),vodVote,1782910524835,2026-07-01,Wed
valase,32,overtimeOverdose (5),vodVote,1782910528554,2026-07-01,Wed
cerebralx1,29,overtimeOverdose (6),vodVote,1782910533241,2026-07-01,Wed
cerebralx1,132,Gauntlet vote: Trine 4: The Nightmare Prince [v:4],gauntlet,1782910578765,2026-07-01,Wed
silent_luc,26,overtimeOverdose (7),vodVote,1782910582356,2026-07-01,Wed
snoopys030,23,overtimeOverdose (8),vodVote,1782910603875,2026-07-01,Wed
pika_gamy,20,overtimeOverdose (9),vodVote,1782910723364,2026-07-01,Wed
zoskycube,1,Ending round with !v###,vodVote,1782910736052,2026-07-01,Wed
alfims,33,Gauntlet vote: Cats and the Other Lives [v:1],gauntlet,1782910776285,2026-07-01,Wed
thanossoul,33,Gauntlet vote: Vault Cracker [v:1],gauntlet,1782910779582,2026-07-01,Wed
alphonsoe,1000,Voucher: dailyDose,voucher,1782910795826,2026-07-01,Wed
alfims,38,vote ,vodVote,1782910841292,2026-07-01,Wed
cerebralx1,39,vote +1🔥,vodVote,1782910843438,2026-07-01,Wed
alfims,75,AI Art word: demolition,art,1782910851229,2026-07-01,Wed
4gazmin4,41,vote +3🔥,vodVote,1782910854648,2026-07-01,Wed
4gazmin4,33,Gauntlet vote: Directive 8020 [v:1],gauntlet,1782910866190,2026-07-01,Wed
silent_luc,40,vote +2🔥,vodVote,1782910874998,2026-07-01,Wed
thanossoul,42,vote +4🔥,vodVote,1782910879396,2026-07-01,Wed
alphonsoe,190,AI Art word: dumpy,art,1782910884585,2026-07-01,Wed
alphonsoe,43,vote +5🔥,vodVote,1782910902582,2026-07-01,Wed
alburldador,39,vote +1🔥,vodVote,1782910944089,2026-07-01,Wed
valase,41,vote +3🔥,vodVote,1782910981457,2026-07-01,Wed
ivanpetrov32,132,Gauntlet vote: Ever Forward [v:4],gauntlet,1782911028017,2026-07-01,Wed
snoopys030,83,vote +45🔥,vodVote,1782911146306,2026-07-01,Wed
ikaliayev,65,Phase 2: CPU,bootLoop,1782911176893,2026-07-01,Wed
alfims,65,Phase 2: CPU,bootLoop,1782911176907,2026-07-01,Wed
ivanpetrov32,65,Phase 2: CPU,bootLoop,1782911176922,2026-07-01,Wed
alexwifi42,65,Phase 2: CPU,bootLoop,1782911176925,2026-07-01,Wed
thanossoul,65,Phase 2: CPU,bootLoop,1782911176928,2026-07-01,Wed
alphonsoe,65,Phase 2: CPU,bootLoop,1782911176954,2026-07-01,Wed
lovegamesandthings00000,65,Phase 2: CPU,bootLoop,1782911176957,2026-07-01,Wed
pika_gamy,65,Phase 2: CPU,bootLoop,1782911176960,2026-07-01,Wed
alburldador,65,Phase 2: CPU,bootLoop,1782911176967,2026-07-01,Wed
silent_luc,65,Phase 2: CPU,bootLoop,1782911176971,2026-07-01,Wed
valase,65,Phase 2: CPU,bootLoop,1782911177015,2026-07-01,Wed
snoopys030,65,Phase 2: CPU,bootLoop,1782911177017,2026-07-01,Wed
cerebralx1,65,Phase 2: CPU,bootLoop,1782911177028,2026-07-01,Wed
thanossoul,33,Gauntlet vote: The Secret of Monkey Island: Special Edition [v:1],gauntlet,1782911298963,2026-07-01,Wed
alexwifi42,132,Gauntlet vote: Noita [v:4],gauntlet,1782911380391,2026-07-01,Wed
alexwifi42,39,vote +1🔥,vodVote,1782911383198,2026-07-01,Wed
ikaliayev,43,vote +5🔥,vodVote,1782911409732,2026-07-01,Wed
cerebralx1,132,Gauntlet vote: Ultra Street Fighter IV [v:4],gauntlet,1782911516895,2026-07-01,Wed
ikaliayev,44,overtimeOverdose (1),vodVote,1782911527828,2026-07-01,Wed
cerebralx1,41,overtimeOverdose (2),vodVote,1782911531644,2026-07-01,Wed
alburldador,38,overtimeOverdose (3),vodVote,1782911533891,2026-07-01,Wed
silent_luc,35,overtimeOverdose (4),vodVote,1782911578945,2026-07-01,Wed
thanossoul,32,overtimeOverdose (5),vodVote,1782911581423,2026-07-01,Wed
madagascaradam,29,overtimeOverdose (6),vodVote,1782911599488,2026-07-01,Wed
madagascaradam,38,vote ,vodVote,1782911602274,2026-07-01,Wed
madagascaradam,132,Gauntlet vote: the high tower [v:4],gauntlet,1782911612803,2026-07-01,Wed
4gazmin4,26,overtimeOverdose (7),vodVote,1782911627192,2026-07-01,Wed
zoskycube,1,Ending round with !v###,vodVote,1782911693748,2026-07-01,Wed
alburldador,166,AI Art word: kilobyte,art,1782911700606,2026-07-01,Wed
alfims,39,vote +1🔥,vodVote,1782911793943,2026-07-01,Wed
ikaliayev,44,vote +6🔥,vodVote,1782911803725,2026-07-01,Wed
ikaliayev,132,Gauntlet vote: Risk of Rain (2013) [v:4],gauntlet,1782911828171,2026-07-01,Wed
yurigiu,33,Gauntlet vote: Roadwarden [v:1],gauntlet,1782911828441,2026-07-01,Wed
yurigiu,38,vote ,vodVote,1782911832345,2026-07-01,Wed
cerebralx1,40,vote +2🔥,vodVote,1782911892041,2026-07-01,Wed
silent_luc,41,vote +3🔥,vodVote,1782911897452,2026-07-01,Wed
alphonsoe,44,vote +6🔥,vodVote,1782911912918,2026-07-01,Wed
thanossoul,43,vote +5🔥,vodVote,1782911915623,2026-07-01,Wed
thanossoul,33,Gauntlet vote: Wizard with a Gun [v:1],gauntlet,1782911923884,2026-07-01,Wed
ikaliayev,161,AI Art word: readily,art,1782911952653,2026-07-01,Wed
thanossoul,29,AI Art word: relocation,art,1782912017803,2026-07-01,Wed
valase,42,vote +4🔥,vodVote,1782912027041,2026-07-01,Wed
4gazmin4,42,vote +4🔥,vodVote,1782912105626,2026-07-01,Wed
4gazmin4,33,Gauntlet vote: Fallout 4 [v:1],gauntlet,1782912112764,2026-07-01,Wed
ivanpetrov32,1000,Voucher: dailyDose,voucher,1782912176944,2026-07-01,Wed
alfims,231,AI Art word: uncomfy,art,1782912189972,2026-07-01,Wed
ivanpetrov32,75,AI Art word: unpacking,art,1782912207705,2026-07-01,Wed
snoopys030,84,vote +46🔥,vodVote,1782912223382,2026-07-01,Wed
alphonsoe,220,AI Art word: upchucks,art,1782912257711,2026-07-01,Wed
ivanpetrov32,132,Gauntlet vote: 1000xRESIST [v:4],gauntlet,1782912260874,2026-07-01,Wed
cerebralx1,132,Gauntlet vote: Heroes of Hammerwatch [v:4],gauntlet,1782912444596,2026-07-01,Wed
silent_luc,126,AI Art word: handgun,art,1782912464955,2026-07-01,Wed
ivanpetrov32,38,vote ,vodVote,1782912513495,2026-07-01,Wed
snoopys030,45,Phase 1: HDD,bootLoop,1782912558617,2026-07-01,Wed
alfims,45,Phase 1: HDD,bootLoop,1782912558639,2026-07-01,Wed
silent_luc,45,Phase 1: HDD,bootLoop,1782912558642,2026-07-01,Wed
ikaliayev,45,Phase 1: HDD,bootLoop,1782912558645,2026-07-01,Wed
alphonsoe,45,Phase 1: HDD,bootLoop,1782912558656,2026-07-01,Wed
thanossoul,45,Phase 1: HDD,bootLoop,1782912558667,2026-07-01,Wed
valase,45,Phase 1: HDD,bootLoop,1782912558670,2026-07-01,Wed
alburldador,45,Phase 1: HDD,bootLoop,1782912558675,2026-07-01,Wed
cerebralx1,45,Phase 1: HDD,bootLoop,1782912558678,2026-07-01,Wed
ivanpetrov32,45,Phase 1: HDD,bootLoop,1782912558684,2026-07-01,Wed
operacional_cae,38,vote ,vodVote,1782912657926,2026-07-01,Wed
operacional_cae,132,Gauntlet vote: Prince of Persia: The Two Thrones [v:4],gauntlet,1782912675519,2026-07-01,Wed
operacional_cae,157,AI Art word: juices,art,1782912700080,2026-07-01,Wed
madagascaradam,39,vote +1🔥,vodVote,1782912856615,2026-07-01,Wed
madagascaradam,132,Gauntlet vote: As Dusk Falls [v:4],gauntlet,1782912876933,2026-07-01,Wed
madagascaradam,44,overtimeOverdose (1),vodVote,1782912881028,2026-07-01,Wed
ikaliayev,44,overtimeOverdose (1),vodVote,1782912881185,2026-07-01,Wed
alburldador,44,overtimeOverdose (1),vodVote,1782912881511,2026-07-01,Wed
operacional_cae,41,overtimeOverdose (2),vodVote,1782912882728,2026-07-01,Wed
snoopys030,38,overtimeOverdose (3),vodVote,1782912905489,2026-07-01,Wed
cerebralx1,35,overtimeOverdose (4),vodVote,1782912959368,2026-07-01,Wed
silent_luc,32,overtimeOverdose (5),vodVote,1782912978257,2026-07-01,Wed
madagascaradam,65,Phase 2: GPU,bootLoop,1782913056787,2026-07-01,Wed
alburldador,65,Phase 2: GPU,bootLoop,1782913056792,2026-07-01,Wed
cerebralx1,65,Phase 2: GPU,bootLoop,1782913056799,2026-07-01,Wed
valase,65,Phase 2: GPU,bootLoop,1782913056808,2026-07-01,Wed
silent_luc,65,Phase 2: GPU,bootLoop,1782913056811,2026-07-01,Wed
snoopys030,65,Phase 2: GPU,bootLoop,1782913056834,2026-07-01,Wed
ikaliayev,65,Phase 2: GPU,bootLoop,1782913056852,2026-07-01,Wed
zoskycube,1,Ending round with !v###,vodVote,1782913060200,2026-07-01,Wed
xiaoxiao9313,38,vote ,vodVote,1782913161242,2026-07-01,Wed
xiaoxiao9313,33,Gauntlet vote: Off World Racing [v:1],gauntlet,1782913165503,2026-07-01,Wed
xiaoxiao9313,115,AI Art word: blank,art,1782913183283,2026-07-01,Wed
4gazmin4,43,vote +5🔥,vodVote,1782913209671,2026-07-01,Wed
4gazmin4,33,Gauntlet vote: The Chant [v:1],gauntlet,1782913221507,2026-07-01,Wed
cerebralx1,41,vote +3🔥,vodVote,1782913241286,2026-07-01,Wed
valase,43,vote +5🔥,vodVote,1782913257353,2026-07-01,Wed
alphonsoe,45,vote +7🔥,vodVote,1782913286794,2026-07-01,Wed
ikaliayev,45,vote +7🔥,vodVote,1782913295429,2026-07-01,Wed
cerebralx1,132,Gauntlet vote: DOOM 64 [v:4],gauntlet,1782913303855,2026-07-01,Wed
shadowladyex,38,vote ,vodVote,1782913313451,2026-07-01,Wed
chestersz,38,vote ,vodVote,1782913329473,2026-07-01,Wed
chestersz,33,Gauntlet vote: PEAK [v:1],gauntlet,1782913355546,2026-07-01,Wed
alburldador,38,vote ,vodVote,1782913435599,2026-07-01,Wed
silent_luc,42,vote +4🔥,vodVote,1782913482027,2026-07-01,Wed
operacional_cae,39,vote +1🔥,vodVote,1782913516683,2026-07-01,Wed
operacional_cae,132,Gauntlet vote: Conarium [v:4],gauntlet,1782913522824,2026-07-01,Wed
alfims,40,vote +2🔥,vodVote,1782913570813,2026-07-01,Wed
avin_novor,38,vote ,vodVote,1782913587887,2026-07-01,Wed
shadowladyex,132,Gauntlet vote: Wolfenstein II: The New Colossus [v:4],gauntlet,1782913603841,2026-07-01,Wed
avin_novor,132,Gauntlet vote: DOOM [v:4],gauntlet,1782913615865,2026-07-01,Wed
alyssrentori,38,vote ,vodVote,1782913617327,2026-07-01,Wed
alyssrentori,132,Gauntlet vote: Guilty Gear X2 #Reload [v:4],gauntlet,1782913635486,2026-07-01,Wed
alphonsoe,267,AI Art word: pickups,art,1782913716392,2026-07-01,Wed
slay_da_b,168,AI Art word: perfidy,art,1782913722378,2026-07-01,Wed
alfims,117,AI Art word: politics,art,1782913723616,2026-07-01,Wed
snoopys030,85,vote +47🔥,vodVote,1782913750488,2026-07-01,Wed
slay_da_b,38,vote ,vodVote,1782913756878,2026-07-01,Wed
madagascaradam,40,vote +2🔥,vodVote,1782913837968,2026-07-01,Wed
alphonsoe,44,overtimeOverdose (1),vodVote,1782913973516,2026-07-01,Wed
ikaliayev,41,overtimeOverdose (2),vodVote,1782914002535,2026-07-01,Wed
valase,38,overtimeOverdose (3),vodVote,1782914009025,2026-07-01,Wed
alburldador,35,overtimeOverdose (4),vodVote,1782914012184,2026-07-01,Wed
cerebralx1,32,overtimeOverdose (5),vodVote,1782914045668,2026-07-01,Wed
silent_luc,29,overtimeOverdose (6),vodVote,1782914073417,2026-07-01,Wed
cerebralx1,132,Gauntlet vote: Portal Knights [v:4],gauntlet,1782914100590,2026-07-01,Wed
zoskycube,1,Ending round with !v###,vodVote,1782914159209,2026-07-01,Wed
operacional_cae,149,AI Art word: finally,art,1782914248436,2026-07-01,Wed
operacional_cae,132,Gauntlet vote: WRC 6 [v:4],gauntlet,1782914263315,2026-07-01,Wed
alphonsoe,46,vote +8🔥,vodVote,1782914281810,2026-07-01,Wed
cerebralx1,115,AI Art word: funny,art,1782914289624,2026-07-01,Wed
operacional_cae,40,vote +2🔥,vodVote,1782914292568,2026-07-01,Wed
4gazmin4,44,vote +6🔥,vodVote,1782914315052,2026-07-01,Wed
chestersz,33,Gauntlet vote: NUTS [v:1],gauntlet,1782914327857,2026-07-01,Wed
chestersz,39,vote +1🔥,vodVote,1782914332523,2026-07-01,Wed
ivanpetrov32,38,vote ,vodVote,1782914349971,2026-07-01,Wed
4gazmin4,33,Gauntlet vote: Leisure Suit Larry - Magna Cum Laude Uncut and Uncensored [v:1],gauntlet,1782914362645,2026-07-01,Wed
valase,44,vote +6🔥,vodVote,1782914396566,2026-07-01,Wed
alphonsoe,132,Gauntlet vote: Deep Rock Galactic [v:4],gauntlet,1782914494837,2026-07-01,Wed
thanossoul,38,vote ,vodVote,1782914504983,2026-07-01,Wed
silent_luc,45,Phase 1: GPU,bootLoop,1782914515883,2026-07-01,Wed
alphonsoe,45,Phase 1: GPU,bootLoop,1782914515903,2026-07-01,Wed
cerebralx1,45,Phase 1: GPU,bootLoop,1782914515906,2026-07-01,Wed
operacional_cae,45,Phase 1: GPU,bootLoop,1782914515920,2026-07-01,Wed
shadowladyex,45,Phase 1: GPU,bootLoop,1782914515923,2026-07-01,Wed
ikaliayev,45,Phase 1: GPU,bootLoop,1782914515927,2026-07-01,Wed
alburldador,45,Phase 1: GPU,bootLoop,1782914515933,2026-07-01,Wed
avin_novor,45,Phase 1: GPU,bootLoop,1782914515947,2026-07-01,Wed
xiaoxiao9313,45,Phase 1: GPU,bootLoop,1782914515951,2026-07-01,Wed
slay_da_b,45,Phase 1: GPU,bootLoop,1782914515955,2026-07-01,Wed
valase,45,Phase 1: GPU,bootLoop,1782914515958,2026-07-01,Wed
madagascaradam,45,Phase 1: GPU,bootLoop,1782914515962,2026-07-01,Wed
thanossoul,33,Gauntlet vote: Star Renegades [v:1],gauntlet,1782914541460,2026-07-01,Wed
ikaliayev,46,vote +8🔥,vodVote,1782914585478,2026-07-01,Wed
ikaliayev,1000,Voucher: dailyDose,voucher,1782914612530,2026-07-01,Wed
thanossoul,84,AI Art word: irony,art,1782914672143,2026-07-01,Wed
snoopys030,86,vote +48🔥,vodVote,1782914747895,2026-07-01,Wed
pika_gamy,38,vote ,vodVote,1782914758489,2026-07-01,Wed
alburldador,39,vote +1🔥,vodVote,1782914783396,2026-07-01,Wed
alexwifi42,33,Gauntlet vote: Batman - The Telltale Series [v:1],gauntlet,1782914806348,2026-07-01,Wed
alexwifi42,38,vote ,vodVote,1782914811694,2026-07-01,Wed
snoopys030,132,Gauntlet vote: Enlisted [v:4],gauntlet,1782914860014,2026-07-01,Wed
alfims,41,vote +3🔥,vodVote,1782914869027,2026-07-01,Wed
alfims,33,Gauntlet vote: Grand Ages: Rome [v:1],gauntlet,1782914874556,2026-07-01,Wed
alfims,1000,Voucher: dailyDose,voucher,1782914891786,2026-07-01,Wed
ivanpetrov32,132,Gauntlet vote: Try to survive Today [v:4],gauntlet,1782914898579,2026-07-01,Wed
ivanpetrov32,94,AI Art word: airport,art,1782914931878,2026-07-01,Wed
slay_da_b,66,"Gauntlet vote: Warhammer 40,000: Rogue Trader [v:2]",gauntlet,1782915074042,2026-07-01,Wed
slay_da_b,39,vote +1🔥,vodVote,1782915084079,2026-07-01,Wed
silent_luc,43,vote +5🔥,vodVote,1782915101371,2026-07-01,Wed
thanossoul,33,Gauntlet vote: Directive 8020 [v:1],gauntlet,1782915131608,2026-07-01,Wed
slay_da_b,138,AI Art word: epigram,art,1782915204567,2026-07-01,Wed
alburldador,65,Phase 2: CPU,bootLoop,1782915249338,2026-07-01,Wed
pika_gamy,65,Phase 2: CPU,bootLoop,1782915249346,2026-07-01,Wed
silent_luc,65,Phase 2: CPU,bootLoop,1782915249351,2026-07-01,Wed
ikaliayev,65,Phase 2: CPU,bootLoop,1782915249364,2026-07-01,Wed
slay_da_b,65,Phase 2: CPU,bootLoop,1782915249377,2026-07-01,Wed
alfims,65,Phase 2: CPU,bootLoop,1782915249379,2026-07-01,Wed
ivanpetrov32,65,Phase 2: CPU,bootLoop,1782915249382,2026-07-01,Wed
alphonsoe,65,Phase 2: CPU,bootLoop,1782915249389,2026-07-01,Wed
alexwifi42,65,Phase 2: CPU,bootLoop,1782915249396,2026-07-01,Wed
valase,65,Phase 2: CPU,bootLoop,1782915249442,2026-07-01,Wed
snoopys030,65,Phase 2: CPU,bootLoop,1782915249635,2026-07-01,Wed
alburldador,44,overtimeOverdose (1),vodVote,1782915276721,2026-07-01,Wed
alphonsoe,44,overtimeOverdose (1),vodVote,1782915276729,2026-07-01,Wed
4gazmin4,41,overtimeOverdose (2),vodVote,1782915283939,2026-07-01,Wed
chestersz,63,AI Art word: elder,art,1782915289671,2026-07-01,Wed
alphonsoe,189,AI Art word: eyeball,art,1782915291044,2026-07-01,Wed
thanossoul,38,overtimeOverdose (3),vodVote,1782915292319,2026-07-01,Wed
alfims,35,overtimeOverdose (4),vodVote,1782915329385,2026-07-01,Wed
chestersz,33,Gauntlet vote: Shift Happens [v:1],gauntlet,1782915350427,2026-07-01,Wed
valase,32,overtimeOverdose (5),vodVote,1782915363660,2026-07-01,Wed
zoskycube,1,Ending round with !v###,vodVote,1782915432449,2026-07-01,Wed
alfims,126,AI Art word: master,art,1782915438931,2026-07-01,Wed
xiaoxiao9313,33,Gauntlet vote: The Room 4: Old Sins [v:1],gauntlet,1782915450942,2026-07-01,Wed
avin_novor,38,vote ,vodVote,1782915546647,2026-07-01,Wed
4gazmin4,45,vote +7🔥,vodVote,1782915546651,2026-07-01,Wed
xiaoxiao9313,38,vote ,vodVote,1782915553008,2026-07-01,Wed
4gazmin4,33,Gauntlet vote: Trek to Yomi [v:1],gauntlet,1782915558230,2026-07-01,Wed
thanossoul,39,vote +1🔥,vodVote,1782915572474,2026-07-01,Wed
alburldador,40,vote +2🔥,vodVote,1782915590025,2026-07-01,Wed
ikaliayev,47,vote +9🔥,vodVote,1782915591622,2026-07-01,Wed
alphonsoe,47,vote +9🔥,vodVote,1782915599810,2026-07-01,Wed
alburldador,132,Gauntlet vote: Aces and Adventures [v:4],gauntlet,1782915610215,2026-07-01,Wed
alexwifi42,39,vote +1🔥,vodVote,1782915702743,2026-07-01,Wed
silent_luc,44,vote +6🔥,vodVote,1782915723829,2026-07-01,Wed
alexwifi42,33,Gauntlet vote: Noita [v:1],gauntlet,1782915734273,2026-07-01,Wed
alexwifi42,84,AI Art word: tailwind,art,1782915745154,2026-07-01,Wed
ivanpetrov32,132,Gauntlet vote: Space Crew: Legendary Edition [v:4],gauntlet,1782915854750,2026-07-01,Wed
valase,45,vote +7🔥,vodVote,1782915907558,2026-07-01,Wed
alyssrentori,38,vote ,vodVote,1782915969340,2026-07-01,Wed
xiaoxiao9313,115,AI Art word: candy,art,1782916150596,2026-07-01,Wed
operacional_cae,41,vote +3🔥,vodVote,1782916296673,2026-07-01,Wed
alburldador,45,Phase 1: CPU,bootLoop,1782916497169,2026-07-01,Wed
ikaliayev,45,Phase 1: CPU,bootLoop,1782916497172,2026-07-01,Wed
xiaoxiao9313,45,Phase 1: CPU,bootLoop,1782916497181,2026-07-01,Wed
avin_novor,45,Phase 1: CPU,bootLoop,1782916497183,2026-07-01,Wed
silent_luc,45,Phase 1: CPU,bootLoop,1782916497246,2026-07-01,Wed
alphonsoe,45,Phase 1: CPU,bootLoop,1782916497259,2026-07-01,Wed
operacional_cae,45,Phase 1: CPU,bootLoop,1782916497296,2026-07-01,Wed
valase,45,Phase 1: CPU,bootLoop,1782916497342,2026-07-01,Wed
pika_gamy,39,vote +1🔥,vodVote,1782916497929,2026-07-01,Wed
pika_gamy,44,overtimeOverdose (1),vodVote,1782916552688,2026-07-01,Wed
alphonsoe,41,overtimeOverdose (2),vodVote,1782916554738,2026-07-01,Wed
4gazmin4,41,overtimeOverdose (2),vodVote,1782916555158,2026-07-01,Wed
avin_novor,35,overtimeOverdose (4),vodVote,1782916562432,2026-07-01,Wed
valase,32,overtimeOverdose (5),vodVote,1782916563542,2026-07-01,Wed
slay_da_b,151,AI Art word: decoys,art,1782916574243,2026-07-01,Wed
slay_da_b,29,overtimeOverdose (6),vodVote,1782916585930,2026-07-01,Wed
silent_luc,26,overtimeOverdose (7),vodVote,1782916611250,2026-07-01,Wed
slay_da_b,1000,Voucher: dailyDose,voucher,1782916625327,2026-07-01,Wed
operacional_cae,23,overtimeOverdose (8),vodVote,1782916669782,2026-07-01,Wed
xiaoxiao9313,20,overtimeOverdose (9),vodVote,1782916685804,2026-07-01,Wed
alburldador,17,overtimeOverdose (10),vodVote,1782916702957,2026-07-01,Wed
johnnymnemonics,38,vote ,vodVote,1782916703712,2026-07-01,Wed
johnnymnemonics,14,overtimeOverdose (11),vodVote,1782916711409,2026-07-01,Wed
ikaliayev,11,overtimeOverdose (12),vodVote,1782916764721,2026-07-01,Wed
alfims,141,AI Art word: ongoing,art,1782916780580,2026-07-01,Wed
alfims,42,vote +4🔥,vodVote,1782916782107,2026-07-01,Wed
zoskycube,1,Ending round with !v###,vodVote,1782916784261,2026-07-01,Wed
johnnymnemonics,39,vote +1🔥,vodVote,1782916891959,2026-07-01,Wed
valase,46,vote +8🔥,vodVote,1782916896444,2026-07-01,Wed
johnnymnemonics,132,Gauntlet vote: Ghostrunner [v:4],gauntlet,1782916909269,2026-07-01,Wed
madagascaradam,38,vote ,vodVote,1782916912934,2026-07-01,Wed
valase,132,Gauntlet vote: Planet Explorers [v:4],gauntlet,1782916962510,2026-07-01,Wed
alphonsoe,48,vote +10🔥,vodVote,1782916962523,2026-07-01,Wed
alphonsoe,231,AI Art word: skywalks,art,1782917025084,2026-07-01,Wed
ikaliayev,65,Phase 2: GPU,bootLoop,1782917033172,2026-07-01,Wed
alphonsoe,65,Phase 2: GPU,bootLoop,1782917033185,2026-07-01,Wed
avin_novor,65,Phase 2: GPU,bootLoop,1782917033187,2026-07-01,Wed
madagascaradam,65,Phase 2: GPU,bootLoop,1782917033198,2026-07-01,Wed
slay_da_b,65,Phase 2: GPU,bootLoop,1782917033201,2026-07-01,Wed
silent_luc,65,Phase 2: GPU,bootLoop,1782917033215,2026-07-01,Wed
valase,65,Phase 2: GPU,bootLoop,1782917033217,2026-07-01,Wed
xiaoxiao9313,65,Phase 2: GPU,bootLoop,1782917033279,2026-07-01,Wed
alburldador,65,Phase 2: GPU,bootLoop,1782917033281,2026-07-01,Wed
ivanpetrov32,84,AI Art word: sewerage,art,1782917041980,2026-07-01,Wed
ivanpetrov32,132,Gauntlet vote: Surgeon Simulator [v:4],gauntlet,1782917053073,2026-07-01,Wed
4gazmin4,46,vote +8🔥,vodVote,1782917064604,2026-07-01,Wed
4gazmin4,33,Gauntlet vote: Foretales [v:1],gauntlet,1782917075239,2026-07-01,Wed
madagascaradam,105,AI Art word: stealth,art,1782917076964,2026-07-01,Wed
alburldador,41,vote +3🔥,vodVote,1782917095955,2026-07-01,Wed
ikaliayev,48,vote +10🔥,vodVote,1782917128463,2026-07-01,Wed
johnnymnemonics,94,AI Art word: saddest,art,1782917143320,2026-07-01,Wed
madagascaradam,-99072,Redeemed: Home Behind 2,redeem,1782917237130,2026-07-01,Wed
pika_gamy,40,vote +2🔥,vodVote,1782917287795,2026-07-01,Wed
silent_luc,84,AI Art word: kart,art,1782917311881,2026-07-01,Wed
louis_of_apshai,38,vote ,vodVote,1782917367963,2026-07-01,Wed
louis_of_apshai,132,Gauntlet vote: Godfall [v:4],gauntlet,1782917375531,2026-07-01,Wed
louis_of_apshai,126,AI Art word: knowledge,art,1782917382517,2026-07-01,Wed
louis_of_apshai,1000,Voucher: dailyDose,voucher,1782917408828,2026-07-01,Wed
madagascaradam,44,overtimeOverdose (1),vodVote,1782917726713,2026-07-01,Wed
alburldador,41,overtimeOverdose (2),vodVote,1782917736298,2026-07-01,Wed
ikaliayev,38,overtimeOverdose (3),vodVote,1782917748339,2026-07-01,Wed
alphonsoe,35,overtimeOverdose (4),vodVote,1782917755710,2026-07-01,Wed
thanossoul,40,vote +2🔥,vodVote,1782917803898,2026-07-01,Wed
thanossoul,33,Gauntlet vote: Mortal Kombat 11 [v:1],gauntlet,1782917808769,2026-07-01,Wed
thanossoul,16,AI Art word: unconditional,art,1782917826469,2026-07-01,Wed
valase,32,overtimeOverdose (5),vodVote,1782917879080,2026-07-01,Wed
silent_luc,29,overtimeOverdose (6),vodVote,1782917889861,2026-07-01,Wed
silent_luc,45,vote +7🔥,vodVote,1782917894257,2026-07-01,Wed
slay_da_b,38,vote ,vodVote,1782917926907,2026-07-01,Wed
slay_da_b,26,overtimeOverdose (7),vodVote,1782917932821,2026-07-01,Wed
zoskycube,1,Ending round with !v###,vodVote,1782917994454,2026-07-01,Wed
slay_da_b,218,AI Art word: heckler,art,1782918058119,2026-07-01,Wed
valase,47,vote +9🔥,vodVote,1782918097763,2026-07-01,Wed
thanossoul,41,vote +3🔥,vodVote,1782918101138,2026-07-01,Wed
dahhel,38,vote ,vodVote,1782918110656,2026-07-01,Wed
slay_da_b,39,vote +1🔥,vodVote,1782918123139,2026-07-01,Wed
player0451,38,vote ,vodVote,1782918124396,2026-07-01,Wed
player0451,91,AI Art word: hopeless,art,1782918130400,2026-07-01,Wed
player0451,132,Gauntlet vote: RoboCop: Rogue City [v:4],gauntlet,1782918134456,2026-07-01,Wed
alburldador,42,vote +4🔥,vodVote,1782918135079,2026-07-01,Wed
alphonsoe,49,vote +11🔥,vodVote,1782918142411,2026-07-01,Wed
ikaliayev,49,vote +11🔥,vodVote,1782918186362,2026-07-01,Wed
alexwifi42,33,Gauntlet vote: OlliOlli World [v:1],gauntlet,1782918187003,2026-07-01,Wed
alexwifi42,38,vote ,vodVote,1782918193207,2026-07-01,Wed
avin_novor,38,vote ,vodVote,1782918212458,2026-07-01,Wed
4gazmin4,47,vote +9🔥,vodVote,1782918284737,2026-07-01,Wed
4gazmin4,33,Gauntlet vote: Borderlands 2 [v:1],gauntlet,1782918297539,2026-07-01,Wed
silent_luc,46,vote +8🔥,vodVote,1782918308486,2026-07-01,Wed
alphonsoe,132,Gauntlet vote: LEGO Jurassic World [v:4],gauntlet,1782918328850,2026-07-01,Wed
madagascaradam,39,vote +1🔥,vodVote,1782918354441,2026-07-01,Wed
lovegamesandthings00000,1000,Voucher: dailyDose,voucher,1782918359489,2026-07-01,Wed
alphonsoe,231,AI Art word: jacklegs,art,1782918374519,2026-07-01,Wed
zoskycube,72,🏆 Unlocked: Membership (27.6% rarity),steamChevos,1782918416642,2026-07-01,Wed
slay_da_b,45,Phase 1: HDD,bootLoop,1782918563243,2026-07-01,Wed
avin_novor,45,Phase 1: HDD,bootLoop,1782918563268,2026-07-01,Wed
ikaliayev,45,Phase 1: HDD,bootLoop,1782918563276,2026-07-01,Wed
silent_luc,45,Phase 1: HDD,bootLoop,1782918563281,2026-07-01,Wed
madagascaradam,45,Phase 1: HDD,bootLoop,1782918563337,2026-07-01,Wed
thanossoul,45,Phase 1: HDD,bootLoop,1782918563341,2026-07-01,Wed
alphonsoe,45,Phase 1: HDD,bootLoop,1782918563347,2026-07-01,Wed
pika_gamy,45,Phase 1: HDD,bootLoop,1782918563368,2026-07-01,Wed
alexwifi42,45,Phase 1: HDD,bootLoop,1782918563396,2026-07-01,Wed
valase,45,Phase 1: HDD,bootLoop,1782918563446,2026-07-01,Wed
alburldador,45,Phase 1: HDD,bootLoop,1782918563457,2026-07-01,Wed
dahhel,45,Phase 1: HDD,bootLoop,1782918563998,2026-07-01,Wed
alburldador,44,overtimeOverdose (1),vodVote,1782918995061,2026-07-01,Wed
ikaliayev,41,overtimeOverdose (2),vodVote,1782919006495,2026-07-01,Wed
avin_novor,38,overtimeOverdose (3),vodVote,1782919014108,2026-07-01,Wed
louis_of_apshai,39,vote +1🔥,vodVote,1782919019870,2026-07-01,Wed
dahhel,35,overtimeOverdose (4),vodVote,1782919062021,2026-07-01,Wed
louis_of_apshai,138,AI Art word: newsflash,art,1782919063873,2026-07-01,Wed
louis_of_apshai,99,Gauntlet vote: Eventide [v:3],gauntlet,1782919067668,2026-07-01,Wed
thanossoul,32,overtimeOverdose (5),vodVote,1782919079257,2026-07-01,Wed
thanossoul,33,Gauntlet vote: Hi-Fi RUSH [v:1],gauntlet,1782919085862,2026-07-01,Wed
valase,29,overtimeOverdose (6),vodVote,1782919193436,2026-07-01,Wed
silent_luc,26,overtimeOverdose (7),vodVote,1782919200878,2026-07-01,Wed
xiaoxiao9313,23,overtimeOverdose (8),vodVote,1782919230085,2026-07-01,Wed
xiaoxiao9313,38,vote ,vodVote,1782919239109,2026-07-01,Wed
pika_gamy,20,overtimeOverdose (9),vodVote,1782919246402,2026-07-01,Wed
pika_gamy,41,vote +3🔥,vodVote,1782919252080,2026-07-01,Wed
4gazmin4,17,overtimeOverdose (10),vodVote,1782919254437,2026-07-01,Wed
zoskycube,1,Ending round with !v###,vodVote,1782919265683,2026-07-01,Wed
alphonsoe,50,vote +12🔥,vodVote,1782919411277,2026-07-01,Wed
avin_novor,39,vote +1🔥,vodVote,1782919436376,2026-07-01,Wed
4gazmin4,48,vote +10🔥,vodVote,1782919468838,2026-07-01,Wed
thanossoul,42,vote +4🔥,vodVote,1782919469827,2026-07-01,Wed
ikaliayev,50,vote +12🔥,vodVote,1782919482487,2026-07-01,Wed
valase,48,vote +10🔥,vodVote,1782919514885,2026-07-01,Wed
alphonsoe,132,Gauntlet vote: Beat Cop [v:4],gauntlet,1782919519987,2026-07-01,Wed
silent_luc,47,vote +9🔥,vodVote,1782919555524,2026-07-01,Wed
dahhel,39,vote +1🔥,vodVote,1782919590182,2026-07-01,Wed
zoskycube,37,🏆 Unlocked: Rank: TB (63.0% rarity),steamChevos,1782919770781,2026-07-01,Wed
zoskycube,35,🏆 Unlocked: Rank: IRO (65.3% rarity),steamChevos,1782919770786,2026-07-01,Wed
pika_gamy,42,vote +4🔥,vodVote,1782919802941,2026-07-01,Wed
alburldador,43,vote +5🔥,vodVote,1782919877748,2026-07-01,Wed
xiaoxiao9313,39,vote +1🔥,vodVote,1782920013489,2026-07-01,Wed
xiaoxiao9313,33,Gauntlet vote: Moonstone Island [v:1],gauntlet,1782920016711,2026-07-01,Wed
4gazmin4,44,overtimeOverdose (1),vodVote,1782920022317,2026-07-01,Wed
pika_gamy,41,overtimeOverdose (2),vodVote,1782920024797,2026-07-01,Wed
xiaoxiao9313,38,overtimeOverdose (3),vodVote,1782920028467,2026-07-01,Wed
xiaoxiao9313,73,AI Art word: genius,art,1782920062853,2026-07-01,Wed
valase,35,overtimeOverdose (4),vodVote,1782920077146,2026-07-01,Wed
thanossoul,32,overtimeOverdose (5),vodVote,1782920080818,2026-07-01,Wed
thanossoul,33,Gauntlet vote: Mable  [v:1],gauntlet,1782920089588,2026-07-01,Wed
xiaoxiao9313,45,Phase 1: HDD,bootLoop,1782920092817,2026-07-01,Wed
alburldador,45,Phase 1: HDD,bootLoop,1782920092844,2026-07-01,Wed
avin_novor,45,Phase 1: HDD,bootLoop,1782920092847,2026-07-01,Wed
pika_gamy,45,Phase 1: HDD,bootLoop,1782920092851,2026-07-01,Wed
alphonsoe,45,Phase 1: HDD,bootLoop,1782920092853,2026-07-01,Wed
valase,45,Phase 1: HDD,bootLoop,1782920092860,2026-07-01,Wed
silent_luc,45,Phase 1: HDD,bootLoop,1782920092875,2026-07-01,Wed
dahhel,45,Phase 1: HDD,bootLoop,1782920092883,2026-07-01,Wed
ikaliayev,45,Phase 1: HDD,bootLoop,1782920092906,2026-07-01,Wed
thanossoul,105,AI Art word: guilty,art,1782920101400,2026-07-01,Wed
ikaliayev,29,overtimeOverdose (6),vodVote,1782920133968,2026-07-01,Wed
alburldador,26,overtimeOverdose (7),vodVote,1782920136988,2026-07-01,Wed
avin_novor,23,overtimeOverdose (8),vodVote,1782920147014,2026-07-01,Wed
dahhel,20,overtimeOverdose (9),vodVote,1782920147727,2026-07-01,Wed
zoskycube,1,Ending round with !v###,vodVote,1782920191988,2026-07-01,Wed
alphonsoe,235,AI Art word: infancy,art,1782920278572,2026-07-01,Wed
puphik,38,vote ,vodVote,1782920298160,2026-07-01,Wed
puphik,33,Gauntlet vote: King Of The Castle [v:1],gauntlet,1782920305100,2026-07-01,Wed
ivanpetrov32,38,vote ,vodVote,1782920305424,2026-07-01,Wed
alfims,73,AI Art word: illness,art,1782920319398,2026-07-01,Wed
alfims,38,vote ,vodVote,1782920320550,2026-07-01,Wed
alphonsoe,51,vote +13🔥,vodVote,1782920324398,2026-07-01,Wed
alfims,33,Gauntlet vote: V-Rally 4 [v:1],gauntlet,1782920343526,2026-07-01,Wed
dahhel,40,vote +2🔥,vodVote,1782920348471,2026-07-01,Wed
valase,49,vote +11🔥,vodVote,1782920350205,2026-07-01,Wed
ivanpetrov32,73,AI Art word: iced,art,1782920350903,2026-07-01,Wed
thanossoul,43,vote +5🔥,vodVote,1782920362680,2026-07-01,Wed
ivanpetrov32,132,Gauntlet vote: THE FINALS [v:4],gauntlet,1782920364257,2026-07-01,Wed
ikaliayev,51,vote +13🔥,vodVote,1782920381612,2026-07-01,Wed
4gazmin4,49,vote +11🔥,vodVote,1782920399263,2026-07-01,Wed
alburldador,44,vote +6🔥,vodVote,1782920441550,2026-07-01,Wed
pika_gamy,43,vote +5🔥,vodVote,1782920454480,2026-07-01,Wed
alexwifi42,33,Gauntlet vote: Risk of Rain (2013) [v:1],gauntlet,1782920620005,2026-07-01,Wed
alexwifi42,38,vote ,vodVote,1782920622944,2026-07-01,Wed
alexwifi42,112,AI Art word: addictive,art,1782920628859,2026-07-01,Wed
calypso_ba,38,vote ,vodVote,1782920720363,2026-07-01,Wed
silent_luc,48,vote +10🔥,vodVote,1782920775155,2026-07-01,Wed
alphonsoe,132,Gauntlet vote: Fallout 4 [v:4],gauntlet,1782920858725,2026-07-01,Wed
thanossoul,33,Gauntlet vote: Chicken Police [v:1],gauntlet,1782920882591,2026-07-01,Wed
avin_novor,40,vote +2🔥,vodVote,1782920911126,2026-07-01,Wed
puphik,65,Phase 2: GPU,bootLoop,1782920963452,2026-07-01,Wed
valase,65,Phase 2: GPU,bootLoop,1782920963462,2026-07-01,Wed
avin_novor,65,Phase 2: GPU,bootLoop,1782920963468,2026-07-01,Wed
alexwifi42,65,Phase 2: GPU,bootLoop,1782920963473,2026-07-01,Wed
ikaliayev,65,Phase 2: GPU,bootLoop,1782920963476,2026-07-01,Wed
alburldador,65,Phase 2: GPU,bootLoop,1782920963483,2026-07-01,Wed
alphonsoe,65,Phase 2: GPU,bootLoop,1782920963493,2026-07-01,Wed
thanossoul,65,Phase 2: GPU,bootLoop,1782920963496,2026-07-01,Wed
alfims,65,Phase 2: GPU,bootLoop,1782920963499,2026-07-01,Wed
dahhel,65,Phase 2: GPU,bootLoop,1782920963529,2026-07-01,Wed
silent_luc,65,Phase 2: GPU,bootLoop,1782920963555,2026-07-01,Wed
xiaoxiao9313,65,Phase 2: GPU,bootLoop,1782920963564,2026-07-01,Wed
ivanpetrov32,65,Phase 2: GPU,bootLoop,1782920963566,2026-07-01,Wed
ikaliayev,44,overtimeOverdose (1),vodVote,1782921280466,2026-07-01,Wed
4gazmin4,41,overtimeOverdose (2),vodVote,1782921282960,2026-07-01,Wed
alburldador,38,overtimeOverdose (3),vodVote,1782921299009,2026-07-01,Wed
sasha5889,35,overtimeOverdose (4),vodVote,1782921309519,2026-07-01,Wed
valase,132,Gauntlet vote: Planet Explorers [v:4],gauntlet,1782921359346,2026-07-01,Wed
valase,32,overtimeOverdose (5),vodVote,1782921363450,2026-07-01,Wed
silent_luc,29,overtimeOverdose (6),vodVote,1782921383331,2026-07-01,Wed
dahhel,26,overtimeOverdose (7),vodVote,1782921390600,2026-07-01,Wed
alfims,23,overtimeOverdose (8),vodVote,1782921509271,2026-07-01,Wed
avin_novor,20,overtimeOverdose (9),vodVote,1782921517656,2026-07-01,Wed
zoskycube,1,Ending round with !v###,vodVote,1782921557267,2026-07-01,Wed
alfims,115,AI Art word: crown,art,1782921657173,2026-07-01,Wed
alburldador,45,vote +7🔥,vodVote,1782921794720,2026-07-01,Wed
avin_novor,41,vote +3🔥,vodVote,1782921826915,2026-07-01,Wed
xiaoxiao9313,38,vote ,vodVote,1782921847034,2026-07-01,Wed
xiaoxiao9313,33,Gauntlet vote: The Witcher 3: Wild Hunt [v:1],gauntlet,1782921865568,2026-07-01,Wed
dahhel,41,vote +3🔥,vodVote,1782921876315,2026-07-01,Wed
dahhel,132,Gauntlet vote: Portal: Revolution [v:4],gauntlet,1782921898466,2026-07-01,Wed
pika_gamy,44,vote +6🔥,vodVote,1782921958558,2026-07-01,Wed
silent_luc,49,vote +11🔥,vodVote,1782921980645,2026-07-01,Wed
ikaliayev,52,vote +14🔥,vodVote,1782921983163,2026-07-01,Wed
ivanpetrov32,39,vote +1🔥,vodVote,1782922015135,2026-07-01,Wed
4gazmin4,50,vote +12🔥,vodVote,1782922081462,2026-07-01,Wed
valase,50,vote +12🔥,vodVote,1782922135655,2026-07-01,Wed
avin_novor,45,Phase 1: GPU,bootLoop,1782922206030,2026-07-01,Wed
dahhel,45,Phase 1: GPU,bootLoop,1782922206033,2026-07-01,Wed
pika_gamy,45,Phase 1: GPU,bootLoop,1782922206044,2026-07-01,Wed
alburldador,45,Phase 1: GPU,bootLoop,1782922206046,2026-07-01,Wed
valase,45,Phase 1: GPU,bootLoop,1782922206048,2026-07-01,Wed
xiaoxiao9313,45,Phase 1: GPU,bootLoop,1782922206058,2026-07-01,Wed
ikaliayev,45,Phase 1: GPU,bootLoop,1782922206060,2026-07-01,Wed
silent_luc,45,Phase 1: GPU,bootLoop,1782922206160,2026-07-01,Wed
thanossoul,33,Gauntlet vote: Guilty Gear X2 #Reload [v:1],gauntlet,1782922352792,2026-07-01,Wed
dahhel,44,overtimeOverdose (1),vodVote,1782922493012,2026-07-01,Wed
alfims,39,vote +1🔥,vodVote,1782922513013,2026-07-01,Wed
alfims,41,overtimeOverdose (2),vodVote,1782922515226,2026-07-01,Wed
avin_novor,38,overtimeOverdose (3),vodVote,1782922519732,2026-07-01,Wed
alfims,132,"Gauntlet vote: Warhammer 40,000: Rogue Trader [v:4]",gauntlet,1782922524948,2026-07-01,Wed
ikaliayev,35,overtimeOverdose (4),vodVote,1782922533981,2026-07-01,Wed
thanossoul,32,overtimeOverdose (5),vodVote,1782922537650,2026-07-01,Wed
silent_luc,29,overtimeOverdose (6),vodVote,1782922543592,2026-07-01,Wed
xiaoxiao9313,26,overtimeOverdose (7),vodVote,1782922550286,2026-07-01,Wed
4gazmin4,23,overtimeOverdose (8),vodVote,1782922560417,2026-07-01,Wed
zoskycube,1,Ending round with !v###,vodVote,1782922674091,2026-07-01,Wed
alfims,65,Phase 2: CPU,bootLoop,1782922755894,2026-07-01,Wed
ikaliayev,65,Phase 2: CPU,bootLoop,1782922755900,2026-07-01,Wed
thanossoul,65,Phase 2: CPU,bootLoop,1782922755905,2026-07-01,Wed
silent_luc,65,Phase 2: CPU,bootLoop,1782922755908,2026-07-01,Wed
dahhel,65,Phase 2: CPU,bootLoop,1782922755914,2026-07-01,Wed
xiaoxiao9313,65,Phase 2: CPU,bootLoop,1782922755923,2026-07-01,Wed
avin_novor,65,Phase 2: CPU,bootLoop,1782922755925,2026-07-01,Wed
alburldador,65,Phase 2: CPU,bootLoop,1782922755929,2026-07-01,Wed
alburldador,46,vote +8🔥,vodVote,1782922820117,2026-07-01,Wed
dahhel,42,vote +4🔥,vodVote,1782922833763,2026-07-01,Wed
thanossoul,38,vote ,vodVote,1782922901248,2026-07-01,Wed
dahhel,132,Gauntlet vote: Starbound [v:4],gauntlet,1782922930648,2026-07-01,Wed
4gazmin4,51,vote +13🔥,vodVote,1782923006955,2026-07-01,Wed
silent_luc,50,vote +12🔥,vodVote,1782923010371,2026-07-01,Wed
ikaliayev,53,vote +15🔥,vodVote,1782923016534,2026-07-01,Wed
4gazmin4,33,Gauntlet vote: Leisure Suit Larry - Magna Cum Laude Uncut and Uncensored [v:1],gauntlet,1782923035715,2026-07-01,Wed
avin_novor,42,vote +4🔥,vodVote,1782923097253,2026-07-01,Wed
thanossoul,33,Gauntlet vote: Ori and the Blind Forest [v:1],gauntlet,1782923122377,2026-07-01,Wed
calypso_ba,132,Gauntlet vote: Remnant: From the Ashes [v:4],gauntlet,1782923153144,2026-07-01,Wed
alfims,56,AI Art word: unicorn,art,1782923343817,2026-07-01,Wed
thanossoul,44,overtimeOverdose (1),vodVote,1782923343828,2026-07-01,Wed
alfims,40,vote +2🔥,vodVote,1782923351506,2026-07-01,Wed
alfims,41,overtimeOverdose (2),vodVote,1782923353431,2026-07-01,Wed
ikaliayev,38,overtimeOverdose (3),vodVote,1782923364627,2026-07-01,Wed
alburldador,38,overtimeOverdose (3),vodVote,1782923364786,2026-07-01,Wed
avin_novor,32,overtimeOverdose (5),vodVote,1782923365989,2026-07-01,Wed
valase,29,overtimeOverdose (6),vodVote,1782923394168,2026-07-01,Wed
valase,51,vote +13🔥,vodVote,1782923408403,2026-07-01,Wed
dahhel,26,overtimeOverdose (7),vodVote,1782923422089,2026-07-01,Wed
alexwifi42,23,overtimeOverdose (8),vodVote,1782923489133,2026-07-01,Wed
alexwifi42,33,Gauntlet vote: LIMBO [v:1],gauntlet,1782923505883,2026-07-01,Wed
alexwifi42,38,vote ,vodVote,1782923522068,2026-07-01,Wed
calypso_ba,20,overtimeOverdose (9),vodVote,1782923549855,2026-07-01,Wed
calypso_ba,38,vote ,vodVote,1782923562843,2026-07-01,Wed
silent_luc,17,overtimeOverdose (10),vodVote,1782923572628,2026-07-01,Wed
zoskycube,1,Ending round with !v###,vodVote,1782923635787,2026-07-01,Wed
dahhel,43,vote +5🔥,vodVote,1782923791920,2026-07-01,Wed
dahhel,1000,Voucher: dailyDose,voucher,1782923809856,2026-07-01,Wed
ivanpetrov32,38,vote ,vodVote,1782923820042,2026-07-01,Wed
chestersz,168,AI Art word: jewels,art,1782923858203,2026-07-01,Wed
chestersz,38,vote ,vodVote,1782923867186,2026-07-01,Wed
chestersz,33,Gauntlet vote: Driftmoon [v:1],gauntlet,1782923874635,2026-07-01,Wed
avin_novor,43,vote +5🔥,vodVote,1782923930554,2026-07-01,Wed
ikaliayev,54,vote +16🔥,vodVote,1782923937837,2026-07-01,Wed
thanossoul,39,vote +1🔥,vodVote,1782923945676,2026-07-01,Wed
silent_luc,51,vote +13🔥,vodVote,1782923957375,2026-07-01,Wed
slay_da_b,38,vote ,vodVote,1782923979806,2026-07-01,Wed
alburldador,47,vote +9🔥,vodVote,1782924041477,2026-07-01,Wed
xiaoxiao9313,38,vote ,vodVote,1782924053331,2026-07-01,Wed
xiaoxiao9313,33,Gauntlet vote: A Little Golf Journey [v:1],gauntlet,1782924063618,2026-07-01,Wed
4gazmin4,52,vote +14🔥,vodVote,1782924175444,2026-07-01,Wed
pika_gamy,45,Phase 1: RAM,bootLoop,1782924248737,2026-07-01,Wed
silent_luc,45,Phase 1: RAM,bootLoop,1782924248749,2026-07-01,Wed
alexwifi42,45,Phase 1: RAM,bootLoop,1782924248768,2026-07-01,Wed
valase,45,Phase 1: RAM,bootLoop,1782924248777,2026-07-01,Wed
xiaoxiao9313,45,Phase 1: RAM,bootLoop,1782924248779,2026-07-01,Wed
thanossoul,45,Phase 1: RAM,bootLoop,1782924248784,2026-07-01,Wed
avin_novor,45,Phase 1: RAM,bootLoop,1782924248836,2026-07-01,Wed
dahhel,45,Phase 1: RAM,bootLoop,1782924248856,2026-07-01,Wed
ikaliayev,45,Phase 1: RAM,bootLoop,1782924248858,2026-07-01,Wed
slay_da_b,45,Phase 1: RAM,bootLoop,1782924248860,2026-07-01,Wed
alburldador,45,Phase 1: RAM,bootLoop,1782924248865,2026-07-01,Wed
4gazmin4,33,Gauntlet vote: The Outer Worlds: Spacer's Choice Edition [v:1],gauntlet,1782924287854,2026-07-01,Wed
johnnymnemonics,38,vote ,vodVote,1782924302274,2026-07-01,Wed
johnnymnemonics,1000,Voucher: dailyDose,voucher,1782924307253,2026-07-01,Wed
valase,52,vote +14🔥,vodVote,1782924319374,2026-07-01,Wed
johnnymnemonics,52,AI Art word: bookstore,art,1782924340968,2026-07-01,Wed
johnnymnemonics,132,Gauntlet vote: PC Building Simulator [v:4],gauntlet,1782924375283,2026-07-01,Wed
avin_novor,59,AI Art word: brandished,art,1782924400543,2026-07-01,Wed
alburldador,44,overtimeOverdose (1),vodVote,1782924671353,2026-07-01,Wed
alfims,41,vote +3🔥,vodVote,1782924682579,2026-07-01,Wed
alfims,41,overtimeOverdose (2),vodVote,1782924686213,2026-07-01,Wed
avin_novor,38,overtimeOverdose (3),vodVote,1782924697226,2026-07-01,Wed
alfims,67,AI Art word: notes,art,1782924700015,2026-07-01,Wed
avin_novor,65,Phase 2: GPU,bootLoop,1782924701475,2026-07-01,Wed
slay_da_b,65,Phase 2: GPU,bootLoop,1782924701488,2026-07-01,Wed
ikaliayev,65,Phase 2: GPU,bootLoop,1782924701500,2026-07-01,Wed
dahhel,65,Phase 2: GPU,bootLoop,1782924701506,2026-07-01,Wed
alburldador,65,Phase 2: GPU,bootLoop,1782924701510,2026-07-01,Wed
silent_luc,65,Phase 2: GPU,bootLoop,1782924701525,2026-07-01,Wed
ikaliayev,35,overtimeOverdose (4),vodVote,1782924720365,2026-07-01,Wed
dahhel,32,overtimeOverdose (5),vodVote,1782924878552,2026-07-01,Wed
zoskycube,1,Ending round with !v###,vodVote,1782924970052,2026-07-01,Wed
thanossoul,33,Gauntlet vote: You Suck at Parking - Complete Edition [v:1],gauntlet,1782925038546,2026-07-01,Wed
thanossoul,40,vote +2🔥,vodVote,1782925077016,2026-07-01,Wed
silent_luc,52,vote +14🔥,vodVote,1782925122311,2026-07-01,Wed
dahhel,44,vote +6🔥,vodVote,1782925125411,2026-07-01,Wed
ikaliayev,55,vote +17🔥,vodVote,1782925205790,2026-07-01,Wed
avin_novor,44,vote +6🔥,vodVote,1782925218185,2026-07-01,Wed
alburldador,48,vote +10🔥,vodVote,1782925425555,2026-07-01,Wed
4gazmin4,53,vote +15🔥,vodVote,1782925574952,2026-07-01,Wed
4gazmin4,33,Gauntlet vote: Darksiders Genesis [v:1],gauntlet,1782925589071,2026-07-01,Wed
puphik,4340,Voucher: zB → zCubes,voucher,1782925647721,2026-07-01,Wed
pika_gamy,44,overtimeOverdose (1),vodVote,1782925844723,2026-07-01,Wed
pika_gamy,38,vote ,vodVote,1782925846993,2026-07-01,Wed
alburldador,41,overtimeOverdose (2),vodVote,1782925864334,2026-07-01,Wed
xiaoxiao9313,38,overtimeOverdose (3),vodVote,1782925865259,2026-07-01,Wed
ikaliayev,35,overtimeOverdose (4),vodVote,1782925872064,2026-07-01,Wed
avin_novor,32,overtimeOverdose (5),vodVote,1782925873304,2026-07-01,Wed
thanossoul,45,Phase 1: GPU,bootLoop,1782925882169,2026-07-01,Wed
avin_novor,45,Phase 1: GPU,bootLoop,1782925882174,2026-07-01,Wed
silent_luc,45,Phase 1: GPU,bootLoop,1782925882334,2026-07-01,Wed
ikaliayev,45,Phase 1: GPU,bootLoop,1782925882340,2026-07-01,Wed
dahhel,45,Phase 1: GPU,bootLoop,1782925882629,2026-07-01,Wed
xiaoxiao9313,39,vote +1🔥,vodVote,1782925889819,2026-07-01,Wed
xiaoxiao9313,4340,Voucher: zB → zCubes,voucher,1782925903337,2026-07-01,Wed
louis_of_apshai,38,vote ,vodVote,1782925922743,2026-07-01,Wed
louis_of_apshai,56,AI Art word: internal,art,1782925932458,2026-07-01,Wed
louis_of_apshai,132,Gauntlet vote: Ni no Kuni II: Revenant Kingdom [v:4],gauntlet,1782925935789,2026-07-01,Wed
dahhel,29,overtimeOverdose (6),vodVote,1782925981587,2026-07-01,Wed
alfims,42,vote +4🔥,vodVote,1782926037076,2026-07-01,Wed
alfims,26,overtimeOverdose (7),vodVote,1782926039861,2026-07-01,Wed
zoskycube,1,Ending round with !v###,vodVote,1782926058369,2026-07-01,Wed
alfims,117,AI Art word: appendix,art,1782926095546,2026-07-01,Wed
silent_luc,126,AI Art word: agency,art,1782926149272,2026-07-01,Wed
valase,38,vote ,vodVote,1782926282372,2026-07-01,Wed
dahhel,45,vote +7🔥,vodVote,1782926354078,2026-07-01,Wed
lovegamesandthings00000,73,AI Art word: engine,art,1782926361109,2026-07-01,Wed
ikaliayev,56,vote +18🔥,vodVote,1782926362705,2026-07-01,Wed
lovegamesandthings00000,38,vote ,vodVote,1782926367223,2026-07-01,Wed
lovegamesandthings00000,33,Gauntlet vote: Total War: WARHAMMER III [v:1],gauntlet,1782926377592,2026-07-01,Wed
avin_novor,45,vote +7🔥,vodVote,1782926513585,2026-07-01,Wed
avin_novor,132,Gauntlet vote: Wolfenstein II: The New Colossus [v:4],gauntlet,1782926532976,2026-07-01,Wed
johnnymnemonics,70,AI Art word: monsters,art,1782926606207,2026-07-01,Wed
johnnymnemonics,38,vote ,vodVote,1782926610884,2026-07-01,Wed
johnnymnemonics,132,Gauntlet vote: RoboCop: Rogue City [v:4],gauntlet,1782926621659,2026-07-01,Wed
dahhel,132,Gauntlet vote: Rain World [v:4],gauntlet,1782926654132,2026-07-01,Wed
silent_luc,53,vote +15🔥,vodVote,1782926755277,2026-07-01,Wed
alburldador,49,vote +11🔥,vodVote,1782926997740,2026-07-01,Wed
mori2323,38,vote ,vodVote,1782927033075,2026-07-01,Wed
4gazmin4,54,vote +16🔥,vodVote,1782927064778,2026-07-01,Wed
mori2323,4340,Voucher: zB → zCubes,voucher,1782927071918,2026-07-01,Wed
mori2323,132,Gauntlet vote: Apex Legends [v:4],gauntlet,1782927077742,2026-07-01,Wed
operacional_cae,38,vote ,vodVote,1782927111438,2026-07-01,Wed
operacional_cae,132,Gauntlet vote: The Next BIG Thing [v:4],gauntlet,1782927134669,2026-07-01,Wed
operacional_cae,126,AI Art word: crayons,art,1782927150489,2026-07-01,Wed
operacional_cae,1000,Voucher: dailyDose,voucher,1782927196429,2026-07-01,Wed
valase,44,overtimeOverdose (1),vodVote,1782927214155,2026-07-01,Wed
alburldador,41,overtimeOverdose (2),vodVote,1782927217786,2026-07-01,Wed
operacional_cae,38,overtimeOverdose (3),vodVote,1782927218684,2026-07-01,Wed
dahhel,35,overtimeOverdose (4),vodVote,1782927237767,2026-07-01,Wed
ikaliayev,32,overtimeOverdose (5),vodVote,1782927286526,2026-07-01,Wed
valase,45,Phase 1: HDD,bootLoop,1782927329060,2026-07-01,Wed
dahhel,45,Phase 1: HDD,bootLoop,1782927329089,2026-07-01,Wed
silent_luc,45,Phase 1: HDD,bootLoop,1782927329106,2026-07-01,Wed
mori2323,45,Phase 1: HDD,bootLoop,1782927329112,2026-07-01,Wed
alburldador,45,Phase 1: HDD,bootLoop,1782927329115,2026-07-01,Wed
operacional_cae,45,Phase 1: HDD,bootLoop,1782927329124,2026-07-01,Wed
ikaliayev,45,Phase 1: HDD,bootLoop,1782927329148,2026-07-01,Wed
alexwifi42,4340,Voucher: zB → zCubes,voucher,1782927441544,2026-07-01,Wed
alexwifi42,29,overtimeOverdose (6),vodVote,1782927463260,2026-07-01,Wed
alexwifi42,33,Gauntlet vote: Tacoma [v:1],gauntlet,1782927467707,2026-07-01,Wed
alexwifi42,38,vote ,vodVote,1782927472291,2026-07-01,Wed
mori2323,26,overtimeOverdose (7),vodVote,1782927500535,2026-07-01,Wed
zoskycube,1,Ending round with !v###,vodVote,1782927528729,2026-07-01,Wed
mori2323,39,vote +1🔥,vodVote,1782927643897,2026-07-01,Wed
valase,39,vote +1🔥,vodVote,1782927656057,2026-07-01,Wed
alexwifi42,84,AI Art word: dream,art,1782927684281,2026-07-01,Wed
ikaliayev,57,vote +19🔥,vodVote,1782927700868,2026-07-01,Wed
silent_luc,54,vote +16🔥,vodVote,1782927714454,2026-07-01,Wed
pika_gamy,38,vote ,vodVote,1782927728547,2026-07-01,Wed
pika_gamy,66,Gauntlet vote: Garfield Lasagna Party [v:2],gauntlet,1782927732550,2026-07-01,Wed
player0451,38,vote ,vodVote,1782927783706,2026-07-01,Wed
4gazmin4,55,vote +17🔥,vodVote,1782927783878,2026-07-01,Wed
dahhel,46,vote +8🔥,vodVote,1782927786744,2026-07-01,Wed
player0451,132,Gauntlet vote: BioShock [v:4],gauntlet,1782927787922,2026-07-01,Wed
4gazmin4,33,Gauntlet vote: Half-Life [v:1],gauntlet,1782927803003,2026-07-01,Wed
player0451,36,AI Art word: onside,art,1782927825042,2026-07-01,Wed
pika_gamy,65,Phase 2: RAM,bootLoop,1782927857672,2026-07-01,Wed
alexwifi42,65,Phase 2: RAM,bootLoop,1782927857681,2026-07-01,Wed
mori2323,65,Phase 2: RAM,bootLoop,1782927857684,2026-07-01,Wed
silent_luc,65,Phase 2: RAM,bootLoop,1782927857691,2026-07-01,Wed
valase,65,Phase 2: RAM,bootLoop,1782927857697,2026-07-01,Wed
dahhel,65,Phase 2: RAM,bootLoop,1782927857704,2026-07-01,Wed
avin_novor,65,Phase 2: RAM,bootLoop,1782927857707,2026-07-01,Wed
ikaliayev,65,Phase 2: RAM,bootLoop,1782927857717,2026-07-01,Wed
alburldador,50,vote +12🔥,vodVote,1782927965286,2026-07-01,Wed
avin_novor,46,vote +8🔥,vodVote,1782927999948,2026-07-01,Wed
xiaoxiao9313,38,vote ,vodVote,1782928311175,2026-07-01,Wed
avin_novor,105,AI Art word: kilowatt,art,1782928359144,2026-07-01,Wed
ivanpetrov32,38,vote ,vodVote,1782928532682,2026-07-01,Wed
louis_of_apshai,38,vote ,vodVote,1782928558781,2026-07-01,Wed
alburldador,44,overtimeOverdose (1),vodVote,1782928582106,2026-07-01,Wed
louis_of_apshai,132,Gauntlet vote: Ever Forward [v:4],gauntlet,1782928586756,2026-07-01,Wed
valase,41,overtimeOverdose (2),vodVote,1782928610843,2026-07-01,Wed
louis_of_apshai,84,AI Art word: ransom,art,1782928614863,2026-07-01,Wed
dahhel,38,overtimeOverdose (3),vodVote,1782928702337,2026-07-01,Wed
avin_novor,35,overtimeOverdose (4),vodVote,1782928831876,2026-07-01,Wed
zoskycube,1,Ending round with !v###,vodVote,1782928834862,2026-07-01,Wed
avin_novor,45,Phase 1: GPU,bootLoop,1782928931382,2026-07-01,Wed
dahhel,45,Phase 1: GPU,bootLoop,1782928931398,2026-07-01,Wed
alburldador,45,Phase 1: GPU,bootLoop,1782928931404,2026-07-01,Wed
pika_gamy,45,Phase 1: GPU,bootLoop,1782928931424,2026-07-01,Wed
louis_of_apshai,45,Phase 1: GPU,bootLoop,1782928931451,2026-07-01,Wed
4gazmin4,56,vote +18🔥,vodVote,1782928949821,2026-07-01,Wed
dahhel,47,vote +9🔥,vodVote,1782929100914,2026-07-01,Wed
valase,40,vote +2🔥,vodVote,1782929112118,2026-07-01,Wed
dahhel,33,Gauntlet vote: The Outer Worlds: Spacer's Choice Edition [v:1],gauntlet,1782929144961,2026-07-01,Wed
avin_novor,47,vote +9🔥,vodVote,1782929188911,2026-07-01,Wed
ikaliayev,58,vote +20🔥,vodVote,1782929360017,2026-07-01,Wed
mori2323,40,vote +2🔥,vodVote,1782929436665,2026-07-01,Wed
mori2323,132,Gauntlet vote: Detroit: Become Human [v:4],gauntlet,1782929447767,2026-07-01,Wed
pika_gamy,39,vote +1🔥,vodVote,1782929608887,2026-07-01,Wed
alyssrentori,38,vote ,vodVote,1782929691738,2026-07-01,Wed
alyssrentori,52,AI Art word: wander,art,1782929742963,2026-07-01,Wed
alyssrentori,132,Gauntlet vote: We Were Here Expeditions: The FriendShip [v:4],gauntlet,1782929795311,2026-07-01,Wed
alburldador,44,overtimeOverdose (1),vodVote,1782929889408,2026-07-01,Wed
valase,41,overtimeOverdose (2),vodVote,1782929891847,2026-07-01,Wed
dahhel,38,overtimeOverdose (3),vodVote,1782929895288,2026-07-01,Wed
ikaliayev,35,overtimeOverdose (4),vodVote,1782929907883,2026-07-01,Wed
ura3535,38,vote ,vodVote,1782929988734,2026-07-01,Wed
ura3535,33,Gauntlet vote: Marvel Rivals [v:1],gauntlet,1782930010301,2026-07-01,Wed
madagascaradam,32,overtimeOverdose (5),vodVote,1782930028559,2026-07-01,Wed
madagascaradam,38,vote ,vodVote,1782930029965,2026-07-01,Wed
mori2323,29,overtimeOverdose (6),vodVote,1782930048629,2026-07-01,Wed
chestersz,38,vote ,vodVote,1782930135267,2026-07-01,Wed
chestersz,33,Gauntlet vote: Webbed [v:1],gauntlet,1782930147586,2026-07-01,Wed
zoskycube,1,Ending round with !v###,vodVote,1782930158039,2026-07-01,Wed
dahhel,45,Phase 1: GPU,bootLoop,1782930236074,2026-07-01,Wed
alburldador,45,Phase 1: GPU,bootLoop,1782930236077,2026-07-01,Wed
valase,45,Phase 1: GPU,bootLoop,1782930236083,2026-07-01,Wed
ikaliayev,45,Phase 1: GPU,bootLoop,1782930236087,2026-07-01,Wed
madagascaradam,45,Phase 1: GPU,bootLoop,1782930236217,2026-07-01,Wed
ikaliayev,59,vote +21🔥,vodVote,1782930265047,2026-07-01,Wed
chestersz,39,vote +1🔥,vodVote,1782930275336,2026-07-01,Wed
dahhel,48,vote +10🔥,vodVote,1782930277150,2026-07-01,Wed
silent_luc,38,vote ,vodVote,1782930299310,2026-07-01,Wed
chestersz,4340,Voucher: zB → zCubes,voucher,1782930302148,2026-07-01,Wed
4gazmin4,57,vote +19🔥,vodVote,1782930412115,2026-07-01,Wed
alburldador,38,vote ,vodVote,1782930491254,2026-07-01,Wed
avin_novor,48,vote +10🔥,vodVote,1782930628132,2026-07-01,Wed
avin_novor,132,Gauntlet vote: Hollow Knight [v:4],gauntlet,1782930655599,2026-07-01,Wed
madagascaradam,39,vote +1🔥,vodVote,1782930668374,2026-07-01,Wed
avin_novor,65,Phase 2: CPU,bootLoop,1782930678051,2026-07-01,Wed
silent_luc,65,Phase 2: CPU,bootLoop,1782930678062,2026-07-01,Wed
ikaliayev,65,Phase 2: CPU,bootLoop,1782930678067,2026-07-01,Wed
dahhel,65,Phase 2: CPU,bootLoop,1782930678072,2026-07-01,Wed
alburldador,65,Phase 2: CPU,bootLoop,1782930678079,2026-07-01,Wed
madagascaradam,65,Phase 2: CPU,bootLoop,1782930678083,2026-07-01,Wed
madagascaradam,133,AI Art word: vindictive,art,1782930694853,2026-07-01,Wed
pika_gamy,119,AI Art word: birthday,art,1782930717804,2026-07-01,Wed
pika_gamy,40,vote +2🔥,vodVote,1782930727148,2026-07-01,Wed
valase,41,vote +3🔥,vodVote,1782930734525,2026-07-01,Wed
ura3535,63,AI Art word: bear,art,1782930776981,2026-07-01,Wed
ura3535,33,Gauntlet vote: Black Skylands [v:1],gauntlet,1782930788711,2026-07-01,Wed
ivanpetrov32,38,vote ,vodVote,1782930930665,2026-07-01,Wed
alfims,38,vote ,vodVote,1782931083401,2026-07-01,Wed
alfims,33,Gauntlet vote: Godfall [v:1],gauntlet,1782931093556,2026-07-01,Wed
pika_gamy,44,overtimeOverdose (1),vodVote,1782931200675,2026-07-01,Wed
dahhel,44,overtimeOverdose (1),vodVote,1782931200985,2026-07-01,Wed
alburldador,41,overtimeOverdose (2),vodVote,1782931210455,2026-07-01,Wed
ikaliayev,38,overtimeOverdose (3),vodVote,1782931228610,2026-07-01,Wed
valase,35,overtimeOverdose (4),vodVote,1782931229453,2026-07-01,Wed
puphik,32,overtimeOverdose (5),vodVote,1782931309080,2026-07-01,Wed
player0451,38,vote ,vodVote,1782931312830,2026-07-01,Wed
puphik,38,vote ,vodVote,1782931316870,2026-07-01,Wed
player0451,105,AI Art word: vassals,art,1782931320464,2026-07-01,Wed
puphik,33,Gauntlet vote: Tropico 4 [v:1],gauntlet,1782931322821,2026-07-01,Wed
player0451,66,Gauntlet vote: Karate Survivor [v:2],gauntlet,1782931329986,2026-07-01,Wed
player0451,4340,Voucher: zB → zCubes,voucher,1782931341665,2026-07-01,Wed
alyssrentori,39,vote +1🔥,vodVote,1782931345030,2026-07-01,Wed
alyssrentori,99,Gauntlet vote: Portal: Revolution [v:3],gauntlet,1782931358679,2026-07-01,Wed
4gazmin4,29,overtimeOverdose (6),vodVote,1782931471059,2026-07-01,Wed
zoskycube,1,Ending round with !v###,vodVote,1782931472418,2026-07-01,Wed
madagascaradam,40,vote +2🔥,vodVote,1782931581604,2026-07-01,Wed
silent_luc,84,AI Art word: cadet,art,1782931584581,2026-07-01,Wed
ikaliayev,60,vote +22🔥,vodVote,1782931606027,2026-07-01,Wed
dahhel,49,vote +11🔥,vodVote,1782931811244,2026-07-01,Wed
dahhel,45,Phase 1: GPU,bootLoop,1782931825683,2026-07-01,Wed
madagascaradam,45,Phase 1: GPU,bootLoop,1782931825695,2026-07-01,Wed
pika_gamy,45,Phase 1: GPU,bootLoop,1782931825698,2026-07-01,Wed
alyssrentori,45,Phase 1: GPU,bootLoop,1782931825706,2026-07-01,Wed
silent_luc,45,Phase 1: GPU,bootLoop,1782931825709,2026-07-01,Wed
avin_novor,45,Phase 1: GPU,bootLoop,1782931825715,2026-07-01,Wed
ikaliayev,45,Phase 1: GPU,bootLoop,1782931825796,2026-07-01,Wed
4gazmin4,58,vote +20🔥,vodVote,1782931874499,2026-07-01,Wed
dahhel,33,Gauntlet vote: Wolfenstein II: The New Colossus [v:1],gauntlet,1782931896557,2026-07-01,Wed
alexwifi42,132,Gauntlet vote: Rain World [v:4],gauntlet,1782931994992,2026-07-01,Wed
alexwifi42,38,vote ,vodVote,1782932000064,2026-07-01,Wed
pika_gamy,41,vote +3🔥,vodVote,1782932036438,2026-07-01,Wed
silent_luc,39,vote +1🔥,vodVote,1782932086831,2026-07-01,Wed
alburldador,39,vote +1🔥,vodVote,1782932226377,2026-07-01,Wed
avin_novor,49,vote +11🔥,vodVote,1782932243108,2026-07-01,Wed
ura3535,33,Gauntlet vote: Alan Wake's American Nightmare [v:1],gauntlet,1782932275212,2026-07-01,Wed
ikaliayev,44,overtimeOverdose (1),vodVote,1782932403452,2026-07-01,Wed
silent_luc,41,overtimeOverdose (2),vodVote,1782932411200,2026-07-01,Wed
alburldador,38,overtimeOverdose (3),vodVote,1782932412663,2026-07-01,Wed
avin_novor,35,overtimeOverdose (4),vodVote,1782932441315,2026-07-01,Wed
pika_gamy,32,overtimeOverdose (5),vodVote,1782932501990,2026-07-01,Wed
dahhel,29,overtimeOverdose (6),vodVote,1782932542521,2026-07-01,Wed
zoskycube,1,Ending round with !v###,vodVote,1782932582105,2026-07-01,Wed
ikaliayev,132,Gauntlet vote: Ni no Kuni Wrath of the White Witch Remastered [v:4],gauntlet,1782932609863,2026-07-01,Wed
4gazmin4,59,vote +21🔥,vodVote,1782932696610,2026-07-01,Wed
ivanpetrov32,38,vote ,vodVote,1782932787584,2026-07-01,Wed
silent_luc,40,vote +2🔥,vodVote,1782932790084,2026-07-01,Wed
ikaliayev,61,vote +23🔥,vodVote,1782932841780,2026-07-01,Wed
operacional_cae,77,AI Art word: entrances,art,1782932885758,2026-07-01,Wed
pika_gamy,66,Gauntlet vote: Tacoma [v:2],gauntlet,1782932919057,2026-07-01,Wed
pika_gamy,42,vote +4🔥,vodVote,1782932927564,2026-07-01,Wed
alexwifi42,33,Gauntlet vote: Remnant: From the Ashes [v:1],gauntlet,1782932934909,2026-07-01,Wed
alexwifi42,39,vote +1🔥,vodVote,1782932946345,2026-07-01,Wed
alexwifi42,98,AI Art word: establish,art,1782932952998,2026-07-01,Wed
dahhel,50,vote +12🔥,vodVote,1782932959529,2026-07-01,Wed
avin_novor,50,vote +12🔥,vodVote,1782932968269,2026-07-01,Wed
silent_luc,132,Gauntlet vote: Star Renegades [v:4],gauntlet,1782933038738,2026-07-01,Wed
alburldador,40,vote +2🔥,vodVote,1782933149495,2026-07-01,Wed
alburldador,132,Gauntlet vote: Valfaris: Mecha Therion [v:4],gauntlet,1782933174513,2026-07-01,Wed
pika_gamy,44,overtimeOverdose (1),vodVote,1782933279731,2026-07-01,Wed
ikaliayev,41,overtimeOverdose (2),vodVote,1782933313018,2026-07-01,Wed
silent_luc,38,overtimeOverdose (3),vodVote,1782933323942,2026-07-01,Wed
ikaliayev,45,Phase 1: HDD,bootLoop,1782933401142,2026-07-01,Wed
dahhel,45,Phase 1: HDD,bootLoop,1782933401160,2026-07-01,Wed
avin_novor,45,Phase 1: HDD,bootLoop,1782933401165,2026-07-01,Wed
alburldador,45,Phase 1: HDD,bootLoop,1782933401178,2026-07-01,Wed
pika_gamy,45,Phase 1: HDD,bootLoop,1782933401188,2026-07-01,Wed
alexwifi42,45,Phase 1: HDD,bootLoop,1782933401255,2026-07-01,Wed
silent_luc,45,Phase 1: HDD,bootLoop,1782933401287,2026-07-01,Wed
operacional_cae,45,Phase 1: HDD,bootLoop,1782933401378,2026-07-01,Wed
ura3535,35,overtimeOverdose (4),vodVote,1782933407923,2026-07-01,Wed
ura3535,38,vote ,vodVote,1782933411225,2026-07-01,Wed
ura3535,33,Gauntlet vote: Cyber mission [v:1],gauntlet,1782933419113,2026-07-01,Wed
alburldador,32,overtimeOverdose (5),vodVote,1782933478018,2026-07-01,Wed
zoskycube,1,Ending round with !v###,vodVote,1782933479430,2026-07-01,Wed
dahhel,51,vote +13🔥,vodVote,1782933592092,2026-07-01,Wed
ikaliayev,62,vote +24🔥,vodVote,1782933608757,2026-07-01,Wed
avin_novor,51,vote +13🔥,vodVote,1782933637138,2026-07-01,Wed
pika_gamy,43,vote +5🔥,vodVote,1782933715399,2026-07-01,Wed
silent_luc,41,vote +3🔥,vodVote,1782933958229,2026-07-01,Wed
4gazmin4,60,vote +22🔥,vodVote,1782934106719,2026-07-01,Wed
silent_luc,44,overtimeOverdose (1),vodVote,1782934447526,2026-07-01,Wed
alburldador,41,overtimeOverdose (2),vodVote,1782934453473,2026-07-01,Wed
silent_luc,91,AI Art word: telescope,art,1782934482743,2026-07-01,Wed
pika_gamy,38,overtimeOverdose (3),vodVote,1782934483771,2026-07-01,Wed
avin_novor,35,overtimeOverdose (4),vodVote,1782934511318,2026-07-01,Wed
cerebralx1,32,overtimeOverdose (5),vodVote,1782934542835,2026-07-01,Wed
cerebralx1,38,vote ,vodVote,1782934549023,2026-07-01,Wed
dahhel,29,overtimeOverdose (6),vodVote,1782934615633,2026-07-01,Wed
zoskycube,1,Ending round with !v###,vodVote,1782934629710,2026-07-01,Wed
cerebralx1,119,AI Art word: disloyalty,art,1782934753595,2026-07-01,Wed
cerebralx1,39,vote +1🔥,vodVote,1782934775992,2026-07-01,Wed
ikaliayev,45,Phase 1: RAM,bootLoop,1782934788211,2026-07-01,Wed
alburldador,45,Phase 1: RAM,bootLoop,1782934788235,2026-07-01,Wed
dahhel,45,Phase 1: RAM,bootLoop,1782934788239,2026-07-01,Wed
cerebralx1,45,Phase 1: RAM,bootLoop,1782934788243,2026-07-01,Wed
silent_luc,45,Phase 1: RAM,bootLoop,1782934788256,2026-07-01,Wed
pika_gamy,45,Phase 1: RAM,bootLoop,1782934788263,2026-07-01,Wed
dahhel,52,vote +14🔥,vodVote,1782934790663,2026-07-01,Wed
ikaliayev,63,vote +25🔥,vodVote,1782934798043,2026-07-01,Wed
cerebralx1,132,Gauntlet vote: Tomb Raider I-III Remastered Starring Lara Croft [v:4],gauntlet,1782934802129,2026-07-01,Wed
silent_luc,42,vote +4🔥,vodVote,1782934825370,2026-07-01,Wed
avin_novor,52,vote +14🔥,vodVote,1782934880831,2026-07-01,Wed
avin_novor,105,AI Art word: harmonious,art,1782934900848,2026-07-01,Wed
pika_gamy,44,vote +6🔥,vodVote,1782934986238,2026-07-01,Wed
4gazmin4,61,vote +23🔥,vodVote,1782935071229,2026-07-01,Wed
ivanpetrov32,38,vote ,vodVote,1782935124960,2026-07-01,Wed
ivanpetrov32,132,Gauntlet vote: Gauntlet [v:4],gauntlet,1782935153486,2026-07-01,Wed
ivanpetrov32,73,AI Art word: oiling,art,1782935175356,2026-07-01,Wed
ivanpetrov32,4340,Voucher: zB → zCubes,voucher,1782935191441,2026-07-01,Wed
thanossoul,38,vote ,vodVote,1782935219300,2026-07-01,Wed
thanossoul,33,Gauntlet vote: Godstrike [v:1],gauntlet,1782935226248,2026-07-01,Wed
player0451,31,AI Art word: rotations,art,1782935407985,2026-07-01,Wed
player0451,38,vote ,vodVote,1782935408077,2026-07-01,Wed
player0451,99,Gauntlet vote: Fallout 4 [v:3],gauntlet,1782935410422,2026-07-01,Wed
cerebralx1,99,Gauntlet vote: Path of Exile [v:3],gauntlet,1782935445263,2026-07-01,Wed
cerebralx1,1000,Voucher: dailyDose,voucher,1782935483845,2026-07-01,Wed
cerebralx1,4340,Voucher: zB → zCubes,voucher,1782935502973,2026-07-01,Wed
ura3535,38,vote ,vodVote,1782935604475,2026-07-01,Wed
ura3535,33,Gauntlet vote: Street Fighter V [v:1],gauntlet,1782935614244,2026-07-01,Wed
pika_gamy,44,overtimeOverdose (1),vodVote,1782935865014,2026-07-01,Wed
cerebralx1,41,overtimeOverdose (2),vodVote,1782935869358,2026-07-01,Wed
dahhel,38,overtimeOverdose (3),vodVote,1782935870598,2026-07-01,Wed
silent_luc,35,overtimeOverdose (4),vodVote,1782935882085,2026-07-01,Wed
ikaliayev,32,overtimeOverdose (5),vodVote,1782935889123,2026-07-01,Wed
alburldador,29,overtimeOverdose (6),vodVote,1782935963461,2026-07-01,Wed
zoskycube,1,Ending round with !v###,vodVote,1782936045688,2026-07-01,Wed
4gazmin4,62,vote +24🔥,vodVote,1782936177145,2026-07-01,Wed
ikaliayev,64,vote +26🔥,vodVote,1782936192368,2026-07-01,Wed
4gazmin4,33,Gauntlet vote: ava hunt and thieves of the lost [v:1],gauntlet,1782936195500,2026-07-01,Wed
avin_novor,45,Phase 1: HDD,bootLoop,1782936278529,2026-07-01,Wed
cerebralx1,45,Phase 1: HDD,bootLoop,1782936278560,2026-07-01,Wed
dahhel,45,Phase 1: HDD,bootLoop,1782936278573,2026-07-01,Wed
ikaliayev,45,Phase 1: HDD,bootLoop,1782936278580,2026-07-01,Wed
silent_luc,45,Phase 1: HDD,bootLoop,1782936278588,2026-07-01,Wed
alburldador,45,Phase 1: HDD,bootLoop,1782936278591,2026-07-01,Wed
pika_gamy,45,Phase 1: HDD,bootLoop,1782936278649,2026-07-01,Wed
alburldador,38,vote ,vodVote,1782936316214,2026-07-01,Wed
dahhel,53,vote +15🔥,vodVote,1782936349267,2026-07-01,Wed
cerebralx1,40,vote +2🔥,vodVote,1782936370439,2026-07-01,Wed
cerebralx1,172,AI Art word: breakup,art,1782936496375,2026-07-01,Wed
lovegamesandthings00000,126,AI Art word: brother,art,1782936563926,2026-07-01,Wed
lovegamesandthings00000,38,vote ,vodVote,1782936570042,2026-07-01,Wed
lovegamesandthings00000,33,Gauntlet vote: Horizon Zero Dawn™ Remastered [v:1],gauntlet,1782936603661,2026-07-01,Wed
louis_of_apshai,38,vote ,vodVote,1782936620731,2026-07-01,Wed
louis_of_apshai,132,Gauntlet vote: Book of Demons [v:4],gauntlet,1782936641602,2026-07-01,Wed
madagascaradam,38,vote ,vodVote,1782936763333,2026-07-01,Wed
madagascaradam,126,AI Art word: uplifts,art,1782936779253,2026-07-01,Wed
madagascaradam,132,Gauntlet vote: The Witcher 3: Wild Hunt [v:4],gauntlet,1782936787562,2026-07-01,Wed
avin_novor,53,vote +15🔥,vodVote,1782936827807,2026-07-01,Wed
ura3535,33,Gauntlet vote: Portal: Revolution [v:1],gauntlet,1782936870738,2026-07-01,Wed
dahhel,65,Phase 2: GPU,bootLoop,1782936967329,2026-07-01,Wed
lovegamesandthings00000,65,Phase 2: GPU,bootLoop,1782936967332,2026-07-01,Wed
avin_novor,65,Phase 2: GPU,bootLoop,1782936967336,2026-07-01,Wed
ikaliayev,65,Phase 2: GPU,bootLoop,1782936967341,2026-07-01,Wed
madagascaradam,65,Phase 2: GPU,bootLoop,1782936967344,2026-07-01,Wed
louis_of_apshai,65,Phase 2: GPU,bootLoop,1782936967392,2026-07-01,Wed
cerebralx1,65,Phase 2: GPU,bootLoop,1782936967400,2026-07-01,Wed
alburldador,65,Phase 2: GPU,bootLoop,1782936967409,2026-07-01,Wed
thanossoul,39,vote +1🔥,vodVote,1782937004417,2026-07-01,Wed
thanossoul,33,Gauntlet vote: Fallout Shelter [v:1],gauntlet,1782937010677,2026-07-01,Wed
thanossoul,36,AI Art word: vast,art,1782937021393,2026-07-01,Wed
avin_novor,44,overtimeOverdose (1),vodVote,1782937053255,2026-07-01,Wed
ikaliayev,41,overtimeOverdose (2),vodVote,1782937061477,2026-07-01,Wed
alburldador,38,overtimeOverdose (3),vodVote,1782937082597,2026-07-01,Wed
cerebralx1,35,overtimeOverdose (4),vodVote,1782937110640,2026-07-01,Wed
pika_gamy,32,overtimeOverdose (5),vodVote,1782937160584,2026-07-01,Wed
pika_gamy,45,vote +7🔥,vodVote,1782937164875,2026-07-01,Wed
thanossoul,29,overtimeOverdose (6),vodVote,1782937178569,2026-07-01,Wed
pika_gamy,132,Gauntlet vote: Green Hell [v:4],gauntlet,1782937180999,2026-07-01,Wed
dahhel,26,overtimeOverdose (7),vodVote,1782937211161,2026-07-01,Wed
zoskycube,1,Ending round with !v###,vodVote,1782937344031,2026-07-01,Wed
dahhel,54,vote +16🔥,vodVote,1782937499852,2026-07-01,Wed
ikaliayev,65,vote +27🔥,vodVote,1782937501867,2026-07-01,Wed
cerebralx1,41,vote +3🔥,vodVote,1782937592399,2026-07-01,Wed
4gazmin4,63,vote +25🔥,vodVote,1782937716307,2026-07-01,Wed
ura3535,33,Gauntlet vote: Marvel's Guardians of the Galaxy [v:1],gauntlet,1782937734159,2026-07-01,Wed
ura3535,38,vote ,vodVote,1782937796733,2026-07-01,Wed
pika_gamy,46,vote +8🔥,vodVote,1782937869858,2026-07-01,Wed
pika_gamy,66,Gauntlet vote: Sophie: Starlight Whispers [v:2],gauntlet,1782937886438,2026-07-01,Wed
cerebralx1,159,AI Art word: fullback,art,1782937898829,2026-07-01,Wed
avin_novor,126,AI Art word: farmed,art,1782937907507,2026-07-01,Wed
avin_novor,54,vote +16🔥,vodVote,1782937913457,2026-07-01,Wed
thanossoul,40,vote +2🔥,vodVote,1782937995919,2026-07-01,Wed
dahhel,44,overtimeOverdose (1),vodVote,1782938048385,2026-07-01,Wed
alburldador,41,overtimeOverdose (2),vodVote,1782938067629,2026-07-01,Wed
ikaliayev,38,overtimeOverdose (3),vodVote,1782938075483,2026-07-01,Wed
avin_novor,35,overtimeOverdose (4),vodVote,1782938079833,2026-07-01,Wed
thanossoul,32,overtimeOverdose (5),vodVote,1782938080792,2026-07-01,Wed
thanossoul,33,Gauntlet vote: Shadow Warrior 2 [v:1],gauntlet,1782938102727,2026-07-01,Wed
4gazmin4,29,overtimeOverdose (6),vodVote,1782938104085,2026-07-01,Wed
4gazmin4,4340,Voucher: zB → zCubes,voucher,1782938130144,2026-07-01,Wed
pika_gamy,26,overtimeOverdose (7),vodVote,1782938140370,2026-07-01,Wed
pika_gamy,88,AI Art word: knock-out,art,1782938155183,2026-07-01,Wed
cerebralx1,23,overtimeOverdose (8),vodVote,1782938282176,2026-07-01,Wed
avin_novor,45,Phase 1: RAM,bootLoop,1782938302369,2026-07-01,Wed
thanossoul,45,Phase 1: RAM,bootLoop,1782938302379,2026-07-01,Wed
cerebralx1,45,Phase 1: RAM,bootLoop,1782938302381,2026-07-01,Wed
pika_gamy,45,Phase 1: RAM,bootLoop,1782938302390,2026-07-01,Wed
ikaliayev,45,Phase 1: RAM,bootLoop,1782938302393,2026-07-01,Wed
dahhel,45,Phase 1: RAM,bootLoop,1782938302395,2026-07-01,Wed
ura3535,45,Phase 1: RAM,bootLoop,1782938302401,2026-07-01,Wed
alburldador,45,Phase 1: RAM,bootLoop,1782938302406,2026-07-01,Wed
zoskycube,1,Ending round with !v###,vodVote,1782938315254,2026-07-01,Wed
ura3535,147,AI Art word: jury,art,1782938344736,2026-07-01,Wed
ragnar175,132,Gauntlet vote: Valfaris: Mecha Therion [v:4],gauntlet,1782938437607,2026-07-01,Wed
avin_novor,55,vote +17🔥,vodVote,1782938478496,2026-07-01,Wed
dahhel,55,vote +17🔥,vodVote,1782938492329,2026-07-01,Wed
ragnar175,38,vote ,vodVote,1782938494935,2026-07-01,Wed
cerebralx1,42,vote +4🔥,vodVote,1782938517934,2026-07-01,Wed
ikaliayev,66,vote +28🔥,vodVote,1782938611353,2026-07-01,Wed
4gazmin4,64,vote +26🔥,vodVote,1782938719166,2026-07-01,Wed
alburldador,65,Phase 2: GPU,bootLoop,1782938928875,2026-07-01,Wed
ikaliayev,65,Phase 2: GPU,bootLoop,1782938928877,2026-07-01,Wed
avin_novor,65,Phase 2: GPU,bootLoop,1782938928889,2026-07-01,Wed
dahhel,65,Phase 2: GPU,bootLoop,1782938928893,2026-07-01,Wed
cerebralx1,65,Phase 2: GPU,bootLoop,1782938928898,2026-07-01,Wed
silent_luc,65,Phase 2: GPU,bootLoop,1782938928915,2026-07-01,Wed
ragnar175,65,Phase 2: GPU,bootLoop,1782938929020,2026-07-01,Wed
thanossoul,41,vote +3🔥,vodVote,1782938957524,2026-07-01,Wed
thanossoul,33,Gauntlet vote: Cryptmaster [v:1],gauntlet,1782938972704,2026-07-01,Wed
thanossoul,44,overtimeOverdose (1),vodVote,1782938998048,2026-07-01,Wed
alburldador,41,overtimeOverdose (2),vodVote,1782939009987,2026-07-01,Wed
dahhel,38,overtimeOverdose (3),vodVote,1782939055340,2026-07-01,Wed
avin_novor,35,overtimeOverdose (4),vodVote,1782939073102,2026-07-01,Wed
ikaliayev,32,overtimeOverdose (5),vodVote,1782939138183,2026-07-01,Wed
pika_gamy,29,overtimeOverdose (6),vodVote,1782939162259,2026-07-01,Wed
pika_gamy,47,vote +9🔥,vodVote,1782939165318,2026-07-01,Wed
pika_gamy,66,Gauntlet vote: Teslagrad Remastered [v:2],gauntlet,1782939174174,2026-07-01,Wed
silent_luc,26,overtimeOverdose (7),vodVote,1782939202360,2026-07-01,Wed
ragnar175,23,overtimeOverdose (8),vodVote,1782939211019,2026-07-01,Wed
silent_luc,38,vote ,vodVote,1782939229272,2026-07-01,Wed
cerebralx1,20,overtimeOverdose (9),vodVote,1782939229802,2026-07-01,Wed
operacional_cae,17,overtimeOverdose (10),vodVote,1782939256445,2026-07-01,Wed
zoskycube,1,Ending round with !v###,vodVote,1782939288909,2026-07-01,Wed
player0451,84,AI Art word: grandmas,art,1782939356532,2026-07-01,Wed
player0451,132,Gauntlet vote: Astronarch [v:4],gauntlet,1782939359606,2026-07-01,Wed
alburldador,38,vote ,vodVote,1782939402492,2026-07-01,Wed
ura3535,38,vote ,vodVote,1782939439129,2026-07-01,Wed
ura3535,33,Gauntlet vote: Noita [v:1],gauntlet,1782939446473,2026-07-01,Wed
operacional_cae,38,vote ,vodVote,1782939448697,2026-07-01,Wed
operacional_cae,132,Gauntlet vote: INDUSTRIA [v:4],gauntlet,1782939462853,2026-07-01,Wed
ura3535,1000,Voucher: dailyDose,voucher,1782939476799,2026-07-01,Wed
ura3535,4340,Voucher: zB → zCubes,voucher,1782939488639,2026-07-01,Wed
cerebralx1,43,vote +5🔥,vodVote,1782939504207,2026-07-01,Wed
dahhel,56,vote +18🔥,vodVote,1782939510894,2026-07-01,Wed
ikaliayev,67,vote +29🔥,vodVote,1782939514012,2026-07-01,Wed
4gazmin4,65,vote +27🔥,vodVote,1782939524119,2026-07-01,Wed
madagascaradam,38,vote ,vodVote,1782939560040,2026-07-01,Wed
madagascaradam,99,Gauntlet vote: The Old City: Leviathan [v:3],gauntlet,1782939567684,2026-07-01,Wed
johnnymnemonics,119,AI Art word: meanwhile,art,1782939610415,2026-07-01,Wed
johnnymnemonics,38,vote ,vodVote,1782939615892,2026-07-01,Wed
cerebralx1,172,AI Art word: microwave,art,1782939624262,2026-07-01,Wed
avin_novor,90,Phase 3: CPU,bootLoop,1782939627858,2026-07-01,Wed
ragnar175,90,Phase 3: CPU,bootLoop,1782939627869,2026-07-01,Wed
ura3535,90,Phase 3: CPU,bootLoop,1782939627879,2026-07-01,Wed
dahhel,90,Phase 3: CPU,bootLoop,1782939627882,2026-07-01,Wed
alburldador,90,Phase 3: CPU,bootLoop,1782939627889,2026-07-01,Wed
cerebralx1,90,Phase 3: CPU,bootLoop,1782939627891,2026-07-01,Wed
ikaliayev,90,Phase 3: CPU,bootLoop,1782939627897,2026-07-01,Wed
pika_gamy,90,Phase 3: CPU,bootLoop,1782939627903,2026-07-01,Wed
operacional_cae,90,Phase 3: CPU,bootLoop,1782939627905,2026-07-01,Wed
silent_luc,90,Phase 3: CPU,bootLoop,1782939627930,2026-07-01,Wed
madagascaradam,90,Phase 3: CPU,bootLoop,1782939627944,2026-07-01,Wed
johnnymnemonics,132,Gauntlet vote: Crime Boss: Rockay City [v:4],gauntlet,1782939635130,2026-07-01,Wed
avin_novor,56,vote +18🔥,vodVote,1782939764279,2026-07-01,Wed
ragnar175,39,vote +1🔥,vodVote,1782939770062,2026-07-01,Wed
pika_gamy,48,vote +10🔥,vodVote,1782939782607,2026-07-01,Wed
ragnar175,132,Gauntlet vote: Eastern Exorcist [v:4],gauntlet,1782940077271,2026-07-01,Wed
madagascaradam,168,AI Art word: thicket,art,1782940138145,2026-07-01,Wed
dahhel,33,Gauntlet vote: Fallout 4 [v:1],gauntlet,1782940271709,2026-07-01,Wed
pika_gamy,44,overtimeOverdose (1),vodVote,1782940324456,2026-07-01,Wed
cerebralx1,41,overtimeOverdose (2),vodVote,1782940360992,2026-07-01,Wed
dahhel,38,overtimeOverdose (3),vodVote,1782940363581,2026-07-01,Wed
madagascaradam,35,overtimeOverdose (4),vodVote,1782940426483,2026-07-01,Wed
silent_luc,32,overtimeOverdose (5),vodVote,1782940539990,2026-07-01,Wed
ragnar175,29,overtimeOverdose (6),vodVote,1782940545254,2026-07-01,Wed
alfims,38,vote ,vodVote,1782940561640,2026-07-01,Wed
alfims,26,overtimeOverdose (7),vodVote,1782940564055,2026-07-01,Wed
alfims,33,Gauntlet vote: Fallout: New Vegas [v:1],gauntlet,1782940574157,2026-07-01,Wed
ikaliayev,23,overtimeOverdose (8),vodVote,1782940629425,2026-07-01,Wed
zoskycube,1,Ending round with !v###,vodVote,1782940630045,2026-07-01,Wed
4gazmin4,66,vote +28🔥,vodVote,1782940757086,2026-07-01,Wed
alburldador,39,vote +1🔥,vodVote,1782940774409,2026-07-01,Wed
thanossoul,38,vote ,vodVote,1782940802077,2026-07-01,Wed
alburldador,132,Gauntlet vote: Pilgrims [v:4],gauntlet,1782940811974,2026-07-01,Wed
thanossoul,33,Gauntlet vote: Jack Move [v:1],gauntlet,1782940821791,2026-07-01,Wed
chestersz,38,vote ,vodVote,1782940842463,2026-07-01,Wed
chestersz,33,"Gauntlet vote: Warhammer 40,000: Chaos Gate - Daemonhunters [v:1]",gauntlet,1782940852965,2026-07-01,Wed
dahhel,57,vote +19🔥,vodVote,1782940866370,2026-07-01,Wed
chestersz,91,AI Art word: octopuses,art,1782940868466,2026-07-01,Wed
shadowladyex,38,vote ,vodVote,1782940960767,2026-07-01,Wed
ikaliayev,68,vote +30🔥,vodVote,1782941130473,2026-07-01,Wed
ragnar175,40,vote +2🔥,vodVote,1782941151854,2026-07-01,Wed
ragnar175,73,AI Art word: riper,art,1782941166297,2026-07-01,Wed
silent_luc,45,Phase 1: RAM,bootLoop,1782941175535,2026-07-01,Wed
shadowladyex,45,Phase 1: RAM,bootLoop,1782941175549,2026-07-01,Wed
avin_novor,45,Phase 1: RAM,bootLoop,1782941175563,2026-07-01,Wed
cerebralx1,45,Phase 1: RAM,bootLoop,1782941175575,2026-07-01,Wed
dahhel,45,Phase 1: RAM,bootLoop,1782941175577,2026-07-01,Wed
madagascaradam,45,Phase 1: RAM,bootLoop,1782941175580,2026-07-01,Wed
pika_gamy,45,Phase 1: RAM,bootLoop,1782941175581,2026-07-01,Wed
alburldador,45,Phase 1: RAM,bootLoop,1782941175584,2026-07-01,Wed
ikaliayev,45,Phase 1: RAM,bootLoop,1782941175587,2026-07-01,Wed
ragnar175,45,Phase 1: RAM,bootLoop,1782941175592,2026-07-01,Wed
alfims,45,Phase 1: RAM,bootLoop,1782941175594,2026-07-01,Wed
thanossoul,45,Phase 1: RAM,bootLoop,1782941175596,2026-07-01,Wed
ragnar175,132,Gauntlet vote: ibb  [v:4],gauntlet,1782941177507,2026-07-01,Wed
pika_gamy,49,vote +11🔥,vodVote,1782941184533,2026-07-01,Wed
pika_gamy,1000,Voucher: dailyDose,voucher,1782941223245,2026-07-01,Wed
avin_novor,57,vote +19🔥,vodVote,1782941416370,2026-07-01,Wed
avin_novor,115,AI Art word: proctor,art,1782941431635,2026-07-01,Wed
dahhel,44,overtimeOverdose (1),vodVote,1782941641450,2026-07-01,Wed
pika_gamy,41,overtimeOverdose (2),vodVote,1782941645478,2026-07-01,Wed
alburldador,38,overtimeOverdose (3),vodVote,1782941652418,2026-07-01,Wed
alburldador,4340,Voucher: zB → zCubes,voucher,1782941683354,2026-07-01,Wed
silent_luc,35,overtimeOverdose (4),vodVote,1782941709383,2026-07-01,Wed
silent_luc,132,Gauntlet vote: Eiyuden Chronicle: Hundred Heroes [v:4],gauntlet,1782941745331,2026-07-01,Wed
silent_luc,38,vote ,vodVote,1782941762339,2026-07-01,Wed
4gazmin4,32,overtimeOverdose (5),vodVote,1782941762781,2026-07-01,Wed
ikaliayev,29,overtimeOverdose (6),vodVote,1782941806336,2026-07-01,Wed
avin_novor,26,overtimeOverdose (7),vodVote,1782941890974,2026-07-01,Wed
zoskycube,1,Ending round with !v###,vodVote,1782941934182,2026-07-01,Wed
ikaliayev,69,vote +31🔥,vodVote,1782942048502,2026-07-01,Wed
avin_novor,58,vote +20🔥,vodVote,1782942061800,2026-07-01,Wed
silent_luc,39,vote +1🔥,vodVote,1782942099648,2026-07-01,Wed
shadowladyex,39,vote +1🔥,vodVote,1782942115085,2026-07-01,Wed
dahhel,58,vote +20🔥,vodVote,1782942260126,2026-07-01,Wed
alburldador,40,vote +2🔥,vodVote,1782942388185,2026-07-01,Wed
madagascaradam,38,vote ,vodVote,1782942446331,2026-07-01,Wed
madagascaradam,58,AI Art word: ungrateful,art,1782942474102,2026-07-01,Wed
4gazmin4,67,vote +29🔥,vodVote,1782942480508,2026-07-01,Wed
4gazmin4,33,Gauntlet vote: Mount  [v:1],gauntlet,1782942489856,2026-07-01,Wed
ragnar175,41,vote +3🔥,vodVote,1782942522145,2026-07-01,Wed
ragnar175,84,AI Art word: ultrasound,art,1782942536917,2026-07-01,Wed
ragnar175,132,Gauntlet vote: Arcade Paradise [v:4],gauntlet,1782942549454,2026-07-01,Wed
pika_gamy,50,vote +12🔥,vodVote,1782942795920,2026-07-01,Wed
alburldador,45,Phase 1: CPU,bootLoop,1782942831512,2026-07-01,Wed
avin_novor,45,Phase 1: CPU,bootLoop,1782942831530,2026-07-01,Wed
ikaliayev,45,Phase 1: CPU,bootLoop,1782942831551,2026-07-01,Wed
madagascaradam,45,Phase 1: CPU,bootLoop,1782942831555,2026-07-01,Wed
dahhel,45,Phase 1: CPU,bootLoop,1782942831561,2026-07-01,Wed
shadowladyex,45,Phase 1: CPU,bootLoop,1782942831564,2026-07-01,Wed
silent_luc,45,Phase 1: CPU,bootLoop,1782942831566,2026-07-01,Wed
pika_gamy,45,Phase 1: CPU,bootLoop,1782942831569,2026-07-01,Wed
ragnar175,45,Phase 1: CPU,bootLoop,1782942831574,2026-07-01,Wed
shadowladyex,132,Gauntlet vote: Remnant: From the Ashes [v:4],gauntlet,1782942875724,2026-07-01,Wed
johnnymnemonics,105,AI Art word: campaign,art,1782943011350,2026-07-01,Wed
johnnymnemonics,38,vote ,vodVote,1782943015986,2026-07-01,Wed
johnnymnemonics,44,overtimeOverdose (1),vodVote,1782943018099,2026-07-01,Wed
ikaliayev,41,overtimeOverdose (2),vodVote,1782943020633,2026-07-01,Wed
johnnymnemonics,132,Gauntlet vote: Yakuza: Like a Dragon [v:4],gauntlet,1782943029695,2026-07-01,Wed
avin_novor,38,overtimeOverdose (3),vodVote,1782943035418,2026-07-01,Wed
louis_of_apshai,38,vote ,vodVote,1782943037327,2026-07-01,Wed
louis_of_apshai,132,Gauntlet vote: Jagged Alliance - Back in Action [v:4],gauntlet,1782943050320,2026-07-01,Wed
alburldador,35,overtimeOverdose (4),vodVote,1782943053725,2026-07-01,Wed
louis_of_apshai,157,AI Art word: charmed,art,1782943058595,2026-07-01,Wed
avin_novor,115,AI Art word: creamery,art,1782943067102,2026-07-01,Wed
avin_novor,132,Gauntlet vote: Garfield Lasagna Party [v:4],gauntlet,1782943115935,2026-07-01,Wed
alburldador,132,Gauntlet vote: BioShock [v:4],gauntlet,1782943133413,2026-07-01,Wed
zoskycube,1,Ending round with !v###,vodVote,1782943267860,2026-07-01,Wed
pika_gamy,132,Gauntlet vote: Crypt of the NecroDancer [v:4],gauntlet,1782943372223,2026-07-01,Wed
pika_gamy,51,vote +13🔥,vodVote,1782943380388,2026-07-01,Wed
dahhel,59,vote +21🔥,vodVote,1782943411439,2026-07-01,Wed
4gazmin4,68,vote +30🔥,vodVote,1782943429958,2026-07-01,Wed
llucholba,105,AI Art word: farms,art,1782943438118,2026-07-01,Wed
llucholba,38,vote ,vodVote,1782943443288,2026-07-01,Wed
llucholba,132,Gauntlet vote: Paradise Lost [v:4],gauntlet,1782943460368,2026-07-01,Wed
ikaliayev,70,vote +32🔥,vodVote,1782943519825,2026-07-01,Wed
silent_luc,63,AI Art word: faulty,art,1782943542659,2026-07-01,Wed
louis_of_apshai,39,vote +1🔥,vodVote,1782943568155,2026-07-01,Wed
alburldador,41,vote +3🔥,vodVote,1782943608000,2026-07-01,Wed
shadowladyex,40,vote +2🔥,vodVote,1782943642866,2026-07-01,Wed
snoopys030,38,vote ,vodVote,1782943963451,2026-07-01,Wed
dahhel,44,overtimeOverdose (1),vodVote,1782944013346,2026-07-01,Wed
snoopys030,41,overtimeOverdose (2),vodVote,1782944053701,2026-07-01,Wed
silent_luc,38,overtimeOverdose (3),vodVote,1782944181850,2026-07-01,Wed
silent_luc,40,vote +2🔥,vodVote,1782944187396,2026-07-01,Wed
ikaliayev,35,overtimeOverdose (4),vodVote,1782944216964,2026-07-01,Wed
zoskycube,1,Ending round with !v###,vodVote,1782944338043,2026-07-01,Wed
avin_novor,38,vote ,vodVote,1782944461742,2026-07-01,Wed
dahhel,60,vote +22🔥,vodVote,1782944499861,2026-07-01,Wed
shadowladyex,41,vote +3🔥,vodVote,1782944537241,2026-07-01,Wed
ikaliayev,71,vote +33🔥,vodVote,1782944573488,2026-07-01,Wed
snoopys030,39,vote +1🔥,vodVote,1782944647058,2026-07-01,Wed
snoopys030,33,Gauntlet vote: Boxes [v:1],gauntlet,1782944674924,2026-07-01,Wed
silent_luc,41,vote +3🔥,vodVote,1782944683363,2026-07-01,Wed
ikaliayev,115,AI Art word: wasting,art,1782944761486,2026-07-01,Wed
pika_gamy,52,vote +14🔥,vodVote,1782944765569,2026-07-01,Wed
4gazmin4,69,vote +31🔥,vodVote,1782944962028,2026-07-01,Wed
avin_novor,45,Phase 1: RAM,bootLoop,1782945014396,2026-07-01,Wed
ikaliayev,45,Phase 1: RAM,bootLoop,1782945014400,2026-07-01,Wed
dahhel,45,Phase 1: RAM,bootLoop,1782945014408,2026-07-01,Wed
silent_luc,45,Phase 1: RAM,bootLoop,1782945014415,2026-07-01,Wed
pika_gamy,45,Phase 1: RAM,bootLoop,1782945014419,2026-07-01,Wed
shadowladyex,45,Phase 1: RAM,bootLoop,1782945014426,2026-07-01,Wed
snoopys030,45,Phase 1: RAM,bootLoop,1782945014431,2026-07-01,Wed
shadowladyex,132,Gauntlet vote: Control Ultimate Edition [v:4],gauntlet,1782945111535,2026-07-01,Wed
ikaliayev,44,overtimeOverdose (1),vodVote,1782945235136,2026-07-01,Wed
shadowladyex,41,overtimeOverdose (2),vodVote,1782945244993,2026-07-01,Wed
dahhel,38,overtimeOverdose (3),vodVote,1782945354697,2026-07-01,Wed
zoskycube,1,Ending round with !v###,vodVote,1782945473819,2026-07-01,Wed
shadowladyex,42,vote +4🔥,vodVote,1782945609014,2026-07-01,Wed
ikaliayev,72,vote +34🔥,vodVote,1782945665087,2026-07-01,Wed
dahhel,61,vote +23🔥,vodVote,1782945667996,2026-07-01,Wed
llucholba,38,vote ,vodVote,1782945747326,2026-07-01,Wed
llucholba,132,Gauntlet vote: 911 Operator [v:4],gauntlet,1782945756922,2026-07-01,Wed
pika_gamy,53,vote +15🔥,vodVote,1782945780829,2026-07-01,Wed
pika_gamy,132,Gauntlet vote: Vampire Survivors [v:4],gauntlet,1782945785163,2026-07-01,Wed
llucholba,98,AI Art word: telephone,art,1782945793769,2026-07-01,Wed
avin_novor,39,vote +1🔥,vodVote,1782946002177,2026-07-01,Wed
snoopys030,40,vote +2🔥,vodVote,1782946111369,2026-07-01,Wed
snoopys030,132,Gauntlet vote: Portal: Revolution [v:4],gauntlet,1782946136513,2026-07-01,Wed
ikaliayev,44,overtimeOverdose (1),vodVote,1782946215927,2026-07-01,Wed
ikaliayev,138,AI Art word: heading,art,1782946259722,2026-07-01,Wed
ikaliayev,45,Phase 1: RAM,bootLoop,1782946286922,2026-07-01,Wed
dahhel,45,Phase 1: RAM,bootLoop,1782946286995,2026-07-01,Wed
snoopys030,45,Phase 1: RAM,bootLoop,1782946287001,2026-07-01,Wed
pika_gamy,41,overtimeOverdose (2),vodVote,1782946323353,2026-07-01,Wed
avin_novor,38,overtimeOverdose (3),vodVote,1782946368435,2026-07-01,Wed
pika_gamy,66,Gauntlet vote: Mortal Kombat 11 [v:2],gauntlet,1782946378274,2026-07-01,Wed
dahhel,35,overtimeOverdose (4),vodVote,1782946422849,2026-07-01,Wed
zoskycube,1,Ending round with !v###,vodVote,1782946428516,2026-07-01,Wed
snoopys030,41,vote +3🔥,vodVote,1782946533042,2026-07-01,Wed
player0451,38,vote ,vodVote,1782946533574,2026-07-01,Wed
ikaliayev,73,vote +35🔥,vodVote,1782946540868,2026-07-01,Wed
silent_luc,38,vote ,vodVote,1782946596146,2026-07-01,Wed
dahhel,62,vote +24🔥,vodVote,1782946639030,2026-07-01,Wed
yurigiu,38,vote ,vodVote,1782946749964,2026-07-01,Wed
dahhel,33,Gauntlet vote: Rain World [v:1],gauntlet,1782946755108,2026-07-01,Wed
yurigiu,132,Gauntlet vote: Superliminal [v:4],gauntlet,1782946757364,2026-07-01,Wed
4gazmin4,38,vote ,vodVote,1782946887882,2026-07-01,Wed
pika_gamy,54,vote +16🔥,vodVote,1782946892783,2026-07-01,Wed
madagascaradam,38,vote ,vodVote,1782946904857,2026-07-01,Wed
dahhel,65,Phase 2: HDD,bootLoop,1782946907952,2026-07-01,Wed
snoopys030,65,Phase 2: HDD,bootLoop,1782946907958,2026-07-01,Wed
avin_novor,65,Phase 2: HDD,bootLoop,1782946907965,2026-07-01,Wed
ikaliayev,65,Phase 2: HDD,bootLoop,1782946907971,2026-07-01,Wed
shadowladyex,65,Phase 2: HDD,bootLoop,1782946907977,2026-07-01,Wed
yurigiu,65,Phase 2: HDD,bootLoop,1782946907995,2026-07-01,Wed
silent_luc,65,Phase 2: HDD,bootLoop,1782946907998,2026-07-01,Wed
pika_gamy,65,Phase 2: HDD,bootLoop,1782946908004,2026-07-01,Wed
madagascaradam,94,AI Art word: prickly,art,1782946917956,2026-07-01,Wed
shadowladyex,43,vote +5🔥,vodVote,1782946990731,2026-07-01,Wed
avin_novor,40,vote +2🔥,vodVote,1782947428956,2026-07-01,Wed
pika_gamy,44,overtimeOverdose (1),vodVote,1782947662989,2026-07-01,Wed
silent_luc,41,overtimeOverdose (2),vodVote,1782947681462,2026-07-01,Wed
shadowladyex,38,overtimeOverdose (3),vodVote,1782947698059,2026-07-01,Wed
ikaliayev,35,overtimeOverdose (4),vodVote,1782947722328,2026-07-01,Wed
ikaliayev,193,AI Art word: bankruptcy,art,1782947729206,2026-07-01,Wed
zoskycube,1,Ending round with !v###,vodVote,1782947876836,2026-07-01,Wed
avin_novor,41,vote +3🔥,vodVote,1782948017256,2026-07-01,Wed
snoopys030,42,vote +4🔥,vodVote,1782948064978,2026-07-01,Wed
silent_luc,39,vote +1🔥,vodVote,1782948073826,2026-07-01,Wed
silent_luc,132,Gauntlet vote: The Room [v:4],gauntlet,1782948101876,2026-07-01,Wed
ikaliayev,74,vote +36🔥,vodVote,1782948108966,2026-07-01,Wed
shadowladyex,45,Phase 1: RAM,bootLoop,1782948118523,2026-07-01,Wed
avin_novor,45,Phase 1: RAM,bootLoop,1782948118525,2026-07-01,Wed
silent_luc,45,Phase 1: RAM,bootLoop,1782948118529,2026-07-01,Wed
ikaliayev,45,Phase 1: RAM,bootLoop,1782948118531,2026-07-01,Wed
pika_gamy,45,Phase 1: RAM,bootLoop,1782948118534,2026-07-01,Wed
snoopys030,45,Phase 1: RAM,bootLoop,1782948118583,2026-07-01,Wed
4gazmin4,39,vote +1🔥,vodVote,1782948250057,2026-07-01,Wed
pika_gamy,55,vote +17🔥,vodVote,1782948386716,2026-07-01,Wed
alyssrentori,38,vote ,vodVote,1782948877609,2026-07-01,Wed
alyssrentori,132,Gauntlet vote: Two Point Campus [v:4],gauntlet,1782948891363,2026-07-01,Wed
alyssrentori,84,AI Art word: frozen,art,1782948898157,2026-07-01,Wed
ikaliayev,44,overtimeOverdose (1),vodVote,1782949038638,2026-07-01,Wed
madagascaradam,41,overtimeOverdose (2),vodVote,1782949053658,2026-07-01,Wed
madagascaradam,39,vote +1🔥,vodVote,1782949055864,2026-07-01,Wed
madagascaradam,99,Gauntlet vote: Crime Boss: Rockay City [v:3],gauntlet,1782949066423,2026-07-01,Wed
shadowladyex,44,vote +6🔥,vodVote,1782949123019,2026-07-01,Wed
shadowladyex,38,overtimeOverdose (3),vodVote,1782949125950,2026-07-01,Wed
silent_luc,35,overtimeOverdose (4),vodVote,1782949150007,2026-07-01,Wed
pika_gamy,32,overtimeOverdose (5),vodVote,1782949208678,2026-07-01,Wed
ikaliayev,176,AI Art word: kneaded,art,1782949244399,2026-07-01,Wed
zoskycube,1,Ending round with !v###,vodVote,1782949273154,2026-07-01,Wed
shadowladyex,45,vote +7🔥,vodVote,1782949425989,2026-07-01,Wed
madagascaradam,40,vote +2🔥,vodVote,1782949481373,2026-07-01,Wed
madagascaradam,189,AI Art word: jumpers,art,1782949494019,2026-07-01,Wed
snoopys030,43,vote +5🔥,vodVote,1782949502789,2026-07-01,Wed
silent_luc,45,Phase 1: CPU,bootLoop,1782949504375,2026-07-01,Wed
madagascaradam,45,Phase 1: CPU,bootLoop,1782949504386,2026-07-01,Wed
pika_gamy,45,Phase 1: CPU,bootLoop,1782949504400,2026-07-01,Wed
shadowladyex,45,Phase 1: CPU,bootLoop,1782949504407,2026-07-01,Wed
ikaliayev,45,Phase 1: CPU,bootLoop,1782949504411,2026-07-01,Wed
ikaliayev,75,vote +37🔥,vodVote,1782949507984,2026-07-01,Wed
avin_novor,42,vote +4🔥,vodVote,1782949706253,2026-07-01,Wed
4gazmin4,40,vote +2🔥,vodVote,1782949832505,2026-07-01,Wed
silent_luc,40,vote +2🔥,vodVote,1782949848904,2026-07-01,Wed
thanossoul,38,vote ,vodVote,1782949942526,2026-07-01,Wed
thanossoul,33,Gauntlet vote: Frostpunk [v:1],gauntlet,1782949949878,2026-07-01,Wed
pika_gamy,44,overtimeOverdose (1),vodVote,1782950067160,2026-07-01,Wed
pika_gamy,56,vote +18🔥,vodVote,1782950072174,2026-07-01,Wed
madagascaradam,41,overtimeOverdose (2),vodVote,1782950135786,2026-07-01,Wed
ikaliayev,38,overtimeOverdose (3),vodVote,1782950164666,2026-07-01,Wed
thanossoul,35,overtimeOverdose (4),vodVote,1782950260312,2026-07-01,Wed
thanossoul,84,AI Art word: water,art,1782950285196,2026-07-01,Wed
snoopys030,32,overtimeOverdose (5),vodVote,1782950371079,2026-07-01,Wed
zoskycube,1,Ending round with !v###,vodVote,1782950398854,2026-07-01,Wed
pika_gamy,57,vote +19🔥,vodVote,1782950518153,2026-07-02,Wed
ikaliayev,76,vote +38🔥,vodVote,1782950631739,2026-07-02,Wed
thanossoul,39,vote +1🔥,vodVote,1782950636551,2026-07-02,Wed
ikaliayev,219,AI Art word: mastiff,art,1782950698926,2026-07-02,Wed
shadowladyex,46,vote +8🔥,vodVote,1782950706654,2026-07-02,Wed
snoopys030,44,vote +6🔥,vodVote,1782950717921,2026-07-02,Wed
shadowladyex,132,Gauntlet vote: Horizon Zero Dawn™ Remastered [v:4],gauntlet,1782950737552,2026-07-02,Wed
pika_gamy,147,AI Art word: marshmallow,art,1782950771824,2026-07-02,Wed
4gazmin4,41,vote +3🔥,vodVote,1782950774357,2026-07-02,Wed
silent_luc,41,vote +3🔥,vodVote,1782950779400,2026-07-02,Wed
avin_novor,43,vote +5🔥,vodVote,1782950810996,2026-07-02,Wed
dahhel,38,vote ,vodVote,1782950907705,2026-07-02,Wed
snoopys030,45,Phase 1: GPU,bootLoop,1782950975079,2026-07-02,Wed
silent_luc,45,Phase 1: GPU,bootLoop,1782950975090,2026-07-02,Wed
ikaliayev,45,Phase 1: GPU,bootLoop,1782950975104,2026-07-02,Wed
avin_novor,45,Phase 1: GPU,bootLoop,1782950975108,2026-07-02,Wed
pika_gamy,45,Phase 1: GPU,bootLoop,1782950975122,2026-07-02,Wed
dahhel,45,Phase 1: GPU,bootLoop,1782950975202,2026-07-02,Wed
madagascaradam,41,vote +3🔥,vodVote,1782951074643,2026-07-02,Wed
pika_gamy,66,Gauntlet vote: Heavy Rain [v:2],gauntlet,1782951097829,2026-07-02,Wed
avin_novor,119,AI Art word: trickery,art,1782951245285,2026-07-02,Wed
shadowladyex,44,overtimeOverdose (1),vodVote,1782951384734,2026-07-02,Wed
4gazmin4,41,overtimeOverdose (2),vodVote,1782951435243,2026-07-02,Wed
pika_gamy,38,overtimeOverdose (3),vodVote,1782951444980,2026-07-02,Wed
dahhel,35,overtimeOverdose (4),vodVote,1782951456486,2026-07-02,Wed
dahhel,132,Gauntlet vote: Wolfenstein II: The New Colossus [v:4],gauntlet,1782951500659,2026-07-02,Wed
avin_novor,65,Phase 2: HDD,bootLoop,1782951550813,2026-07-02,Wed
dahhel,65,Phase 2: HDD,bootLoop,1782951550834,2026-07-02,Wed
shadowladyex,65,Phase 2: HDD,bootLoop,1782951550844,2026-07-02,Wed
pika_gamy,65,Phase 2: HDD,bootLoop,1782951550847,2026-07-02,Wed
ikaliayev,65,Phase 2: HDD,bootLoop,1782951550853,2026-07-02,Wed
ikaliayev,32,overtimeOverdose (5),vodVote,1782951590684,2026-07-02,Wed
snoopys030,29,overtimeOverdose (6),vodVote,1782951598365,2026-07-02,Wed
silent_luc,26,overtimeOverdose (7),vodVote,1782951685832,2026-07-02,Wed
zoskycube,1,Ending round with !v###,vodVote,1782951699507,2026-07-02,Wed
silent_luc,105,AI Art word: harem,art,1782951719937,2026-07-02,Wed
silent_luc,132,Gauntlet vote: Superliminal [v:4],gauntlet,1782951749422,2026-07-02,Wed
snoopys030,132,"Gauntlet vote: Warhammer 40,000: Rogue Trader [v:4]",gauntlet,1782951785393,2026-07-02,Wed
shadowladyex,99,Gauntlet vote: Banishers: Ghosts of New Eden [v:3],gauntlet,1782951826545,2026-07-02,Wed
shadowladyex,47,vote +9🔥,vodVote,1782951855278,2026-07-02,Wed
ikaliayev,77,vote +39🔥,vodVote,1782951861522,2026-07-02,Wed
dahhel,39,vote +1🔥,vodVote,1782951961899,2026-07-02,Wed
silent_luc,90,Phase 3: CPU,bootLoop,1782951991875,2026-07-02,Wed
ikaliayev,90,Phase 3: CPU,bootLoop,1782951991888,2026-07-02,Wed
shadowladyex,90,Phase 3: CPU,bootLoop,1782951991897,2026-07-02,Wed
snoopys030,90,Phase 3: CPU,bootLoop,1782951991903,2026-07-02,Wed
pika_gamy,90,Phase 3: CPU,bootLoop,1782951991905,2026-07-02,Wed
dahhel,90,Phase 3: CPU,bootLoop,1782951991908,2026-07-02,Wed
silent_luc,42,vote +4🔥,vodVote,1782952108323,2026-07-02,Wed
pika_gamy,58,vote +20🔥,vodVote,1782952111715,2026-07-02,Wed
4gazmin4,42,vote +4🔥,vodVote,1782952162041,2026-07-02,Wed
ikaliayev,252,AI Art word: rowlock,art,1782952318152,2026-07-02,Wed
snoopys030,45,vote +7🔥,vodVote,1782952502729,2026-07-02,Wed
pika_gamy,44,overtimeOverdose (1),vodVote,1782952739206,2026-07-02,Wed
shadowladyex,41,overtimeOverdose (2),vodVote,1782952744873,2026-07-02,Wed
dahhel,38,overtimeOverdose (3),vodVote,1782952832978,2026-07-02,Wed
ikaliayev,35,overtimeOverdose (4),vodVote,1782952872658,2026-07-02,Wed
silent_luc,32,overtimeOverdose (5),vodVote,1782952906176,2026-07-02,Wed
zoskycube,1,Ending round with !v###,vodVote,1782952953066,2026-07-02,Wed
pika_gamy,73,AI Art word: idiots,art,1782952998193,2026-07-02,Wed
pika_gamy,66,Gauntlet vote: Trine 4: The Nightmare Prince [v:2],gauntlet,1782953014597,2026-07-02,Wed
thanossoul,38,vote ,vodVote,1782953077381,2026-07-02,Wed
silent_luc,43,vote +5🔥,vodVote,1782953086715,2026-07-02,Wed
shadowladyex,48,vote +10🔥,vodVote,1782953093973,2026-07-02,Wed
thanossoul,33,Gauntlet vote: Nobody Wants to Die [v:1],gauntlet,1782953105362,2026-07-02,Wed
dahhel,40,vote +2🔥,vodVote,1782953109651,2026-07-02,Wed
ikaliayev,78,vote +40🔥,vodVote,1782953111495,2026-07-02,Wed
4gazmin4,43,vote +5🔥,vodVote,1782953120711,2026-07-02,Wed
pika_gamy,59,vote +21🔥,vodVote,1782953202965,2026-07-02,Wed
silent_luc,45,Phase 1: GPU,bootLoop,1782953245674,2026-07-02,Wed
shadowladyex,45,Phase 1: GPU,bootLoop,1782953245677,2026-07-02,Wed
pika_gamy,45,Phase 1: GPU,bootLoop,1782953245687,2026-07-02,Wed
ikaliayev,45,Phase 1: GPU,bootLoop,1782953245689,2026-07-02,Wed
thanossoul,45,Phase 1: GPU,bootLoop,1782953245692,2026-07-02,Wed
snoopys030,45,Phase 1: GPU,bootLoop,1782953245697,2026-07-02,Wed
dahhel,45,Phase 1: GPU,bootLoop,1782953245699,2026-07-02,Wed
thanossoul,49,AI Art word: barbarians,art,1782953267524,2026-07-02,Wed
snoopys030,46,vote +8🔥,vodVote,1782953387602,2026-07-02,Wed
ikaliayev,44,overtimeOverdose (1),vodVote,1782953653716,2026-07-02,Wed
dahhel,41,overtimeOverdose (2),vodVote,1782953716656,2026-07-02,Wed
ikaliayev,65,Phase 2: RAM,bootLoop,1782953742459,2026-07-02,Wed
dahhel,65,Phase 2: RAM,bootLoop,1782953742462,2026-07-02,Wed
shadowladyex,65,Phase 2: RAM,bootLoop,1782953742538,2026-07-02,Wed
silent_luc,65,Phase 2: RAM,bootLoop,1782953742566,2026-07-02,Wed
shadowladyex,38,overtimeOverdose (3),vodVote,1782953793216,2026-07-02,Wed
snoopys030,35,overtimeOverdose (4),vodVote,1782953820913,2026-07-02,Wed
shadowladyex,1000,Voucher: dailyDose,voucher,1782953841915,2026-07-02,Wed
4gazmin4,32,overtimeOverdose (5),vodVote,1782953896355,2026-07-02,Wed
louis_of_apshai,38,vote ,vodVote,1782953903009,2026-07-02,Wed
pika_gamy,29,overtimeOverdose (6),vodVote,1782953908412,2026-07-02,Wed
zoskycube,1,Ending round with !v###,vodVote,1782953928308,2026-07-02,Wed
louis_of_apshai,91,AI Art word: valuable,art,1782953929960,2026-07-02,Wed
ikaliayev,79,vote +41🔥,vodVote,1782954036577,2026-07-02,Wed
dahhel,41,vote +3🔥,vodVote,1782954050448,2026-07-02,Wed
shadowladyex,49,vote +11🔥,vodVote,1782954058740,2026-07-02,Wed
ikaliayev,252,AI Art word: chakras,art,1782954108205,2026-07-02,Wed
pika_gamy,60,vote +22🔥,vodVote,1782954174324,2026-07-02,Wed
pika_gamy,90,Phase 3: CPU,bootLoop,1782954210485,2026-07-02,Wed
snoopys030,90,Phase 3: CPU,bootLoop,1782954210502,2026-07-02,Wed
dahhel,90,Phase 3: CPU,bootLoop,1782954210513,2026-07-02,Wed
ikaliayev,90,Phase 3: CPU,bootLoop,1782954210517,2026-07-02,Wed
shadowladyex,90,Phase 3: CPU,bootLoop,1782954210521,2026-07-02,Wed
louis_of_apshai,90,Phase 3: CPU,bootLoop,1782954210528,2026-07-02,Wed
4gazmin4,44,vote +6🔥,vodVote,1782954252539,2026-07-02,Wed
silent_luc,44,vote +6🔥,vodVote,1782954257739,2026-07-02,Wed
player0451,63,AI Art word: napping,art,1782954473875,2026-07-02,Wed
player0451,38,vote ,vodVote,1782954477019,2026-07-02,Wed
slay_da_b,38,vote ,vodVote,1782954495145,2026-07-02,Wed
ikaliayev,132,Gauntlet vote: Roadwarden [v:4],gauntlet,1782954549384,2026-07-02,Wed
avin_novor,38,vote ,vodVote,1782954709313,2026-07-02,Wed
dahhel,44,overtimeOverdose (1),vodVote,1782955025539,2026-07-02,Wed
silent_luc,41,overtimeOverdose (2),vodVote,1782955085935,2026-07-02,Wed
ikaliayev,38,overtimeOverdose (3),vodVote,1782955116650,2026-07-02,Wed
4gazmin4,35,overtimeOverdose (4),vodVote,1782955125707,2026-07-02,Wed
shadowladyex,32,overtimeOverdose (5),vodVote,1782955175012,2026-07-02,Wed
lovegamesandthings00000,115,AI Art word: join,art,1782955229412,2026-07-02,Wed
lovegamesandthings00000,38,vote ,vodVote,1782955251423,2026-07-02,Wed
lovegamesandthings00000,33,Gauntlet vote: Gecko Gods [v:1],gauntlet,1782955258441,2026-07-02,Wed
thanossoul,29,overtimeOverdose (6),vodVote,1782955269059,2026-07-02,Wed
thanossoul,33,Gauntlet vote: Smoke and Sacrifice [v:1],gauntlet,1782955276969,2026-07-02,Wed
zoskycube,1,Ending round with !v###,vodVote,1782955330367,2026-07-02,Wed
ikaliayev,45,Phase 1: CPU,bootLoop,1782955427053,2026-07-02,Wed
silent_luc,45,Phase 1: CPU,bootLoop,1782955427061,2026-07-02,Wed
lovegamesandthings00000,45,Phase 1: CPU,bootLoop,1782955427065,2026-07-02,Wed
dahhel,45,Phase 1: CPU,bootLoop,1782955427073,2026-07-02,Wed
shadowladyex,45,Phase 1: CPU,bootLoop,1782955427079,2026-07-02,Wed
thanossoul,45,Phase 1: CPU,bootLoop,1782955427090,2026-07-02,Wed
4gazmin4,45,vote +7🔥,vodVote,1782955486287,2026-07-02,Wed
snoopys030,38,vote ,vodVote,1782955525702,2026-07-02,Wed
dahhel,42,vote +4🔥,vodVote,1782955536291,2026-07-02,Wed
slay_da_b,39,vote +1🔥,vodVote,1782955543233,2026-07-02,Wed
ikaliayev,80,vote +42🔥,vodVote,1782955561747,2026-07-02,Wed
ikaliayev,220,AI Art word: licking,art,1782955677324,2026-07-02,Wed
silent_luc,45,vote +7🔥,vodVote,1782955771465,2026-07-02,Wed
shadowladyex,50,vote +12🔥,vodVote,1782955780777,2026-07-02,Wed
silent_luc,132,Gauntlet vote: DOOM 3 [v:4],gauntlet,1782955920951,2026-07-02,Wed
slay_da_b,65,Phase 2: GPU,bootLoop,1782955965037,2026-07-02,Wed
silent_luc,65,Phase 2: GPU,bootLoop,1782955965051,2026-07-02,Wed
snoopys030,65,Phase 2: GPU,bootLoop,1782955965113,2026-07-02,Wed
ikaliayev,65,Phase 2: GPU,bootLoop,1782955965124,2026-07-02,Wed
shadowladyex,65,Phase 2: GPU,bootLoop,1782955965135,2026-07-02,Wed
dahhel,65,Phase 2: GPU,bootLoop,1782955965143,2026-07-02,Wed
silent_luc,136,AI Art word: wildcat,art,1782956010738,2026-07-02,Wed
avin_novor,39,vote +1🔥,vodVote,1782956215616,2026-07-02,Wed
avin_novor,84,AI Art word: gourmand,art,1782956255732,2026-07-02,Wed
snoopys030,90,Phase 3: RAM,bootLoop,1782956424996,2026-07-02,Wed
silent_luc,90,Phase 3: RAM,bootLoop,1782956425037,2026-07-02,Wed
dahhel,90,Phase 3: RAM,bootLoop,1782956425042,2026-07-02,Wed
shadowladyex,90,Phase 3: RAM,bootLoop,1782956425050,2026-07-02,Wed
avin_novor,90,Phase 3: RAM,bootLoop,1782956425052,2026-07-02,Wed
ikaliayev,90,Phase 3: RAM,bootLoop,1782956425071,2026-07-02,Wed
dahhel,44,overtimeOverdose (1),vodVote,1782956509498,2026-07-02,Wed
ikaliayev,41,overtimeOverdose (2),vodVote,1782956519375,2026-07-02,Wed
shadowladyex,38,overtimeOverdose (3),vodVote,1782956589382,2026-07-02,Wed
avin_novor,35,overtimeOverdose (4),vodVote,1782956621879,2026-07-02,Wed
silent_luc,32,overtimeOverdose (5),vodVote,1782956635925,2026-07-02,Wed
zoskycube,1,Ending round with !v###,vodVote,1782956668185,2026-07-02,Wed
dahhel,43,vote +5🔥,vodVote,1782956840092,2026-07-02,Wed
shadowladyex,51,vote +13🔥,vodVote,1782956894548,2026-07-02,Wed
ikaliayev,81,vote +43🔥,vodVote,1782956916483,2026-07-02,Wed
louis_of_apshai,38,vote ,vodVote,1782956938361,2026-07-02,Wed
louis_of_apshai,126,AI Art word: thankful,art,1782956954217,2026-07-02,Wed
thanossoul,38,vote ,vodVote,1782957030599,2026-07-02,Wed
silent_luc,46,vote +8🔥,vodVote,1782957065925,2026-07-02,Wed
thanossoul,33,Gauntlet vote: Batman: Arkham City GOTY [v:1],gauntlet,1782957066635,2026-07-02,Wed
ikaliayev,267,AI Art word: hotkeys,art,1782957469942,2026-07-02,Wed
thanossoul,157,AI Art word: halcyon,art,1782957478874,2026-07-02,Wed
shadowladyex,44,overtimeOverdose (1),vodVote,1782957546478,2026-07-02,Wed
4gazmin4,41,overtimeOverdose (2),vodVote,1782957582034,2026-07-02,Wed
thanossoul,38,overtimeOverdose (3),vodVote,1782957593960,2026-07-02,Wed
dahhel,35,overtimeOverdose (4),vodVote,1782957611789,2026-07-02,Wed
silent_luc,45,Phase 1: RAM,bootLoop,1782957623655,2026-07-02,Wed
dahhel,45,Phase 1: RAM,bootLoop,1782957623667,2026-07-02,Wed
thanossoul,45,Phase 1: RAM,bootLoop,1782957623673,2026-07-02,Wed
shadowladyex,45,Phase 1: RAM,bootLoop,1782957623688,2026-07-02,Wed
ikaliayev,45,Phase 1: RAM,bootLoop,1782957623694,2026-07-02,Wed
slay_da_b,45,Phase 1: RAM,bootLoop,1782957623700,2026-07-02,Wed
avin_novor,32,overtimeOverdose (5),vodVote,1782957789956,2026-07-02,Wed
avin_novor,92,AI Art word: overlord,art,1782957814411,2026-07-02,Wed
avin_novor,132,Gauntlet vote: Batman - The Telltale Series [v:4],gauntlet,1782957836819,2026-07-02,Wed
snoopys030,39,vote +1🔥,vodVote,1782957849005,2026-07-02,Wed
snoopys030,29,overtimeOverdose (6),vodVote,1782957853447,2026-07-02,Wed
zoskycube,1,Ending round with !v###,vodVote,1782957862271,2026-07-02,Wed
mori2323,38,vote ,vodVote,1782958067154,2026-07-02,Wed
mori2323,132,Gauntlet vote: Tomb Raider IV-VI Remastered [v:4],gauntlet,1782958114058,2026-07-02,Wed
snoopys030,40,vote +2🔥,vodVote,1782958149344,2026-07-02,Wed
dahhel,44,vote +6🔥,vodVote,1782958149707,2026-07-02,Wed
ikaliayev,82,vote +44🔥,vodVote,1782958164510,2026-07-02,Wed
shadowladyex,52,vote +14🔥,vodVote,1782958516411,2026-07-02,Wed
mori2323,44,overtimeOverdose (1),vodVote,1782958577499,2026-07-02,Wed
avin_novor,41,overtimeOverdose (2),vodVote,1782958593690,2026-07-02,Wed
ikaliayev,38,overtimeOverdose (3),vodVote,1782958595500,2026-07-02,Wed
avin_novor,38,vote ,vodVote,1782958600327,2026-07-02,Wed
dahhel,35,overtimeOverdose (4),vodVote,1782958683864,2026-07-02,Wed
snoopys030,32,overtimeOverdose (5),vodVote,1782958836983,2026-07-02,Wed
zoskycube,1,Ending round with !v###,vodVote,1782958857235,2026-07-02,Wed
mori2323,39,vote +1🔥,vodVote,1782958962342,2026-07-02,Wed
ikaliayev,83,vote +45🔥,vodVote,1782958973849,2026-07-02,Wed
shadowladyex,53,vote +15🔥,vodVote,1782958993304,2026-07-02,Wed
dahhel,45,vote +7🔥,vodVote,1782959001749,2026-07-02,Wed
ikaliayev,235,AI Art word: bowyers,art,1782959071524,2026-07-02,Wed
mori2323,45,Phase 1: CPU,bootLoop,1782959121030,2026-07-02,Wed
ikaliayev,45,Phase 1: CPU,bootLoop,1782959121051,2026-07-02,Wed
dahhel,45,Phase 1: CPU,bootLoop,1782959121063,2026-07-02,Wed
shadowladyex,45,Phase 1: CPU,bootLoop,1782959121069,2026-07-02,Wed
avin_novor,45,Phase 1: CPU,bootLoop,1782959121075,2026-07-02,Wed
snoopys030,45,Phase 1: CPU,bootLoop,1782959121082,2026-07-02,Wed
snoopys030,41,vote +3🔥,vodVote,1782959181962,2026-07-02,Wed
snoopys030,65,Phase 2: HDD,bootLoop,1782959541435,2026-07-02,Wed
dahhel,65,Phase 2: HDD,bootLoop,1782959541452,2026-07-02,Wed
ikaliayev,65,Phase 2: HDD,bootLoop,1782959541460,2026-07-02,Wed
mori2323,65,Phase 2: HDD,bootLoop,1782959541469,2026-07-02,Wed
avin_novor,39,vote +1🔥,vodVote,1782959715045,2026-07-02,Wed
dahhel,99,Gauntlet vote: Control Ultimate Edition [v:3],gauntlet,1782959755282,2026-07-02,Wed
mori2323,99,Gauntlet vote: Shuttle World [v:3],gauntlet,1782959819981,2026-07-02,Wed
snoopys030,44,overtimeOverdose (1),vodVote,1782959996673,2026-07-02,Wed
mori2323,41,overtimeOverdose (2),vodVote,1782960002819,2026-07-02,Wed
dahhel,38,overtimeOverdose (3),vodVote,1782960059415,2026-07-02,Wed
ikaliayev,35,overtimeOverdose (4),vodVote,1782960066475,2026-07-02,Wed
zoskycube,1,Ending round with !v###,vodVote,1782960295351,2026-07-02,Wed
alyssrentori,132,Gauntlet vote: Void Bastards [v:4],gauntlet,1782960378591,2026-07-02,Wed
alyssrentori,73,AI Art word: fate,art,1782960385369,2026-07-02,Wed
alyssrentori,38,vote ,vodVote,1782960397617,2026-07-02,Wed
shadowladyex,54,vote +16🔥,vodVote,1782960403680,2026-07-02,Wed
avin_novor,40,vote +2🔥,vodVote,1782960461684,2026-07-02,Wed
ikaliayev,84,vote +46🔥,vodVote,1782960468147,2026-07-02,Wed
mori2323,40,vote +2🔥,vodVote,1782960479437,2026-07-02,Wed
dahhel,46,vote +8🔥,vodVote,1782960501690,2026-07-02,Wed
snoopys030,42,vote +4🔥,vodVote,1782960518748,2026-07-02,Wed
ikaliayev,283,AI Art word: knocked,art,1782960667156,2026-07-02,Wed
avin_novor,45,Phase 1: RAM,bootLoop,1782960788727,2026-07-02,Wed
dahhel,45,Phase 1: RAM,bootLoop,1782960788739,2026-07-02,Wed
mori2323,45,Phase 1: RAM,bootLoop,1782960788749,2026-07-02,Wed
snoopys030,45,Phase 1: RAM,bootLoop,1782960788755,2026-07-02,Wed
shadowladyex,45,Phase 1: RAM,bootLoop,1782960788811,2026-07-02,Wed
ikaliayev,45,Phase 1: RAM,bootLoop,1782960788926,2026-07-02,Wed
player0451,33,Gauntlet vote: Fallout Shelter [v:1],gauntlet,1782960871789,2026-07-02,Wed
player0451,189,AI Art word: jumped,art,1782960901158,2026-07-02,Wed
dahhel,65,Phase 2: GPU,bootLoop,1782961320772,2026-07-02,Wed
ikaliayev,65,Phase 2: GPU,bootLoop,1782961320775,2026-07-02,Wed
shadowladyex,65,Phase 2: GPU,bootLoop,1782961320789,2026-07-02,Wed
mori2323,65,Phase 2: GPU,bootLoop,1782961320794,2026-07-02,Wed
snoopys030,65,Phase 2: GPU,bootLoop,1782961320848,2026-07-02,Wed
avin_novor,65,Phase 2: GPU,bootLoop,1782961320945,2026-07-02,Wed
snoopys030,44,overtimeOverdose (1),vodVote,1782961326168,2026-07-02,Wed
dahhel,41,overtimeOverdose (2),vodVote,1782961376693,2026-07-02,Wed
mori2323,38,overtimeOverdose (3),vodVote,1782961378206,2026-07-02,Wed
avin_novor,35,overtimeOverdose (4),vodVote,1782961390708,2026-07-02,Wed
ikaliayev,32,overtimeOverdose (5),vodVote,1782961408507,2026-07-02,Wed
zoskycube,1,Ending round with !v###,vodVote,1782961572130,2026-07-02,Wed
mori2323,41,vote +3🔥,vodVote,1782961679779,2026-07-02,Wed
ikaliayev,85,vote +47🔥,vodVote,1782961757477,2026-07-02,Wed
thanossoul,38,vote ,vodVote,1782961762389,2026-07-02,Wed
thanossoul,33,Gauntlet vote: Ni no Kuni Wrath of the White Witch Remastered [v:1],gauntlet,1782961789051,2026-07-02,Wed
shadowladyex,55,vote +17🔥,vodVote,1782961870098,2026-07-02,Wed
dahhel,90,Phase 3: HDD,bootLoop,1782961876790,2026-07-02,Wed
shadowladyex,90,Phase 3: HDD,bootLoop,1782961876800,2026-07-02,Wed
ikaliayev,90,Phase 3: HDD,bootLoop,1782961876802,2026-07-02,Wed
avin_novor,90,Phase 3: HDD,bootLoop,1782961876812,2026-07-02,Wed
thanossoul,90,Phase 3: HDD,bootLoop,1782961876817,2026-07-02,Wed
mori2323,90,Phase 3: HDD,bootLoop,1782961876824,2026-07-02,Wed
snoopys030,90,Phase 3: HDD,bootLoop,1782961876827,2026-07-02,Wed
dahhel,47,vote +9🔥,vodVote,1782961904028,2026-07-02,Wed
avin_novor,41,vote +3🔥,vodVote,1782962035152,2026-07-02,Wed
snoopys030,43,vote +5🔥,vodVote,1782962124415,2026-07-02,Wed
ikaliayev,283,AI Art word: mickeys,art,1782962159157,2026-07-02,Wed
ikaliayev,44,overtimeOverdose (1),vodVote,1782962617173,2026-07-02,Wed
dahhel,41,overtimeOverdose (2),vodVote,1782962644561,2026-07-02,Wed
snoopys030,38,overtimeOverdose (3),vodVote,1782962690412,2026-07-02,Wed
avin_novor,35,overtimeOverdose (4),vodVote,1782962731173,2026-07-02,Wed
shadowladyex,32,overtimeOverdose (5),vodVote,1782962888318,2026-07-02,Wed
zoskycube,1,Ending round with !v###,vodVote,1782962901913,2026-07-02,Wed
lovegamesandthings00000,63,AI Art word: drool,art,1782962923517,2026-07-02,Wed
lovegamesandthings00000,33,Gauntlet vote: etrange overlord [v:1],gauntlet,1782962946870,2026-07-02,Wed
lovegamesandthings00000,38,vote ,vodVote,1782963004002,2026-07-02,Wed
mori2323,42,vote +4🔥,vodVote,1782963091739,2026-07-02,Wed
dahhel,48,vote +10🔥,vodVote,1782963131855,2026-07-02,Wed
dahhel,45,Phase 1: RAM,bootLoop,1782963137369,2026-07-02,Wed
avin_novor,45,Phase 1: RAM,bootLoop,1782963137376,2026-07-02,Wed
lovegamesandthings00000,45,Phase 1: RAM,bootLoop,1782963137382,2026-07-02,Wed
shadowladyex,45,Phase 1: RAM,bootLoop,1782963137400,2026-07-02,Wed
snoopys030,45,Phase 1: RAM,bootLoop,1782963137411,2026-07-02,Wed
ikaliayev,45,Phase 1: RAM,bootLoop,1782963137446,2026-07-02,Wed
ikaliayev,86,vote +48🔥,vodVote,1782963162198,2026-07-02,Wed
snoopys030,44,vote +6🔥,vodVote,1782963374217,2026-07-02,Wed
avin_novor,42,vote +4🔥,vodVote,1782963390599,2026-07-02,Wed
shadowladyex,56,vote +18🔥,vodVote,1782963414098,2026-07-02,Wed
shadowladyex,99,Gauntlet vote: FAR: Lone Sails [v:3],gauntlet,1782963466317,2026-07-02,Wed
ikaliayev,65,Phase 2: GPU,bootLoop,1782963722446,2026-07-02,Wed
mori2323,65,Phase 2: GPU,bootLoop,1782963722456,2026-07-02,Wed
avin_novor,65,Phase 2: GPU,bootLoop,1782963722464,2026-07-02,Wed
shadowladyex,65,Phase 2: GPU,bootLoop,1782963722466,2026-07-02,Wed
snoopys030,65,Phase 2: GPU,bootLoop,1782963722468,2026-07-02,Wed
dahhel,65,Phase 2: GPU,bootLoop,1782963722481,2026-07-02,Wed
xiaoxiao9313,38,vote ,vodVote,1782964073585,2026-07-02,Wed
xiaoxiao9313,33,Gauntlet vote: The Wild Eight [v:1],gauntlet,1782964086862,2026-07-02,Wed
xiaoxiao9313,1000,Voucher: dailyDose,voucher,1782964099776,2026-07-02,Wed
xiaoxiao9313,44,overtimeOverdose (1),vodVote,1782964105685,2026-07-02,Wed
shadowladyex,41,overtimeOverdose (2),vodVote,1782964108402,2026-07-02,Wed
mori2323,38,overtimeOverdose (3),vodVote,1782964112904,2026-07-02,Wed
dahhel,35,overtimeOverdose (4),vodVote,1782964120208,2026-07-02,Wed
ikaliayev,32,overtimeOverdose (5),vodVote,1782964131043,2026-07-02,Wed
ikaliayev,90,Phase 3: HDD,bootLoop,1782964167410,2026-07-02,Wed
avin_novor,90,Phase 3: HDD,bootLoop,1782964167414,2026-07-02,Wed
shadowladyex,90,Phase 3: HDD,bootLoop,1782964167427,2026-07-02,Wed
dahhel,90,Phase 3: HDD,bootLoop,1782964167434,2026-07-02,Wed
xiaoxiao9313,90,Phase 3: HDD,bootLoop,1782964167437,2026-07-02,Wed
madagascaradam,29,overtimeOverdose (6),vodVote,1782964169755,2026-07-02,Wed
madagascaradam,38,vote ,vodVote,1782964176902,2026-07-02,Wed
madagascaradam,132,Gauntlet vote: Scorn [v:4],gauntlet,1782964188449,2026-07-02,Wed
snoopys030,26,overtimeOverdose (7),vodVote,1782964249293,2026-07-02,Wed
ikaliayev,132,Gauntlet vote: Dice With Death [v:4],gauntlet,1782964292845,2026-07-02,Wed
zoskycube,1,Ending round with !v###,vodVote,1782964322353,2026-07-02,Wed
shadowladyex,57,vote +19🔥,vodVote,1782964429506,2026-07-02,Wed
ikaliayev,87,vote +49🔥,vodVote,1782964432805,2026-07-02,Wed
dahhel,49,vote +11🔥,vodVote,1782964453852,2026-07-02,Wed
snoopys030,45,vote +7🔥,vodVote,1782964529284,2026-07-02,Wed
avin_novor,43,vote +5🔥,vodVote,1782964722698,2026-07-02,Wed
avin_novor,105,AI Art word: bunkered,art,1782964791827,2026-07-02,Wed
mori2323,43,vote +5🔥,vodVote,1782964890706,2026-07-02,Thu
darkranx,38,vote ,vodVote,1782964939119,2026-07-02,Thu
darkranx,132,Gauntlet vote: Godfall [v:4],gauntlet,1782964978793,2026-07-02,Thu
darkranx,31,AI Art word: unique,art,1782965019811,2026-07-02,Thu
darkranx,45,Phase 1: RAM,bootLoop,1782965306069,2026-07-02,Thu
dahhel,45,Phase 1: RAM,bootLoop,1782965306076,2026-07-02,Thu
mori2323,45,Phase 1: RAM,bootLoop,1782965306080,2026-07-02,Thu
avin_novor,45,Phase 1: RAM,bootLoop,1782965306084,2026-07-02,Thu
ikaliayev,45,Phase 1: RAM,bootLoop,1782965306091,2026-07-02,Thu
mori2323,44,overtimeOverdose (1),vodVote,1782965323036,2026-07-02,Thu
ikaliayev,41,overtimeOverdose (2),vodVote,1782965365350,2026-07-02,Thu
avin_novor,38,overtimeOverdose (3),vodVote,1782965366546,2026-07-02,Thu
dahhel,35,overtimeOverdose (4),vodVote,1782965398801,2026-07-02,Thu
alfims,38,vote ,vodVote,1782965579777,2026-07-02,Thu
alfims,32,overtimeOverdose (5),vodVote,1782965581442,2026-07-02,Thu
alfims,132,Gauntlet vote: Drawful 2 [v:4],gauntlet,1782965595543,2026-07-02,Thu
ikaliayev,132,Gauntlet vote: Verne: The Shape of Fantasy [v:4],gauntlet,1782965615313,2026-07-02,Thu
zoskycube,1,Ending round with !v###,vodVote,1782965630739,2026-07-02,Thu
avin_novor,361,636468+361 winning @ vodVote,vodVote,1782965631019,2026-07-02,Thu
alfims,39,vote +1🔥,vodVote,1782965739811,2026-07-02,Thu
mori2323,44,vote +6🔥,vodVote,1782965754712,2026-07-02,Thu
darkranx,39,vote +1🔥,vodVote,1782965766554,2026-07-02,Thu
shadowladyex,58,vote +20🔥,vodVote,1782965830494,2026-07-02,Thu
ikaliayev,88,vote +50🔥,vodVote,1782965880944,2026-07-02,Thu
snoopys030,46,vote +8🔥,vodVote,1782965920515,2026-07-02,Thu
dahhel,50,vote +12🔥,vodVote,1782965961771,2026-07-02,Thu
alfims,65,Phase 2: GPU,bootLoop,1782965969947,2026-07-02,Thu
darkranx,65,Phase 2: GPU,bootLoop,1782965969950,2026-07-02,Thu
snoopys030,65,Phase 2: GPU,bootLoop,1782965969953,2026-07-02,Thu
ikaliayev,65,Phase 2: GPU,bootLoop,1782965969957,2026-07-02,Thu
shadowladyex,65,Phase 2: GPU,bootLoop,1782965969962,2026-07-02,Thu
mori2323,65,Phase 2: GPU,bootLoop,1782965969972,2026-07-02,Thu
dahhel,65,Phase 2: GPU,bootLoop,1782965969976,2026-07-02,Thu
alburldador,38,vote ,vodVote,1782966016097,2026-07-02,Thu
alburldador,132,Gauntlet vote: Alan Wake's American Nightmare [v:4],gauntlet,1782966061058,2026-07-02,Thu
llucholba,36,AI Art word: kilometer,art,1782966351019,2026-07-02,Thu
llucholba,38,vote ,vodVote,1782966367676,2026-07-02,Thu
llucholba,132,Gauntlet vote: Moonlighter [v:4],gauntlet,1782966391623,2026-07-02,Thu
avin_novor,44,vote +6🔥,vodVote,1782966434566,2026-07-02,Thu
avin_novor,80,AI Art word: kiddy,art,1782966469801,2026-07-02,Thu
avin_novor,99,Gauntlet vote: Roboquest [v:3],gauntlet,1782966499617,2026-07-02,Thu
ikaliayev,44,overtimeOverdose (1),vodVote,1782966682773,2026-07-02,Thu
alburldador,90,Phase 3: HDD,bootLoop,1782966695012,2026-07-02,Thu
ikaliayev,90,Phase 3: HDD,bootLoop,1782966695023,2026-07-02,Thu
avin_novor,90,Phase 3: HDD,bootLoop,1782966695038,2026-07-02,Thu
shadowladyex,90,Phase 3: HDD,bootLoop,1782966695044,2026-07-02,Thu
darkranx,90,Phase 3: HDD,bootLoop,1782966695050,2026-07-02,Thu
alfims,90,Phase 3: HDD,bootLoop,1782966695057,2026-07-02,Thu
dahhel,90,Phase 3: HDD,bootLoop,1782966695062,2026-07-02,Thu
mori2323,90,Phase 3: HDD,bootLoop,1782966695068,2026-07-02,Thu
llucholba,90,Phase 3: HDD,bootLoop,1782966695072,2026-07-02,Thu
alburldador,41,overtimeOverdose (2),vodVote,1782966718702,2026-07-02,Thu
lovegamesandthings00000,136,AI Art word: jester,art,1782966725956,2026-07-02,Thu
lovegamesandthings00000,38,vote ,vodVote,1782966735333,2026-07-02,Thu
lovegamesandthings00000,33,Gauntlet vote: Metal Unit [v:1],gauntlet,1782966743498,2026-07-02,Thu
dahhel,38,overtimeOverdose (3),vodVote,1782966768146,2026-07-02,Thu
snoopys030,35,overtimeOverdose (4),vodVote,1782966789560,2026-07-02,Thu
avin_novor,32,overtimeOverdose (5),vodVote,1782966791127,2026-07-02,Thu
shadowladyex,29,overtimeOverdose (6),vodVote,1782966843974,2026-07-02,Thu
zoskycube,1,Ending round with !v###,vodVote,1782966865475,2026-07-02,Thu
madagascaradam,3495,Referral bonus (6 referrals),referral,1782966872234,2026-07-02,Thu
shadowladyex,59,vote +21🔥,vodVote,1782966982640,2026-07-02,Thu
mori2323,45,vote +7🔥,vodVote,1782967039467,2026-07-02,Thu
ikaliayev,89,vote +51🔥,vodVote,1782967057658,2026-07-02,Thu
alfims,40,vote +2🔥,vodVote,1782967071822,2026-07-02,Thu
mori2323,1000,Voucher: dailyDose,voucher,1782967078572,2026-07-02,Thu
alburldador,39,vote +1🔥,vodVote,1782967088398,2026-07-02,Thu
snoopys030,47,vote +9🔥,vodVote,1782967101787,2026-07-02,Thu
dahhel,51,vote +13🔥,vodVote,1782967151044,2026-07-02,Thu
mori2323,126,AI Art word: leaky,art,1782967171515,2026-07-02,Thu
lovegamesandthings00000,120,Phase 4: CPU,bootLoop,1782967218014,2026-07-02,Thu
ikaliayev,120,Phase 4: CPU,bootLoop,1782967218024,2026-07-02,Thu
dahhel,120,Phase 4: CPU,bootLoop,1782967218039,2026-07-02,Thu
avin_novor,120,Phase 4: CPU,bootLoop,1782967218064,2026-07-02,Thu
shadowladyex,120,Phase 4: CPU,bootLoop,1782967218078,2026-07-02,Thu
mori2323,120,Phase 4: CPU,bootLoop,1782967218081,2026-07-02,Thu
snoopys030,120,Phase 4: CPU,bootLoop,1782967218086,2026-07-02,Thu
alfims,120,Phase 4: CPU,bootLoop,1782967218088,2026-07-02,Thu
alburldador,120,Phase 4: CPU,bootLoop,1782967218091,2026-07-02,Thu
mori2323,166,proStar bonus: all 4 phases,bootLoop,1782967218696,2026-07-02,Thu
ikaliayev,166,proStar bonus: all 4 phases,bootLoop,1782967218705,2026-07-02,Thu
dahhel,166,proStar bonus: all 4 phases,bootLoop,1782967218712,2026-07-02,Thu
ikaliayev,132,Gauntlet vote: Metal: Hellsinger [v:4],gauntlet,1782967525802,2026-07-02,Thu
madagascaradam,38,vote ,vodVote,1782967656081,2026-07-02,Thu
madagascaradam,147,AI Art word: grackle,art,1782967673343,2026-07-02,Thu
snoopys030,132,Gauntlet vote: Teslagrad Remastered [v:4],gauntlet,1782967724673,2026-07-02,Thu
darkranx,44,overtimeOverdose (1),vodVote,1782967880165,2026-07-02,Thu
alburldador,41,overtimeOverdose (2),vodVote,1782967904316,2026-07-02,Thu
ikaliayev,38,overtimeOverdose (3),vodVote,1782967950244,2026-07-02,Thu
dahhel,38,overtimeOverdose (3),vodVote,1782967950554,2026-07-02,Thu
mori2323,32,overtimeOverdose (5),vodVote,1782967998804,2026-07-02,Thu
calypso_ba,29,overtimeOverdose (6),vodVote,1782968072478,2026-07-02,Thu
darkranx,132,"Gauntlet vote: Cook, Serve, Delicious! 3?! [v:4]",gauntlet,1782968072913,2026-07-02,Thu
snoopys030,26,overtimeOverdose (7),vodVote,1782968083563,2026-07-02,Thu
zoskycube,1,Ending round with !v###,vodVote,1782968084725,2026-07-02,Thu
ikaliayev,45,Phase 1: RAM,bootLoop,1782968184579,2026-07-02,Thu
shadowladyex,45,Phase 1: RAM,bootLoop,1782968184601,2026-07-02,Thu
darkranx,45,Phase 1: RAM,bootLoop,1782968184606,2026-07-02,Thu
dahhel,45,Phase 1: RAM,bootLoop,1782968184612,2026-07-02,Thu
madagascaradam,45,Phase 1: RAM,bootLoop,1782968184627,2026-07-02,Thu
alburldador,45,Phase 1: RAM,bootLoop,1782968184631,2026-07-02,Thu
mori2323,45,Phase 1: RAM,bootLoop,1782968184634,2026-07-02,Thu
snoopys030,45,Phase 1: RAM,bootLoop,1782968184637,2026-07-02,Thu
ikaliayev,90,vote +52🔥,vodVote,1782968199357,2026-07-02,Thu
aspio9,38,vote ,vodVote,1782968216404,2026-07-02,Thu
dahhel,52,vote +14🔥,vodVote,1782968236769,2026-07-02,Thu
aspio9,33,Gauntlet vote: Crime Boss: Rockay City [v:1],gauntlet,1782968244943,2026-07-02,Thu
mori2323,46,vote +8🔥,vodVote,1782968276652,2026-07-02,Thu
alburldador,40,vote +2🔥,vodVote,1782968276992,2026-07-02,Thu
dahhel,33,Gauntlet vote: Detroit: Become Human [v:1],gauntlet,1782968331669,2026-07-02,Thu
shadowladyex,60,vote +22🔥,vodVote,1782968348949,2026-07-02,Thu
aspio9,84,AI Art word: talk,art,1782968406382,2026-07-02,Thu
darkranx,70,AI Art word: transistor,art,1782968472480,2026-07-02,Thu
mori2323,161,AI Art word: desktop,art,1782968670116,2026-07-02,Thu
snoopys030,48,vote +10🔥,vodVote,1782968671441,2026-07-02,Thu
darkranx,38,vote ,vodVote,1782968676188,2026-07-02,Thu
alfims,41,vote +3🔥,vodVote,1782968745318,2026-07-02,Thu
ikaliayev,65,Phase 2: GPU,bootLoop,1782968834716,2026-07-02,Thu
mori2323,65,Phase 2: GPU,bootLoop,1782968834724,2026-07-02,Thu
darkranx,65,Phase 2: GPU,bootLoop,1782968834740,2026-07-02,Thu
snoopys030,65,Phase 2: GPU,bootLoop,1782968834750,2026-07-02,Thu
alburldador,65,Phase 2: GPU,bootLoop,1782968834753,2026-07-02,Thu
dahhel,65,Phase 2: GPU,bootLoop,1782968834770,2026-07-02,Thu
alfims,65,Phase 2: GPU,bootLoop,1782968834814,2026-07-02,Thu
shadowladyex,65,Phase 2: GPU,bootLoop,1782968834970,2026-07-02,Thu
madagascaradam,39,vote +1🔥,vodVote,1782969096430,2026-07-02,Thu
darkranx,44,overtimeOverdose (1),vodVote,1782969152228,2026-07-02,Thu
snoopys030,41,overtimeOverdose (2),vodVote,1782969172193,2026-07-02,Thu
ikaliayev,38,overtimeOverdose (3),vodVote,1782969239238,2026-07-02,Thu
mori2323,35,overtimeOverdose (4),vodVote,1782969261801,2026-07-02,Thu
ragnar175,32,overtimeOverdose (5),vodVote,1782969283433,2026-07-02,Thu
ragnar175,38,vote ,vodVote,1782969291961,2026-07-02,Thu
alburldador,29,overtimeOverdose (6),vodVote,1782969300898,2026-07-02,Thu
ragnar175,63,AI Art word: observer,art,1782969321992,2026-07-02,Thu
ragnar175,132,Gauntlet vote: Alone in the Dark Prologue [v:4],gauntlet,1782969331365,2026-07-02,Thu
zoskycube,1,Ending round with !v###,vodVote,1782969350745,2026-07-02,Thu
mori2323,47,vote +9🔥,vodVote,1782969491646,2026-07-02,Thu
ikaliayev,91,vote +53🔥,vodVote,1782969550603,2026-07-02,Thu
shadowladyex,61,vote +23🔥,vodVote,1782969559739,2026-07-02,Thu
alburldador,41,vote +3🔥,vodVote,1782969576475,2026-07-02,Thu
dahhel,53,vote +15🔥,vodVote,1782969585780,2026-07-02,Thu
madagascaradam,40,vote +2🔥,vodVote,1782969669429,2026-07-02,Thu
madagascaradam,66,Gauntlet vote: Cobra Kai: The Karate Kid Saga Continues [v:2],gauntlet,1782969684154,2026-07-02,Thu
johnnymnemonics,38,vote ,vodVote,1782969757839,2026-07-02,Thu
johnnymnemonics,132,Gauntlet vote: As Dusk Falls [v:4],gauntlet,1782969767644,2026-07-02,Thu
puphik,38,vote ,vodVote,1782969769032,2026-07-02,Thu
puphik,33,Gauntlet vote: BIOMUTANT [v:1],gauntlet,1782969784523,2026-07-02,Thu
johnnymnemonics,105,AI Art word: palace,art,1782969795784,2026-07-02,Thu
alfims,42,vote +4🔥,vodVote,1782969890024,2026-07-02,Thu
pika_gamy,38,vote ,vodVote,1782969901401,2026-07-02,Thu
mori2323,176,AI Art word: stacked,art,1782970036579,2026-07-02,Thu
xiaoxiao9313,38,vote ,vodVote,1782970037379,2026-07-02,Thu
xiaoxiao9313,33,Gauntlet vote: NieR:Automata [v:1],gauntlet,1782970040964,2026-07-02,Thu
darkranx,132,Gauntlet vote: Banishers: Ghosts of New Eden [v:4],gauntlet,1782970074396,2026-07-02,Thu
ragnar175,39,vote +1🔥,vodVote,1782970144006,2026-07-02,Thu
ragnar175,44,overtimeOverdose (1),vodVote,1782970149681,2026-07-02,Thu
mori2323,41,overtimeOverdose (2),vodVote,1782970152946,2026-07-02,Thu
alburldador,38,overtimeOverdose (3),vodVote,1782970159956,2026-07-02,Thu
darkranx,35,overtimeOverdose (4),vodVote,1782970164479,2026-07-02,Thu
ragnar175,132,Gauntlet vote: The Chant [v:4],gauntlet,1782970185982,2026-07-02,Thu
dahhel,32,overtimeOverdose (5),vodVote,1782970221568,2026-07-02,Thu
ikaliayev,29,overtimeOverdose (6),vodVote,1782970231089,2026-07-02,Thu
darkranx,77,AI Art word: instruct,art,1782970239808,2026-07-02,Thu
snoopys030,49,vote +11🔥,vodVote,1782970240874,2026-07-02,Thu
snoopys030,26,overtimeOverdose (7),vodVote,1782970248419,2026-07-02,Thu
zoskycube,1,Ending round with !v###,vodVote,1782970350367,2026-07-02,Thu
shadowladyex,45,Phase 1: HDD,bootLoop,1782970389177,2026-07-02,Thu
mori2323,45,Phase 1: HDD,bootLoop,1782970389189,2026-07-02,Thu
darkranx,45,Phase 1: HDD,bootLoop,1782970389197,2026-07-02,Thu
alburldador,45,Phase 1: HDD,bootLoop,1782970389203,2026-07-02,Thu
ragnar175,45,Phase 1: HDD,bootLoop,1782970389210,2026-07-02,Thu
ikaliayev,45,Phase 1: HDD,bootLoop,1782970389216,2026-07-02,Thu
puphik,45,Phase 1: HDD,bootLoop,1782970389221,2026-07-02,Thu
alfims,45,Phase 1: HDD,bootLoop,1782970389227,2026-07-02,Thu
xiaoxiao9313,45,Phase 1: HDD,bootLoop,1782970389233,2026-07-02,Thu
pika_gamy,45,Phase 1: HDD,bootLoop,1782970389243,2026-07-02,Thu
snoopys030,45,Phase 1: HDD,bootLoop,1782970389246,2026-07-02,Thu
dahhel,45,Phase 1: HDD,bootLoop,1782970389252,2026-07-02,Thu
madagascaradam,45,Phase 1: HDD,bootLoop,1782970389277,2026-07-02,Thu
pika_gamy,39,vote +1🔥,vodVote,1782970460724,2026-07-02,Thu
ikaliayev,92,vote +54🔥,vodVote,1782970472379,2026-07-02,Thu
alburldador,42,vote +4🔥,vodVote,1782970560967,2026-07-02,Thu
dahhel,54,vote +16🔥,vodVote,1782970573314,2026-07-02,Thu
llucholba,38,vote ,vodVote,1782970596869,2026-07-02,Thu
llucholba,132,Gauntlet vote: The Jackbox Megapicker [v:4],gauntlet,1782970603993,2026-07-02,Thu
ragnar175,40,vote +2🔥,vodVote,1782970607873,2026-07-02,Thu
llucholba,84,AI Art word: danger,art,1782970608898,2026-07-02,Thu
shadowladyex,62,vote +24🔥,vodVote,1782970609282,2026-07-02,Thu
llucholba,1000,Voucher: dailyDose,voucher,1782970622413,2026-07-02,Thu
darkranx,38,vote ,vodVote,1782970632784,2026-07-02,Thu
mori2323,48,vote +10🔥,vodVote,1782970882448,2026-07-02,Thu
xiaoxiao9313,39,vote +1🔥,vodVote,1782970896866,2026-07-02,Thu
xiaoxiao9313,33,Gauntlet vote: Nevermind [v:1],gauntlet,1782970905498,2026-07-02,Thu
snoopys030,50,vote +12🔥,vodVote,1782970936503,2026-07-02,Thu
ragnar175,132,Gauntlet vote: Bloons TD 6 [v:4],gauntlet,1782970971274,2026-07-02,Thu
ragnar175,103,AI Art word: operate,art,1782971005899,2026-07-02,Thu
darkranx,44,overtimeOverdose (1),vodVote,1782971009986,2026-07-02,Thu
ragnar175,41,overtimeOverdose (2),vodVote,1782971014929,2026-07-02,Thu
alburldador,38,overtimeOverdose (3),vodVote,1782971027144,2026-07-02,Thu
dahhel,35,overtimeOverdose (4),vodVote,1782971031349,2026-07-02,Thu
ikaliayev,32,overtimeOverdose (5),vodVote,1782971037945,2026-07-02,Thu
mori2323,29,overtimeOverdose (6),vodVote,1782971053763,2026-07-02,Thu
zoskycube,1,Ending round with !v###,vodVote,1782971172601,2026-07-02,Thu
ikaliayev,65,Phase 2: RAM,bootLoop,1782971200217,2026-07-02,Thu
darkranx,65,Phase 2: RAM,bootLoop,1782971200224,2026-07-02,Thu
dahhel,65,Phase 2: RAM,bootLoop,1782971200228,2026-07-02,Thu
alburldador,65,Phase 2: RAM,bootLoop,1782971200235,2026-07-02,Thu
llucholba,65,Phase 2: RAM,bootLoop,1782971200240,2026-07-02,Thu
shadowladyex,65,Phase 2: RAM,bootLoop,1782971200244,2026-07-02,Thu
ragnar175,65,Phase 2: RAM,bootLoop,1782971200252,2026-07-02,Thu
pika_gamy,65,Phase 2: RAM,bootLoop,1782971200254,2026-07-02,Thu
snoopys030,65,Phase 2: RAM,bootLoop,1782971200259,2026-07-02,Thu
xiaoxiao9313,65,Phase 2: RAM,bootLoop,1782971200272,2026-07-02,Thu
dahhel,55,vote +17🔥,vodVote,1782971278478,2026-07-02,Thu
mori2323,49,vote +11🔥,vodVote,1782971341003,2026-07-02,Thu
shadowladyex,63,vote +25🔥,vodVote,1782971379539,2026-07-02,Thu
pika_gamy,40,vote +2🔥,vodVote,1782971397866,2026-07-02,Thu
ikaliayev,93,vote +55🔥,vodVote,1782971423986,2026-07-02,Thu
alburldador,43,vote +5🔥,vodVote,1782971451401,2026-07-02,Thu
mori2323,218,AI Art word: catwalk,art,1782971485709,2026-07-02,Thu
ivanpetrov32,77,AI Art word: celestial,art,1782971505723,2026-07-02,Thu
ivanpetrov32,132,Gauntlet vote: Divinum Demo [v:4],gauntlet,1782971519162,2026-07-02,Thu
ragnar175,41,vote +3🔥,vodVote,1782971615354,2026-07-02,Thu
ragnar175,132,Gauntlet vote: Dead Island Riptide Definitive Edition [v:4],gauntlet,1782971626914,2026-07-02,Thu
alburldador,44,overtimeOverdose (1),vodVote,1782971874624,2026-07-02,Thu
darkranx,41,overtimeOverdose (2),vodVote,1782971880418,2026-07-02,Thu
ivanpetrov32,38,vote ,vodVote,1782971908720,2026-07-02,Thu
ikaliayev,38,overtimeOverdose (3),vodVote,1782971913765,2026-07-02,Thu
mori2323,35,overtimeOverdose (4),vodVote,1782971927733,2026-07-02,Thu
shadowladyex,32,overtimeOverdose (5),vodVote,1782972000485,2026-07-02,Thu
xiaoxiao9313,32,overtimeOverdose (5),vodVote,1782972000822,2026-07-02,Thu
xiaoxiao9313,40,vote +2🔥,vodVote,1782972010828,2026-07-02,Thu
xiaoxiao9313,33,Gauntlet vote: Dungeons [v:1],gauntlet,1782972019974,2026-07-02,Thu
zoskycube,1,Ending round with !v###,vodVote,1782972201353,2026-07-02,Thu
alburldador,1000,Voucher: dailyDose,voucher,1782972284396,2026-07-02,Thu
pika_gamy,41,vote +3🔥,vodVote,1782972319897,2026-07-02,Thu
ragnar175,42,vote +4🔥,vodVote,1782972336519,2026-07-02,Thu
alburldador,44,vote +6🔥,vodVote,1782972351782,2026-07-02,Thu
ragnar175,213,AI Art word: jobber,art,1782972364060,2026-07-02,Thu
pika_gamy,157,AI Art word: jingles,art,1782972371097,2026-07-02,Thu
shadowladyex,64,vote +26🔥,vodVote,1782972375658,2026-07-02,Thu
aspio9,38,vote ,vodVote,1782972376192,2026-07-02,Thu
alfims,38,vote ,vodVote,1782972394223,2026-07-02,Thu
alfims,132,Gauntlet vote: Terror of Hemasaurus [v:4],gauntlet,1782972399102,2026-07-02,Thu
shadowladyex,45,Phase 1: RAM,bootLoop,1782972468783,2026-07-02,Thu
pika_gamy,45,Phase 1: RAM,bootLoop,1782972468801,2026-07-02,Thu
xiaoxiao9313,45,Phase 1: RAM,bootLoop,1782972468808,2026-07-02,Thu
ragnar175,45,Phase 1: RAM,bootLoop,1782972468811,2026-07-02,Thu
snoopys030,45,Phase 1: RAM,bootLoop,1782972468821,2026-07-02,Thu
ikaliayev,45,Phase 1: RAM,bootLoop,1782972468824,2026-07-02,Thu
alburldador,45,Phase 1: RAM,bootLoop,1782972468832,2026-07-02,Thu
ikaliayev,94,vote +56🔥,vodVote,1782972501042,2026-07-02,Thu
xiaoxiao9313,41,vote +3🔥,vodVote,1782972548853,2026-07-02,Thu
snoopys030,38,vote ,vodVote,1782972598421,2026-07-02,Thu
mori2323,235,AI Art word: knobbed,art,1782972853945,2026-07-02,Thu
ragnar175,44,overtimeOverdose (1),vodVote,1782972898512,2026-07-02,Thu
mori2323,41,overtimeOverdose (2),vodVote,1782972903829,2026-07-02,Thu
mori2323,50,vote +12🔥,vodVote,1782972914155,2026-07-02,Thu
ragnar175,66,Gauntlet vote: Brothers: A Tale of Two Sons Remake [v:2],gauntlet,1782972925895,2026-07-02,Thu
snoopys030,65,Phase 2: GPU,bootLoop,1782972942670,2026-07-02,Thu
shadowladyex,65,Phase 2: GPU,bootLoop,1782972942679,2026-07-02,Thu
ragnar175,65,Phase 2: GPU,bootLoop,1782972942681,2026-07-02,Thu
alburldador,65,Phase 2: GPU,bootLoop,1782972942693,2026-07-02,Thu
ikaliayev,65,Phase 2: GPU,bootLoop,1782972942710,2026-07-02,Thu
mori2323,65,Phase 2: GPU,bootLoop,1782972942718,2026-07-02,Thu
ragnar175,1000,Voucher: dailyDose,voucher,1782972947575,2026-07-02,Thu
alfims,38,overtimeOverdose (3),vodVote,1782972999194,2026-07-02,Thu
alburldador,35,overtimeOverdose (4),vodVote,1782973024249,2026-07-02,Thu
pika_gamy,32,overtimeOverdose (5),vodVote,1782973047155,2026-07-02,Thu
snoopys030,29,overtimeOverdose (6),vodVote,1782973103733,2026-07-02,Thu
zoskycube,1,Ending round with !v###,vodVote,1782973122064,2026-07-02,Thu
pika_gamy,42,vote +4🔥,vodVote,1782973222540,2026-07-02,Thu
xiaoxiao9313,42,vote +4🔥,vodVote,1782973267409,2026-07-02,Thu
ikaliayev,95,vote +57🔥,vodVote,1782973270690,2026-07-02,Thu
shadowladyex,65,vote +27🔥,vodVote,1782973271271,2026-07-02,Thu
mori2323,51,vote +13🔥,vodVote,1782973334647,2026-07-02,Thu
player0451,38,vote ,vodVote,1782973397047,2026-07-02,Thu
player0451,115,AI Art word: farting,art,1782973406883,2026-07-02,Thu
player0451,66,Gauntlet vote: King Of The Castle [v:2],gauntlet,1782973408782,2026-07-02,Thu
snoopys030,39,vote +1🔥,vodVote,1782973527811,2026-07-02,Thu
alburldador,45,vote +7🔥,vodVote,1782973545346,2026-07-02,Thu
ragnar175,43,vote +5🔥,vodVote,1782973688384,2026-07-02,Thu
ragnar175,44,overtimeOverdose (1),vodVote,1782973771721,2026-07-02,Thu
mori2323,41,overtimeOverdose (2),vodVote,1782973780674,2026-07-02,Thu
alburldador,38,overtimeOverdose (3),vodVote,1782973783384,2026-07-02,Thu
ivanpetrov32,38,vote ,vodVote,1782973845472,2026-07-02,Thu
ragnar175,218,AI Art word: wrecker,art,1782973847686,2026-07-02,Thu
darkranx,35,overtimeOverdose (4),vodVote,1782973851636,2026-07-02,Thu
shadowladyex,32,overtimeOverdose (5),vodVote,1782973899579,2026-07-02,Thu
zoskycube,1,Ending round with !v###,vodVote,1782973954367,2026-07-02,Thu
mori2323,52,vote +14🔥,vodVote,1782974063163,2026-07-02,Thu
ikaliayev,96,vote +58🔥,vodVote,1782974131053,2026-07-02,Thu
darkranx,38,vote ,vodVote,1782974161431,2026-07-02,Thu
snoopys030,45,Phase 1: CPU,bootLoop,1782974173219,2026-07-02,Thu
ragnar175,45,Phase 1: CPU,bootLoop,1782974173233,2026-07-02,Thu
shadowladyex,45,Phase 1: CPU,bootLoop,1782974173253,2026-07-02,Thu
alburldador,45,Phase 1: CPU,bootLoop,1782974173260,2026-07-02,Thu
mori2323,45,Phase 1: CPU,bootLoop,1782974173271,2026-07-02,Thu
xiaoxiao9313,45,Phase 1: CPU,bootLoop,1782974173276,2026-07-02,Thu
ikaliayev,45,Phase 1: CPU,bootLoop,1782974173303,2026-07-02,Thu
darkranx,105,AI Art word: bridge,art,1782974186608,2026-07-02,Thu
darkranx,132,Gauntlet vote: Autonauts [v:4],gauntlet,1782974203731,2026-07-02,Thu
lovegamesandthings00000,38,vote ,vodVote,1782974216742,2026-07-02,Thu
lovegamesandthings00000,33,Gauntlet vote: The Wild Eight [v:1],gauntlet,1782974230902,2026-07-02,Thu
shadowladyex,66,vote +28🔥,vodVote,1782974269941,2026-07-02,Thu
sassdrake,33,Gauntlet vote: DOOM 3: Resurrection of Evil [v:1],gauntlet,1782974318268,2026-07-02,Thu
sassdrake,38,vote ,vodVote,1782974322633,2026-07-02,Thu
sassdrake,84,AI Art word: universes,art,1782974330175,2026-07-02,Thu
mori2323,189,AI Art word: unlock,art,1782974435052,2026-07-02,Thu
snoopys030,40,vote +2🔥,vodVote,1782974481806,2026-07-02,Thu
xiaoxiao9313,43,vote +5🔥,vodVote,1782974496873,2026-07-02,Thu
xiaoxiao9313,33,Gauntlet vote: Rocket Knight [v:1],gauntlet,1782974505979,2026-07-02,Thu
alfims,38,vote ,vodVote,1782974511527,2026-07-02,Thu
alburldador,46,vote +8🔥,vodVote,1782974647818,2026-07-02,Thu
alburldador,132,Gauntlet vote: ava hunt and thieves of the lost [v:4],gauntlet,1782974680014,2026-07-02,Thu
snoopys030,65,Phase 2: GPU,bootLoop,1782974751125,2026-07-02,Thu
alburldador,65,Phase 2: GPU,bootLoop,1782974751133,2026-07-02,Thu
mori2323,65,Phase 2: GPU,bootLoop,1782974751147,2026-07-02,Thu
xiaoxiao9313,65,Phase 2: GPU,bootLoop,1782974751150,2026-07-02,Thu
shadowladyex,65,Phase 2: GPU,bootLoop,1782974751156,2026-07-02,Thu
alfims,65,Phase 2: GPU,bootLoop,1782974751163,2026-07-02,Thu
ikaliayev,65,Phase 2: GPU,bootLoop,1782974751222,2026-07-02,Thu
slay_da_b,38,vote ,vodVote,1782974867490,2026-07-02,Thu
snoopys030,44,overtimeOverdose (1),vodVote,1782974921679,2026-07-02,Thu
mori2323,41,overtimeOverdose (2),vodVote,1782974935000,2026-07-02,Thu
alburldador,38,overtimeOverdose (3),vodVote,1782974945968,2026-07-02,Thu
snoopys030,132,Gauntlet vote: As Dusk Falls [v:4],gauntlet,1782974949325,2026-07-02,Thu
ikaliayev,35,overtimeOverdose (4),vodVote,1782975011894,2026-07-02,Thu
shadowladyex,32,overtimeOverdose (5),vodVote,1782975028979,2026-07-02,Thu
darkranx,29,overtimeOverdose (6),vodVote,1782975034447,2026-07-02,Thu
zoskycube,1,Ending round with !v###,vodVote,1782975138382,2026-07-02,Thu
shadowladyex,99,Gauntlet vote: Banishers: Ghosts of New Eden [v:3],gauntlet,1782975273912,2026-07-02,Thu
shadowladyex,67,vote +29🔥,vodVote,1782975284715,2026-07-02,Thu
alburldador,47,vote +9🔥,vodVote,1782975370408,2026-07-02,Thu
pika_gamy,38,vote ,vodVote,1782975410868,2026-07-02,Thu
ikaliayev,97,vote +59🔥,vodVote,1782975427388,2026-07-02,Thu
darkranx,39,vote +1🔥,vodVote,1782975494884,2026-07-02,Thu
mori2323,53,vote +15🔥,vodVote,1782975505607,2026-07-02,Thu
darkranx,132,Gauntlet vote: Fallout Shelter [v:4],gauntlet,1782975522752,2026-07-02,Thu
alfims,39,vote +1🔥,vodVote,1782975549094,2026-07-02,Thu
darkranx,1000,Voucher: dailyDose,voucher,1782975552051,2026-07-02,Thu
xiaoxiao9313,44,vote +6🔥,vodVote,1782975700964,2026-07-02,Thu
xiaoxiao9313,33,Gauntlet vote: No Man's Sky [v:1],gauntlet,1782975707885,2026-07-02,Thu
rafsongames,38,vote ,vodVote,1782975762388,2026-07-02,Thu
rafsongames,33,Gauntlet vote: StarCrossed [v:1],gauntlet,1782975767943,2026-07-02,Thu
mori2323,189,AI Art word: parsley,art,1782975906877,2026-07-02,Thu
shadowladyex,45,Phase 1: RAM,bootLoop,1782975948801,2026-07-02,Thu
mori2323,45,Phase 1: RAM,bootLoop,1782975948808,2026-07-02,Thu
alfims,45,Phase 1: RAM,bootLoop,1782975948813,2026-07-02,Thu
alburldador,45,Phase 1: RAM,bootLoop,1782975948816,2026-07-02,Thu
xiaoxiao9313,45,Phase 1: RAM,bootLoop,1782975948822,2026-07-02,Thu
darkranx,45,Phase 1: RAM,bootLoop,1782975948845,2026-07-02,Thu
snoopys030,41,vote +3🔥,vodVote,1782975998225,2026-07-02,Thu
ivanpetrov32,38,vote ,vodVote,1782976063240,2026-07-02,Thu
alexwifi42,38,vote ,vodVote,1782976087367,2026-07-02,Thu
alexwifi42,44,overtimeOverdose (1),vodVote,1782976098459,2026-07-02,Thu
alexwifi42,132,Gauntlet vote: Trepang2 [v:4],gauntlet,1782976103574,2026-07-02,Thu
pika_gamy,41,overtimeOverdose (2),vodVote,1782976104093,2026-07-02,Thu
alexwifi42,91,AI Art word: digitalized,art,1782976109343,2026-07-02,Thu
mori2323,38,overtimeOverdose (3),vodVote,1782976119731,2026-07-02,Thu
shadowladyex,35,overtimeOverdose (4),vodVote,1782976141743,2026-07-02,Thu
rafsongames,32,overtimeOverdose (5),vodVote,1782976149133,2026-07-02,Thu
alburldador,29,overtimeOverdose (6),vodVote,1782976159664,2026-07-02,Thu
snoopys030,26,overtimeOverdose (7),vodVote,1782976220238,2026-07-02,Thu
pika_gamy,36,AI Art word: island,art,1782976342750,2026-07-02,Thu
zoskycube,1,Ending round with !v###,vodVote,1782976344194,2026-07-02,Thu
alburldador,65,Phase 2: GPU,bootLoop,1782976361722,2026-07-02,Thu
pika_gamy,65,Phase 2: GPU,bootLoop,1782976361733,2026-07-02,Thu
alexwifi42,65,Phase 2: GPU,bootLoop,1782976361737,2026-07-02,Thu
shadowladyex,65,Phase 2: GPU,bootLoop,1782976361746,2026-07-02,Thu
mori2323,65,Phase 2: GPU,bootLoop,1782976361747,2026-07-02,Thu
snoopys030,65,Phase 2: GPU,bootLoop,1782976361763,2026-07-02,Thu
xiaoxiao9313,45,vote +7🔥,vodVote,1782976496200,2026-07-02,Thu
xiaoxiao9313,33,Gauntlet vote: Ice World [v:1],gauntlet,1782976499797,2026-07-02,Thu
pika_gamy,38,vote ,vodVote,1782976540108,2026-07-02,Thu
shadowladyex,68,vote +30🔥,vodVote,1782976563242,2026-07-02,Thu
alfims,40,vote +2🔥,vodVote,1782976573764,2026-07-02,Thu
alfims,132,Gauntlet vote: Starbound [v:4],gauntlet,1782976631310,2026-07-02,Thu
mori2323,54,vote +16🔥,vodVote,1782976644443,2026-07-02,Thu
ivanpetrov32,70,AI Art word: teaspoon,art,1782976845777,2026-07-02,Thu
snoopys030,42,vote +4🔥,vodVote,1782976852391,2026-07-02,Thu
ivanpetrov32,132,Gauntlet vote: INSIDE [v:4],gauntlet,1782976861273,2026-07-02,Thu
shadowladyex,78,AI Art word: typhoon,art,1782976863527,2026-07-02,Thu
rafsongames,39,vote +1🔥,vodVote,1782976915444,2026-07-02,Thu
rafsongames,33,Gauntlet vote: PlanetSide 2 [v:1],gauntlet,1782976919032,2026-07-02,Thu
alburldador,48,vote +10🔥,vodVote,1782976951418,2026-07-02,Thu
alburldador,136,AI Art word: chroma,art,1782977056939,2026-07-02,Thu
mori2323,44,overtimeOverdose (1),vodVote,1782977368011,2026-07-02,Thu
shadowladyex,41,overtimeOverdose (2),vodVote,1782977404530,2026-07-02,Thu
mori2323,136,AI Art word: naivety,art,1782977411877,2026-07-02,Thu
mori2323,45,Phase 1: RAM,bootLoop,1782977438207,2026-07-02,Thu
shadowladyex,45,Phase 1: RAM,bootLoop,1782977438217,2026-07-02,Thu
alburldador,45,Phase 1: RAM,bootLoop,1782977438223,2026-07-02,Thu
pika_gamy,45,Phase 1: RAM,bootLoop,1782977438226,2026-07-02,Thu
rafsongames,38,overtimeOverdose (3),vodVote,1782977454352,2026-07-02,Thu
alburldador,35,overtimeOverdose (4),vodVote,1782977468706,2026-07-02,Thu
pika_gamy,32,overtimeOverdose (5),vodVote,1782977472944,2026-07-02,Thu
rafsongames,33,Gauntlet vote: Chess Ultra [v:1],gauntlet,1782977581360,2026-07-02,Thu
xiaoxiao9313,29,overtimeOverdose (6),vodVote,1782977629849,2026-07-02,Thu
snoopys030,26,overtimeOverdose (7),vodVote,1782977646064,2026-07-02,Thu
alexwifi42,23,overtimeOverdose (8),vodVote,1782977668299,2026-07-02,Thu
alexwifi42,33,Gauntlet vote: The Walking Dead: The Final Season [v:1],gauntlet,1782977680032,2026-07-02,Thu
alexwifi42,80,AI Art word: harbinger,art,1782977686450,2026-07-02,Thu
zoskycube,1,Ending round with !v###,vodVote,1782977688560,2026-07-02,Thu
alburldador,49,vote +11🔥,vodVote,1782977808815,2026-07-02,Thu
pika_gamy,65,Phase 2: GPU,bootLoop,1782977858232,2026-07-02,Thu
alburldador,65,Phase 2: GPU,bootLoop,1782977858287,2026-07-02,Thu
snoopys030,65,Phase 2: GPU,bootLoop,1782977858293,2026-07-02,Thu
xiaoxiao9313,65,Phase 2: GPU,bootLoop,1782977858299,2026-07-02,Thu
alexwifi42,65,Phase 2: GPU,bootLoop,1782977858311,2026-07-02,Thu
mori2323,65,Phase 2: GPU,bootLoop,1782977858327,2026-07-02,Thu
ivanpetrov32,38,vote ,vodVote,1782977866850,2026-07-02,Thu
rafsongames,40,vote +2🔥,vodVote,1782977893569,2026-07-02,Thu
mori2323,55,vote +17🔥,vodVote,1782977924303,2026-07-02,Thu
alfims,41,vote +3🔥,vodVote,1782977977204,2026-07-02,Thu
shadowladyex,69,vote +31🔥,vodVote,1782978073908,2026-07-02,Thu
snoopys030,43,vote +5🔥,vodVote,1782978085882,2026-07-02,Thu
shadowladyex,149,AI Art word: kinsman,art,1782978424470,2026-07-02,Thu
alburldador,126,AI Art word: vacant,art,1782978587662,2026-07-02,Thu
alexwifi42,33,Gauntlet vote: LEGO Harry Potter: Years 5-7 [v:1],gauntlet,1782978628333,2026-07-02,Thu
alexwifi42,38,vote ,vodVote,1782978632839,2026-07-02,Thu
shadowladyex,44,overtimeOverdose (1),vodVote,1782978691286,2026-07-02,Thu
calypso_ba,38,vote ,vodVote,1782978693859,2026-07-02,Thu
mori2323,41,overtimeOverdose (2),vodVote,1782978710460,2026-07-02,Thu
alburldador,38,overtimeOverdose (3),vodVote,1782978730465,2026-07-02,Thu
whitepai,38,vote ,vodVote,1782978745567,2026-07-02,Thu
whitepai,33,Gauntlet vote: Delverium Demo [v:1],gauntlet,1782978749821,2026-07-02,Thu
xiaoxiao9313,35,overtimeOverdose (4),vodVote,1782978761344,2026-07-02,Thu
chestersz,38,vote ,vodVote,1782978766066,2026-07-02,Thu
xiaoxiao9313,46,vote +8🔥,vodVote,1782978771264,2026-07-02,Thu
chestersz,33,Gauntlet vote: Ozymandias [v:1],gauntlet,1782978777367,2026-07-02,Thu
xiaoxiao9313,33,Gauntlet vote: The Talos Principle [v:1],gauntlet,1782978794172,2026-07-02,Thu
snoopys030,32,overtimeOverdose (5),vodVote,1782978802624,2026-07-02,Thu
mori2323,172,AI Art word: fauvism,art,1782978811874,2026-07-02,Thu
zoskycube,1,Ending round with !v###,vodVote,1782978945841,2026-07-02,Thu
mori2323,56,vote +18🔥,vodVote,1782979057171,2026-07-02,Thu
slay_da_b,132,Gauntlet vote: Back 4 Blood [v:4],gauntlet,1782979064058,2026-07-02,Thu
calypso_ba,39,vote +1🔥,vodVote,1782979072397,2026-07-02,Thu
slay_da_b,38,vote ,vodVote,1782979076030,2026-07-02,Thu
chestersz,84,AI Art word: glitter,art,1782979110333,2026-07-02,Thu
snoopys030,44,vote +6🔥,vodVote,1782979159780,2026-07-02,Thu
shadowladyex,70,vote +32🔥,vodVote,1782979258769,2026-07-02,Thu
xiaoxiao9313,45,Phase 1: GPU,bootLoop,1782979263030,2026-07-02,Thu
mori2323,45,Phase 1: GPU,bootLoop,1782979263034,2026-07-02,Thu
alburldador,45,Phase 1: GPU,bootLoop,1782979263037,2026-07-02,Thu
snoopys030,45,Phase 1: GPU,bootLoop,1782979263039,2026-07-02,Thu
whitepai,45,Phase 1: GPU,bootLoop,1782979263041,2026-07-02,Thu
slay_da_b,45,Phase 1: GPU,bootLoop,1782979263044,2026-07-02,Thu
shadowladyex,45,Phase 1: GPU,bootLoop,1782979263080,2026-07-02,Thu
alexwifi42,45,Phase 1: GPU,bootLoop,1782979263108,2026-07-02,Thu
alburldador,50,vote +12🔥,vodVote,1782979420671,2026-07-02,Thu
whitepai,39,vote +1🔥,vodVote,1782979421887,2026-07-02,Thu
whitepai,33,Gauntlet vote: The Third [v:1],gauntlet,1782979427216,2026-07-02,Thu
xiaoxiao9313,47,vote +9🔥,vodVote,1782979450289,2026-07-02,Thu
xiaoxiao9313,33,Gauntlet vote: Wolfenstein: Cyberpilot [v:1],gauntlet,1782979453798,2026-07-02,Thu
xiaoxiao9313,94,AI Art word: waiter,art,1782979518548,2026-07-02,Thu
whitepai,65,Phase 2: CPU,bootLoop,1782979668865,2026-07-02,Thu
xiaoxiao9313,65,Phase 2: CPU,bootLoop,1782979668871,2026-07-02,Thu
mori2323,65,Phase 2: CPU,bootLoop,1782979668873,2026-07-02,Thu
alburldador,65,Phase 2: CPU,bootLoop,1782979668902,2026-07-02,Thu
alexwifi42,33,Gauntlet vote: Breathedge [v:1],gauntlet,1782979679646,2026-07-02,Thu
alexwifi42,39,vote +1🔥,vodVote,1782979684866,2026-07-02,Thu
alexwifi42,109,AI Art word: brothers,art,1782979710160,2026-07-02,Thu
shadowladyex,100,AI Art word: upstream,art,1782979991622,2026-07-02,Thu
alfims,42,vote +4🔥,vodVote,1782980019301,2026-07-02,Thu
alfims,33,Gauntlet vote: Initial Drift Online [v:1],gauntlet,1782980028966,2026-07-02,Thu
alburldador,132,Gauntlet vote: Ghostrunner [v:4],gauntlet,1782980048494,2026-07-02,Thu
ivanpetrov32,132,Gauntlet vote: Super Meat Boy [v:4],gauntlet,1782980074183,2026-07-02,Thu
alburldador,44,overtimeOverdose (1),vodVote,1782980107284,2026-07-02,Thu
mori2323,41,overtimeOverdose (2),vodVote,1782980110059,2026-07-02,Thu
ivanpetrov32,39,vote +1🔥,vodVote,1782980112280,2026-07-02,Thu
shadowladyex,38,overtimeOverdose (3),vodVote,1782980115748,2026-07-02,Thu
ivanpetrov32,35,overtimeOverdose (4),vodVote,1782980121496,2026-07-02,Thu
xiaoxiao9313,32,overtimeOverdose (5),vodVote,1782980137276,2026-07-02,Thu
alburldador,151,AI Art word: lanky,art,1782980147972,2026-07-02,Thu
mori2323,163,AI Art word: locknut,art,1782980167672,2026-07-02,Thu
alburldador,90,Phase 3: RAM,bootLoop,1782980207797,2026-07-02,Thu
ivanpetrov32,90,Phase 3: RAM,bootLoop,1782980207801,2026-07-02,Thu
alfims,90,Phase 3: RAM,bootLoop,1782980207811,2026-07-02,Thu
shadowladyex,90,Phase 3: RAM,bootLoop,1782980207822,2026-07-02,Thu
xiaoxiao9313,90,Phase 3: RAM,bootLoop,1782980207825,2026-07-02,Thu
mori2323,90,Phase 3: RAM,bootLoop,1782980207829,2026-07-02,Thu
snoopys030,90,Phase 3: RAM,bootLoop,1782980207832,2026-07-02,Thu
robin3one,29,overtimeOverdose (6),vodVote,1782980307675,2026-07-02,Thu
robin3one,38,vote ,vodVote,1782980311394,2026-07-02,Thu
robin3one,132,Gauntlet vote: Egypt Frontiers [v:4],gauntlet,1782980319134,2026-07-02,Thu
snoopys030,26,overtimeOverdose (7),vodVote,1782980321011,2026-07-02,Thu
zoskycube,1,Ending round with !v###,vodVote,1782980373105,2026-07-02,Thu
robin3one,84,AI Art word: mature,art,1782980383517,2026-07-02,Thu
robin3one,39,vote +1🔥,vodVote,1782980498632,2026-07-02,Thu
mori2323,57,vote +19🔥,vodVote,1782980503409,2026-07-02,Thu
xiaoxiao9313,48,vote +10🔥,vodVote,1782980552413,2026-07-02,Thu
whitepai,40,vote +2🔥,vodVote,1782980610204,2026-07-02,Thu
whitepai,33,Gauntlet vote: Horizon Zero Dawn™ Remastered [v:1],gauntlet,1782980613318,2026-07-02,Thu
alburldador,51,vote +13🔥,vodVote,1782980635501,2026-07-02,Thu
shadowladyex,71,vote +33🔥,vodVote,1782980748226,2026-07-02,Thu
ivanpetrov32,40,vote +2🔥,vodVote,1782980895832,2026-07-02,Thu
valase,132,Gauntlet vote: Meeple Station [v:4],gauntlet,1782981113508,2026-07-02,Thu
snoopys030,45,vote +7🔥,vodVote,1782981182115,2026-07-02,Thu
valase,38,vote ,vodVote,1782981213799,2026-07-02,Thu
alexwifi42,44,overtimeOverdose (1),vodVote,1782981306208,2026-07-02,Thu
alexwifi42,33,Gauntlet vote: OlliOlli World [v:1],gauntlet,1782981316458,2026-07-02,Thu
alexwifi42,40,vote +2🔥,vodVote,1782981319147,2026-07-02,Thu
shadowladyex,41,overtimeOverdose (2),vodVote,1782981337692,2026-07-02,Thu
alexwifi42,1000,Voucher: dailyDose,voucher,1782981342568,2026-07-02,Thu
xiaoxiao9313,38,overtimeOverdose (3),vodVote,1782981352619,2026-07-02,Thu
xiaoxiao9313,115,AI Art word: phone,art,1782981404742,2026-07-02,Thu
shadowladyex,200,AI Art word: popinjay,art,1782981408071,2026-07-02,Thu
mori2323,35,overtimeOverdose (4),vodVote,1782981413239,2026-07-02,Thu
alburldador,32,overtimeOverdose (5),vodVote,1782981415440,2026-07-02,Thu
valase,29,overtimeOverdose (6),vodVote,1782981493765,2026-07-02,Thu
valase,45,Phase 1: CPU,bootLoop,1782981501419,2026-07-02,Thu
mori2323,45,Phase 1: CPU,bootLoop,1782981501422,2026-07-02,Thu
snoopys030,45,Phase 1: CPU,bootLoop,1782981501424,2026-07-02,Thu
alexwifi42,45,Phase 1: CPU,bootLoop,1782981501481,2026-07-02,Thu
xiaoxiao9313,45,Phase 1: CPU,bootLoop,1782981501483,2026-07-02,Thu
shadowladyex,45,Phase 1: CPU,bootLoop,1782981501496,2026-07-02,Thu
alburldador,45,Phase 1: CPU,bootLoop,1782981501498,2026-07-02,Thu
mori2323,149,AI Art word: purity,art,1782981528644,2026-07-02,Thu
alburldador,163,AI Art word: payroll,art,1782981528822,2026-07-02,Thu
zoskycube,1,Ending round with !v###,vodVote,1782981628890,2026-07-02,Thu
yurigiu,38,vote ,vodVote,1782981738527,2026-07-02,Thu
yurigiu,33,Gauntlet vote: Manairons [v:1],gauntlet,1782981744568,2026-07-02,Thu
mori2323,58,vote +20🔥,vodVote,1782981751588,2026-07-02,Thu
yurigiu,136,AI Art word: disobey,art,1782981777402,2026-07-02,Thu
xiaoxiao9313,49,vote +11🔥,vodVote,1782981825789,2026-07-02,Thu
xiaoxiao9313,33,Gauntlet vote: Moonlighter [v:1],gauntlet,1782981833198,2026-07-02,Thu
yurigiu,65,Phase 2: RAM,bootLoop,1782982012370,2026-07-02,Thu
darkranx,65,Phase 2: RAM,bootLoop,1782982012376,2026-07-02,Thu
xiaoxiao9313,65,Phase 2: RAM,bootLoop,1782982012384,2026-07-02,Thu
alburldador,65,Phase 2: RAM,bootLoop,1782982012391,2026-07-02,Thu
snoopys030,65,Phase 2: RAM,bootLoop,1782982012415,2026-07-02,Thu
darkranx,38,vote ,vodVote,1782982094001,2026-07-02,Thu
shadowladyex,72,vote +34🔥,vodVote,1782982125911,2026-07-02,Thu
darkranx,99,Gauntlet vote: Red Faction Guerrilla Re-Mars-tered [v:3],gauntlet,1782982132070,2026-07-02,Thu
valase,39,vote +1🔥,vodVote,1782982152832,2026-07-02,Thu
darkranx,126,AI Art word: obvious,art,1782982232331,2026-07-02,Thu
alburldador,52,vote +14🔥,vodVote,1782982259827,2026-07-02,Thu
whitepai,41,vote +3🔥,vodVote,1782982516847,2026-07-02,Thu
whitepai,33,Gauntlet vote: LIMBO [v:1],gauntlet,1782982519368,2026-07-02,Thu
alfims,38,vote ,vodVote,1782982658466,2026-07-02,Thu
alfims,33,Gauntlet vote: Tomb Raider IV-VI Remastered [v:1],gauntlet,1782982663047,2026-07-02,Thu
alburldador,44,overtimeOverdose (1),vodVote,1782982684668,2026-07-02,Thu
alfims,41,overtimeOverdose (2),vodVote,1782982688340,2026-07-02,Thu
ivanpetrov32,41,vote +3🔥,vodVote,1782982709096,2026-07-02,Thu
snoopys030,46,vote +8🔥,vodVote,1782982711025,2026-07-02,Thu
snoopys030,38,overtimeOverdose (3),vodVote,1782982715693,2026-07-02,Thu
shadowladyex,35,overtimeOverdose (4),vodVote,1782982743559,2026-07-02,Thu
mori2323,32,overtimeOverdose (5),vodVote,1782982749068,2026-07-02,Thu
xiaoxiao9313,32,overtimeOverdose (5),vodVote,1782982749213,2026-07-02,Thu
shadowladyex,323,AI Art word: carjack,art,1782982761019,2026-07-02,Thu
operacional_cae,38,vote ,vodVote,1782982781944,2026-07-02,Thu
operacional_cae,26,overtimeOverdose (7),vodVote,1782982785074,2026-07-02,Thu
operacional_cae,79,AI Art word: conjuring,art,1782982792747,2026-07-02,Thu
operacional_cae,132,Gauntlet vote: Golden Light [v:4],gauntlet,1782982803486,2026-07-02,Thu
zoskycube,1,Ending round with !v###,vodVote,1782982885437,2026-07-02,Thu
mori2323,205,AI Art word: nocking,art,1782982958480,2026-07-02,Thu
snoopys030,47,vote +9🔥,vodVote,1782983044497,2026-07-02,Thu
xiaoxiao9313,50,vote +12🔥,vodVote,1782983057447,2026-07-02,Thu
whitepai,42,vote +4🔥,vodVote,1782983078733,2026-07-02,Thu
whitepai,33,Gauntlet vote: etrange overlord [v:1],gauntlet,1782983084385,2026-07-02,Thu
mori2323,59,vote +21🔥,vodVote,1782983110477,2026-07-02,Thu
alburldador,45,Phase 1: RAM,bootLoop,1782983342911,2026-07-02,Thu
mori2323,45,Phase 1: RAM,bootLoop,1782983342915,2026-07-02,Thu
xiaoxiao9313,45,Phase 1: RAM,bootLoop,1782983342922,2026-07-02,Thu
snoopys030,45,Phase 1: RAM,bootLoop,1782983342926,2026-07-02,Thu
shadowladyex,45,Phase 1: RAM,bootLoop,1782983342932,2026-07-02,Thu
operacional_cae,45,Phase 1: RAM,bootLoop,1782983342937,2026-07-02,Thu
whitepai,45,Phase 1: RAM,bootLoop,1782983342963,2026-07-02,Thu
alfims,39,vote +1🔥,vodVote,1782983357138,2026-07-02,Thu
alfims,33,Gauntlet vote: Uurnog Uurnlimited [v:1],gauntlet,1782983360571,2026-07-02,Thu
llucholba,38,vote ,vodVote,1782983474381,2026-07-02,Thu
llucholba,115,AI Art word: just,art,1782983487285,2026-07-02,Thu
llucholba,132,Gauntlet vote: killbeat [v:4],gauntlet,1782983495103,2026-07-02,Thu
mori2323,44,overtimeOverdose (1),vodVote,1782983540004,2026-07-02,Thu
xiaoxiao9313,41,overtimeOverdose (2),vodVote,1782983563845,2026-07-02,Thu
alburldador,38,overtimeOverdose (3),vodVote,1782983606540,2026-07-02,Thu
whitepai,33,Gauntlet vote: Beneath Oresa [v:1],gauntlet,1782983616937,2026-07-02,Thu
alfims,35,overtimeOverdose (4),vodVote,1782983618497,2026-07-02,Thu
snoopys030,32,overtimeOverdose (5),vodVote,1782983691182,2026-07-02,Thu
alburldador,105,AI Art word: raspy,art,1782983737721,2026-07-02,Thu
zoskycube,1,Ending round with !v###,vodVote,1782983777663,2026-07-02,Thu
operacional_cae,132,Gauntlet vote: Tomb Raider [v:4],gauntlet,1782983828215,2026-07-02,Thu
whitepai,43,vote +5🔥,vodVote,1782983891386,2026-07-02,Thu
mori2323,60,vote +22🔥,vodVote,1782983904280,2026-07-02,Thu
xiaoxiao9313,65,Phase 2: HDD,bootLoop,1782983947810,2026-07-02,Thu
alfims,65,Phase 2: HDD,bootLoop,1782983947820,2026-07-02,Thu
llucholba,65,Phase 2: HDD,bootLoop,1782983947824,2026-07-02,Thu
operacional_cae,65,Phase 2: HDD,bootLoop,1782983947834,2026-07-02,Thu
whitepai,65,Phase 2: HDD,bootLoop,1782983947852,2026-07-02,Thu
snoopys030,65,Phase 2: HDD,bootLoop,1782983947952,2026-07-02,Thu
alburldador,65,Phase 2: HDD,bootLoop,1782983947970,2026-07-02,Thu
mori2323,65,Phase 2: HDD,bootLoop,1782983947974,2026-07-02,Thu
shadowladyex,38,vote ,vodVote,1782984072143,2026-07-02,Thu
snoopys030,48,vote +10🔥,vodVote,1782984087813,2026-07-02,Thu
louis_of_apshai,38,vote ,vodVote,1782984203342,2026-07-02,Thu
louis_of_apshai,105,AI Art word: vulture,art,1782984211500,2026-07-02,Thu
shadowladyex,157,AI Art word: vagabond,art,1782984219677,2026-07-02,Thu
louis_of_apshai,132,Gauntlet vote: Wolfenstein: Cyberpilot [v:4],gauntlet,1782984224378,2026-07-02,Thu
ivanpetrov32,38,vote ,vodVote,1782984388302,2026-07-02,Thu
pika_gamy,38,vote ,vodVote,1782984495396,2026-07-02,Thu
whitepai,33,Gauntlet vote: Mark of the Ninja: Remastered [v:1],gauntlet,1782984500854,2026-07-02,Thu
alburldador,44,overtimeOverdose (1),vodVote,1782984532761,2026-07-02,Thu
alburldador,38,vote ,vodVote,1782984547198,2026-07-02,Thu
mori2323,41,overtimeOverdose (2),vodVote,1782984576184,2026-07-02,Thu
xiaoxiao9313,84,AI Art word: gender,art,1782984725084,2026-07-02,Thu
xiaoxiao9313,38,overtimeOverdose (3),vodVote,1782984740950,2026-07-02,Thu
xiaoxiao9313,51,vote +13🔥,vodVote,1782984744582,2026-07-02,Thu
xiaoxiao9313,33,Gauntlet vote: The King's Bird [v:1],gauntlet,1782984749302,2026-07-02,Thu
puphik,35,overtimeOverdose (4),vodVote,1782984778692,2026-07-02,Thu
puphik,38,vote ,vodVote,1782984786431,2026-07-02,Thu
puphik,33,Gauntlet vote: Trover Saves the Universe [v:1],gauntlet,1782984791508,2026-07-02,Thu
sassdrake,8,AI Art word: geology,art,1782984792375,2026-07-02,Thu
sassdrake,32,overtimeOverdose (5),vodVote,1782984808403,2026-07-02,Thu
puphik,52,AI Art word: gain,art,1782984814819,2026-07-02,Thu
sassdrake,38,vote ,vodVote,1782984815832,2026-07-02,Thu
zoskycube,1,Ending round with !v###,vodVote,1782984828433,2026-07-02,Thu
puphik,1000,Voucher: dailyDose,voucher,1782984832087,2026-07-02,Thu
darkranx,33,Gauntlet vote: Portal [v:1],gauntlet,1782984947440,2026-07-02,Thu
slay_da_b,38,vote ,vodVote,1782984947938,2026-07-02,Thu
darkranx,38,vote ,vodVote,1782984953823,2026-07-02,Thu
darkranx,168,AI Art word: wicked,art,1782984987581,2026-07-02,Thu
mori2323,61,vote +23🔥,vodVote,1782985008769,2026-07-02,Thu
whitepai,44,vote +6🔥,vodVote,1782985044551,2026-07-02,Thu
pika_gamy,39,vote +1🔥,vodVote,1782985055168,2026-07-02,Thu
alexwifi42,33,Gauntlet vote: Sable [v:1],gauntlet,1782985072685,2026-07-02,Thu
alexwifi42,38,vote ,vodVote,1782985074923,2026-07-02,Thu
alexwifi42,47,AI Art word: weasel,art,1782985084124,2026-07-02,Thu
snoopys030,49,vote +11🔥,vodVote,1782985093156,2026-07-02,Thu
rafsongames,38,vote ,vodVote,1782985111948,2026-07-02,Thu
rafsongames,33,Gauntlet vote: Horizon Zero Dawn™ Remastered [v:1],gauntlet,1782985128268,2026-07-02,Thu
operacional_cae,38,vote ,vodVote,1782985186637,2026-07-02,Thu
operacional_cae,132,Gauntlet vote: Call of Cthulhu [v:4],gauntlet,1782985222781,2026-07-02,Thu
pika_gamy,66,Gauntlet vote: The Witcher 3: Wild Hunt [v:2],gauntlet,1782985241939,2026-07-02,Thu
alburldador,115,AI Art word: bastard,art,1782985288941,2026-07-02,Thu
pika_gamy,45,Phase 1: GPU,bootLoop,1782985349046,2026-07-02,Thu
alburldador,45,Phase 1: GPU,bootLoop,1782985349059,2026-07-02,Thu
puphik,45,Phase 1: GPU,bootLoop,1782985349070,2026-07-02,Thu
snoopys030,45,Phase 1: GPU,bootLoop,1782985349085,2026-07-02,Thu
slay_da_b,45,Phase 1: GPU,bootLoop,1782985349088,2026-07-02,Thu
mori2323,45,Phase 1: GPU,bootLoop,1782985349092,2026-07-02,Thu
alexwifi42,45,Phase 1: GPU,bootLoop,1782985349100,2026-07-02,Thu
darkranx,45,Phase 1: GPU,bootLoop,1782985349103,2026-07-02,Thu
xiaoxiao9313,45,Phase 1: GPU,bootLoop,1782985349106,2026-07-02,Thu
operacional_cae,45,Phase 1: GPU,bootLoop,1782985349163,2026-07-02,Thu
silent_luc,38,vote ,vodVote,1782985453025,2026-07-02,Thu
shadowladyex,39,vote +1🔥,vodVote,1782985458956,2026-07-02,Thu
yurigiu,38,vote ,vodVote,1782985478594,2026-07-02,Thu
yurigiu,132,Gauntlet vote: Wall World 2 [v:4],gauntlet,1782985485661,2026-07-02,Thu
yurigiu,73,AI Art word: unusual,art,1782985504969,2026-07-02,Thu
whitepai,33,Gauntlet vote: We Love Katamari REROLL  Royal Reverie [v:1],gauntlet,1782985613088,2026-07-02,Thu
rafsongames,33,Gauntlet vote: Them's Fightin' Herds [v:1],gauntlet,1782985617734,2026-07-02,Thu
mori2323,44,overtimeOverdose (1),vodVote,1782985704653,2026-07-02,Thu
shadowladyex,41,overtimeOverdose (2),vodVote,1782985733315,2026-07-02,Thu
operacional_cae,38,overtimeOverdose (3),vodVote,1782985740871,2026-07-02,Thu
shadowladyex,220,AI Art word: levying,art,1782985758559,2026-07-02,Thu
alburldador,35,overtimeOverdose (4),vodVote,1782985772083,2026-07-02,Thu
snoopys030,65,Phase 2: RAM,bootLoop,1782985822473,2026-07-02,Thu
mori2323,65,Phase 2: RAM,bootLoop,1782985822484,2026-07-02,Thu
whitepai,65,Phase 2: RAM,bootLoop,1782985822495,2026-07-02,Thu
alburldador,65,Phase 2: RAM,bootLoop,1782985822501,2026-07-02,Thu
shadowladyex,65,Phase 2: RAM,bootLoop,1782985822505,2026-07-02,Thu
yurigiu,65,Phase 2: RAM,bootLoop,1782985822508,2026-07-02,Thu
slay_da_b,132,"Gauntlet vote: Warhammer 40,000: Rogue Trader [v:4]",gauntlet,1782985973207,2026-07-02,Thu
zoskycube,1,Ending round with !v###,vodVote,1782986001292,2026-07-02,Thu
mori2323,62,vote +24🔥,vodVote,1782986157400,2026-07-02,Thu
whitepai,45,vote +7🔥,vodVote,1782986356490,2026-07-02,Thu
whitepai,33,Gauntlet vote: Starbound [v:1],gauntlet,1782986360269,2026-07-02,Thu
snoopys030,50,vote +12🔥,vodVote,1782986362142,2026-07-02,Thu
ivanpetrov32,38,vote ,vodVote,1782986423928,2026-07-02,Thu
louis_of_apshai,38,vote ,vodVote,1782986457303,2026-07-02,Thu
pika_gamy,40,vote +2🔥,vodVote,1782986458059,2026-07-02,Thu
silent_luc,39,vote +1🔥,vodVote,1782986536875,2026-07-02,Thu
alburldador,38,vote ,vodVote,1782986566646,2026-07-02,Thu
madagascaradam,38,vote ,vodVote,1782986583866,2026-07-02,Thu
shadowladyex,40,vote +2🔥,vodVote,1782986718103,2026-07-02,Thu
alburldador,138,AI Art word: screams,art,1782986786381,2026-07-02,Thu
alexwifi42,33,Gauntlet vote: Batman - The Telltale Series [v:1],gauntlet,1782986910860,2026-07-02,Thu
alexwifi42,39,vote +1🔥,vodVote,1782986914531,2026-07-02,Thu
alburldador,44,overtimeOverdose (1),vodVote,1782986918419,2026-07-02,Thu
alfims,38,vote ,vodVote,1782986946432,2026-07-02,Thu
alfims,41,overtimeOverdose (2),vodVote,1782986949083,2026-07-02,Thu
shadowladyex,38,overtimeOverdose (3),vodVote,1782987096744,2026-07-02,Thu
pika_gamy,35,overtimeOverdose (4),vodVote,1782987147159,2026-07-02,Thu
zoskycube,1,Ending round with !v###,vodVote,1782987148963,2026-07-02,Thu
shadowladyex,41,vote +3🔥,vodVote,1782987277864,2026-07-02,Thu
mori2323,63,vote +25🔥,vodVote,1782987288518,2026-07-02,Thu
shadowladyex,115,AI Art word: dangerous,art,1782987294956,2026-07-02,Thu
silent_luc,40,vote +2🔥,vodVote,1782987296073,2026-07-02,Thu
slay_da_b,38,vote ,vodVote,1782987351748,2026-07-02,Thu
snoopys030,51,vote +13🔥,vodVote,1782987411967,2026-07-02,Thu
alburldador,39,vote +1🔥,vodVote,1782987503507,2026-07-02,Thu
whitepai,46,vote +8🔥,vodVote,1782987584877,2026-07-02,Thu
whitepai,33,Gauntlet vote: Rollerdrome [v:1],gauntlet,1782987588845,2026-07-02,Thu
mori2323,45,Phase 1: CPU,bootLoop,1782987680666,2026-07-02,Thu
silent_luc,45,Phase 1: CPU,bootLoop,1782987680673,2026-07-02,Thu
snoopys030,45,Phase 1: CPU,bootLoop,1782987680680,2026-07-02,Thu
slay_da_b,45,Phase 1: CPU,bootLoop,1782987680682,2026-07-02,Thu
louis_of_apshai,45,Phase 1: CPU,bootLoop,1782987680685,2026-07-02,Thu
shadowladyex,45,Phase 1: CPU,bootLoop,1782987680724,2026-07-02,Thu
alburldador,45,Phase 1: CPU,bootLoop,1782987680733,2026-07-02,Thu
silent_luc,132,Gauntlet vote: System Shock 2 [v:4],gauntlet,1782987747088,2026-07-02,Thu
alfims,39,vote +1🔥,vodVote,1782987979842,2026-07-02,Thu
mori2323,44,overtimeOverdose (1),vodVote,1782988055631,2026-07-02,Thu
silent_luc,41,overtimeOverdose (2),vodVote,1782988089162,2026-07-02,Thu
xiaoxiao9313,38,overtimeOverdose (3),vodVote,1782988113906,2026-07-02,Thu
alburldador,35,overtimeOverdose (4),vodVote,1782988117947,2026-07-02,Thu
xiaoxiao9313,38,vote ,vodVote,1782988120439,2026-07-02,Thu
xiaoxiao9313,33,Gauntlet vote: Eternal Threads [v:1],gauntlet,1782988132525,2026-07-02,Thu
johnnymnemonics,38,vote ,vodVote,1782988169846,2026-07-02,Thu
johnnymnemonics,32,overtimeOverdose (5),vodVote,1782988171714,2026-07-02,Thu
pika_gamy,29,overtimeOverdose (6),vodVote,1782988178827,2026-07-02,Thu
pika_gamy,41,vote +3🔥,vodVote,1782988181404,2026-07-02,Thu
pika_gamy,66,Gauntlet vote: Portal 2 [v:2],gauntlet,1782988186854,2026-07-02,Thu
johnnymnemonics,132,Gauntlet vote: The LEGO Movie 2 - Videogame [v:4],gauntlet,1782988200767,2026-07-02,Thu
louis_of_apshai,39,vote +1🔥,vodVote,1782988241275,2026-07-02,Thu
alburldador,176,AI Art word: cookies,art,1782988248363,2026-07-02,Thu
louis_of_apshai,52,AI Art word: candies,art,1782988257269,2026-07-02,Thu
louis_of_apshai,132,Gauntlet vote: Eastern Exorcist [v:4],gauntlet,1782988268387,2026-07-02,Thu
xiaoxiao9313,91,AI Art word: candidate,art,1782988315482,2026-07-02,Thu
ivanpetrov32,39,vote +1🔥,vodVote,1782988364902,2026-07-02,Thu
zoskycube,1,Ending round with !v###,vodVote,1782988374256,2026-07-02,Thu
mori2323,64,vote +26🔥,vodVote,1782988488952,2026-07-02,Thu
alburldador,40,vote +2🔥,vodVote,1782988521007,2026-07-02,Thu
silent_luc,168,AI Art word: nebula,art,1782988556810,2026-07-02,Thu
silent_luc,41,vote +3🔥,vodVote,1782988572275,2026-07-02,Thu
shadowladyex,42,vote +4🔥,vodVote,1782988641738,2026-07-02,Thu
snoopys030,52,vote +14🔥,vodVote,1782988768901,2026-07-02,Thu
slay_da_b,39,vote +1🔥,vodVote,1782988780492,2026-07-02,Thu
shadowladyex,189,AI Art word: hickey,art,1782988786432,2026-07-02,Thu
pika_gamy,42,vote +4🔥,vodVote,1782988927062,2026-07-02,Thu
alphonsoe,38,vote ,vodVote,1782988973213,2026-07-02,Thu
xiaoxiao9313,39,vote +1🔥,vodVote,1782989032530,2026-07-02,Thu
alphonsoe,175,AI Art word: jaywalks,art,1782989037925,2026-07-02,Thu
xiaoxiao9313,33,Gauntlet vote: Darksiders Genesis [v:1],gauntlet,1782989048823,2026-07-02,Thu
alphonsoe,44,overtimeOverdose (1),vodVote,1782989062693,2026-07-02,Thu
mori2323,41,overtimeOverdose (2),vodVote,1782989083104,2026-07-02,Thu
pika_gamy,38,overtimeOverdose (3),vodVote,1782989084035,2026-07-02,Thu
zoskycube,1,Ending round with !v###,vodVote,1782989228474,2026-07-02,Thu
silent_luc,45,Phase 1: HDD,bootLoop,1782989229354,2026-07-02,Thu
mori2323,45,Phase 1: HDD,bootLoop,1782989229366,2026-07-02,Thu
pika_gamy,45,Phase 1: HDD,bootLoop,1782989229380,2026-07-02,Thu
snoopys030,45,Phase 1: HDD,bootLoop,1782989229383,2026-07-02,Thu
xiaoxiao9313,45,Phase 1: HDD,bootLoop,1782989229386,2026-07-02,Thu
alburldador,45,Phase 1: HDD,bootLoop,1782989229391,2026-07-02,Thu
slay_da_b,45,Phase 1: HDD,bootLoop,1782989229402,2026-07-02,Thu
alphonsoe,45,Phase 1: HDD,bootLoop,1782989229406,2026-07-02,Thu
shadowladyex,45,Phase 1: HDD,bootLoop,1782989229414,2026-07-02,Thu
slay_da_b,40,vote +2🔥,vodVote,1782989386526,2026-07-02,Thu
shadowladyex,43,vote +5🔥,vodVote,1782989399648,2026-07-02,Thu
mori2323,65,vote +27🔥,vodVote,1782989445363,2026-07-02,Thu
alphonsoe,39,vote +1🔥,vodVote,1782989461632,2026-07-02,Thu
whitepai,38,vote ,vodVote,1782989579516,2026-07-02,Thu
whitepai,33,Gauntlet vote: The Chant [v:1],gauntlet,1782989580930,2026-07-02,Thu
xiaoxiao9313,40,vote +2🔥,vodVote,1782989603651,2026-07-02,Thu
alburldador,205,AI Art word: kabobs,art,1782989656197,2026-07-02,Thu
slay_da_b,65,Phase 2: RAM,bootLoop,1782989679162,2026-07-02,Thu
shadowladyex,65,Phase 2: RAM,bootLoop,1782989679169,2026-07-02,Thu
whitepai,65,Phase 2: RAM,bootLoop,1782989679175,2026-07-02,Thu
alburldador,65,Phase 2: RAM,bootLoop,1782989679197,2026-07-02,Thu
xiaoxiao9313,65,Phase 2: RAM,bootLoop,1782989679215,2026-07-02,Thu
alphonsoe,65,Phase 2: RAM,bootLoop,1782989679238,2026-07-02,Thu
mori2323,65,Phase 2: RAM,bootLoop,1782989679241,2026-07-02,Thu
operacional_cae,38,vote ,vodVote,1782989828714,2026-07-02,Thu
operacional_cae,45,AI Art word: variations,art,1782989849623,2026-07-02,Thu
operacional_cae,132,Gauntlet vote: Green Hell [v:4],gauntlet,1782989859498,2026-07-02,Thu
snoopys030,53,vote +15🔥,vodVote,1782989879890,2026-07-02,Thu
robin3one,38,vote ,vodVote,1782990063271,2026-07-02,Thu
robin3one,132,Gauntlet vote: Guns  [v:4],gauntlet,1782990070424,2026-07-02,Thu
alburldador,44,overtimeOverdose (1),vodVote,1782990120983,2026-07-02,Thu
mori2323,41,overtimeOverdose (2),vodVote,1782990126916,2026-07-02,Thu
alphonsoe,38,overtimeOverdose (3),vodVote,1782990136040,2026-07-02,Thu
shadowladyex,35,overtimeOverdose (4),vodVote,1782990163271,2026-07-02,Thu
robin3one,32,overtimeOverdose (5),vodVote,1782990192740,2026-07-02,Thu
puphik,29,overtimeOverdose (6),vodVote,1782990252620,2026-07-02,Thu
shadowladyex,172,AI Art word: gherkin,art,1782990282938,2026-07-02,Thu
lovegamesandthings00000,63,AI Art word: guess,art,1782990305295,2026-07-02,Thu
lovegamesandthings00000,38,vote ,vodVote,1782990313370,2026-07-02,Thu
robin3one,94,AI Art word: gosling,art,1782990313795,2026-07-02,Thu
lovegamesandthings00000,33,Gauntlet vote: God of War [v:1],gauntlet,1782990321964,2026-07-02,Thu
ivanpetrov32,38,vote ,vodVote,1782990335016,2026-07-02,Thu
zoskycube,1,Ending round with !v###,vodVote,1782990361904,2026-07-02,Thu
xiaoxiao9313,39,AI Art word: gentle,art,1782990388030,2026-07-02,Thu
chestersz,38,vote ,vodVote,1782990471414,2026-07-02,Thu
alphonsoe,40,vote +2🔥,vodVote,1782990477834,2026-07-02,Thu
chestersz,33,Gauntlet vote: The Invincible [v:1],gauntlet,1782990481318,2026-07-02,Thu
snoopys030,54,vote +16🔥,vodVote,1782990483465,2026-07-02,Thu
robin3one,39,vote +1🔥,vodVote,1782990486659,2026-07-02,Thu
snoopys030,1000,Voucher: dailyDose,voucher,1782990491573,2026-07-02,Thu
alphonsoe,130,AI Art word: warlocks,art,1782990548340,2026-07-02,Thu
xiaoxiao9313,41,vote +3🔥,vodVote,1782990553743,2026-07-02,Thu
xiaoxiao9313,33,Gauntlet vote: Moonlighter [v:1],gauntlet,1782990561162,2026-07-02,Thu
mori2323,66,vote +28🔥,vodVote,1782990584675,2026-07-02,Thu
robin3one,132,Gauntlet vote: Divinum Demo [v:4],gauntlet,1782990603192,2026-07-02,Thu
silent_luc,38,vote ,vodVote,1782990664892,2026-07-02,Thu
avin_novor,38,vote ,vodVote,1782990900758,2026-07-02,Thu
snoopys030,45,Phase 1: HDD,bootLoop,1782991032676,2026-07-02,Thu
xiaoxiao9313,45,Phase 1: HDD,bootLoop,1782991032688,2026-07-02,Thu
mori2323,45,Phase 1: HDD,bootLoop,1782991032697,2026-07-02,Thu
alphonsoe,45,Phase 1: HDD,bootLoop,1782991032699,2026-07-02,Thu
alburldador,45,Phase 1: HDD,bootLoop,1782991032768,2026-07-02,Thu
silent_luc,45,Phase 1: HDD,bootLoop,1782991032770,2026-07-02,Thu
avin_novor,45,Phase 1: HDD,bootLoop,1782991032774,2026-07-02,Thu
robin3one,45,Phase 1: HDD,bootLoop,1782991032775,2026-07-02,Thu
louis_of_apshai,38,vote ,vodVote,1782991063621,2026-07-02,Thu
louis_of_apshai,33,Gauntlet vote: BioShock [v:1],gauntlet,1782991073566,2026-07-02,Thu
louis_of_apshai,126,AI Art word: uniform,art,1782991092628,2026-07-02,Thu
alphonsoe,132,Gauntlet vote: Batman - The Telltale Series [v:4],gauntlet,1782991136539,2026-07-02,Thu
robin3one,132,Gauntlet vote: Aperture Tag: The Paint Gun Testing Initiative [v:4],gauntlet,1782991155440,2026-07-02,Thu
silent_luc,105,AI Art word: laser,art,1782991378474,2026-07-02,Thu
4gazmin4,38,vote ,vodVote,1782991427399,2026-07-02,Thu
alburldador,220,AI Art word: lengthy,art,1782991432000,2026-07-02,Thu
4gazmin4,33,Gauntlet vote: Phantom Line Playtest [v:1],gauntlet,1782991450498,2026-07-02,Thu
silent_luc,44,overtimeOverdose (1),vodVote,1782991454702,2026-07-02,Thu
mori2323,41,overtimeOverdose (2),vodVote,1782991457525,2026-07-02,Thu
operacional_cae,39,vote +1🔥,vodVote,1782991461459,2026-07-02,Thu
alburldador,38,overtimeOverdose (3),vodVote,1782991461639,2026-07-02,Thu
operacional_cae,35,overtimeOverdose (4),vodVote,1782991463634,2026-07-02,Thu
4gazmin4,32,overtimeOverdose (5),vodVote,1782991468041,2026-07-02,Thu
alphonsoe,29,overtimeOverdose (6),vodVote,1782991477367,2026-07-02,Thu
operacional_cae,132,Gauntlet vote: Shady Part of Me [v:4],gauntlet,1782991483021,2026-07-02,Thu
robin3one,26,overtimeOverdose (7),vodVote,1782991495727,2026-07-02,Thu
alphonsoe,65,Phase 2: RAM,bootLoop,1782991535702,2026-07-02,Thu
alburldador,65,Phase 2: RAM,bootLoop,1782991535705,2026-07-02,Thu
silent_luc,65,Phase 2: RAM,bootLoop,1782991535710,2026-07-02,Thu
snoopys030,65,Phase 2: RAM,bootLoop,1782991535715,2026-07-02,Thu
robin3one,65,Phase 2: RAM,bootLoop,1782991535787,2026-07-02,Thu
operacional_cae,65,Phase 2: RAM,bootLoop,1782991535827,2026-07-02,Thu
pika_gamy,38,vote ,vodVote,1782991536442,2026-07-02,Thu
pika_gamy,23,overtimeOverdose (8),vodVote,1782991544340,2026-07-02,Thu
silent_luc,132,Gauntlet vote: Ori and the Blind Forest: Definitive Edition [v:4],gauntlet,1782991582682,2026-07-02,Thu
shadowladyex,20,overtimeOverdose (9),vodVote,1782991638450,2026-07-02,Thu
shadowladyex,188,AI Art word: mucked,art,1782991667116,2026-07-02,Thu
zoskycube,1,Ending round with !v###,vodVote,1782991698394,2026-07-02,Thu
mori2323,361,478519+361 winning @ vodVote,vodVote,1782991698852,2026-07-02,Thu
mori2323,67,vote +29🔥,vodVote,1782991811335,2026-07-02,Thu
alphonsoe,41,vote +3🔥,vodVote,1782991846630,2026-07-02,Thu
4gazmin4,39,vote +1🔥,vodVote,1782991860565,2026-07-02,Thu
ivanpetrov32,38,vote ,vodVote,1782991875829,2026-07-02,Thu
alphonsoe,213,AI Art word: ejected,art,1782991934323,2026-07-02,Thu
alyssrentori,38,vote ,vodVote,1782991969764,2026-07-02,Thu
alyssrentori,132,Gauntlet vote: Moonstone Island [v:4],gauntlet,1782991982057,2026-07-02,Thu
ivanpetrov32,132,Gauntlet vote: Radical Rabbit Stew [v:4],gauntlet,1782992000278,2026-07-02,Thu
avin_novor,39,vote +1🔥,vodVote,1782992003902,2026-07-02,Thu
avin_novor,1000,Voucher: dailyDose,voucher,1782992062288,2026-07-02,Thu
alexwifi42,33,Gauntlet vote: The Walking Dead [v:1],gauntlet,1782992095818,2026-07-02,Thu
avin_novor,98,AI Art word: appointed,art,1782992097068,2026-07-02,Thu
alexwifi42,38,vote ,vodVote,1782992098068,2026-07-02,Thu
alexwifi42,178,AI Art word: alchemy,art,1782992130956,2026-07-02,Thu
alburldador,38,vote ,vodVote,1782992146863,2026-07-02,Thu
shadowladyex,38,vote ,vodVote,1782992167309,2026-07-02,Thu
snoopys030,55,vote +17🔥,vodVote,1782992467291,2026-07-02,Thu
snoopys030,132,Gauntlet vote: The Talos Principle [v:4],gauntlet,1782992507490,2026-07-02,Thu
pika_gamy,45,Phase 1: RAM,bootLoop,1782992624367,2026-07-02,Thu
alburldador,45,Phase 1: RAM,bootLoop,1782992624383,2026-07-02,Thu
alphonsoe,45,Phase 1: RAM,bootLoop,1782992624385,2026-07-02,Thu
avin_novor,45,Phase 1: RAM,bootLoop,1782992624390,2026-07-02,Thu
snoopys030,45,Phase 1: RAM,bootLoop,1782992624399,2026-07-02,Thu
silent_luc,39,vote +1🔥,vodVote,1782992661840,2026-07-02,Thu
avin_novor,44,overtimeOverdose (1),vodVote,1782992752863,2026-07-02,Thu
alphonsoe,41,overtimeOverdose (2),vodVote,1782992758215,2026-07-02,Thu
alburldador,38,overtimeOverdose (3),vodVote,1782992781937,2026-07-02,Thu
louis_of_apshai,39,vote +1🔥,vodVote,1782992831953,2026-07-02,Thu
louis_of_apshai,100,AI Art word: dreadful,art,1782992846731,2026-07-02,Thu
louis_of_apshai,132,Gauntlet vote: Together We Move [v:4],gauntlet,1782992863895,2026-07-02,Thu
alburldador,102,AI Art word: dynamos,art,1782992879582,2026-07-02,Thu
ikaliayev,38,vote ,vodVote,1782992899456,2026-07-02,Thu
4gazmin4,35,overtimeOverdose (4),vodVote,1782992902048,2026-07-02,Thu
ikaliayev,32,overtimeOverdose (5),vodVote,1782992903747,2026-07-02,Thu
snoopys030,29,overtimeOverdose (6),vodVote,1782992930462,2026-07-02,Thu
cerebralx1,26,overtimeOverdose (7),vodVote,1782992937546,2026-07-02,Thu
cerebralx1,38,vote ,vodVote,1782992944492,2026-07-02,Thu
silent_luc,23,overtimeOverdose (8),vodVote,1782992987556,2026-07-02,Thu
zoskycube,1,Ending round with !v###,vodVote,1782993007588,2026-07-02,Thu
shadowladyex,85,AI Art word: impeached,art,1782993093548,2026-07-02,Thu
cerebralx1,63,AI Art word: integrity,art,1782993120425,2026-07-02,Thu
4gazmin4,40,vote +2🔥,vodVote,1782993128525,2026-07-02,Thu
alphonsoe,42,vote +4🔥,vodVote,1782993130124,2026-07-02,Thu
4gazmin4,33,Gauntlet vote: DEATH STRANDING DIRECTOR'S CUT [v:1],gauntlet,1782993141155,2026-07-02,Thu
cerebralx1,39,vote +1🔥,vodVote,1782993148130,2026-07-02,Thu
cerebralx1,65,Phase 2: CPU,bootLoop,1782993211511,2026-07-02,Thu
alphonsoe,65,Phase 2: CPU,bootLoop,1782993211521,2026-07-02,Thu
alburldador,65,Phase 2: CPU,bootLoop,1782993211526,2026-07-02,Thu
shadowladyex,65,Phase 2: CPU,bootLoop,1782993211540,2026-07-02,Thu
snoopys030,65,Phase 2: CPU,bootLoop,1782993211542,2026-07-02,Thu
ikaliayev,65,Phase 2: CPU,bootLoop,1782993211545,2026-07-02,Thu
louis_of_apshai,65,Phase 2: CPU,bootLoop,1782993211547,2026-07-02,Thu
alfims,65,Phase 2: CPU,bootLoop,1782993211550,2026-07-02,Thu
silent_luc,65,Phase 2: CPU,bootLoop,1782993211582,2026-07-02,Thu
snoopys030,56,vote +18🔥,vodVote,1782993368579,2026-07-02,Thu
shadowladyex,39,vote +1🔥,vodVote,1782993368857,2026-07-02,Thu
alphonsoe,231,AI Art word: opacify,art,1782993369278,2026-07-02,Thu
operacional_cae,38,vote ,vodVote,1782993397017,2026-07-02,Thu
mori2323,68,vote +30🔥,vodVote,1782993401597,2026-07-02,Thu
operacional_cae,132,Gauntlet vote: Syberia - The World Before [v:4],gauntlet,1782993406180,2026-07-02,Thu
alburldador,39,vote +1🔥,vodVote,1782993467907,2026-07-02,Thu
silent_luc,40,vote +2🔥,vodVote,1782993490977,2026-07-02,Thu
alfims,38,vote ,vodVote,1782993541169,2026-07-02,Thu
yurigiu,38,vote ,vodVote,1782993602617,2026-07-02,Thu
slay_da_b,38,vote ,vodVote,1782993602902,2026-07-02,Thu
yurigiu,132,Gauntlet vote: The King's Bird [v:4],gauntlet,1782993605709,2026-07-02,Thu
yurigiu,115,AI Art word: tonight,art,1782993618335,2026-07-02,Thu
ikaliayev,39,vote +1🔥,vodVote,1782993686905,2026-07-02,Thu
shadowladyex,44,overtimeOverdose (1),vodVote,1782993688349,2026-07-02,Thu
ikaliayev,41,overtimeOverdose (2),vodVote,1782993691769,2026-07-02,Thu
madagascaradam,38,vote ,vodVote,1782993730960,2026-07-02,Thu
madagascaradam,38,overtimeOverdose (3),vodVote,1782993736542,2026-07-02,Thu
mori2323,35,overtimeOverdose (4),vodVote,1782993742416,2026-07-02,Thu
madagascaradam,1000,Voucher: dailyDose,voucher,1782993762742,2026-07-02,Thu
alphonsoe,32,overtimeOverdose (5),vodVote,1782993767335,2026-07-02,Thu
madagascaradam,132,Gauntlet vote: Overloop [v:4],gauntlet,1782993799613,2026-07-02,Thu
silent_luc,29,overtimeOverdose (6),vodVote,1782993806162,2026-07-02,Thu
xiaoxiao9313,26,overtimeOverdose (7),vodVote,1782993872672,2026-07-02,Thu
zoskycube,1,Ending round with !v###,vodVote,1782993873888,2026-07-02,Thu
yurigiu,361,177660+361 winning @ vodVote,vodVote,1782993874248,2026-07-02,Thu
silent_luc,126,AI Art word: camouflage,art,1782993887274,2026-07-02,Thu
4gazmin4,41,vote +3🔥,vodVote,1782993999816,2026-07-02,Thu
4gazmin4,33,Gauntlet vote: Book of Demons [v:1],gauntlet,1782994009333,2026-07-02,Thu
alphonsoe,43,vote +5🔥,vodVote,1782994132982,2026-07-02,Thu
xiaoxiao9313,38,vote ,vodVote,1782994167889,2026-07-02,Thu
xiaoxiao9313,33,Gauntlet vote: Mycopunk [v:1],gauntlet,1782994171938,2026-07-02,Thu
silent_luc,132,Gauntlet vote: NieR:Automata [v:4],gauntlet,1782994180835,2026-07-02,Thu
xiaoxiao9313,73,AI Art word: scale,art,1782994193531,2026-07-02,Thu
cerebralx1,40,vote +2🔥,vodVote,1782994216916,2026-07-02,Thu
alfims,39,vote +1🔥,vodVote,1782994231288,2026-07-02,Thu
cerebralx1,132,Gauntlet vote: The Witcher 3: Wild Hunt [v:4],gauntlet,1782994262555,2026-07-02,Thu
pika_gamy,38,vote ,vodVote,1782994274948,2026-07-02,Thu
alburldador,40,vote +2🔥,vodVote,1782994279648,2026-07-02,Thu
alburldador,45,Phase 1: CPU,bootLoop,1782994407068,2026-07-02,Thu
pika_gamy,45,Phase 1: CPU,bootLoop,1782994407079,2026-07-02,Thu
alphonsoe,45,Phase 1: CPU,bootLoop,1782994407085,2026-07-02,Thu
ikaliayev,45,Phase 1: CPU,bootLoop,1782994407088,2026-07-02,Thu
silent_luc,45,Phase 1: CPU,bootLoop,1782994407097,2026-07-02,Thu
cerebralx1,45,Phase 1: CPU,bootLoop,1782994407099,2026-07-02,Thu
xiaoxiao9313,45,Phase 1: CPU,bootLoop,1782994407405,2026-07-02,Thu
ikaliayev,40,vote +2🔥,vodVote,1782994452132,2026-07-02,Thu
snoopys030,57,vote +19🔥,vodVote,1782994460962,2026-07-02,Thu
cerebralx1,115,AI Art word: viewdata,art,1782994535599,2026-07-02,Thu
shadowladyex,44,overtimeOverdose (1),vodVote,1782994559547,2026-07-02,Thu
alphonsoe,41,overtimeOverdose (2),vodVote,1782994561076,2026-07-02,Thu
cerebralx1,38,overtimeOverdose (3),vodVote,1782994562637,2026-07-02,Thu
shadowladyex,40,vote +2🔥,vodVote,1782994577434,2026-07-02,Thu
silent_luc,35,overtimeOverdose (4),vodVote,1782994600494,2026-07-02,Thu
ikaliayev,32,overtimeOverdose (5),vodVote,1782994613345,2026-07-02,Thu
alburldador,29,overtimeOverdose (6),vodVote,1782994627998,2026-07-02,Thu
shadowladyex,219,AI Art word: geekery,art,1782994685961,2026-07-02,Thu
naoka_ueno,38,vote ,vodVote,1782994688169,2026-07-02,Thu
naoka_ueno,26,overtimeOverdose (7),vodVote,1782994694298,2026-07-02,Thu
naoka_ueno,132,Gauntlet vote: Legacy of Kain Soul Reaver 1 [v:4],gauntlet,1782994712298,2026-07-02,Thu
alphonsoe,205,AI Art word: getaway,art,1782994800903,2026-07-02,Thu
cerebralx1,132,Gauntlet vote: DOOM [v:4],gauntlet,1782994817056,2026-07-02,Thu
zoskycube,1,Ending round with !v###,vodVote,1782994849084,2026-07-02,Thu
alphonsoe,44,vote +6🔥,vodVote,1782995010546,2026-07-02,Thu
ikaliayev,41,vote +3🔥,vodVote,1782995012777,2026-07-02,Thu
snoopys030,58,vote +20🔥,vodVote,1782995013869,2026-07-02,Thu
ivanpetrov32,38,vote ,vodVote,1782995026171,2026-07-02,Thu
silent_luc,38,vote ,vodVote,1782995100733,2026-07-02,Thu
naoka_ueno,39,vote +1🔥,vodVote,1782995103742,2026-07-02,Thu
alburldador,41,vote +3🔥,vodVote,1782995170569,2026-07-02,Thu
alphonsoe,132,Gauntlet vote: God of War [v:4],gauntlet,1782995188580,2026-07-02,Thu
cerebralx1,41,vote +3🔥,vodVote,1782995247106,2026-07-02,Thu
xiaoxiao9313,39,vote +1🔥,vodVote,1782995291097,2026-07-02,Thu
xiaoxiao9313,33,Gauntlet vote: Floor13 [v:1],gauntlet,1782995295085,2026-07-02,Thu
alfims,40,vote +2🔥,vodVote,1782995388348,2026-07-02,Thu
shadowladyex,41,vote +3🔥,vodVote,1782995441690,2026-07-02,Thu
naoka_ueno,132,Gauntlet vote: SPRAWL [v:4],gauntlet,1782995659935,2026-07-02,Thu
thanossoul,38,vote ,vodVote,1782995702141,2026-07-02,Thu
alexwifi42,33,Gauntlet vote: Remnant: From the Ashes [v:1],gauntlet,1782995722506,2026-07-02,Thu
alexwifi42,38,vote ,vodVote,1782995724703,2026-07-02,Thu
thanossoul,33,Gauntlet vote: Mythic Ocean [v:1],gauntlet,1782995739117,2026-07-02,Thu
4gazmin4,42,vote +4🔥,vodVote,1782995766778,2026-07-02,Thu
4gazmin4,33,Gauntlet vote: Demon Turf [v:1],gauntlet,1782995776940,2026-07-02,Thu
xiaoxiao9313,84,AI Art word: waitress,art,1782996008660,2026-07-02,Thu
alphonsoe,132,Gauntlet vote: Batman - The Telltale Series [v:4],gauntlet,1782996030844,2026-07-02,Thu
alphonsoe,44,overtimeOverdose (1),vodVote,1782996045016,2026-07-02,Thu
shadowladyex,252,AI Art word: willowy,art,1782996048590,2026-07-02,Thu
shadowladyex,41,overtimeOverdose (2),vodVote,1782996050386,2026-07-02,Thu
thanossoul,38,overtimeOverdose (3),vodVote,1782996085384,2026-07-02,Thu
naoka_ueno,35,overtimeOverdose (4),vodVote,1782996100629,2026-07-02,Thu
alburldador,32,overtimeOverdose (5),vodVote,1782996125564,2026-07-02,Thu
xiaoxiao9313,45,Phase 1: HDD,bootLoop,1782996129837,2026-07-02,Thu
alphonsoe,45,Phase 1: HDD,bootLoop,1782996129854,2026-07-02,Thu
snoopys030,45,Phase 1: HDD,bootLoop,1782996129868,2026-07-02,Thu
cerebralx1,45,Phase 1: HDD,bootLoop,1782996129873,2026-07-02,Thu
alfims,45,Phase 1: HDD,bootLoop,1782996129879,2026-07-02,Thu
ikaliayev,45,Phase 1: HDD,bootLoop,1782996129887,2026-07-02,Thu
thanossoul,45,Phase 1: HDD,bootLoop,1782996129890,2026-07-02,Thu
alburldador,45,Phase 1: HDD,bootLoop,1782996129896,2026-07-02,Thu
shadowladyex,45,Phase 1: HDD,bootLoop,1782996129901,2026-07-02,Thu
naoka_ueno,45,Phase 1: HDD,bootLoop,1782996129916,2026-07-02,Thu
alexwifi42,45,Phase 1: HDD,bootLoop,1782996129948,2026-07-02,Thu
silent_luc,45,Phase 1: HDD,bootLoop,1782996129962,2026-07-02,Thu
silent_luc,29,overtimeOverdose (6),vodVote,1782996137093,2026-07-02,Thu
ikaliayev,26,overtimeOverdose (7),vodVote,1782996162374,2026-07-02,Thu
alphonsoe,220,AI Art word: eschew,art,1782996272543,2026-07-02,Thu
zoskycube,1,Ending round with !v###,vodVote,1782996300612,2026-07-02,Thu
thanossoul,56,AI Art word: eventually,art,1782996352404,2026-07-02,Thu
naoka_ueno,132,Gauntlet vote: LEGO Batman: The Videogame [v:4],gauntlet,1782996388423,2026-07-02,Thu
snoopys030,59,vote +21🔥,vodVote,1782996405321,2026-07-02,Thu
ikaliayev,42,vote +4🔥,vodVote,1782996410756,2026-07-02,Thu
alphonsoe,45,vote +7🔥,vodVote,1782996412314,2026-07-02,Thu
ikaliayev,132,Gauntlet vote: Directive 8020 [v:4],gauntlet,1782996417880,2026-07-02,Thu
mori2323,38,vote ,vodVote,1782996418038,2026-07-02,Thu
naoka_ueno,40,vote +2🔥,vodVote,1782996424643,2026-07-02,Thu
mori2323,132,Gauntlet vote: SEUM: Speedrunners from Hell [v:4],gauntlet,1782996437461,2026-07-02,Thu
shadowladyex,42,vote +4🔥,vodVote,1782996447497,2026-07-02,Thu
ivanpetrov32,39,vote +1🔥,vodVote,1782996544999,2026-07-02,Thu
thanossoul,65,Phase 2: CPU,bootLoop,1782996650749,2026-07-02,Thu
silent_luc,65,Phase 2: CPU,bootLoop,1782996650769,2026-07-02,Thu
snoopys030,65,Phase 2: CPU,bootLoop,1782996650784,2026-07-02,Thu
alburldador,65,Phase 2: CPU,bootLoop,1782996650787,2026-07-02,Thu
alphonsoe,65,Phase 2: CPU,bootLoop,1782996650789,2026-07-02,Thu
mori2323,65,Phase 2: CPU,bootLoop,1782996650793,2026-07-02,Thu
naoka_ueno,65,Phase 2: CPU,bootLoop,1782996650802,2026-07-02,Thu
ikaliayev,65,Phase 2: CPU,bootLoop,1782996650811,2026-07-02,Thu
shadowladyex,65,Phase 2: CPU,bootLoop,1782996650920,2026-07-02,Thu
johnnymnemonics,38,vote ,vodVote,1782996678607,2026-07-02,Thu
alburldador,42,vote +4🔥,vodVote,1782996681192,2026-07-02,Thu
johnnymnemonics,132,Gauntlet vote: Hades [v:4],gauntlet,1782996695309,2026-07-02,Thu
xiaoxiao9313,40,vote +2🔥,vodVote,1782996712282,2026-07-02,Thu
alburldador,33,Gauntlet vote: Teslagrad Remastered [v:1],gauntlet,1782996712915,2026-07-02,Thu
xiaoxiao9313,33,Gauntlet vote: Neversong [v:1],gauntlet,1782996717488,2026-07-02,Thu
4gazmin4,43,vote +5🔥,vodVote,1782996750955,2026-07-02,Thu
4gazmin4,33,Gauntlet vote: Tempest [v:1],gauntlet,1782996761540,2026-07-02,Thu
johnnymnemonics,105,AI Art word: alphabet,art,1782996870180,2026-07-02,Thu
thanossoul,39,vote +1🔥,vodVote,1782996902903,2026-07-02,Thu
thanossoul,33,Gauntlet vote: Aces and Adventures [v:1],gauntlet,1782996910312,2026-07-02,Thu
robin3one,38,vote ,vodVote,1782996924415,2026-07-02,Thu
robin3one,132,Gauntlet vote: Mable  [v:4],gauntlet,1782996931666,2026-07-02,Thu
thanossoul,1000,Voucher: dailyDose,voucher,1782996940457,2026-07-02,Thu
ivanpetrov32,99,Gauntlet vote: Titeuf: Mega Party [v:3],gauntlet,1782996990101,2026-07-02,Thu
mori2323,132,Gauntlet vote: Midnight Fight Express [v:4],gauntlet,1782997019274,2026-07-02,Thu
silent_luc,39,vote +1🔥,vodVote,1782997203897,2026-07-02,Thu
naoka_ueno,132,Gauntlet vote: Tomb Raider [v:4],gauntlet,1782997438324,2026-07-02,Thu
shadowladyex,44,overtimeOverdose (1),vodVote,1782997493059,2026-07-02,Thu
naoka_ueno,41,overtimeOverdose (2),vodVote,1782997512322,2026-07-02,Thu
shadowladyex,132,Gauntlet vote: FAR: Changing Tides [v:4],gauntlet,1782997524935,2026-07-02,Thu
thanossoul,38,overtimeOverdose (3),vodVote,1782997631990,2026-07-02,Thu
alphonsoe,35,overtimeOverdose (4),vodVote,1782997647616,2026-07-02,Thu
alphonsoe,220,AI Art word: markup,art,1782997656200,2026-07-02,Thu
ikaliayev,45,Phase 1: GPU,bootLoop,1782997658153,2026-07-02,Thu
silent_luc,45,Phase 1: GPU,bootLoop,1782997658162,2026-07-02,Thu
shadowladyex,45,Phase 1: GPU,bootLoop,1782997658173,2026-07-02,Thu
thanossoul,45,Phase 1: GPU,bootLoop,1782997658176,2026-07-02,Thu
naoka_ueno,45,Phase 1: GPU,bootLoop,1782997658184,2026-07-02,Thu
ikaliayev,32,overtimeOverdose (5),vodVote,1782997677744,2026-07-02,Thu
zoskycube,1,Ending round with !v###,vodVote,1782997678594,2026-07-02,Thu
madagascaradam,38,vote ,vodVote,1782997788117,2026-07-02,Thu
alburldador,43,vote +5🔥,vodVote,1782997798944,2026-07-02,Thu
ikaliayev,43,vote +5🔥,vodVote,1782997803370,2026-07-02,Thu
madagascaradam,147,AI Art word: plunked,art,1782997805195,2026-07-02,Thu
xiaoxiao9313,163,AI Art word: packs,art,1782997829094,2026-07-02,Thu
xiaoxiao9313,33,Gauntlet vote: Kitaria Fables [v:1],gauntlet,1782997836908,2026-07-02,Thu
4gazmin4,44,vote +6🔥,vodVote,1782997844427,2026-07-02,Thu
4gazmin4,33,Gauntlet vote: Fallout 4 [v:1],gauntlet,1782997855524,2026-07-02,Thu
xiaoxiao9313,41,vote +3🔥,vodVote,1782997856828,2026-07-02,Thu
silent_luc,40,vote +2🔥,vodVote,1782997998439,2026-07-02,Thu
shadowladyex,43,vote +5🔥,vodVote,1782998027486,2026-07-02,Thu
snoopys030,60,vote +22🔥,vodVote,1782998032819,2026-07-02,Thu
thanossoul,40,vote +2🔥,vodVote,1782998078896,2026-07-02,Thu
alburldador,65,Phase 2: HDD,bootLoop,1782998142330,2026-07-02,Thu
xiaoxiao9313,65,Phase 2: HDD,bootLoop,1782998142343,2026-07-02,Thu
snoopys030,65,Phase 2: HDD,bootLoop,1782998142347,2026-07-02,Thu
shadowladyex,65,Phase 2: HDD,bootLoop,1782998142350,2026-07-02,Thu
ikaliayev,65,Phase 2: HDD,bootLoop,1782998142358,2026-07-02,Thu
madagascaradam,65,Phase 2: HDD,bootLoop,1782998142365,2026-07-02,Thu
alphonsoe,65,Phase 2: HDD,bootLoop,1782998142372,2026-07-02,Thu
silent_luc,65,Phase 2: HDD,bootLoop,1782998142379,2026-07-02,Thu
naoka_ueno,41,vote +3🔥,vodVote,1782998229519,2026-07-02,Thu
naoka_ueno,132,Gauntlet vote: Smoke and Sacrifice [v:4],gauntlet,1782998255445,2026-07-02,Thu
yurigiu,38,vote ,vodVote,1782998337183,2026-07-02,Thu
alexwifi42,38,vote ,vodVote,1782998341629,2026-07-02,Thu
yurigiu,132,Gauntlet vote: Syberia [v:4],gauntlet,1782998342504,2026-07-02,Thu
alexwifi42,56,AI Art word: treasure,art,1782998347427,2026-07-02,Thu
alexwifi42,33,Gauntlet vote: Praey for the Gods [v:1],gauntlet,1782998357903,2026-07-02,Thu
yurigiu,147,AI Art word: towhead,art,1782998363031,2026-07-02,Thu
silent_luc,63,AI Art word: tango,art,1782998374617,2026-07-02,Thu
alphonsoe,46,vote +8🔥,vodVote,1782998389179,2026-07-02,Thu
alfims,91,AI Art word: tremendous,art,1782998420048,2026-07-02,Thu
alfims,38,vote ,vodVote,1782998423264,2026-07-02,Thu
ivanpetrov32,40,vote +2🔥,vodVote,1782998437078,2026-07-02,Thu
xiaoxiao9313,44,overtimeOverdose (1),vodVote,1782998565780,2026-07-02,Thu
alphonsoe,41,overtimeOverdose (2),vodVote,1782998579904,2026-07-02,Thu
alburldador,38,overtimeOverdose (3),vodVote,1782998585943,2026-07-02,Thu
alexwifi42,35,overtimeOverdose (4),vodVote,1782998606193,2026-07-02,Thu
shadowladyex,32,overtimeOverdose (5),vodVote,1782998610850,2026-07-02,Thu
snoopys030,29,overtimeOverdose (6),vodVote,1782998656749,2026-07-02,Thu
naoka_ueno,26,overtimeOverdose (7),vodVote,1782998687689,2026-07-02,Thu
naoka_ueno,1000,Voucher: dailyDose,voucher,1782998757258,2026-07-02,Thu
naoka_ueno,4340,Voucher: zB → zCubes,voucher,1782998764568,2026-07-02,Thu
zoskycube,1,Ending round with !v###,vodVote,1782998855450,2026-07-02,Thu
alphonsoe,47,vote +9🔥,vodVote,1782998975960,2026-07-02,Thu
alfims,39,vote +1🔥,vodVote,1782999017583,2026-07-02,Thu
ikaliayev,44,vote +6🔥,vodVote,1782999062705,2026-07-02,Thu
thanossoul,41,vote +3🔥,vodVote,1782999103878,2026-07-02,Thu
alfims,45,Phase 1: HDD,bootLoop,1782999153723,2026-07-02,Thu
alphonsoe,45,Phase 1: HDD,bootLoop,1782999153733,2026-07-02,Thu
ikaliayev,45,Phase 1: HDD,bootLoop,1782999153740,2026-07-02,Thu
alexwifi42,45,Phase 1: HDD,bootLoop,1782999153757,2026-07-02,Thu
alexwifi42,33,Gauntlet vote: The LEGO Movie - Videogame [v:1],gauntlet,1782999225596,2026-07-02,Thu
4gazmin4,45,vote +7🔥,vodVote,1782999229270,2026-07-02,Thu
alexwifi42,39,vote +1🔥,vodVote,1782999233568,2026-07-02,Thu
4gazmin4,33,Gauntlet vote: Fallout Shelter [v:1],gauntlet,1782999249411,2026-07-02,Thu
xiaoxiao9313,42,vote +4🔥,vodVote,1782999262523,2026-07-02,Thu
xiaoxiao9313,33,Gauntlet vote: Duke Nukem Forever [v:1],gauntlet,1782999269592,2026-07-02,Thu
silent_luc,1000,Voucher: dailyDose,voucher,1782999361300,2026-07-02,Thu
xiaoxiao9313,87,AI Art word: following,art,1782999373379,2026-07-02,Thu
silent_luc,41,vote +3🔥,vodVote,1782999401997,2026-07-02,Thu
alburldador,44,vote +6🔥,vodVote,1782999417552,2026-07-02,Thu
thanossoul,33,Gauntlet vote: Pikuniku [v:1],gauntlet,1782999418441,2026-07-02,Thu
thanossoul,65,Phase 2: RAM,bootLoop,1782999556644,2026-07-02,Thu
alburldador,65,Phase 2: RAM,bootLoop,1782999556651,2026-07-02,Thu
silent_luc,65,Phase 2: RAM,bootLoop,1782999556662,2026-07-02,Thu
xiaoxiao9313,65,Phase 2: RAM,bootLoop,1782999556664,2026-07-02,Thu
alexwifi42,65,Phase 2: RAM,bootLoop,1782999556666,2026-07-02,Thu
alphonsoe,65,Phase 2: RAM,bootLoop,1782999556672,2026-07-02,Thu
snoopys030,61,vote +23🔥,vodVote,1782999697707,2026-07-02,Thu
alphonsoe,94,AI Art word: rowdy,art,1782999710061,2026-07-02,Thu
alfims,69,AI Art word: sound,art,1782999847279,2026-07-02,Thu
alburldador,44,overtimeOverdose (1),vodVote,1782999935408,2026-07-02,Thu
alphonsoe,41,overtimeOverdose (2),vodVote,1782999963808,2026-07-02,Thu
shadowladyex,38,overtimeOverdose (3),vodVote,1782999974515,2026-07-02,Thu
shadowladyex,44,vote +6🔥,vodVote,1782999977063,2026-07-02,Thu
snoopys030,35,overtimeOverdose (4),vodVote,1782999978310,2026-07-02,Thu
thanossoul,32,overtimeOverdose (5),vodVote,1783000080032,2026-07-02,Thu
thanossoul,33,Gauntlet vote: Choo-Choo Charles [v:1],gauntlet,1783000087280,2026-07-02,Thu
ikaliayev,29,overtimeOverdose (6),vodVote,1783000185023,2026-07-02,Thu
zoskycube,1,Ending round with !v###,vodVote,1783000209033,2026-07-02,Thu
xiaoxiao9313,43,vote +5🔥,vodVote,1783000328038,2026-07-02,Thu
xiaoxiao9313,33,Gauntlet vote: Moonlighter [v:1],gauntlet,1783000342503,2026-07-02,Thu
shadowladyex,45,vote +7🔥,vodVote,1783000378259,2026-07-02,Thu
alphonsoe,48,vote +10🔥,vodVote,1783000386805,2026-07-02,Thu
thanossoul,42,vote +4🔥,vodVote,1783000405033,2026-07-02,Thu
ivanpetrov32,38,vote ,vodVote,1783000435397,2026-07-02,Thu
4gazmin4,46,vote +8🔥,vodVote,1783000469999,2026-07-02,Thu
4gazmin4,33,Gauntlet vote: Leisure Suit Larry - Magna Cum Laude Uncut and Uncensored [v:1],gauntlet,1783000482093,2026-07-02,Thu
silent_luc,42,vote +4🔥,vodVote,1783000489870,2026-07-02,Thu
thanossoul,73,AI Art word: chalice,art,1783000694047,2026-07-02,Thu
thanossoul,33,Gauntlet vote: hyperdevotion noire ultimate party member “tiara” [v:1],gauntlet,1783000710662,2026-07-02,Thu
silent_luc,45,Phase 1: CPU,bootLoop,1783000746303,2026-07-02,Thu
shadowladyex,45,Phase 1: CPU,bootLoop,1783000746306,2026-07-02,Thu
thanossoul,45,Phase 1: CPU,bootLoop,1783000746311,2026-07-02,Thu
alburldador,45,Phase 1: CPU,bootLoop,1783000746376,2026-07-02,Thu
xiaoxiao9313,45,Phase 1: CPU,bootLoop,1783000746379,2026-07-02,Thu
alphonsoe,45,Phase 1: CPU,bootLoop,1783000746401,2026-07-02,Thu
ikaliayev,45,vote +7🔥,vodVote,1783000852809,2026-07-02,Thu
chestersz,38,vote ,vodVote,1783000913293,2026-07-02,Thu
alphonsoe,1000,Voucher: dailyDose,voucher,1783000919803,2026-07-02,Thu
chestersz,33,Gauntlet vote: Spiritfarer: Farewell Edition [v:1],gauntlet,1783000923396,2026-07-02,Thu
chestersz,37,AI Art word: undergrounds,art,1783000936609,2026-07-02,Thu
chestersz,1000,Voucher: dailyDose,voucher,1783000959647,2026-07-02,Thu
alburldador,45,vote +7🔥,vodVote,1783000975516,2026-07-02,Thu
avin_novor,38,vote ,vodVote,1783001007692,2026-07-02,Thu
snoopys030,62,vote +24🔥,vodVote,1783001051371,2026-07-02,Thu
alphonsoe,132,Gauntlet vote: Batman - The Telltale Series [v:4],gauntlet,1783001059265,2026-07-02,Thu
alphonsoe,346,AI Art word: jamjar,art,1783001225508,2026-07-02,Thu
alfims,40,vote +2🔥,vodVote,1783001242299,2026-07-02,Thu
alfims,112,AI Art word: junkies,art,1783001250182,2026-07-02,Thu
sassdrake,38,vote ,vodVote,1783001337666,2026-07-02,Thu
snoopys030,65,Phase 2: GPU,bootLoop,1783001339235,2026-07-02,Thu
shadowladyex,65,Phase 2: GPU,bootLoop,1783001339240,2026-07-02,Thu
avin_novor,65,Phase 2: GPU,bootLoop,1783001339248,2026-07-02,Thu
silent_luc,65,Phase 2: GPU,bootLoop,1783001339267,2026-07-02,Thu
alfims,65,Phase 2: GPU,bootLoop,1783001339276,2026-07-02,Thu
alphonsoe,65,Phase 2: GPU,bootLoop,1783001339279,2026-07-02,Thu
thanossoul,65,Phase 2: GPU,bootLoop,1783001339343,2026-07-02,Thu
ikaliayev,65,Phase 2: GPU,bootLoop,1783001339365,2026-07-02,Thu
alburldador,65,Phase 2: GPU,bootLoop,1783001339432,2026-07-02,Thu
sassdrake,33,Gauntlet vote: Hellbound [v:1],gauntlet,1783001342329,2026-07-02,Thu
yurigiu,38,vote ,vodVote,1783001383134,2026-07-02,Thu
yurigiu,33,Gauntlet vote: Aeon Drive [v:1],gauntlet,1783001389800,2026-07-02,Thu
alphonsoe,44,overtimeOverdose (1),vodVote,1783001441643,2026-07-02,Thu
silent_luc,41,overtimeOverdose (2),vodVote,1783001448586,2026-07-02,Thu
alburldador,38,overtimeOverdose (3),vodVote,1783001457046,2026-07-02,Thu
avin_novor,35,overtimeOverdose (4),vodVote,1783001469344,2026-07-02,Thu
ikaliayev,32,overtimeOverdose (5),vodVote,1783001533280,2026-07-02,Thu
thanossoul,32,overtimeOverdose (5),vodVote,1783001533771,2026-07-02,Thu
zoskycube,1,Ending round with !v###,vodVote,1783001758753,2026-07-02,Thu
thanossoul,33,Gauntlet vote: 16bit Trader [v:1],gauntlet,1783001807121,2026-07-02,Thu
4gazmin4,47,vote +9🔥,vodVote,1783001865393,2026-07-02,Thu
alphonsoe,49,vote +11🔥,vodVote,1783001866266,2026-07-02,Thu
4gazmin4,33,Gauntlet vote: Hades [v:1],gauntlet,1783001876073,2026-07-02,Thu
shadowladyex,46,vote +8🔥,vodVote,1783001899082,2026-07-02,Thu
alburldador,46,vote +8🔥,vodVote,1783001917113,2026-07-02,Thu
ikaliayev,46,vote +8🔥,vodVote,1783002008286,2026-07-02,Thu
thanossoul,43,vote +5🔥,vodVote,1783002027645,2026-07-02,Thu
operacional_cae,38,vote ,vodVote,1783002050021,2026-07-02,Thu
operacional_cae,99,Gauntlet vote: Mad Max [v:3],gauntlet,1783002057527,2026-07-02,Thu
operacional_cae,119,AI Art word: emergency,art,1783002072392,2026-07-02,Thu
alphonsoe,132,Gauntlet vote: The Secret of Monkey Island: Special Edition [v:4],gauntlet,1783002124727,2026-07-02,Thu
shadowladyex,-99072,Redeemed: Legacy of Kain™ Soul Reaver 1&2 Remastered,redeem,1783002264463,2026-07-02,Thu
silent_luc,43,vote +5🔥,vodVote,1783002303525,2026-07-02,Thu
alphonsoe,45,Phase 1: RAM,bootLoop,1783002514909,2026-07-02,Thu
silent_luc,45,Phase 1: RAM,bootLoop,1783002514911,2026-07-02,Thu
ikaliayev,45,Phase 1: RAM,bootLoop,1783002514932,2026-07-02,Thu
alburldador,45,Phase 1: RAM,bootLoop,1783002514935,2026-07-02,Thu
operacional_cae,45,Phase 1: RAM,bootLoop,1783002515488,2026-07-02,Thu
alburldador,44,overtimeOverdose (1),vodVote,1783002542387,2026-07-02,Thu
ikaliayev,41,overtimeOverdose (2),vodVote,1783002563272,2026-07-02,Thu
alburldador,105,AI Art word: abrupt,art,1783002566985,2026-07-02,Thu
alfims,100,AI Art word: aeroplane,art,1783002597319,2026-07-02,Thu
alfims,41,vote +3🔥,vodVote,1783002603099,2026-07-02,Thu
alfims,38,overtimeOverdose (3),vodVote,1783002605708,2026-07-02,Thu
ivanpetrov32,38,vote ,vodVote,1783002616506,2026-07-02,Thu
shadowladyex,35,overtimeOverdose (4),vodVote,1783002622138,2026-07-02,Thu
alphonsoe,32,overtimeOverdose (5),vodVote,1783002636176,2026-07-02,Thu
silent_luc,29,overtimeOverdose (6),vodVote,1783002677251,2026-07-02,Thu
zoskycube,1,Ending round with !v###,vodVote,1783002729336,2026-07-02,Thu
alphonsoe,50,vote +12🔥,vodVote,1783002873032,2026-07-02,Thu
ikaliayev,47,vote +9🔥,vodVote,1783002895245,2026-07-02,Thu
shadowladyex,47,vote +9🔥,vodVote,1783002964129,2026-07-02,Thu
shadowladyex,99072,Refund dedKey: Legacy of Kain™ Soul Reaver 1&2 Remastered,redeem,1783003024564,2026-07-02,Thu
avin_novor,38,vote ,vodVote,1783003031982,2026-07-02,Thu
4gazmin4,48,vote +10🔥,vodVote,1783003095400,2026-07-02,Thu
4gazmin4,33,Gauntlet vote: Half-Life Deathmatch: Source [v:1],gauntlet,1783003106719,2026-07-02,Thu
alburldador,47,vote +9🔥,vodVote,1783003249644,2026-07-02,Thu
avin_novor,91,AI Art word: malleable,art,1783003357712,2026-07-02,Thu
silent_luc,44,vote +6🔥,vodVote,1783003597619,2026-07-02,Thu
silent_luc,105,AI Art word: paddle,art,1783003612185,2026-07-02,Thu
thanossoul,44,vote +6🔥,vodVote,1783003696503,2026-07-02,Thu
player0451,38,vote ,vodVote,1783003827902,2026-07-02,Thu
alexwifi42,33,Gauntlet vote: Planet of Lana [v:1],gauntlet,1783003833369,2026-07-02,Thu
player0451,132,Gauntlet vote: Shannon Tweed's Attack Of The Groupies [v:4],gauntlet,1783003836417,2026-07-02,Thu
alexwifi42,94,AI Art word: insects,art,1783003841251,2026-07-02,Thu
player0451,68,AI Art word: impish,art,1783003844962,2026-07-02,Thu
alexwifi42,38,vote ,vodVote,1783003847125,2026-07-02,Thu
silent_luc,44,overtimeOverdose (1),vodVote,1783003850063,2026-07-02,Thu
alburldador,41,overtimeOverdose (2),vodVote,1783003855216,2026-07-02,Thu
alexwifi42,45,Phase 1: RAM,bootLoop,1783003855488,2026-07-02,Thu
shadowladyex,45,Phase 1: RAM,bootLoop,1783003855494,2026-07-02,Thu
silent_luc,45,Phase 1: RAM,bootLoop,1783003855514,2026-07-02,Thu
alburldador,45,Phase 1: RAM,bootLoop,1783003855522,2026-07-02,Thu
alphonsoe,38,overtimeOverdose (3),vodVote,1783003857070,2026-07-02,Thu
alexwifi42,35,overtimeOverdose (4),vodVote,1783003892903,2026-07-02,Thu
slay_da_b,32,overtimeOverdose (5),vodVote,1783003941096,2026-07-02,Thu
slay_da_b,38,vote ,vodVote,1783003948174,2026-07-02,Thu
shadowladyex,29,overtimeOverdose (6),vodVote,1783003954215,2026-07-02,Thu
4gazmin4,26,overtimeOverdose (7),vodVote,1783003957030,2026-07-02,Thu
alfims,42,vote +4🔥,vodVote,1783003957972,2026-07-02,Thu
alfims,23,overtimeOverdose (8),vodVote,1783003962058,2026-07-02,Thu
zoskycube,1,Ending round with !v###,vodVote,1783004122667,2026-07-02,Thu
avin_novor,361,638870+361 winning @ vodVote,vodVote,1783004123025,2026-07-02,Thu
alburldador,115,AI Art word: tearful,art,1783004153481,2026-07-02,Thu
silent_luc,45,vote +7🔥,vodVote,1783004236689,2026-07-02,Thu
alphonsoe,51,vote +13🔥,vodVote,1783004287380,2026-07-02,Thu
alfims,161,AI Art word: binging,art,1783004330918,2026-07-02,Thu
ikaliayev,48,vote +10🔥,vodVote,1783004347214,2026-07-02,Thu
shadowladyex,48,vote +10🔥,vodVote,1783004355194,2026-07-02,Thu
alfims,43,vote +5🔥,vodVote,1783004359602,2026-07-02,Thu
ivanpetrov32,38,vote ,vodVote,1783004381185,2026-07-02,Thu
dahhel,38,vote ,vodVote,1783004454148,2026-07-02,Thu
dahhel,132,Gauntlet vote: Portal: Revolution [v:4],gauntlet,1783004516418,2026-07-02,Thu
alburldador,48,vote +10🔥,vodVote,1783004520386,2026-07-02,Thu
alexwifi42,33,Gauntlet vote: The Chant [v:1],gauntlet,1783004573087,2026-07-02,Thu
alexwifi42,39,vote +1🔥,vodVote,1783004578862,2026-07-02,Thu
alyssrentori,38,vote ,vodVote,1783004650848,2026-07-02,Thu
alyssrentori,132,Gauntlet vote: Heavy Rain [v:4],gauntlet,1783004659653,2026-07-02,Thu
alyssrentori,94,AI Art word: dank,art,1783004678637,2026-07-02,Thu
madagascaradam,38,vote ,vodVote,1783004739337,2026-07-02,Thu
madagascaradam,132,Gauntlet vote: Gatekeeper [v:4],gauntlet,1783004768619,2026-07-02,Thu
xiaoxiao9313,38,vote ,vodVote,1783004886963,2026-07-02,Thu
xiaoxiao9313,33,Gauntlet vote: The Jackbox Megapicker [v:1],gauntlet,1783004891672,2026-07-02,Thu
avin_novor,39,vote +1🔥,vodVote,1783004921062,2026-07-02,Thu
xiaoxiao9313,21,AI Art word: note,art,1783004934209,2026-07-02,Thu
avin_novor,103,AI Art word: nocturn,art,1783004958351,2026-07-02,Thu
4gazmin4,49,vote +11🔥,vodVote,1783005010581,2026-07-02,Thu
4gazmin4,33,Gauntlet vote: The Gunk [v:1],gauntlet,1783005021276,2026-07-02,Thu
alfims,1000,Voucher: dailyDose,voucher,1783005029608,2026-07-02,Thu
yurigiu,38,vote ,vodVote,1783005046067,2026-07-02,Thu
yurigiu,132,Gauntlet vote: SCARF [v:4],gauntlet,1783005051964,2026-07-02,Thu
dahhel,132,Gauntlet vote: Wolfenstein II: The New Colossus [v:4],gauntlet,1783005080913,2026-07-02,Thu
alphonsoe,44,overtimeOverdose (1),vodVote,1783005259167,2026-07-02,Thu
silent_luc,41,overtimeOverdose (2),vodVote,1783005263287,2026-07-02,Thu
alburldador,38,overtimeOverdose (3),vodVote,1783005285279,2026-07-02,Thu
shadowladyex,35,overtimeOverdose (4),vodVote,1783005324696,2026-07-02,Thu
alfims,32,overtimeOverdose (5),vodVote,1783005402331,2026-07-02,Thu
dahhel,29,overtimeOverdose (6),vodVote,1783005408402,2026-07-02,Thu
ikaliayev,26,overtimeOverdose (7),vodVote,1783005412127,2026-07-02,Thu
zoskycube,1,Ending round with !v###,vodVote,1783005437005,2026-07-02,Thu
alphonsoe,45,Phase 1: RAM,bootLoop,1783005475896,2026-07-02,Thu
yurigiu,45,Phase 1: RAM,bootLoop,1783005475909,2026-07-02,Thu
shadowladyex,45,Phase 1: RAM,bootLoop,1783005475928,2026-07-02,Thu
dahhel,45,Phase 1: RAM,bootLoop,1783005475931,2026-07-02,Thu
silent_luc,45,Phase 1: RAM,bootLoop,1783005475934,2026-07-02,Thu
avin_novor,45,Phase 1: RAM,bootLoop,1783005475937,2026-07-02,Thu
alfims,45,Phase 1: RAM,bootLoop,1783005475941,2026-07-02,Thu
alburldador,45,Phase 1: RAM,bootLoop,1783005475952,2026-07-02,Thu
ikaliayev,45,Phase 1: RAM,bootLoop,1783005475955,2026-07-02,Thu
xiaoxiao9313,45,Phase 1: RAM,bootLoop,1783005475958,2026-07-02,Thu
player0451,132,Gauntlet vote: Dead End Job [v:4],gauntlet,1783005517009,2026-07-02,Thu
alphonsoe,52,vote +14🔥,vodVote,1783005576128,2026-07-02,Thu
shadowladyex,49,vote +11🔥,vodVote,1783005645168,2026-07-02,Thu
avin_novor,40,vote +2🔥,vodVote,1783005653454,2026-07-02,Thu
alfims,109,AI Art word: stoned,art,1783005669844,2026-07-02,Thu
alfims,44,vote +6🔥,vodVote,1783005670954,2026-07-02,Thu
lovegamesandthings00000,42,AI Art word: solo,art,1783005701699,2026-07-02,Thu
dahhel,39,vote +1🔥,vodVote,1783005706137,2026-07-02,Thu
lovegamesandthings00000,38,vote ,vodVote,1783005717785,2026-07-02,Thu
lovegamesandthings00000,33,Gauntlet vote: Manairons [v:1],gauntlet,1783005728784,2026-07-02,Thu
silent_luc,46,vote +8🔥,vodVote,1783005770427,2026-07-02,Thu
ikaliayev,49,vote +11🔥,vodVote,1783005774291,2026-07-02,Thu
silent_luc,65,Phase 2: CPU,bootLoop,1783005977147,2026-07-02,Thu
lovegamesandthings00000,65,Phase 2: CPU,bootLoop,1783005977153,2026-07-02,Thu
alfims,65,Phase 2: CPU,bootLoop,1783005977158,2026-07-02,Thu
shadowladyex,65,Phase 2: CPU,bootLoop,1783005977164,2026-07-02,Thu
dahhel,65,Phase 2: CPU,bootLoop,1783005977169,2026-07-02,Thu
alburldador,65,Phase 2: CPU,bootLoop,1783005977192,2026-07-02,Thu
avin_novor,65,Phase 2: CPU,bootLoop,1783005977271,2026-07-02,Thu
alexwifi42,40,vote +2🔥,vodVote,1783006011140,2026-07-02,Thu
alexwifi42,33,Gauntlet vote: Batman: Arkham Knight [v:1],gauntlet,1783006062614,2026-07-02,Thu
alexwifi42,73,AI Art word: guide,art,1783006086402,2026-07-02,Thu
4gazmin4,50,vote +12🔥,vodVote,1783006165549,2026-07-02,Thu
4gazmin4,33,Gauntlet vote: Remnant: From the Ashes [v:1],gauntlet,1783006184307,2026-07-02,Thu
silent_luc,44,overtimeOverdose (1),vodVote,1783006195587,2026-07-02,Thu
4gazmin4,41,overtimeOverdose (2),vodVote,1783006197581,2026-07-02,Thu
alburldador,38,overtimeOverdose (3),vodVote,1783006235728,2026-07-02,Thu
shadowladyex,35,overtimeOverdose (4),vodVote,1783006278696,2026-07-02,Thu
dahhel,32,overtimeOverdose (5),vodVote,1783006335174,2026-07-02,Thu
xiaoxiao9313,29,overtimeOverdose (6),vodVote,1783006360905,2026-07-02,Thu
avin_novor,26,overtimeOverdose (7),vodVote,1783006361996,2026-07-02,Thu
xiaoxiao9313,39,vote +1🔥,vodVote,1783006369030,2026-07-02,Thu
xiaoxiao9313,33,Gauntlet vote: Moon Mystery [v:1],gauntlet,1783006397262,2026-07-02,Thu
zoskycube,1,Ending round with !v###,vodVote,1783006441457,2026-07-02,Thu
xiaoxiao9313,100,AI Art word: cashiers,art,1783006451633,2026-07-02,Thu
alphonsoe,132,Gauntlet vote: Batman - The Telltale Series [v:4],gauntlet,1783006547486,2026-07-02,Thu
alphonsoe,53,vote +15🔥,vodVote,1783006558762,2026-07-02,Thu
4gazmin4,51,vote +13🔥,vodVote,1783006588152,2026-07-02,Thu
shadowladyex,50,vote +12🔥,vodVote,1783006598834,2026-07-02,Thu
zoskycube,48,🏆 Unlocked: Ending: SSR (51.7% rarity),steamChevos,1783006607464,2026-07-02,Thu
dahhel,40,vote +2🔥,vodVote,1783006707535,2026-07-02,Thu
alburldador,38,vote ,vodVote,1783006719289,2026-07-02,Thu
silent_luc,47,vote +9🔥,vodVote,1783006749938,2026-07-02,Thu
calypso_ba,38,vote ,vodVote,1783006770875,2026-07-02,Thu
calypso_ba,132,Gauntlet vote: Tomb Raider IV-VI Remastered [v:4],gauntlet,1783006800839,2026-07-02,Thu
avin_novor,41,vote +3🔥,vodVote,1783006802451,2026-07-02,Thu
alfims,45,vote +7🔥,vodVote,1783007001791,2026-07-02,Thu
alfims,132,Gauntlet vote: Cryptmaster [v:4],gauntlet,1783007018173,2026-07-02,Thu
alfims,94,AI Art word: lungs,art,1783007102830,2026-07-02,Thu
xiaoxiao9313,40,vote +2🔥,vodVote,1783007175459,2026-07-02,Thu
alexwifi42,41,vote +3🔥,vodVote,1783007247468,2026-07-02,Thu
ikaliayev,50,vote +12🔥,vodVote,1783007256427,2026-07-02,Thu
alexwifi42,33,Gauntlet vote: Cat Quest III [v:1],gauntlet,1783007264873,2026-07-02,Thu
alphonsoe,45,Phase 1: CPU,bootLoop,1783007305996,2026-07-02,Thu
alburldador,45,Phase 1: CPU,bootLoop,1783007305999,2026-07-02,Thu
shadowladyex,45,Phase 1: CPU,bootLoop,1783007306004,2026-07-02,Thu
avin_novor,45,Phase 1: CPU,bootLoop,1783007306009,2026-07-02,Thu
alexwifi42,45,Phase 1: CPU,bootLoop,1783007306012,2026-07-02,Thu
silent_luc,45,Phase 1: CPU,bootLoop,1783007306031,2026-07-02,Thu
xiaoxiao9313,45,Phase 1: CPU,bootLoop,1783007306053,2026-07-02,Thu
dahhel,45,Phase 1: CPU,bootLoop,1783007306056,2026-07-02,Thu
alfims,45,Phase 1: CPU,bootLoop,1783007306130,2026-07-02,Thu
alburldador,44,overtimeOverdose (1),vodVote,1783007395410,2026-07-02,Thu
dahhel,41,overtimeOverdose (2),vodVote,1783007413600,2026-07-02,Thu
zoskycube,50,🏆 Unlocked: Ending: T4L (49.9% rarity),steamChevos,1783007420037,2026-07-02,Thu
4gazmin4,38,overtimeOverdose (3),vodVote,1783007440855,2026-07-02,Thu
pika_gamy,35,overtimeOverdose (4),vodVote,1783007466668,2026-07-02,Thu
pika_gamy,38,vote ,vodVote,1783007478974,2026-07-02,Thu
ikaliayev,32,overtimeOverdose (5),vodVote,1783007643768,2026-07-02,Thu
aspio9,38,vote ,vodVote,1783007664953,2026-07-02,Thu
silent_luc,29,overtimeOverdose (6),vodVote,1783007665702,2026-07-02,Thu
aspio9,33,Gauntlet vote: Coromon [v:1],gauntlet,1783007678206,2026-07-02,Thu
zoskycube,1,Ending round with !v###,vodVote,1783007685036,2026-07-02,Thu
dahhel,41,vote +3🔥,vodVote,1783007841016,2026-07-02,Thu
ikaliayev,51,vote +13🔥,vodVote,1783007858355,2026-07-02,Thu
slay_da_b,38,vote ,vodVote,1783007911414,2026-07-02,Thu
slay_da_b,1000,Voucher: dailyDose,voucher,1783007960667,2026-07-02,Thu
zoskycube,47,🏆 Unlocked: Ending: PP (52.9% rarity),steamChevos,1783007961966,2026-07-02,Thu
zoskycube,48,🏆 Unlocked: Ending: VH (52.3% rarity),steamChevos,1783007961978,2026-07-02,Thu
cerebralx1,38,vote ,vodVote,1783008137670,2026-07-02,Thu
cerebralx1,157,AI Art word: anarchy,art,1783008196693,2026-07-02,Thu
thanossoul,38,vote ,vodVote,1783008271082,2026-07-02,Thu
cerebralx1,33,Gauntlet vote: Songbringer [v:1],gauntlet,1783008280290,2026-07-02,Thu
thanossoul,33,Gauntlet vote: Bless Unleashed [v:1],gauntlet,1783008281694,2026-07-02,Thu
4gazmin4,52,vote +14🔥,vodVote,1783008290477,2026-07-02,Thu
4gazmin4,33,Gauntlet vote: Half-Life Deathmatch: Source [v:1],gauntlet,1783008299376,2026-07-02,Thu
xiaoxiao9313,41,vote +3🔥,vodVote,1783008315988,2026-07-02,Thu
xiaoxiao9313,33,Gauntlet vote: Expeditions: Rome [v:1],gauntlet,1783008332410,2026-07-02,Thu
silent_luc,48,vote +10🔥,vodVote,1783008368905,2026-07-02,Thu
alburldador,39,vote +1🔥,vodVote,1783008391673,2026-07-02,Thu
alburldador,132,Gauntlet vote: Wolfenstein: Cyberpilot [v:4],gauntlet,1783008399479,2026-07-02,Thu
xiaoxiao9313,87,AI Art word: knight,art,1783008440886,2026-07-02,Thu
zoskycube,52,🏆 Unlocked: Ending: MBH (47.7% rarity),steamChevos,1783008503830,2026-07-02,Thu
avin_novor,42,vote +4🔥,vodVote,1783008600152,2026-07-02,Thu
alyssrentori,132,Gauntlet vote: POSTAL [v:4],gauntlet,1783008603577,2026-07-02,Thu
alburldador,44,overtimeOverdose (1),vodVote,1783008607207,2026-07-02,Thu
avin_novor,44,overtimeOverdose (1),vodVote,1783008607708,2026-07-02,Thu
ikaliayev,41,overtimeOverdose (2),vodVote,1783008615198,2026-07-02,Thu
dahhel,38,overtimeOverdose (3),vodVote,1783008618006,2026-07-02,Thu
thanossoul,35,overtimeOverdose (4),vodVote,1783008644241,2026-07-02,Thu
cerebralx1,32,overtimeOverdose (5),vodVote,1783008649598,2026-07-02,Thu
alburldador,45,Phase 1: RAM,bootLoop,1783008780631,2026-07-02,Thu
ikaliayev,45,Phase 1: RAM,bootLoop,1783008780649,2026-07-02,Thu
cerebralx1,45,Phase 1: RAM,bootLoop,1783008780652,2026-07-02,Thu
xiaoxiao9313,45,Phase 1: RAM,bootLoop,1783008780658,2026-07-02,Thu
thanossoul,45,Phase 1: RAM,bootLoop,1783008780662,2026-07-02,Thu
dahhel,45,Phase 1: RAM,bootLoop,1783008780669,2026-07-02,Thu
silent_luc,45,Phase 1: RAM,bootLoop,1783008781618,2026-07-02,Thu
zoskycube,1,Ending round with !v###,vodVote,1783008932731,2026-07-02,Thu
ikaliayev,1000,Voucher: dailyDose,voucher,1783009052220,2026-07-02,Thu
cerebralx1,39,vote +1🔥,vodVote,1783009070450,2026-07-02,Thu
pika_gamy,38,vote ,vodVote,1783009091783,2026-07-02,Thu
ikaliayev,52,vote +14🔥,vodVote,1783009105906,2026-07-02,Thu
madagascaradam,38,vote ,vodVote,1783009148098,2026-07-02,Thu
dahhel,42,vote +4🔥,vodVote,1783009165681,2026-07-02,Thu
madagascaradam,147,AI Art word: perky,art,1783009183139,2026-07-02,Thu
4gazmin4,53,vote +15🔥,vodVote,1783009193978,2026-07-02,Thu
4gazmin4,33,Gauntlet vote: Shatter [v:1],gauntlet,1783009207793,2026-07-02,Thu
alburldador,40,vote +2🔥,vodVote,1783009259049,2026-07-02,Thu
thanossoul,39,vote +1🔥,vodVote,1783009260293,2026-07-02,Thu
cerebralx1,132,Gauntlet vote: BIOMUTANT [v:4],gauntlet,1783009272413,2026-07-02,Thu
thanossoul,33,Gauntlet vote: Mini Motor Racing X [v:1],gauntlet,1783009275438,2026-07-02,Thu
xiaoxiao9313,42,vote +4🔥,vodVote,1783009302845,2026-07-02,Thu
zoskycube,47,🏆 Unlocked: Ending: SBO (52.9% rarity),steamChevos,1783009316931,2026-07-02,Thu
ivanpetrov32,33,Gauntlet vote: Sword of the Stars Complete Collection [v:1],gauntlet,1783009333674,2026-07-02,Thu
aspio9,38,vote ,vodVote,1783009427286,2026-07-02,Thu
aspio9,33,Gauntlet vote: The Kings' Crusade [v:1],gauntlet,1783009438336,2026-07-02,Thu
cerebralx1,154,AI Art word: talkback,art,1783009677984,2026-07-02,Thu
dahhel,44,overtimeOverdose (1),vodVote,1783009687113,2026-07-02,Thu
cerebralx1,41,overtimeOverdose (2),vodVote,1783009697282,2026-07-02,Thu
thanossoul,38,overtimeOverdose (3),vodVote,1783009796645,2026-07-02,Thu
thanossoul,33,Gauntlet vote: Call of Juarez: Bound in Blood [v:1],gauntlet,1783009816680,2026-07-02,Thu
ikaliayev,35,overtimeOverdose (4),vodVote,1783009844574,2026-07-02,Thu
alburldador,32,overtimeOverdose (5),vodVote,1783009879536,2026-07-02,Thu
zoskycube,1,Ending round with !v###,vodVote,1783009934756,2026-07-02,Thu
thanossoul,45,Phase 1: CPU,bootLoop,1783010073985,2026-07-02,Thu
ikaliayev,45,Phase 1: CPU,bootLoop,1783010073991,2026-07-02,Thu
alburldador,45,Phase 1: CPU,bootLoop,1783010074004,2026-07-02,Thu
dahhel,45,Phase 1: CPU,bootLoop,1783010074007,2026-07-02,Thu
silent_luc,45,Phase 1: CPU,bootLoop,1783010074018,2026-07-02,Thu
4gazmin4,54,vote +16🔥,vodVote,1783010104271,2026-07-02,Thu
4gazmin4,33,Gauntlet vote: DOOM [v:1],gauntlet,1783010114533,2026-07-02,Thu
ikaliayev,53,vote +15🔥,vodVote,1783010180779,2026-07-02,Thu
silent_luc,38,vote ,vodVote,1783010210705,2026-07-02,Thu
dahhel,43,vote +5🔥,vodVote,1783010238928,2026-07-02,Thu
yurigiu,38,vote ,vodVote,1783010241981,2026-07-02,Thu
yurigiu,132,Gauntlet vote: Superliminal [v:4],gauntlet,1783010249030,2026-07-02,Thu
yurigiu,147,AI Art word: ducked,art,1783010258955,2026-07-02,Thu
cerebralx1,40,vote +2🔥,vodVote,1783010526235,2026-07-02,Thu
cerebralx1,132,Gauntlet vote: Euro Truck Simulator 2 [v:4],gauntlet,1783010578748,2026-07-02,Thu
thanossoul,115,AI Art word: falling,art,1783010693017,2026-07-02,Thu
cerebralx1,44,overtimeOverdose (1),vodVote,1783010773724,2026-07-02,Thu
alburldador,41,overtimeOverdose (2),vodVote,1783010837102,2026-07-02,Thu
alburldador,41,vote +3🔥,vodVote,1783010845948,2026-07-02,Thu
ikaliayev,38,overtimeOverdose (3),vodVote,1783010855076,2026-07-02,Thu
avin_novor,35,overtimeOverdose (4),vodVote,1783010986148,2026-07-02,Thu
avin_novor,38,vote ,vodVote,1783010991282,2026-07-02,Thu
4gazmin4,32,overtimeOverdose (5),vodVote,1783011041428,2026-07-02,Thu
thanossoul,29,overtimeOverdose (6),vodVote,1783011050538,2026-07-02,Thu
zoskycube,1,Ending round with !v###,vodVote,1783011051670,2026-07-02,Thu
cerebralx1,81,AI Art word: restock,art,1783011059514,2026-07-02,Thu
ikaliayev,54,vote +16🔥,vodVote,1783011163125,2026-07-02,Thu
dahhel,44,vote +6🔥,vodVote,1783011183297,2026-07-02,Thu
cerebralx1,132,Gauntlet vote: Pool Panic [v:4],gauntlet,1783011205381,2026-07-02,Thu
silent_luc,39,vote +1🔥,vodVote,1783011241085,2026-07-02,Thu
xiaoxiao9313,38,vote ,vodVote,1783011385681,2026-07-02,Thu
cerebralx1,41,vote +3🔥,vodVote,1783011422224,2026-07-02,Thu
4gazmin4,55,vote +17🔥,vodVote,1783011457014,2026-07-02,Thu
cerebralx1,45,Phase 1: GPU,bootLoop,1783011491360,2026-07-02,Thu
ikaliayev,45,Phase 1: GPU,bootLoop,1783011491363,2026-07-02,Thu
dahhel,45,Phase 1: GPU,bootLoop,1783011491367,2026-07-02,Thu
silent_luc,45,Phase 1: GPU,bootLoop,1783011491422,2026-07-02,Thu
xiaoxiao9313,45,Phase 1: GPU,bootLoop,1783011491478,2026-07-02,Thu
avin_novor,39,vote +1🔥,vodVote,1783011506046,2026-07-02,Thu
alfims,38,vote ,vodVote,1783011541193,2026-07-02,Thu
alfims,126,AI Art word: vivid,art,1783011555983,2026-07-02,Thu
madagascaradam,38,vote ,vodVote,1783011608556,2026-07-02,Thu
alburldador,42,vote +4🔥,vodVote,1783011754310,2026-07-02,Thu
aspio9,38,vote ,vodVote,1783011787576,2026-07-02,Thu
aspio9,33,Gauntlet vote: Phantom Line Playtest [v:1],gauntlet,1783011792844,2026-07-02,Thu
madagascaradam,65,Phase 2: RAM,bootLoop,1783011935447,2026-07-02,Thu
avin_novor,65,Phase 2: RAM,bootLoop,1783011935450,2026-07-02,Thu
alburldador,65,Phase 2: RAM,bootLoop,1783011935452,2026-07-02,Thu
alfims,65,Phase 2: RAM,bootLoop,1783011935462,2026-07-02,Thu
cerebralx1,65,Phase 2: RAM,bootLoop,1783011935469,2026-07-02,Thu
dahhel,65,Phase 2: RAM,bootLoop,1783011935481,2026-07-02,Thu
dahhel,33,Gauntlet vote: Wreckfest [v:1],gauntlet,1783012014597,2026-07-02,Thu
alburldador,44,overtimeOverdose (1),vodVote,1783012067960,2026-07-02,Thu
ikaliayev,41,overtimeOverdose (2),vodVote,1783012069769,2026-07-02,Thu
cerebralx1,38,overtimeOverdose (3),vodVote,1783012072908,2026-07-02,Thu
dahhel,35,overtimeOverdose (4),vodVote,1783012105914,2026-07-02,Thu
thanossoul,32,overtimeOverdose (5),vodVote,1783012135949,2026-07-02,Thu
4gazmin4,29,overtimeOverdose (6),vodVote,1783012205912,2026-07-02,Thu
xiaoxiao9313,26,overtimeOverdose (7),vodVote,1783012246200,2026-07-02,Thu
ivanpetrov32,38,vote ,vodVote,1783012260507,2026-07-02,Thu
zoskycube,1,Ending round with !v###,vodVote,1783012328969,2026-07-02,Thu
4gazmin4,56,vote +18🔥,vodVote,1783012434611,2026-07-02,Thu
4gazmin4,33,Gauntlet vote: System Shock 2 [v:1],gauntlet,1783012458790,2026-07-02,Thu
cerebralx1,165,AI Art word: jawbreaker,art,1783012519793,2026-07-02,Thu
ikaliayev,55,vote +17🔥,vodVote,1783012526672,2026-07-02,Thu
cerebralx1,42,vote +4🔥,vodVote,1783012587342,2026-07-02,Thu
avin_novor,40,vote +2🔥,vodVote,1783012592116,2026-07-02,Thu
avin_novor,132,Gauntlet vote: THE FINALS [v:4],gauntlet,1783012606143,2026-07-02,Thu
silent_luc,40,vote +2🔥,vodVote,1783012645037,2026-07-02,Thu
dahhel,45,vote +7🔥,vodVote,1783012753549,2026-07-02,Thu
thanossoul,38,vote ,vodVote,1783012780873,2026-07-02,Thu
thanossoul,33,Gauntlet vote: Mega Man 11 [v:1],gauntlet,1783012789378,2026-07-02,Thu
thanossoul,45,Phase 1: GPU,bootLoop,1783012962100,2026-07-02,Thu
dahhel,45,Phase 1: GPU,bootLoop,1783012962113,2026-07-02,Thu
avin_novor,45,Phase 1: GPU,bootLoop,1783012962118,2026-07-02,Thu
silent_luc,45,Phase 1: GPU,bootLoop,1783012962249,2026-07-02,Thu
pika_gamy,38,vote ,vodVote,1783012998735,2026-07-02,Thu
pika_gamy,33,Gauntlet vote: From Space [v:1],gauntlet,1783013008774,2026-07-02,Thu
alburldador,43,vote +5🔥,vodVote,1783013036259,2026-07-02,Thu
alfims,92,AI Art word: entry,art,1783013324483,2026-07-02,Thu
alfims,39,vote +1🔥,vodVote,1783013325871,2026-07-02,Thu
chestersz,38,vote ,vodVote,1783013332860,2026-07-02,Thu
chestersz,115,AI Art word: ebonics,art,1783013391443,2026-07-02,Thu
chestersz,33,Gauntlet vote: Cricket: Jae's Really Peculiar Game [v:1],gauntlet,1783013408180,2026-07-02,Thu
alburldador,44,overtimeOverdose (1),vodVote,1783013415174,2026-07-02,Thu
ikaliayev,41,overtimeOverdose (2),vodVote,1783013483152,2026-07-02,Thu
dahhel,65,Phase 2: RAM,bootLoop,1783013494039,2026-07-02,Thu
silent_luc,65,Phase 2: RAM,bootLoop,1783013494055,2026-07-02,Thu
alburldador,65,Phase 2: RAM,bootLoop,1783013494065,2026-07-02,Thu
alfims,65,Phase 2: RAM,bootLoop,1783013494067,2026-07-02,Thu
ikaliayev,65,Phase 2: RAM,bootLoop,1783013494072,2026-07-02,Thu
cerebralx1,65,Phase 2: RAM,bootLoop,1783013494146,2026-07-02,Thu
thanossoul,38,overtimeOverdose (3),vodVote,1783013511920,2026-07-02,Thu
lillakra,38,vote ,vodVote,1783013522442,2026-07-02,Thu
lillakra,35,overtimeOverdose (4),vodVote,1783013528104,2026-07-02,Thu
lillakra,33,Gauntlet vote: Syberia - The World Before [v:1],gauntlet,1783013535822,2026-07-02,Thu
thanossoul,33,Gauntlet vote: UFO: Afterlight [v:1],gauntlet,1783013541088,2026-07-02,Thu
pika_gamy,32,overtimeOverdose (5),vodVote,1783013563195,2026-07-02,Thu
cerebralx1,29,overtimeOverdose (6),vodVote,1783013706588,2026-07-02,Thu
zoskycube,1,Ending round with !v###,vodVote,1783013707658,2026-07-02,Thu
dahhel,46,vote +8🔥,vodVote,1783013844968,2026-07-02,Thu
cerebralx1,117,AI Art word: antitank,art,1783013854056,2026-07-02,Thu
alfims,40,vote +2🔥,vodVote,1783013872103,2026-07-02,Thu
alfims,132,Gauntlet vote: Cobra Kai: The Karate Kid Saga Continues [v:4],gauntlet,1783013879868,2026-07-02,Thu
alburldador,44,vote +6🔥,vodVote,1783013884106,2026-07-02,Thu
cerebralx1,43,vote +5🔥,vodVote,1783013898231,2026-07-02,Thu
4gazmin4,57,vote +19🔥,vodVote,1783013925672,2026-07-02,Thu
4gazmin4,33,Gauntlet vote: As Dusk Falls [v:1],gauntlet,1783013938467,2026-07-02,Thu
ivanpetrov32,38,vote ,vodVote,1783013954534,2026-07-02,Thu
ikaliayev,56,vote +18🔥,vodVote,1783014002604,2026-07-02,Thu
xiaoxiao9313,38,vote ,vodVote,1783014130908,2026-07-02,Thu
xiaoxiao9313,33,Gauntlet vote: Mycopunk [v:1],gauntlet,1783014138831,2026-07-02,Thu
avin_novor,41,vote +3🔥,vodVote,1783014235100,2026-07-02,Thu
ikaliayev,45,Phase 1: CPU,bootLoop,1783014578493,2026-07-02,Thu
alburldador,45,Phase 1: CPU,bootLoop,1783014578501,2026-07-02,Thu
dahhel,45,Phase 1: CPU,bootLoop,1783014578504,2026-07-02,Thu
avin_novor,45,Phase 1: CPU,bootLoop,1783014578506,2026-07-02,Thu
cerebralx1,45,Phase 1: CPU,bootLoop,1783014578512,2026-07-02,Thu
dahhel,132,Gauntlet vote: Wolfenstein II: The New Colossus [v:4],gauntlet,1783014690102,2026-07-02,Thu
johnnymnemonics,38,vote ,vodVote,1783014693852,2026-07-02,Thu
dahhel,1000,Voucher: dailyDose,voucher,1783014725901,2026-07-02,Thu
johnnymnemonics,1000,Voucher: dailyDose,voucher,1783014727438,2026-07-02,Thu
alfims,44,overtimeOverdose (1),vodVote,1783014792246,2026-07-02,Thu
alburldador,41,overtimeOverdose (2),vodVote,1783014800202,2026-07-02,Thu
alfims,100,AI Art word: pillar,art,1783014816949,2026-07-02,Thu
zoskycube,1,Ending round with !v###,vodVote,1783015024981,2026-07-02,Thu
ikaliayev,57,vote +19🔥,vodVote,1783015143254,2026-07-02,Thu
4gazmin4,58,vote +20🔥,vodVote,1783015183357,2026-07-02,Thu
4gazmin4,33,Gauntlet vote: Mount  [v:1],gauntlet,1783015201365,2026-07-02,Thu
avin_novor,42,vote +4🔥,vodVote,1783015276588,2026-07-02,Thu
dahhel,47,vote +9🔥,vodVote,1783015589467,2026-07-02,Thu
ivanpetrov32,38,vote ,vodVote,1783015739628,2026-07-02,Thu
alfims,38,vote ,vodVote,1783015889073,2026-07-02,Thu
alfims,44,overtimeOverdose (1),vodVote,1783015891351,2026-07-02,Thu
ikaliayev,41,overtimeOverdose (2),vodVote,1783016020414,2026-07-02,Thu
dahhel,38,overtimeOverdose (3),vodVote,1783016023345,2026-07-02,Thu
aspio9,38,vote ,vodVote,1783016047429,2026-07-02,Thu
avin_novor,35,overtimeOverdose (4),vodVote,1783016056002,2026-07-02,Thu
zoskycube,1,Ending round with !v###,vodVote,1783016057088,2026-07-02,Thu
aspio9,33,Gauntlet vote: Dave Dave Dave [v:1],gauntlet,1783016058046,2026-07-02,Thu
aspio9,63,AI Art word: name,art,1783016159146,2026-07-02,Thu
alfims,122,AI Art word: nutmeg,art,1783016160123,2026-07-02,Thu
alfims,39,vote +1🔥,vodVote,1783016167486,2026-07-02,Thu
xiaoxiao9313,38,vote ,vodVote,1783016199315,2026-07-02,Thu
xiaoxiao9313,33,Gauntlet vote: Cryptmaster [v:1],gauntlet,1783016202711,2026-07-02,Thu
dahhel,48,vote +10🔥,vodVote,1783016236068,2026-07-02,Thu
ikaliayev,58,vote +20🔥,vodVote,1783016427828,2026-07-02,Thu
avin_novor,43,vote +5🔥,vodVote,1783016448471,2026-07-02,Thu
dahhel,45,Phase 1: CPU,bootLoop,1783016553681,2026-07-02,Thu
ikaliayev,45,Phase 1: CPU,bootLoop,1783016553683,2026-07-02,Thu
avin_novor,45,Phase 1: CPU,bootLoop,1783016553689,2026-07-02,Thu
alfims,45,Phase 1: CPU,bootLoop,1783016553694,2026-07-02,Thu
xiaoxiao9313,45,Phase 1: CPU,bootLoop,1783016553696,2026-07-02,Thu
silent_luc,38,vote ,vodVote,1783016568851,2026-07-02,Thu
aspio9,33,Gauntlet vote: R.I.P.D.: The Game [v:1],gauntlet,1783016629806,2026-07-02,Thu
4gazmin4,59,vote +21🔥,vodVote,1783016641063,2026-07-02,Thu
4gazmin4,33,Gauntlet vote: The Old City: Leviathan [v:1],gauntlet,1783016773998,2026-07-02,Thu
4gazmin4,44,overtimeOverdose (1),vodVote,1783017114603,2026-07-02,Thu
avin_novor,41,overtimeOverdose (2),vodVote,1783017185979,2026-07-02,Thu
alexwifi42,38,overtimeOverdose (3),vodVote,1783017299239,2026-07-02,Thu
zoskycube,1,Ending round with !v###,vodVote,1783017320392,2026-07-02,Thu
avin_novor,361,640407+361 winning @ vodVote,vodVote,1783017320670,2026-07-02,Thu
4gazmin4,60,vote +22🔥,vodVote,1783017468524,2026-07-02,Thu
silent_luc,39,vote +1🔥,vodVote,1783017556448,2026-07-02,Thu
silent_luc,73,AI Art word: caregiver,art,1783017631231,2026-07-02,Thu
ikaliayev,59,vote +21🔥,vodVote,1783017668303,2026-07-02,Thu
aspio9,38,vote ,vodVote,1783017683754,2026-07-02,Thu
aspio9,33,Gauntlet vote: LEGO MARVEL's Avengers [v:1],gauntlet,1783017698544,2026-07-02,Thu
ivanpetrov32,38,vote ,vodVote,1783017716835,2026-07-02,Thu
avin_novor,44,vote +6🔥,vodVote,1783017878682,2026-07-02,Thu
avin_novor,132,Gauntlet vote: Neo Cab [v:4],gauntlet,1783017891617,2026-07-02,Thu
pika_gamy,38,vote ,vodVote,1783017970271,2026-07-02,Thu
4gazmin4,44,overtimeOverdose (1),vodVote,1783018149217,2026-07-02,Thu
alyssrentori,38,vote ,vodVote,1783018282185,2026-07-02,Thu
avin_novor,41,overtimeOverdose (2),vodVote,1783018322475,2026-07-02,Thu
alfims,40,vote +2🔥,vodVote,1783018331406,2026-07-02,Thu
alfims,38,overtimeOverdose (3),vodVote,1783018333554,2026-07-02,Thu
alfims,115,AI Art word: lookout,art,1783018343439,2026-07-02,Thu
ikaliayev,35,overtimeOverdose (4),vodVote,1783018348592,2026-07-02,Thu
pika_gamy,32,overtimeOverdose (5),vodVote,1783018366738,2026-07-02,Thu
zoskycube,1,Ending round with !v###,vodVote,1783018445570,2026-07-02,Thu
aspio9,33,Gauntlet vote: Pacific Drive [v:1],gauntlet,1783018458978,2026-07-02,Thu
aspio9,39,vote +1🔥,vodVote,1783018578620,2026-07-02,Thu
robin3one,38,vote ,vodVote,1783018596599,2026-07-02,Thu
robin3one,132,Gauntlet vote: Heavy Rain [v:4],gauntlet,1783018604677,2026-07-02,Thu
robin3one,136,AI Art word: wedding,art,1783018663043,2026-07-02,Thu
avin_novor,45,Phase 1: RAM,bootLoop,1783018693974,2026-07-02,Thu
silent_luc,45,Phase 1: RAM,bootLoop,1783018693979,2026-07-02,Thu
alfims,45,Phase 1: RAM,bootLoop,1783018693982,2026-07-02,Thu
ikaliayev,45,Phase 1: RAM,bootLoop,1783018693989,2026-07-02,Thu
aspio9,45,Phase 1: RAM,bootLoop,1783018694004,2026-07-02,Thu
robin3one,45,Phase 1: RAM,bootLoop,1783018694032,2026-07-02,Thu
4gazmin4,61,vote +23🔥,vodVote,1783018835163,2026-07-02,Thu
johnnymnemonics,38,vote ,vodVote,1783018842985,2026-07-02,Thu
4gazmin4,33,Gauntlet vote: Legacy of Kain Soul Reaver 1 [v:1],gauntlet,1783018847612,2026-07-02,Thu
4gazmin4,1000,Voucher: dailyDose,voucher,1783018867612,2026-07-02,Thu
johnnymnemonics,132,Gauntlet vote: Little Nightmares II [v:4],gauntlet,1783018875546,2026-07-02,Thu
johnnymnemonics,88,AI Art word: elderflower,art,1783018901016,2026-07-02,Thu
alexwifi42,49,AI Art word: emission,art,1783018902168,2026-07-02,Thu
alexwifi42,38,vote ,vodVote,1783018912639,2026-07-02,Thu
alexwifi42,33,Gauntlet vote: Batman: Arkham Origins [v:1],gauntlet,1783018917328,2026-07-02,Thu
ikaliayev,60,vote +22🔥,vodVote,1783018922404,2026-07-02,Thu
cerebralx1,38,vote ,vodVote,1783019071879,2026-07-02,Thu
silent_luc,40,vote +2🔥,vodVote,1783019085275,2026-07-02,Thu
silent_luc,65,Phase 2: CPU,bootLoop,1783019173930,2026-07-02,Thu
alexwifi42,65,Phase 2: CPU,bootLoop,1783019173933,2026-07-02,Thu
cerebralx1,65,Phase 2: CPU,bootLoop,1783019173937,2026-07-02,Thu
pika_gamy,65,Phase 2: CPU,bootLoop,1783019173943,2026-07-02,Thu
ikaliayev,65,Phase 2: CPU,bootLoop,1783019173963,2026-07-02,Thu
robin3one,132,Gauntlet vote: LEGO Jurassic World [v:4],gauntlet,1783019192557,2026-07-02,Thu
cerebralx1,44,overtimeOverdose (1),vodVote,1783019235622,2026-07-02,Thu
aspio9,33,Gauntlet vote: Alan Wake's American Nightmare [v:1],gauntlet,1783019291691,2026-07-02,Thu
ikaliayev,41,overtimeOverdose (2),vodVote,1783019313105,2026-07-02,Thu
cerebralx1,84,AI Art word: artillery,art,1783019404499,2026-07-02,Thu
zoskycube,1,Ending round with !v###,vodVote,1783019502319,2026-07-02,Thu
pika_gamy,38,vote ,vodVote,1783019636227,2026-07-02,Thu
silent_luc,41,vote +3🔥,vodVote,1783019636254,2026-07-02,Thu
cerebralx1,39,vote +1🔥,vodVote,1783019662991,2026-07-02,Thu
ivanpetrov32,38,vote ,vodVote,1783019703675,2026-07-02,Thu
ikaliayev,61,vote +23🔥,vodVote,1783019739015,2026-07-02,Thu
aspio9,33,Gauntlet vote: Remnant: From the Ashes [v:1],gauntlet,1783019876154,2026-07-02,Thu
alyssrentori,38,vote ,vodVote,1783020130968,2026-07-02,Thu
alyssrentori,132,Gauntlet vote: Half-Life [v:4],gauntlet,1783020140707,2026-07-02,Thu
alyssrentori,91,AI Art word: miscreant,art,1783020156452,2026-07-02,Thu
silent_luc,45,Phase 1: GPU,bootLoop,1783020240382,2026-07-02,Thu
aspio9,45,Phase 1: GPU,bootLoop,1783020240415,2026-07-02,Thu
cerebralx1,45,Phase 1: GPU,bootLoop,1783020240418,2026-07-02,Thu
ikaliayev,45,Phase 1: GPU,bootLoop,1783020240424,2026-07-02,Thu
dahhel,38,vote ,vodVote,1783020320006,2026-07-02,Thu
4gazmin4,44,overtimeOverdose (1),vodVote,1783020677401,2026-07-02,Thu
calypso_ba,41,overtimeOverdose (2),vodVote,1783020686027,2026-07-02,Thu
silent_luc,38,overtimeOverdose (3),vodVote,1783020687555,2026-07-02,Thu
calypso_ba,38,vote ,vodVote,1783020690411,2026-07-02,Thu
calypso_ba,132,Gauntlet vote: Wreckfest [v:4],gauntlet,1783020698521,2026-07-02,Thu
thanossoul,35,overtimeOverdose (4),vodVote,1783020704069,2026-07-02,Thu
thanossoul,33,Gauntlet vote: Weapon of Choice [v:1],gauntlet,1783020713648,2026-07-02,Thu
cerebralx1,32,overtimeOverdose (5),vodVote,1783020732847,2026-07-02,Thu
pika_gamy,29,overtimeOverdose (6),vodVote,1783020742159,2026-07-02,Thu
dahhel,26,overtimeOverdose (7),vodVote,1783020753101,2026-07-02,Thu
cerebralx1,52,AI Art word: thunderstruck,art,1783020775712,2026-07-02,Thu
avin_novor,23,overtimeOverdose (8),vodVote,1783020858721,2026-07-02,Thu
avin_novor,38,vote ,vodVote,1783020864930,2026-07-02,Thu
thanossoul,126,AI Art word: tackle,art,1783020870536,2026-07-02,Thu
zoskycube,1,Ending round with !v###,vodVote,1783020900109,2026-07-02,Thu
alfims,33,Gauntlet vote: BRoS - Battle Royale of Survival [v:1],gauntlet,1783021000155,2026-07-02,Thu
alfims,38,vote ,vodVote,1783021011609,2026-07-02,Thu
ikaliayev,62,vote +24🔥,vodVote,1783021039829,2026-07-02,Thu
cerebralx1,40,vote +2🔥,vodVote,1783021052991,2026-07-02,Thu
4gazmin4,38,vote ,vodVote,1783021109506,2026-07-02,Thu
dahhel,39,vote +1🔥,vodVote,1783021225471,2026-07-02,Thu
pika_gamy,39,vote +1🔥,vodVote,1783021251896,2026-07-02,Thu
avin_novor,39,vote +1🔥,vodVote,1783021269042,2026-07-02,Thu
silent_luc,38,vote ,vodVote,1783021287340,2026-07-02,Thu
puphik,38,vote ,vodVote,1783021451079,2026-07-02,Thu
puphik,33,Gauntlet vote: FAR: Lone Sails [v:1],gauntlet,1783021456621,2026-07-02,Thu
valase,33,Gauntlet vote: Farming Simulator 17 [v:1],gauntlet,1783021514040,2026-07-02,Thu
valase,38,vote ,vodVote,1783021570255,2026-07-02,Thu
johnnymnemonics,38,vote ,vodVote,1783021685060,2026-07-02,Thu
puphik,45,Phase 1: GPU,bootLoop,1783021845977,2026-07-02,Thu
dahhel,45,Phase 1: GPU,bootLoop,1783021845993,2026-07-02,Thu
alfims,45,Phase 1: GPU,bootLoop,1783021846017,2026-07-02,Thu
silent_luc,45,Phase 1: GPU,bootLoop,1783021846020,2026-07-02,Thu
ikaliayev,45,Phase 1: GPU,bootLoop,1783021846024,2026-07-02,Thu
pika_gamy,45,Phase 1: GPU,bootLoop,1783021846031,2026-07-02,Thu
cerebralx1,45,Phase 1: GPU,bootLoop,1783021846034,2026-07-02,Thu
valase,45,Phase 1: GPU,bootLoop,1783021846040,2026-07-02,Thu
avin_novor,45,Phase 1: GPU,bootLoop,1783021846052,2026-07-02,Thu
valase,44,overtimeOverdose (1),vodVote,1783021954605,2026-07-02,Thu
dahhel,41,overtimeOverdose (2),vodVote,1783021970917,2026-07-02,Thu
cerebralx1,38,overtimeOverdose (3),vodVote,1783022015906,2026-07-02,Thu
ikaliayev,35,overtimeOverdose (4),vodVote,1783022119518,2026-07-02,Thu
zoskycube,1,Ending round with !v###,vodVote,1783022211561,2026-07-02,Thu
cerebralx1,151,AI Art word: struck,art,1783022389747,2026-07-02,Thu
dahhel,40,vote +2🔥,vodVote,1783022392706,2026-07-02,Thu
ikaliayev,63,vote +25🔥,vodVote,1783022444260,2026-07-02,Thu
silent_luc,39,vote +1🔥,vodVote,1783022454883,2026-07-02,Thu
ivanpetrov32,1000,Voucher: dailyDose,voucher,1783022472734,2026-07-02,Thu
ivanpetrov32,38,vote ,vodVote,1783022488687,2026-07-02,Thu
thanossoul,38,vote ,vodVote,1783022491171,2026-07-02,Thu
thanossoul,33,Gauntlet vote: Returnal™ [v:1],gauntlet,1783022502887,2026-07-02,Thu
ivanpetrov32,132,Gauntlet vote: Ghostrunner [v:4],gauntlet,1783022518838,2026-07-02,Thu
valase,39,vote +1🔥,vodVote,1783022549170,2026-07-02,Thu
cerebralx1,41,vote +3🔥,vodVote,1783022573498,2026-07-02,Thu
valase,132,Gauntlet vote: Planet Explorers [v:4],gauntlet,1783022628197,2026-07-02,Thu
4gazmin4,39,vote +1🔥,vodVote,1783022721248,2026-07-02,Thu
4gazmin4,33,Gauntlet vote: Blood Reaver [v:1],gauntlet,1783022735495,2026-07-02,Thu
aspio9,33,Gauntlet vote: As Dusk Falls [v:1],gauntlet,1783022824028,2026-07-02,Thu
aspio9,38,vote ,vodVote,1783022827647,2026-07-02,Thu
silent_luc,112,AI Art word: gingerbread,art,1783022952734,2026-07-02,Thu
cerebralx1,44,overtimeOverdose (1),vodVote,1783023062780,2026-07-02,Thu
silent_luc,41,overtimeOverdose (2),vodVote,1783023075306,2026-07-02,Thu
pika_gamy,38,overtimeOverdose (3),vodVote,1783023177345,2026-07-02,Thu
pika_gamy,40,vote +2🔥,vodVote,1783023179106,2026-07-02,Thu
madagascaradam,35,overtimeOverdose (4),vodVote,1783023221900,2026-07-02,Thu
madagascaradam,38,vote ,vodVote,1783023224851,2026-07-02,Thu
ikaliayev,32,overtimeOverdose (5),vodVote,1783023255821,2026-07-02,Thu
cerebralx1,45,Phase 1: HDD,bootLoop,1783023330104,2026-07-02,Thu
valase,45,Phase 1: HDD,bootLoop,1783023330130,2026-07-02,Thu
ikaliayev,45,Phase 1: HDD,bootLoop,1783023330134,2026-07-02,Thu
dahhel,45,Phase 1: HDD,bootLoop,1783023330145,2026-07-02,Thu
silent_luc,45,Phase 1: HDD,bootLoop,1783023330149,2026-07-02,Thu
pika_gamy,45,Phase 1: HDD,bootLoop,1783023330153,2026-07-02,Thu
madagascaradam,45,Phase 1: HDD,bootLoop,1783023330262,2026-07-02,Thu
valase,29,overtimeOverdose (6),vodVote,1783023333868,2026-07-02,Thu
zoskycube,1,Ending round with !v###,vodVote,1783023334426,2026-07-02,Thu
aspio9,33,Gauntlet vote: Heavy Rain [v:1],gauntlet,1783023385188,2026-07-02,Thu
aspio9,1000,Voucher: dailyDose,voucher,1783023397083,2026-07-02,Thu
aspio9,4340,Voucher: zB → zCubes,voucher,1783023421239,2026-07-02,Thu
dahhel,41,vote +3🔥,vodVote,1783023463555,2026-07-02,Thu
silent_luc,40,vote +2🔥,vodVote,1783023485278,2026-07-02,Thu
ikaliayev,64,vote +26🔥,vodVote,1783023507679,2026-07-02,Thu
valase,40,vote +2🔥,vodVote,1783023523565,2026-07-02,Thu
cerebralx1,42,vote +4🔥,vodVote,1783023664735,2026-07-02,Thu
4gazmin4,40,vote +2🔥,vodVote,1783023667870,2026-07-02,Thu
avin_novor,38,vote ,vodVote,1783023672845,2026-07-02,Thu
pika_gamy,41,vote +3🔥,vodVote,1783023683924,2026-07-02,Thu
operacional_cae,33,Gauntlet vote: Hellblade: Senua's Sacrifice [v:1],gauntlet,1783023712520,2026-07-02,Thu
operacional_cae,168,AI Art word: jobless,art,1783023724422,2026-07-02,Thu
operacional_cae,38,vote ,vodVote,1783023730868,2026-07-02,Thu
ragnar175,38,vote ,vodVote,1783023903182,2026-07-02,Thu
ragnar175,140,AI Art word: latchkey,art,1783023950386,2026-07-02,Thu
ragnar175,65,Phase 2: RAM,bootLoop,1783023963611,2026-07-02,Thu
pika_gamy,65,Phase 2: RAM,bootLoop,1783023963618,2026-07-02,Thu
silent_luc,65,Phase 2: RAM,bootLoop,1783023963623,2026-07-02,Thu
ikaliayev,65,Phase 2: RAM,bootLoop,1783023963633,2026-07-02,Thu
avin_novor,65,Phase 2: RAM,bootLoop,1783023963637,2026-07-02,Thu
cerebralx1,65,Phase 2: RAM,bootLoop,1783023963643,2026-07-02,Thu
valase,65,Phase 2: RAM,bootLoop,1783023963650,2026-07-02,Thu
operacional_cae,65,Phase 2: RAM,bootLoop,1783023963655,2026-07-02,Thu
dahhel,65,Phase 2: RAM,bootLoop,1783023963658,2026-07-02,Thu
ragnar175,132,"Gauntlet vote: Warhammer 40,000: Rogue Trader [v:4]",gauntlet,1783023966468,2026-07-02,Thu
cerebralx1,91,AI Art word: landlord,art,1783024014863,2026-07-02,Thu
cerebralx1,44,overtimeOverdose (1),vodVote,1783024295367,2026-07-02,Thu
pika_gamy,41,overtimeOverdose (2),vodVote,1783024300284,2026-07-02,Thu
dahhel,38,overtimeOverdose (3),vodVote,1783024302893,2026-07-02,Thu
silent_luc,35,overtimeOverdose (4),vodVote,1783024311307,2026-07-02,Thu
pika_gamy,66,Gauntlet vote: Mount  [v:2],gauntlet,1783024319940,2026-07-02,Thu
operacional_cae,32,overtimeOverdose (5),vodVote,1783024328806,2026-07-02,Thu
operacional_cae,66,Gauntlet vote: Floor13 [v:2],gauntlet,1783024345346,2026-07-02,Thu
operacional_cae,1000,Voucher: dailyDose,voucher,1783024361329,2026-07-02,Thu
dahhel,33,Gauntlet vote: Starbound [v:1],gauntlet,1783024454171,2026-07-02,Thu
ikaliayev,29,overtimeOverdose (6),vodVote,1783024524933,2026-07-02,Thu
zoskycube,1,Ending round with !v###,vodVote,1783024598213,2026-07-02,Thu
dahhel,42,vote +4🔥,vodVote,1783024753198,2026-07-02,Thu
ikaliayev,65,vote +27🔥,vodVote,1783024766347,2026-07-02,Thu
ragnar175,39,vote +1🔥,vodVote,1783024823621,2026-07-02,Thu
ragnar175,132,Gauntlet vote: ASHGARD: Infinity Mask Demo [v:4],gauntlet,1783024833093,2026-07-02,Thu
silent_luc,41,vote +3🔥,vodVote,1783024891332,2026-07-02,Thu
operacional_cae,39,vote +1🔥,vodVote,1783024992744,2026-07-02,Thu
operacional_cae,66,Gauntlet vote: RAGE [v:2],gauntlet,1783025013789,2026-07-02,Thu
alyssrentori,56,AI Art word: aardvark,art,1783025051336,2026-07-02,Thu
alyssrentori,38,vote ,vodVote,1783025057736,2026-07-02,Thu
operacional_cae,45,Phase 1: RAM,bootLoop,1783025065105,2026-07-02,Thu
silent_luc,45,Phase 1: RAM,bootLoop,1783025065109,2026-07-02,Thu
ragnar175,45,Phase 1: RAM,bootLoop,1783025065113,2026-07-02,Thu
ikaliayev,45,Phase 1: RAM,bootLoop,1783025065127,2026-07-02,Thu
dahhel,45,Phase 1: RAM,bootLoop,1783025065140,2026-07-02,Thu
alyssrentori,66,Gauntlet vote: Half-Life [v:2],gauntlet,1783025071475,2026-07-02,Thu
puphik,38,vote ,vodVote,1783025206920,2026-07-02,Thu
puphik,33,Gauntlet vote: LIMBO [v:1],gauntlet,1783025219587,2026-07-02,Thu
ragnar175,103,AI Art word: krone,art,1783025316821,2026-07-02,Thu
yurigiu,38,vote ,vodVote,1783025401060,2026-07-02,Thu
yurigiu,132,Gauntlet vote: Sticky Business [v:4],gauntlet,1783025407536,2026-07-02,Thu
thanossoul,38,vote ,vodVote,1783025410778,2026-07-02,Thu
pika_gamy,42,vote +4🔥,vodVote,1783025423555,2026-07-02,Thu
thanossoul,33,Gauntlet vote: Phantom Line Playtest [v:1],gauntlet,1783025442794,2026-07-02,Thu
valase,41,vote +3🔥,vodVote,1783025601260,2026-07-02,Thu
alfims,38,vote ,vodVote,1783025639398,2026-07-02,Thu
alfims,33,Gauntlet vote: Never Alone (Kisima Ingitchuna) [v:1],gauntlet,1783025646163,2026-07-02,Thu
madagascaradam,44,overtimeOverdose (1),vodVote,1783025751775,2026-07-02,Thu
madagascaradam,38,vote ,vodVote,1783025755477,2026-07-02,Thu
pika_gamy,41,overtimeOverdose (2),vodVote,1783025800189,2026-07-02,Thu
silent_luc,38,overtimeOverdose (3),vodVote,1783025823555,2026-07-02,Thu
operacional_cae,35,overtimeOverdose (4),vodVote,1783025836174,2026-07-02,Thu
dahhel,32,overtimeOverdose (5),vodVote,1783025855017,2026-07-02,Thu
operacional_cae,66,Gauntlet vote: Teslagrad Remastered [v:2],gauntlet,1783025856864,2026-07-02,Thu
operacional_cae,146,AI Art word: maverick,art,1783025877424,2026-07-02,Thu
valase,29,overtimeOverdose (6),vodVote,1783025924509,2026-07-02,Thu
ragnar175,26,overtimeOverdose (7),vodVote,1783025980702,2026-07-02,Thu
zoskycube,1,Ending round with !v###,vodVote,1783025997308,2026-07-02,Thu
ikaliayev,361,991254+361 winning @ vodVote,vodVote,1783025998232,2026-07-02,Thu
ragnar175,99,Gauntlet vote: Radical Rabbit Stew [v:3],gauntlet,1783026012294,2026-07-02,Thu
pika_gamy,43,vote +5🔥,vodVote,1783026120848,2026-07-02,Thu
dahhel,43,vote +5🔥,vodVote,1783026126486,2026-07-02,Thu
madagascaradam,39,vote +1🔥,vodVote,1783026127171,2026-07-02,Thu
ikaliayev,66,vote +28🔥,vodVote,1783026153793,2026-07-02,Thu
valase,42,vote +4🔥,vodVote,1783026180022,2026-07-02,Thu
ragnar175,40,vote +2🔥,vodVote,1783026201984,2026-07-02,Thu
ikaliayev,45,Phase 1: CPU,bootLoop,1783026511839,2026-07-02,Thu
madagascaradam,45,Phase 1: CPU,bootLoop,1783026511863,2026-07-02,Thu
ragnar175,45,Phase 1: CPU,bootLoop,1783026511866,2026-07-02,Thu
silent_luc,45,Phase 1: CPU,bootLoop,1783026511869,2026-07-02,Thu
pika_gamy,45,Phase 1: CPU,bootLoop,1783026511878,2026-07-02,Thu
valase,45,Phase 1: CPU,bootLoop,1783026511883,2026-07-02,Thu
dahhel,45,Phase 1: CPU,bootLoop,1783026511903,2026-07-02,Thu
4gazmin4,38,vote ,vodVote,1783026752459,2026-07-02,Thu
silent_luc,42,vote +4🔥,vodVote,1783026859276,2026-07-02,Thu
silent_luc,147,AI Art word: butcher,art,1783026880932,2026-07-02,Thu
valase,44,overtimeOverdose (1),vodVote,1783026894601,2026-07-02,Thu
thanossoul,41,overtimeOverdose (2),vodVote,1783026914551,2026-07-02,Thu
thanossoul,33,Gauntlet vote: From Space [v:1],gauntlet,1783026923083,2026-07-02,Thu
alfims,39,vote +1🔥,vodVote,1783026938052,2026-07-02,Thu
alfims,38,overtimeOverdose (3),vodVote,1783026940546,2026-07-02,Thu
dahhel,35,overtimeOverdose (4),vodVote,1783026951374,2026-07-02,Thu
alfims,132,Gauntlet vote: Scribblenauts Unlimited [v:4],gauntlet,1783026952526,2026-07-02,Thu
ikaliayev,32,overtimeOverdose (5),vodVote,1783026962191,2026-07-02,Thu
silent_luc,29,overtimeOverdose (6),vodVote,1783026972368,2026-07-02,Thu
madagascaradam,26,overtimeOverdose (7),vodVote,1783027023909,2026-07-02,Thu
valase,65,Phase 2: RAM,bootLoop,1783027043870,2026-07-02,Thu
ikaliayev,65,Phase 2: RAM,bootLoop,1783027043888,2026-07-02,Thu
dahhel,65,Phase 2: RAM,bootLoop,1783027043894,2026-07-02,Thu
madagascaradam,65,Phase 2: RAM,bootLoop,1783027043904,2026-07-02,Thu
silent_luc,65,Phase 2: RAM,bootLoop,1783027043908,2026-07-02,Thu
alfims,65,Phase 2: RAM,bootLoop,1783027043910,2026-07-02,Thu
thanossoul,65,Phase 2: RAM,bootLoop,1783027043914,2026-07-02,Thu
avin_novor,38,vote ,vodVote,1783027049905,2026-07-02,Thu
avin_novor,23,overtimeOverdose (8),vodVote,1783027055742,2026-07-02,Thu
madagascaradam,126,AI Art word: ducks,art,1783027059987,2026-07-02,Thu
zoskycube,1,Ending round with !v###,vodVote,1783027087172,2026-07-02,Thu
alfims,40,vote +2🔥,vodVote,1783027193360,2026-07-02,Thu
ikaliayev,67,vote +29🔥,vodVote,1783027279559,2026-07-02,Thu
valase,43,vote +5🔥,vodVote,1783027312209,2026-07-02,Thu
dahhel,99,Gauntlet vote: Control Ultimate Edition [v:3],gauntlet,1783027382416,2026-07-02,Thu
dahhel,44,vote +6🔥,vodVote,1783027395076,2026-07-02,Thu
thanossoul,38,vote ,vodVote,1783027424335,2026-07-02,Thu
alyssrentori,38,vote ,vodVote,1783027450282,2026-07-02,Thu
alyssrentori,33,Gauntlet vote: Turnip Boy Commits Tax Evasion [v:1],gauntlet,1783027498900,2026-07-02,Thu
alyssrentori,105,AI Art word: failed,art,1783027508896,2026-07-02,Thu
valase,132,Gauntlet vote: Planet Explorers [v:4],gauntlet,1783027706291,2026-07-02,Thu
silent_luc,43,vote +5🔥,vodVote,1783027785526,2026-07-02,Thu
thanossoul,33,Gauntlet vote: Down the Rabbit Hole Flattened [v:1],gauntlet,1783027827886,2026-07-02,Thu
lovegamesandthings00000,84,AI Art word: recent,art,1783027874926,2026-07-02,Thu
4gazmin4,39,vote +1🔥,vodVote,1783027889628,2026-07-02,Thu
lovegamesandthings00000,38,vote ,vodVote,1783027892606,2026-07-02,Thu
lovegamesandthings00000,33,Gauntlet vote: Egypt Frontiers [v:1],gauntlet,1783027901457,2026-07-02,Thu
lovegamesandthings00000,1000,Voucher: dailyDose,voucher,1783027945725,2026-07-02,Thu
pika_gamy,44,overtimeOverdose (1),vodVote,1783028060660,2026-07-02,Thu
pika_gamy,44,vote +6🔥,vodVote,1783028067680,2026-07-02,Thu
thanossoul,41,overtimeOverdose (2),vodVote,1783028091670,2026-07-02,Thu
ikaliayev,38,overtimeOverdose (3),vodVote,1783028103100,2026-07-02,Thu
ikaliayev,45,Phase 1: HDD,bootLoop,1783028171660,2026-07-02,Thu
pika_gamy,45,Phase 1: HDD,bootLoop,1783028171664,2026-07-02,Thu
dahhel,45,Phase 1: HDD,bootLoop,1783028171671,2026-07-02,Thu
lovegamesandthings00000,45,Phase 1: HDD,bootLoop,1783028171687,2026-07-02,Thu
valase,45,Phase 1: HDD,bootLoop,1783028171703,2026-07-02,Thu
silent_luc,45,Phase 1: HDD,bootLoop,1783028171812,2026-07-02,Thu
silent_luc,35,overtimeOverdose (4),vodVote,1783028225584,2026-07-02,Thu
dahhel,32,overtimeOverdose (5),vodVote,1783028256953,2026-07-02,Thu
valase,29,overtimeOverdose (6),vodVote,1783028301965,2026-07-02,Thu
zoskycube,1,Ending round with !v###,vodVote,1783028304679,2026-07-02,Thu
thanossoul,52,AI Art word: vampires,art,1783028325735,2026-07-02,Thu
thanossoul,39,vote +1🔥,vodVote,1783028417496,2026-07-02,Thu
thanossoul,33,"Gauntlet vote: Warhammer 40,000: Boltgun [v:1]",gauntlet,1783028439084,2026-07-02,Thu
valase,44,vote +6🔥,vodVote,1783028494503,2026-07-02,Thu
ikaliayev,68,vote +30🔥,vodVote,1783028497075,2026-07-02,Thu
ikaliayev,132,Gauntlet vote: The Witcher 3: Wild Hunt [v:4],gauntlet,1783028511890,2026-07-02,Thu
dahhel,45,vote +7🔥,vodVote,1783028621576,2026-07-02,Thu
silent_luc,44,vote +6🔥,vodVote,1783028670287,2026-07-02,Thu
madagascaradam,38,vote ,vodVote,1783028698839,2026-07-02,Thu
4gazmin4,40,vote +2🔥,vodVote,1783028955109,2026-07-02,Thu
4gazmin4,33,Gauntlet vote: No Man's Sky [v:1],gauntlet,1783028964116,2026-07-02,Thu
dahhel,33,Gauntlet vote: Wolfenstein II: The New Colossus [v:1],gauntlet,1783029117993,2026-07-02,Thu
avin_novor,38,vote ,vodVote,1783029152639,2026-07-02,Thu
silent_luc,132,Gauntlet vote: DOOM [v:4],gauntlet,1783029187658,2026-07-02,Thu
ikaliayev,44,overtimeOverdose (1),vodVote,1783029245295,2026-07-02,Thu
4gazmin4,41,overtimeOverdose (2),vodVote,1783029269162,2026-07-02,Thu
dahhel,38,overtimeOverdose (3),vodVote,1783029281481,2026-07-02,Thu
alburldador,35,overtimeOverdose (4),vodVote,1783029285512,2026-07-02,Thu
alburldador,38,vote ,vodVote,1783029291213,2026-07-02,Thu
avin_novor,32,overtimeOverdose (5),vodVote,1783029312142,2026-07-02,Thu
madagascaradam,29,overtimeOverdose (6),vodVote,1783029326397,2026-07-02,Thu
pika_gamy,29,overtimeOverdose (6),vodVote,1783029326713,2026-07-02,Thu
pika_gamy,45,vote +7🔥,vodVote,1783029330539,2026-07-02,Thu
silent_luc,23,overtimeOverdose (8),vodVote,1783029367808,2026-07-02,Thu
valase,20,overtimeOverdose (9),vodVote,1783029388994,2026-07-02,Thu
zoskycube,1,Ending round with !v###,vodVote,1783029490958,2026-07-02,Thu
ikaliayev,69,vote +31🔥,vodVote,1783029619345,2026-07-02,Thu
silent_luc,45,vote +7🔥,vodVote,1783029643781,2026-07-02,Thu
valase,45,vote +7🔥,vodVote,1783029681833,2026-07-02,Thu
madagascaradam,45,Phase 1: RAM,bootLoop,1783029693753,2026-07-02,Thu
valase,45,Phase 1: RAM,bootLoop,1783029693765,2026-07-02,Thu
pika_gamy,45,Phase 1: RAM,bootLoop,1783029693770,2026-07-02,Thu
alburldador,45,Phase 1: RAM,bootLoop,1783029693777,2026-07-02,Thu
dahhel,45,Phase 1: RAM,bootLoop,1783029693789,2026-07-02,Thu
silent_luc,45,Phase 1: RAM,bootLoop,1783029693792,2026-07-02,Thu
avin_novor,45,Phase 1: RAM,bootLoop,1783029693794,2026-07-02,Thu
ikaliayev,45,Phase 1: RAM,bootLoop,1783029693797,2026-07-02,Thu
4gazmin4,41,vote +3🔥,vodVote,1783029766743,2026-07-02,Thu
pika_gamy,46,vote +8🔥,vodVote,1783029926400,2026-07-02,Thu
dahhel,46,vote +8🔥,vodVote,1783029926963,2026-07-02,Thu
valase,65,Phase 2: GPU,bootLoop,1783030112482,2026-07-02,Thu
ikaliayev,65,Phase 2: GPU,bootLoop,1783030112490,2026-07-02,Thu
pika_gamy,65,Phase 2: GPU,bootLoop,1783030112507,2026-07-02,Thu
alburldador,65,Phase 2: GPU,bootLoop,1783030112519,2026-07-02,Thu
dahhel,65,Phase 2: GPU,bootLoop,1783030112548,2026-07-02,Thu
alburldador,39,vote +1🔥,vodVote,1783030208751,2026-07-02,Thu
valase,44,overtimeOverdose (1),vodVote,1783030254631,2026-07-02,Thu
dahhel,41,overtimeOverdose (2),vodVote,1783030263028,2026-07-02,Thu
alburldador,38,overtimeOverdose (3),vodVote,1783030268843,2026-07-02,Thu
ikaliayev,35,overtimeOverdose (4),vodVote,1783030308632,2026-07-02,Thu
silent_luc,32,overtimeOverdose (5),vodVote,1783030481640,2026-07-02,Thu
zoskycube,1,Ending round with !v###,vodVote,1783030497294,2026-07-02,Thu
dahhel,47,vote +9🔥,vodVote,1783030734585,2026-07-02,Thu
valase,46,vote +8🔥,vodVote,1783030754502,2026-07-02,Thu
silent_luc,46,vote +8🔥,vodVote,1783030814072,2026-07-02,Thu
ikaliayev,70,vote +32🔥,vodVote,1783030832608,2026-07-02,Thu
alburldador,40,vote +2🔥,vodVote,1783030836383,2026-07-02,Thu
pika_gamy,132,Gauntlet vote: The Walking Dead: The Final Season [v:4],gauntlet,1783030840236,2026-07-02,Thu
pika_gamy,47,vote +9🔥,vodVote,1783030846448,2026-07-02,Thu
madagascaradam,38,vote ,vodVote,1783030894426,2026-07-02,Thu
madagascaradam,178,AI Art word: knocker,art,1783030905147,2026-07-02,Thu
4gazmin4,42,vote +4🔥,vodVote,1783031164731,2026-07-02,Thu
valase,45,Phase 1: RAM,bootLoop,1783031370999,2026-07-02,Thu
alburldador,45,Phase 1: RAM,bootLoop,1783031371008,2026-07-02,Thu
dahhel,45,Phase 1: RAM,bootLoop,1783031371013,2026-07-02,Thu
madagascaradam,45,Phase 1: RAM,bootLoop,1783031371023,2026-07-02,Thu
ikaliayev,45,Phase 1: RAM,bootLoop,1783031371038,2026-07-02,Thu
silent_luc,45,Phase 1: RAM,bootLoop,1783031371073,2026-07-02,Thu
avin_novor,38,vote ,vodVote,1783031430403,2026-07-02,Thu
valase,44,overtimeOverdose (1),vodVote,1783031595338,2026-07-02,Thu
dahhel,41,overtimeOverdose (2),vodVote,1783031600138,2026-07-02,Thu
pika_gamy,38,overtimeOverdose (3),vodVote,1783031668924,2026-07-02,Thu
alburldador,35,overtimeOverdose (4),vodVote,1783031761303,2026-07-02,Thu
zoskycube,1,Ending round with !v###,vodVote,1783031771979,2026-07-02,Thu
madagascaradam,361,150977+361 winning @ vodVote,vodVote,1783031772186,2026-07-02,Thu
alburldador,132,Gauntlet vote: Mega Man 11 [v:4],gauntlet,1783031780294,2026-07-02,Thu
alburldador,41,vote +3🔥,vodVote,1783031874980,2026-07-02,Thu
silent_luc,47,vote +9🔥,vodVote,1783031908472,2026-07-02,Thu
dahhel,48,vote +10🔥,vodVote,1783031908948,2026-07-02,Thu
alburldador,65,Phase 2: GPU,bootLoop,1783031974986,2026-07-02,Thu
silent_luc,65,Phase 2: GPU,bootLoop,1783031974989,2026-07-02,Thu
pika_gamy,65,Phase 2: GPU,bootLoop,1783031974994,2026-07-02,Thu
dahhel,65,Phase 2: GPU,bootLoop,1783031975029,2026-07-02,Thu
valase,65,Phase 2: GPU,bootLoop,1783031975034,2026-07-02,Thu
ikaliayev,65,Phase 2: GPU,bootLoop,1783031975047,2026-07-02,Thu
valase,47,vote +9🔥,vodVote,1783032010962,2026-07-02,Thu
ikaliayev,71,vote +33🔥,vodVote,1783032021892,2026-07-02,Thu
avin_novor,39,vote +1🔥,vodVote,1783032231093,2026-07-02,Thu
avin_novor,70,AI Art word: tiresome,art,1783032247502,2026-07-02,Thu
pika_gamy,48,vote +10🔥,vodVote,1783032329047,2026-07-02,Thu
valase,132,Gauntlet vote: Planet Explorers [v:4],gauntlet,1783032567173,2026-07-02,Thu
madagascaradam,39,vote +1🔥,vodVote,1783032655896,2026-07-02,Thu
dahhel,44,overtimeOverdose (1),vodVote,1783032685208,2026-07-02,Thu
madagascaradam,41,overtimeOverdose (2),vodVote,1783032736552,2026-07-02,Thu
ikaliayev,38,overtimeOverdose (3),vodVote,1783032776133,2026-07-02,Thu
silent_luc,35,overtimeOverdose (4),vodVote,1783032821596,2026-07-02,Thu
shadowladyex,32,overtimeOverdose (5),vodVote,1783032828075,2026-07-02,Thu
shadowladyex,38,vote ,vodVote,1783032831475,2026-07-02,Thu
pika_gamy,29,overtimeOverdose (6),vodVote,1783032925084,2026-07-02,Thu
zoskycube,1,Ending round with !v###,vodVote,1783032927854,2026-07-02,Thu
snoopys030,132,Gauntlet vote: Sword of the Stars Complete Collection [v:4],gauntlet,1783033025663,2026-07-02,Thu
pika_gamy,49,vote +11🔥,vodVote,1783033033524,2026-07-02,Thu
valase,48,vote +10🔥,vodVote,1783033044069,2026-07-02,Thu
pika_gamy,132,Gauntlet vote: Horizon Zero Dawn™ Remastered [v:4],gauntlet,1783033049080,2026-07-02,Thu
silent_luc,48,vote +10🔥,vodVote,1783033053499,2026-07-02,Thu
ikaliayev,72,vote +34🔥,vodVote,1783033112572,2026-07-02,Thu
dahhel,49,vote +11🔥,vodVote,1783033172340,2026-07-02,Thu
snoopys030,45,Phase 1: CPU,bootLoop,1783033279582,2026-07-02,Thu
valase,45,Phase 1: CPU,bootLoop,1783033279595,2026-07-02,Thu
dahhel,45,Phase 1: CPU,bootLoop,1783033279602,2026-07-02,Thu
ikaliayev,45,Phase 1: CPU,bootLoop,1783033279604,2026-07-02,Thu
silent_luc,45,Phase 1: CPU,bootLoop,1783033279611,2026-07-02,Thu
pika_gamy,45,Phase 1: CPU,bootLoop,1783033279614,2026-07-02,Thu
madagascaradam,45,Phase 1: CPU,bootLoop,1783033279619,2026-07-02,Thu
shadowladyex,45,Phase 1: CPU,bootLoop,1783033279630,2026-07-02,Thu
shadowladyex,39,vote +1🔥,vodVote,1783033540110,2026-07-02,Thu
shadowladyex,132,Gauntlet vote: Legacy of Kain Soul Reaver 1 [v:4],gauntlet,1783033823851,2026-07-02,Thu
ikaliayev,65,Phase 2: HDD,bootLoop,1783033892544,2026-07-02,Thu
pika_gamy,65,Phase 2: HDD,bootLoop,1783033892553,2026-07-02,Thu
silent_luc,65,Phase 2: HDD,bootLoop,1783033892558,2026-07-02,Thu
dahhel,65,Phase 2: HDD,bootLoop,1783033892562,2026-07-02,Thu
valase,65,Phase 2: HDD,bootLoop,1783033892578,2026-07-02,Thu
shadowladyex,65,Phase 2: HDD,bootLoop,1783033892733,2026-07-02,Thu
silent_luc,44,overtimeOverdose (1),vodVote,1783033936779,2026-07-02,Thu
silent_luc,157,AI Art word: viceroy,art,1783033985807,2026-07-02,Thu
4gazmin4,38,vote ,vodVote,1783033992594,2026-07-02,Thu
4gazmin4,41,overtimeOverdose (2),vodVote,1783034000262,2026-07-02,Thu
dahhel,38,overtimeOverdose (3),vodVote,1783034004662,2026-07-02,Thu
llucholba,126,AI Art word: march,art,1783034011144,2026-07-02,Thu
llucholba,38,vote ,vodVote,1783034015661,2026-07-02,Thu
llucholba,35,overtimeOverdose (4),vodVote,1783034021292,2026-07-02,Thu
ikaliayev,32,overtimeOverdose (5),vodVote,1783034023121,2026-07-02,Thu
llucholba,132,Gauntlet vote: Mini Motor Racing EVO [v:4],gauntlet,1783034027570,2026-07-02,Thu
shadowladyex,29,overtimeOverdose (6),vodVote,1783034027893,2026-07-02,Thu
silent_luc,132,Gauntlet vote: RoboCop: Rogue City [v:4],gauntlet,1783034039997,2026-07-02,Thu
pika_gamy,26,overtimeOverdose (7),vodVote,1783034146260,2026-07-02,Thu
zoskycube,1,Ending round with !v###,vodVote,1783034221451,2026-07-02,Thu
pika_gamy,361,343194+361 winning @ vodVote,vodVote,1783034221876,2026-07-02,Thu
valase,49,vote +11🔥,vodVote,1783034338864,2026-07-02,Thu
silent_luc,49,vote +11🔥,vodVote,1783034361376,2026-07-02,Thu
pika_gamy,50,vote +12🔥,vodVote,1783034362152,2026-07-02,Thu
ikaliayev,73,vote +35🔥,vodVote,1783034410863,2026-07-02,Thu
dahhel,50,vote +12🔥,vodVote,1783034431862,2026-07-02,Thu
shadowladyex,40,vote +2🔥,vodVote,1783034442148,2026-07-02,Thu
silent_luc,90,Phase 3: GPU,bootLoop,1783034458474,2026-07-02,Thu
valase,90,Phase 3: GPU,bootLoop,1783034458476,2026-07-02,Thu
pika_gamy,90,Phase 3: GPU,bootLoop,1783034458483,2026-07-02,Thu
shadowladyex,90,Phase 3: GPU,bootLoop,1783034458492,2026-07-02,Thu
dahhel,90,Phase 3: GPU,bootLoop,1783034458498,2026-07-02,Thu
ikaliayev,90,Phase 3: GPU,bootLoop,1783034458503,2026-07-02,Thu
snoopys030,38,vote ,vodVote,1783034683266,2026-07-02,Thu
valase,33,Gauntlet vote: Garden Life: A Cozy Simulator [v:1],gauntlet,1783034704187,2026-07-02,Thu
snoopys030,132,Gauntlet vote: Moonlighter [v:4],gauntlet,1783034733580,2026-07-02,Thu
ikaliayev,115,AI Art word: watered,art,1783034843811,2026-07-02,Thu
snoopys030,120,Phase 4: RAM,bootLoop,1783035000630,2026-07-02,Thu
dahhel,120,Phase 4: RAM,bootLoop,1783035000634,2026-07-02,Thu
ikaliayev,120,Phase 4: RAM,bootLoop,1783035000639,2026-07-02,Thu
silent_luc,120,Phase 4: RAM,bootLoop,1783035000647,2026-07-02,Thu
shadowladyex,120,Phase 4: RAM,bootLoop,1783035000658,2026-07-02,Thu
valase,120,Phase 4: RAM,bootLoop,1783035000675,2026-07-02,Thu
pika_gamy,120,Phase 4: RAM,bootLoop,1783035000679,2026-07-02,Thu
dahhel,83,proStar bonus: all 4 phases,bootLoop,1783035001218,2026-07-02,Thu
ikaliayev,83,proStar bonus: all 4 phases,bootLoop,1783035001227,2026-07-02,Thu
silent_luc,83,proStar bonus: all 4 phases,bootLoop,1783035001230,2026-07-02,Thu
shadowladyex,83,proStar bonus: all 4 phases,bootLoop,1783035001242,2026-07-02,Thu
pika_gamy,83,proStar bonus: all 4 phases,bootLoop,1783035001245,2026-07-02,Thu
valase,83,proStar bonus: all 4 phases,bootLoop,1783035001250,2026-07-02,Thu
pika_gamy,126,AI Art word: always,art,1783035042847,2026-07-02,Thu
pika_gamy,66,Gauntlet vote: Metal Unit [v:2],gauntlet,1783035054308,2026-07-02,Thu
valase,44,overtimeOverdose (1),vodVote,1783035120949,2026-07-02,Thu
pika_gamy,41,overtimeOverdose (2),vodVote,1783035130870,2026-07-02,Thu
silent_luc,38,overtimeOverdose (3),vodVote,1783035132165,2026-07-02,Thu
dahhel,35,overtimeOverdose (4),vodVote,1783035150634,2026-07-02,Thu
ikaliayev,32,overtimeOverdose (5),vodVote,1783035152449,2026-07-02,Thu
silent_luc,47740,Voucher: SUB/VIP Only zB → zCubes [+10% MORE],voucher,1783035168064,2026-07-02,Thu
shadowladyex,29,overtimeOverdose (6),vodVote,1783035177424,2026-07-02,Thu
avin_novor,38,vote ,vodVote,1783035179005,2026-07-02,Thu
avin_novor,26,overtimeOverdose (7),vodVote,1783035181513,2026-07-02,Thu
snoopys030,23,overtimeOverdose (8),vodVote,1783035255303,2026-07-02,Thu
zoskycube,1,Ending round with !v###,vodVote,1783035323723,2026-07-02,Thu
valase,50,vote +12🔥,vodVote,1783035444126,2026-07-02,Thu
silent_luc,50,vote +12🔥,vodVote,1783035471134,2026-07-02,Thu
dahhel,51,vote +13🔥,vodVote,1783035505242,2026-07-02,Thu
ikaliayev,74,vote +36🔥,vodVote,1783035529286,2026-07-02,Thu
avin_novor,39,vote +1🔥,vodVote,1783035581866,2026-07-02,Thu
shadowladyex,41,vote +3🔥,vodVote,1783035596344,2026-07-02,Thu
madagascaradam,38,vote ,vodVote,1783035787128,2026-07-02,Thu
snoopys030,39,vote +1🔥,vodVote,1783035895458,2026-07-02,Thu
snoopys030,132,Gauntlet vote: Yakuza 4 Remastered [v:4],gauntlet,1783035935281,2026-07-02,Thu
madagascaradam,136,AI Art word: valleys,art,1783035962920,2026-07-02,Thu
madagascaradam,45,Phase 1: CPU,bootLoop,1783036027047,2026-07-02,Thu
dahhel,45,Phase 1: CPU,bootLoop,1783036027075,2026-07-02,Thu
pika_gamy,45,Phase 1: CPU,bootLoop,1783036027089,2026-07-02,Thu
avin_novor,45,Phase 1: CPU,bootLoop,1783036027093,2026-07-02,Thu
silent_luc,45,Phase 1: CPU,bootLoop,1783036027096,2026-07-02,Thu
snoopys030,45,Phase 1: CPU,bootLoop,1783036027104,2026-07-02,Thu
shadowladyex,45,Phase 1: CPU,bootLoop,1783036027107,2026-07-02,Thu
valase,45,Phase 1: CPU,bootLoop,1783036027110,2026-07-02,Thu
ikaliayev,45,Phase 1: CPU,bootLoop,1783036027114,2026-07-02,Thu
valase,44,overtimeOverdose (1),vodVote,1783036254191,2026-07-02,Thu
ikaliayev,41,overtimeOverdose (2),vodVote,1783036278412,2026-07-02,Thu
avin_novor,38,overtimeOverdose (3),vodVote,1783036292774,2026-07-02,Thu
silent_luc,35,overtimeOverdose (4),vodVote,1783036298810,2026-07-02,Thu
madagascaradam,32,overtimeOverdose (5),vodVote,1783036331288,2026-07-02,Thu
dahhel,29,overtimeOverdose (6),vodVote,1783036414561,2026-07-02,Thu
zoskycube,1,Ending round with !v###,vodVote,1783036423751,2026-07-02,Thu
ikaliayev,132,Gauntlet vote: Indivisible [v:4],gauntlet,1783036518169,2026-07-02,Thu
ikaliayev,75,vote +37🔥,vodVote,1783036542431,2026-07-02,Thu
snoopys030,40,vote +2🔥,vodVote,1783036556665,2026-07-02,Thu
pika_gamy,38,vote ,vodVote,1783036577513,2026-07-02,Thu
valase,51,vote +13🔥,vodVote,1783036627355,2026-07-02,Thu
louis_of_apshai,26,AI Art word: ultimately,art,1783036637151,2026-07-02,Thu
louis_of_apshai,132,Gauntlet vote: A StorY About My Uncle [v:4],gauntlet,1783036658341,2026-07-02,Thu
ikaliayev,92,AI Art word: unity,art,1783036670258,2026-07-02,Thu
shadowladyex,42,vote +4🔥,vodVote,1783036734613,2026-07-02,Thu
pika_gamy,66,Gauntlet vote: Bee Simulator [v:2],gauntlet,1783036748949,2026-07-02,Thu
4gazmin4,38,vote ,vodVote,1783036752979,2026-07-02,Thu
louis_of_apshai,1000,Voucher: dailyDose,voucher,1783036754091,2026-07-02,Thu
pika_gamy,1000,Voucher: dailyDose,voucher,1783036755897,2026-07-02,Thu
avin_novor,40,vote +2🔥,vodVote,1783036786065,2026-07-02,Thu
shadowladyex,65,Phase 2: GPU,bootLoop,1783036802332,2026-07-03,Thu
valase,65,Phase 2: GPU,bootLoop,1783036802344,2026-07-03,Thu
snoopys030,65,Phase 2: GPU,bootLoop,1783036802366,2026-07-03,Thu
madagascaradam,65,Phase 2: GPU,bootLoop,1783036802370,2026-07-03,Thu
silent_luc,65,Phase 2: GPU,bootLoop,1783036802387,2026-07-03,Thu
avin_novor,65,Phase 2: GPU,bootLoop,1783036802394,2026-07-03,Thu
dahhel,65,Phase 2: GPU,bootLoop,1783036802406,2026-07-03,Thu
ikaliayev,65,Phase 2: GPU,bootLoop,1783036802409,2026-07-03,Thu
louis_of_apshai,65,Phase 2: GPU,bootLoop,1783036802416,2026-07-03,Thu
pika_gamy,65,Phase 2: GPU,bootLoop,1783036802862,2026-07-03,Thu
dahhel,52,vote +14🔥,vodVote,1783036846639,2026-07-03,Thu
silent_luc,51,vote +13🔥,vodVote,1783037043857,2026-07-03,Thu
valase,44,overtimeOverdose (1),vodVote,1783037164840,2026-07-03,Thu
shadowladyex,41,overtimeOverdose (2),vodVote,1783037189611,2026-07-03,Thu
dahhel,38,overtimeOverdose (3),vodVote,1783037198700,2026-07-03,Thu
silent_luc,35,overtimeOverdose (4),vodVote,1783037258525,2026-07-03,Thu
pika_gamy,32,overtimeOverdose (5),vodVote,1783037307275,2026-07-03,Thu
dahhel,90,Phase 3: RAM,bootLoop,1783037323247,2026-07-03,Thu
pika_gamy,90,Phase 3: RAM,bootLoop,1783037323272,2026-07-03,Thu
silent_luc,90,Phase 3: RAM,bootLoop,1783037323280,2026-07-03,Thu
shadowladyex,90,Phase 3: RAM,bootLoop,1783037323284,2026-07-03,Thu
avin_novor,90,Phase 3: RAM,bootLoop,1783037323334,2026-07-03,Thu
valase,90,Phase 3: RAM,bootLoop,1783037323360,2026-07-03,Thu
ikaliayev,90,Phase 3: RAM,bootLoop,1783037323430,2026-07-03,Thu
4gazmin4,29,overtimeOverdose (6),vodVote,1783037326083,2026-07-03,Thu
zoskycube,1,Ending round with !v###,vodVote,1783037395585,2026-07-03,Thu
pika_gamy,39,vote +1🔥,vodVote,1783037495189,2026-07-03,Thu
pika_gamy,66,Gauntlet vote: Brothers - A Tale of Two Sons [v:2],gauntlet,1783037500100,2026-07-03,Thu
dahhel,53,vote +15🔥,vodVote,1783037508932,2026-07-03,Thu
shadowladyex,43,vote +5🔥,vodVote,1783037513140,2026-07-03,Thu
snoopys030,41,vote +3🔥,vodVote,1783037555049,2026-07-03,Thu
valase,52,vote +14🔥,vodVote,1783037679530,2026-07-03,Thu
silent_luc,52,vote +14🔥,vodVote,1783037759980,2026-07-03,Thu
silent_luc,120,Phase 4: HDD,bootLoop,1783037787446,2026-07-03,Thu
valase,120,Phase 4: HDD,bootLoop,1783037787456,2026-07-03,Thu
ikaliayev,120,Phase 4: HDD,bootLoop,1783037787465,2026-07-03,Thu
snoopys030,120,Phase 4: HDD,bootLoop,1783037787467,2026-07-03,Thu
louis_of_apshai,120,Phase 4: HDD,bootLoop,1783037787475,2026-07-03,Thu
dahhel,120,Phase 4: HDD,bootLoop,1783037787530,2026-07-03,Thu
pika_gamy,120,Phase 4: HDD,bootLoop,1783037787552,2026-07-03,Thu
shadowladyex,120,Phase 4: HDD,bootLoop,1783037787560,2026-07-03,Thu
shadowladyex,83,proStar bonus: all 4 phases,bootLoop,1783037788069,2026-07-03,Thu
silent_luc,83,proStar bonus: all 4 phases,bootLoop,1783037788076,2026-07-03,Thu
ikaliayev,83,proStar bonus: all 4 phases,bootLoop,1783037788092,2026-07-03,Thu
pika_gamy,83,proStar bonus: all 4 phases,bootLoop,1783037788099,2026-07-03,Thu
valase,83,proStar bonus: all 4 phases,bootLoop,1783037788103,2026-07-03,Thu
dahhel,83,proStar bonus: all 4 phases,bootLoop,1783037788106,2026-07-03,Thu
silent_luc,132,Gauntlet vote: Manifold Garden [v:4],gauntlet,1783037795375,2026-07-03,Thu
avin_novor,41,vote +3🔥,vodVote,1783037840357,2026-07-03,Thu
ikaliayev,76,vote +38🔥,vodVote,1783037881453,2026-07-03,Thu
silent_luc,115,AI Art word: newbie,art,1783037941960,2026-07-03,Thu
valase,132,Gauntlet vote: Planet Explorers [v:4],gauntlet,1783037954649,2026-07-03,Thu
ikaliayev,188,AI Art word: jellied,art,1783038126180,2026-07-03,Thu
thanossoul,38,vote ,vodVote,1783038229643,2026-07-03,Thu
thanossoul,33,Gauntlet vote: stikir [v:1],gauntlet,1783038238429,2026-07-03,Thu
thanossoul,44,overtimeOverdose (1),vodVote,1783038250901,2026-07-03,Thu
shadowladyex,44,overtimeOverdose (1),vodVote,1783038251153,2026-07-03,Thu
ikaliayev,41,overtimeOverdose (2),vodVote,1783038257290,2026-07-03,Thu
silent_luc,38,overtimeOverdose (3),vodVote,1783038258698,2026-07-03,Thu
avin_novor,38,overtimeOverdose (3),vodVote,1783038259152,2026-07-03,Thu
dahhel,32,overtimeOverdose (5),vodVote,1783038261546,2026-07-03,Thu
alyssrentori,38,vote ,vodVote,1783038398572,2026-07-03,Thu
alyssrentori,136,AI Art word: growth,art,1783038424217,2026-07-03,Thu
alyssrentori,99,Gauntlet vote: Black Forest [v:3],gauntlet,1783038450786,2026-07-03,Thu
4gazmin4,29,overtimeOverdose (6),vodVote,1783038475067,2026-07-03,Thu
valase,26,overtimeOverdose (7),vodVote,1783038535648,2026-07-03,Thu
shadowladyex,132,Gauntlet vote: Banishers: Ghosts of New Eden [v:4],gauntlet,1783038551800,2026-07-03,Thu
zoskycube,1,Ending round with !v###,vodVote,1783038552593,2026-07-03,Thu
thanossoul,136,AI Art word: bankers,art,1783038610449,2026-07-03,Thu
avin_novor,42,vote +4🔥,vodVote,1783038672663,2026-07-03,Thu
silent_luc,53,vote +15🔥,vodVote,1783038679606,2026-07-03,Thu
madagascaradam,38,vote ,vodVote,1783038705444,2026-07-03,Thu
thanossoul,39,vote +1🔥,vodVote,1783038741448,2026-07-03,Thu
4gazmin4,38,vote ,vodVote,1783038776845,2026-07-03,Thu
valase,53,vote +15🔥,vodVote,1783038806760,2026-07-03,Thu
silent_luc,45,Phase 1: CPU,bootLoop,1783038812670,2026-07-03,Thu
shadowladyex,45,Phase 1: CPU,bootLoop,1783038812686,2026-07-03,Thu
valase,45,Phase 1: CPU,bootLoop,1783038812692,2026-07-03,Thu
ikaliayev,45,Phase 1: CPU,bootLoop,1783038812700,2026-07-03,Thu
snoopys030,45,Phase 1: CPU,bootLoop,1783038812703,2026-07-03,Thu
madagascaradam,45,Phase 1: CPU,bootLoop,1783038812716,2026-07-03,Thu
dahhel,45,Phase 1: CPU,bootLoop,1783038812721,2026-07-03,Thu
avin_novor,45,Phase 1: CPU,bootLoop,1783038812726,2026-07-03,Thu
thanossoul,45,Phase 1: CPU,bootLoop,1783038812743,2026-07-03,Thu
dahhel,54,vote +16🔥,vodVote,1783038850889,2026-07-03,Thu
ikaliayev,77,vote +39🔥,vodVote,1783038863506,2026-07-03,Thu
snoopys030,42,vote +4🔥,vodVote,1783039013731,2026-07-03,Thu
thanossoul,33,Gauntlet vote: The Red Lantern [v:1],gauntlet,1783039068128,2026-07-03,Thu
shadowladyex,44,vote +6🔥,vodVote,1783039305594,2026-07-03,Thu
shadowladyex,132,Gauntlet vote: Rain World [v:4],gauntlet,1783039502171,2026-07-03,Thu
thanossoul,65,Phase 2: RAM,bootLoop,1783039505445,2026-07-03,Thu
ikaliayev,65,Phase 2: RAM,bootLoop,1783039505454,2026-07-03,Thu
avin_novor,65,Phase 2: RAM,bootLoop,1783039505462,2026-07-03,Thu
valase,65,Phase 2: RAM,bootLoop,1783039505464,2026-07-03,Thu
silent_luc,65,Phase 2: RAM,bootLoop,1783039505480,2026-07-03,Thu
snoopys030,65,Phase 2: RAM,bootLoop,1783039505485,2026-07-03,Thu
dahhel,65,Phase 2: RAM,bootLoop,1783039505499,2026-07-03,Thu
shadowladyex,65,Phase 2: RAM,bootLoop,1783039505580,2026-07-03,Thu
shadowladyex,44,overtimeOverdose (1),vodVote,1783039527700,2026-07-03,Thu
thanossoul,41,overtimeOverdose (2),vodVote,1783039532333,2026-07-03,Thu
ikaliayev,38,overtimeOverdose (3),vodVote,1783039587902,2026-07-03,Thu
valase,35,overtimeOverdose (4),vodVote,1783039604630,2026-07-03,Thu
dahhel,32,overtimeOverdose (5),vodVote,1783039609535,2026-07-03,Thu
ikaliayev,149,AI Art word: maddens,art,1783039693962,2026-07-03,Thu
silent_luc,29,overtimeOverdose (6),vodVote,1783039695267,2026-07-03,Thu
snoopys030,26,overtimeOverdose (7),vodVote,1783039729150,2026-07-03,Thu
4gazmin4,23,overtimeOverdose (8),vodVote,1783039829431,2026-07-03,Thu
zoskycube,1,Ending round with !v###,vodVote,1783039842421,2026-07-03,Thu
shadowladyex,45,vote +7🔥,vodVote,1783039958037,2026-07-03,Thu
silent_luc,90,Phase 3: GPU,bootLoop,1783040007484,2026-07-03,Thu
dahhel,90,Phase 3: GPU,bootLoop,1783040007492,2026-07-03,Thu
shadowladyex,90,Phase 3: GPU,bootLoop,1783040007495,2026-07-03,Thu
snoopys030,90,Phase 3: GPU,bootLoop,1783040007505,2026-07-03,Thu
valase,90,Phase 3: GPU,bootLoop,1783040007508,2026-07-03,Thu
ikaliayev,90,Phase 3: GPU,bootLoop,1783040007512,2026-07-03,Thu
dahhel,55,vote +17🔥,vodVote,1783040109397,2026-07-03,Thu
ikaliayev,78,vote +40🔥,vodVote,1783040145136,2026-07-03,Thu
silent_luc,54,vote +16🔥,vodVote,1783040196100,2026-07-03,Thu
valase,54,vote +16🔥,vodVote,1783040199397,2026-07-03,Thu
avin_novor,43,vote +5🔥,vodVote,1783040231808,2026-07-03,Thu
4gazmin4,39,vote +1🔥,vodVote,1783040390288,2026-07-03,Thu
ikaliayev,44,overtimeOverdose (1),vodVote,1783040512055,2026-07-03,Thu
4gazmin4,41,overtimeOverdose (2),vodVote,1783040599203,2026-07-03,Thu
silent_luc,38,overtimeOverdose (3),vodVote,1783040625262,2026-07-03,Thu
dahhel,35,overtimeOverdose (4),vodVote,1783040677600,2026-07-03,Thu
avin_novor,32,overtimeOverdose (5),vodVote,1783040689349,2026-07-03,Thu
avin_novor,132,Gauntlet vote: Garfield Lasagna Party [v:4],gauntlet,1783040716980,2026-07-03,Thu
zoskycube,1,Ending round with !v###,vodVote,1783040757699,2026-07-03,Thu
shadowladyex,46,vote +8🔥,vodVote,1783040881169,2026-07-03,Thu
snoopys030,38,vote ,vodVote,1783040948698,2026-07-03,Thu
valase,55,vote +17🔥,vodVote,1783040952591,2026-07-03,Thu
ikaliayev,79,vote +41🔥,vodVote,1783040972128,2026-07-03,Thu
4gazmin4,40,vote +2🔥,vodVote,1783040988154,2026-07-03,Thu
dahhel,56,vote +18🔥,vodVote,1783041019315,2026-07-03,Thu
avin_novor,44,vote +6🔥,vodVote,1783041042164,2026-07-03,Thu
silent_luc,55,vote +17🔥,vodVote,1783041094338,2026-07-03,Thu
ikaliayev,147,AI Art word: randoms,art,1783041167108,2026-07-03,Thu
silent_luc,45,Phase 1: HDD,bootLoop,1783041275245,2026-07-03,Thu
valase,45,Phase 1: HDD,bootLoop,1783041275249,2026-07-03,Thu
shadowladyex,45,Phase 1: HDD,bootLoop,1783041275256,2026-07-03,Thu
dahhel,45,Phase 1: HDD,bootLoop,1783041275265,2026-07-03,Thu
snoopys030,45,Phase 1: HDD,bootLoop,1783041275274,2026-07-03,Thu
ikaliayev,45,Phase 1: HDD,bootLoop,1783041275279,2026-07-03,Thu
slay_da_b,38,vote ,vodVote,1783041377053,2026-07-03,Thu
thanossoul,38,vote ,vodVote,1783041503308,2026-07-03,Thu
thanossoul,33,Gauntlet vote: Teslagrad Remastered [v:1],gauntlet,1783041511083,2026-07-03,Thu
shadowladyex,65,Phase 2: CPU,bootLoop,1783041743071,2026-07-03,Thu
snoopys030,65,Phase 2: CPU,bootLoop,1783041743086,2026-07-03,Thu
dahhel,65,Phase 2: CPU,bootLoop,1783041743100,2026-07-03,Thu
valase,65,Phase 2: CPU,bootLoop,1783041743103,2026-07-03,Thu
silent_luc,65,Phase 2: CPU,bootLoop,1783041743109,2026-07-03,Thu
thanossoul,65,Phase 2: CPU,bootLoop,1783041743113,2026-07-03,Thu
shadowladyex,44,overtimeOverdose (1),vodVote,1783041748291,2026-07-03,Thu
valase,41,overtimeOverdose (2),vodVote,1783041800994,2026-07-03,Thu
dahhel,38,overtimeOverdose (3),vodVote,1783041822669,2026-07-03,Thu
4gazmin4,35,overtimeOverdose (4),vodVote,1783041837068,2026-07-03,Thu
silent_luc,32,overtimeOverdose (5),vodVote,1783041874075,2026-07-03,Thu
zoskycube,1,Ending round with !v###,vodVote,1783042069167,2026-07-03,Thu
lovegamesandthings00000,33,Gauntlet vote: Imperium Romanum: Gold Edition [v:1],gauntlet,1783042092017,2026-07-03,Thu
dahhel,57,vote +19🔥,vodVote,1783042215684,2026-07-03,Thu
avin_novor,45,vote +7🔥,vodVote,1783042229529,2026-07-03,Thu
avin_novor,58,AI Art word: undermined,art,1783042247940,2026-07-03,Thu
ikaliayev,80,vote +42🔥,vodVote,1783042293606,2026-07-03,Thu
valase,56,vote +18🔥,vodVote,1783042305641,2026-07-03,Thu
shadowladyex,47,vote +9🔥,vodVote,1783042503805,2026-07-03,Thu
dahhel,99,Gauntlet vote: Fallout 4 [v:3],gauntlet,1783042529769,2026-07-03,Thu
snoopys030,39,vote +1🔥,vodVote,1783042710044,2026-07-03,Thu
valase,44,overtimeOverdose (1),vodVote,1783042765420,2026-07-03,Thu
ikaliayev,41,overtimeOverdose (2),vodVote,1783042768103,2026-07-03,Thu
silent_luc,38,overtimeOverdose (3),vodVote,1783042784327,2026-07-03,Thu
shadowladyex,35,overtimeOverdose (4),vodVote,1783042848313,2026-07-03,Thu
dahhel,32,overtimeOverdose (5),vodVote,1783042890422,2026-07-03,Thu
4gazmin4,29,overtimeOverdose (6),vodVote,1783042915483,2026-07-03,Thu
ikaliayev,267,AI Art word: payoff,art,1783042937996,2026-07-03,Thu
snoopys030,45,Phase 1: HDD,bootLoop,1783042980860,2026-07-03,Thu
shadowladyex,45,Phase 1: HDD,bootLoop,1783042980870,2026-07-03,Thu
ikaliayev,45,Phase 1: HDD,bootLoop,1783042980872,2026-07-03,Thu
valase,45,Phase 1: HDD,bootLoop,1783042980879,2026-07-03,Thu
dahhel,45,Phase 1: HDD,bootLoop,1783042980953,2026-07-03,Thu
silent_luc,45,Phase 1: HDD,bootLoop,1783042980958,2026-07-03,Thu
zoskycube,1,Ending round with !v###,vodVote,1783043016205,2026-07-03,Thu
valase,132,Gauntlet vote: Planet Explorers [v:4],gauntlet,1783043078745,2026-07-03,Thu
dahhel,58,vote +20🔥,vodVote,1783043171244,2026-07-03,Thu
valase,57,vote +19🔥,vodVote,1783043210875,2026-07-03,Thu
avin_novor,46,vote +8🔥,vodVote,1783043217679,2026-07-03,Thu
shadowladyex,48,vote +10🔥,vodVote,1783043272742,2026-07-03,Thu
thanossoul,38,vote ,vodVote,1783043484022,2026-07-03,Thu
thanossoul,33,Gauntlet vote: Windjammers 2 [v:1],gauntlet,1783043489423,2026-07-03,Thu
thanossoul,56,AI Art word: nostrils,art,1783043500830,2026-07-03,Thu
snoopys030,132,Gauntlet vote: Narvas [v:4],gauntlet,1783043749613,2026-07-03,Thu
snoopys030,40,vote +2🔥,vodVote,1783043760134,2026-07-03,Thu
ikaliayev,81,vote +43🔥,vodVote,1783043799605,2026-07-03,Thu
dahhel,44,overtimeOverdose (1),vodVote,1783044208178,2026-07-03,Thu
valase,41,overtimeOverdose (2),vodVote,1783044209325,2026-07-03,Thu
shadowladyex,41,overtimeOverdose (2),vodVote,1783044209824,2026-07-03,Thu
ikaliayev,35,overtimeOverdose (4),vodVote,1783044223048,2026-07-03,Thu
snoopys030,32,overtimeOverdose (5),vodVote,1783044378705,2026-07-03,Thu
zoskycube,1,Ending round with !v###,vodVote,1783044464843,2026-07-03,Thu
ikaliayev,252,AI Art word: knocks,art,1783044518224,2026-07-03,Thu
ikaliayev,45,Phase 1: HDD,bootLoop,1783044552678,2026-07-03,Thu
thanossoul,45,Phase 1: HDD,bootLoop,1783044552706,2026-07-03,Thu
snoopys030,45,Phase 1: HDD,bootLoop,1783044552711,2026-07-03,Thu
shadowladyex,45,Phase 1: HDD,bootLoop,1783044552714,2026-07-03,Thu
silent_luc,45,Phase 1: HDD,bootLoop,1783044552770,2026-07-03,Thu
dahhel,45,Phase 1: HDD,bootLoop,1783044552785,2026-07-03,Thu
valase,45,Phase 1: HDD,bootLoop,1783044552793,2026-07-03,Thu
valase,58,vote +20🔥,vodVote,1783044587434,2026-07-03,Thu
dahhel,59,vote +21🔥,vodVote,1783044599483,2026-07-03,Thu
snoopys030,41,vote +3🔥,vodVote,1783044708129,2026-07-03,Thu
ikaliayev,82,vote +44🔥,vodVote,1783044768474,2026-07-03,Thu
shadowladyex,49,vote +11🔥,vodVote,1783044928207,2026-07-03,Thu
valase,65,Phase 2: CPU,bootLoop,1783045023288,2026-07-03,Thu
dahhel,65,Phase 2: CPU,bootLoop,1783045023293,2026-07-03,Thu
snoopys030,65,Phase 2: CPU,bootLoop,1783045023298,2026-07-03,Thu
ikaliayev,65,Phase 2: CPU,bootLoop,1783045023317,2026-07-03,Thu
shadowladyex,65,Phase 2: CPU,bootLoop,1783045023337,2026-07-03,Thu
avin_novor,47,vote +9🔥,vodVote,1783045060961,2026-07-03,Thu
shadowladyex,44,overtimeOverdose (1),vodVote,1783045511838,2026-07-03,Thu
ikaliayev,41,overtimeOverdose (2),vodVote,1783045541941,2026-07-03,Thu
dahhel,38,overtimeOverdose (3),vodVote,1783045553477,2026-07-03,Thu
silent_luc,35,overtimeOverdose (4),vodVote,1783045670296,2026-07-03,Thu
silent_luc,38,vote ,vodVote,1783045681588,2026-07-03,Thu
zoskycube,1,Ending round with !v###,vodVote,1783045691428,2026-07-03,Thu
valase,59,vote +21🔥,vodVote,1783045806036,2026-07-03,Thu
ikaliayev,83,vote +45🔥,vodVote,1783045908543,2026-07-03,Thu
dahhel,60,vote +22🔥,vodVote,1783045929531,2026-07-03,Thu
snoopys030,42,vote +4🔥,vodVote,1783046069124,2026-07-03,Thu
shadowladyex,50,vote +12🔥,vodVote,1783046112617,2026-07-03,Thu
avin_novor,48,vote +10🔥,vodVote,1783046209253,2026-07-03,Thu
avin_novor,63,AI Art word: antitrust,art,1783046223842,2026-07-03,Thu
snoopys030,45,Phase 1: GPU,bootLoop,1783046349914,2026-07-03,Thu
valase,45,Phase 1: GPU,bootLoop,1783046349923,2026-07-03,Thu
dahhel,45,Phase 1: GPU,bootLoop,1783046349929,2026-07-03,Thu
shadowladyex,45,Phase 1: GPU,bootLoop,1783046349935,2026-07-03,Thu
ikaliayev,45,Phase 1: GPU,bootLoop,1783046349939,2026-07-03,Thu
avin_novor,45,Phase 1: GPU,bootLoop,1783046349986,2026-07-03,Thu
silent_luc,45,Phase 1: GPU,bootLoop,1783046350006,2026-07-03,Thu
thanossoul,38,vote ,vodVote,1783046458875,2026-07-03,Thu
ikaliayev,204,AI Art word: trucker,art,1783046470838,2026-07-03,Thu
thanossoul,33,Gauntlet vote: Dungeons of Hinterberg [v:1],gauntlet,1783046509970,2026-07-03,Thu
dahhel,65,Phase 2: HDD,bootLoop,1783046809952,2026-07-03,Thu
thanossoul,65,Phase 2: HDD,bootLoop,1783046810012,2026-07-03,Thu
valase,65,Phase 2: HDD,bootLoop,1783046810024,2026-07-03,Thu
shadowladyex,65,Phase 2: HDD,bootLoop,1783046810027,2026-07-03,Thu
ikaliayev,65,Phase 2: HDD,bootLoop,1783046810034,2026-07-03,Thu
dahhel,44,overtimeOverdose (1),vodVote,1783046917775,2026-07-03,Thu
ikaliayev,44,overtimeOverdose (1),vodVote,1783046918136,2026-07-03,Thu
thanossoul,44,overtimeOverdose (1),vodVote,1783046918179,2026-07-03,Thu
avin_novor,41,overtimeOverdose (2),vodVote,1783046933769,2026-07-03,Thu
shadowladyex,38,overtimeOverdose (3),vodVote,1783047002030,2026-07-03,Thu
snoopys030,35,overtimeOverdose (4),vodVote,1783047031014,2026-07-03,Thu
shadowladyex,1000,Voucher: dailyDose,voucher,1783047037473,2026-07-03,Thu
valase,32,overtimeOverdose (5),vodVote,1783047046790,2026-07-03,Thu
zoskycube,1,Ending round with !v###,vodVote,1783047166817,2026-07-03,Thu
shadowladyex,51,vote +13🔥,vodVote,1783047271847,2026-07-03,Thu
avin_novor,49,vote +11🔥,vodVote,1783047282506,2026-07-03,Thu
dahhel,61,vote +23🔥,vodVote,1783047303026,2026-07-03,Thu
shadowladyex,90,Phase 3: RAM,bootLoop,1783047319924,2026-07-03,Thu
valase,90,Phase 3: RAM,bootLoop,1783047320152,2026-07-03,Thu
ikaliayev,90,Phase 3: RAM,bootLoop,1783047320605,2026-07-03,Thu
dahhel,90,Phase 3: RAM,bootLoop,1783047320946,2026-07-03,Thu
avin_novor,90,Phase 3: RAM,bootLoop,1783047321381,2026-07-03,Thu
ikaliayev,84,vote +46🔥,vodVote,1783047340484,2026-07-03,Thu
snoopys030,43,vote +5🔥,vodVote,1783047371130,2026-07-03,Thu
ikaliayev,-45568,Redeemed: The Sealed Ampoule,redeem,1783047406292,2026-07-03,Thu
valase,60,vote +22🔥,vodVote,1783047573282,2026-07-03,Thu
thanossoul,39,vote +1🔥,vodVote,1783047608527,2026-07-03,Thu
valase,132,Gauntlet vote: Planet Explorers [v:4],gauntlet,1783048201155,2026-07-03,Thu
thanossoul,98,AI Art word: ergonomic,art,1783048216812,2026-07-03,Thu
shadowladyex,44,overtimeOverdose (1),vodVote,1783048389174,2026-07-03,Thu
dahhel,44,overtimeOverdose (1),vodVote,1783048389635,2026-07-03,Thu
avin_novor,41,overtimeOverdose (2),vodVote,1783048396842,2026-07-03,Thu
ikaliayev,267,AI Art word: petcock,art,1783048454414,2026-07-03,Thu
thanossoul,38,overtimeOverdose (3),vodVote,1783048455264,2026-07-03,Thu
ikaliayev,35,overtimeOverdose (4),vodVote,1783048464395,2026-07-03,Thu
valase,32,overtimeOverdose (5),vodVote,1783048483607,2026-07-03,Thu
valase,45,Phase 1: CPU,bootLoop,1783048566371,2026-07-03,Thu
ikaliayev,45,Phase 1: CPU,bootLoop,1783048566378,2026-07-03,Thu
shadowladyex,45,Phase 1: CPU,bootLoop,1783048566393,2026-07-03,Thu
dahhel,45,Phase 1: CPU,bootLoop,1783048566399,2026-07-03,Thu
snoopys030,45,Phase 1: CPU,bootLoop,1783048566493,2026-07-03,Thu
avin_novor,45,Phase 1: CPU,bootLoop,1783048566545,2026-07-03,Thu
zoskycube,1,Ending round with !v###,vodVote,1783048718467,2026-07-03,Thu
thanossoul,40,vote +2🔥,vodVote,1783048847895,2026-07-03,Thu
shadowladyex,52,vote +14🔥,vodVote,1783048860503,2026-07-03,Thu
thanossoul,33,Gauntlet vote: The Witcher 3: Wild Hunt [v:1],gauntlet,1783048867164,2026-07-03,Thu
shadowladyex,132,Gauntlet vote: Banishers: Ghosts of New Eden [v:4],gauntlet,1783048888967,2026-07-03,Thu
ikaliayev,85,vote +47🔥,vodVote,1783048934863,2026-07-03,Thu
pika_gamy,38,vote ,vodVote,1783048964174,2026-07-03,Thu
alfims,38,vote ,vodVote,1783048973036,2026-07-03,Thu
alfims,132,Gauntlet vote: The Chant [v:4],gauntlet,1783048980956,2026-07-03,Thu
snoopys030,44,vote +6🔥,vodVote,1783049099384,2026-07-03,Thu
dahhel,62,vote +24🔥,vodVote,1783049121024,2026-07-03,Thu
avin_novor,65,Phase 2: GPU,bootLoop,1783049288343,2026-07-03,Thu
shadowladyex,65,Phase 2: GPU,bootLoop,1783049288348,2026-07-03,Thu
pika_gamy,65,Phase 2: GPU,bootLoop,1783049288356,2026-07-03,Thu
snoopys030,65,Phase 2: GPU,bootLoop,1783049288369,2026-07-03,Thu
dahhel,65,Phase 2: GPU,bootLoop,1783049288434,2026-07-03,Thu
ikaliayev,65,Phase 2: GPU,bootLoop,1783049288436,2026-07-03,Thu
thanossoul,65,Phase 2: GPU,bootLoop,1783049288446,2026-07-03,Thu
valase,65,Phase 2: GPU,bootLoop,1783049288451,2026-07-03,Thu
avin_novor,50,vote +12🔥,vodVote,1783049312636,2026-07-03,Thu
valase,61,vote +23🔥,vodVote,1783049370503,2026-07-03,Thu
pika_gamy,44,overtimeOverdose (1),vodVote,1783049665266,2026-07-03,Thu
dahhel,41,overtimeOverdose (2),vodVote,1783049668399,2026-07-03,Thu
shadowladyex,38,overtimeOverdose (3),vodVote,1783049727026,2026-07-03,Thu
ikaliayev,35,overtimeOverdose (4),vodVote,1783049736728,2026-07-03,Thu
pika_gamy,90,Phase 3: RAM,bootLoop,1783049755348,2026-07-03,Thu
dahhel,90,Phase 3: RAM,bootLoop,1783049755356,2026-07-03,Thu
shadowladyex,90,Phase 3: RAM,bootLoop,1783049755362,2026-07-03,Thu
valase,90,Phase 3: RAM,bootLoop,1783049755367,2026-07-03,Thu
ikaliayev,90,Phase 3: RAM,bootLoop,1783049755370,2026-07-03,Thu
avin_novor,90,Phase 3: RAM,bootLoop,1783049755376,2026-07-03,Thu
valase,32,overtimeOverdose (5),vodVote,1783049766351,2026-07-03,Thu
avin_novor,29,overtimeOverdose (6),vodVote,1783049885448,2026-07-03,Thu
zoskycube,1,Ending round with !v###,vodVote,1783049944114,2026-07-03,Thu
ikaliayev,241,AI Art word: kinkajou,art,1783050061622,2026-07-03,Thu
shadowladyex,53,vote +15🔥,vodVote,1783050062713,2026-07-03,Thu
pika_gamy,39,vote +1🔥,vodVote,1783050098513,2026-07-03,Thu
dahhel,63,vote +25🔥,vodVote,1783050099196,2026-07-03,Thu
valase,62,vote +24🔥,vodVote,1783050107886,2026-07-03,Thu
snoopys030,120,Phase 4: HDD,bootLoop,1783050278456,2026-07-03,Thu
shadowladyex,120,Phase 4: HDD,bootLoop,1783050278458,2026-07-03,Thu
pika_gamy,120,Phase 4: HDD,bootLoop,1783050278465,2026-07-03,Thu
ikaliayev,120,Phase 4: HDD,bootLoop,1783050278475,2026-07-03,Thu
avin_novor,120,Phase 4: HDD,bootLoop,1783050278482,2026-07-03,Thu
valase,120,Phase 4: HDD,bootLoop,1783050278484,2026-07-03,Thu
dahhel,120,Phase 4: HDD,bootLoop,1783050278486,2026-07-03,Thu
shadowladyex,100,proStar bonus: all 4 phases,bootLoop,1783050279143,2026-07-03,Thu
ikaliayev,100,proStar bonus: all 4 phases,bootLoop,1783050279147,2026-07-03,Thu
avin_novor,100,proStar bonus: all 4 phases,bootLoop,1783050279148,2026-07-03,Thu
dahhel,100,proStar bonus: all 4 phases,bootLoop,1783050279150,2026-07-03,Thu
valase,100,proStar bonus: all 4 phases,bootLoop,1783050279152,2026-07-03,Thu
snoopys030,45,vote +7🔥,vodVote,1783050359288,2026-07-03,Thu
ikaliayev,86,vote +48🔥,vodVote,1783050375252,2026-07-03,Thu
darkranx,63,AI Art word: legit,art,1783050377578,2026-07-03,Thu
darkranx,38,vote ,vodVote,1783050384765,2026-07-03,Thu
avin_novor,51,vote +13🔥,vodVote,1783050387102,2026-07-03,Thu
darkranx,132,Gauntlet vote: Ni no Kuni Wrath of the White Witch Remastered [v:4],gauntlet,1783050393849,2026-07-03,Thu
dahhel,66,Gauntlet vote: Starbound [v:2],gauntlet,1783050475544,2026-07-03,Thu
ikaliayev,132,Gauntlet vote: Dead Cells [v:4],gauntlet,1783050768301,2026-07-03,Thu
alfims,39,vote +1🔥,vodVote,1783050880175,2026-07-03,Thu
alfims,132,Gauntlet vote: Deep Rock Galactic [v:4],gauntlet,1783050897707,2026-07-03,Thu
snoopys030,44,overtimeOverdose (1),vodVote,1783051033487,2026-07-03,Thu
shadowladyex,41,overtimeOverdose (2),vodVote,1783051037415,2026-07-03,Thu
darkranx,38,overtimeOverdose (3),vodVote,1783051052355,2026-07-03,Thu
dahhel,35,overtimeOverdose (4),vodVote,1783051063877,2026-07-03,Thu
alfims,32,overtimeOverdose (5),vodVote,1783051076625,2026-07-03,Thu
avin_novor,29,overtimeOverdose (6),vodVote,1783051127598,2026-07-03,Thu
pika_gamy,26,overtimeOverdose (7),vodVote,1783051186904,2026-07-03,Thu
ikaliayev,23,overtimeOverdose (8),vodVote,1783051196863,2026-07-03,Thu
zoskycube,1,Ending round with !v###,vodVote,1783051231272,2026-07-03,Fri
valase,45,Phase 1: CPU,bootLoop,1783051245887,2026-07-03,Fri
avin_novor,45,Phase 1: CPU,bootLoop,1783051245910,2026-07-03,Fri
alfims,45,Phase 1: CPU,bootLoop,1783051245913,2026-07-03,Fri
shadowladyex,45,Phase 1: CPU,bootLoop,1783051245917,2026-07-03,Fri
ikaliayev,45,Phase 1: CPU,bootLoop,1783051245928,2026-07-03,Fri
darkranx,45,Phase 1: CPU,bootLoop,1783051245932,2026-07-03,Fri
snoopys030,45,Phase 1: CPU,bootLoop,1783051245940,2026-07-03,Fri
dahhel,45,Phase 1: CPU,bootLoop,1783051245943,2026-07-03,Fri
dahhel,64,vote +26🔥,vodVote,1783051384998,2026-07-03,Fri
slay_da_b,38,vote ,vodVote,1783051417657,2026-07-03,Fri
snoopys030,46,vote +8🔥,vodVote,1783051457253,2026-07-03,Fri
shadowladyex,54,vote +16🔥,vodVote,1783051482391,2026-07-03,Fri
ikaliayev,87,vote +49🔥,vodVote,1783051487950,2026-07-03,Fri
pika_gamy,40,vote +2🔥,vodVote,1783051506016,2026-07-03,Fri
ikaliayev,283,AI Art word: whacks,art,1783051594743,2026-07-03,Fri
alfims,40,vote +2🔥,vodVote,1783051678443,2026-07-03,Fri
snoopys030,65,Phase 2: RAM,bootLoop,1783051765683,2026-07-03,Fri
shadowladyex,65,Phase 2: RAM,bootLoop,1783051765702,2026-07-03,Fri
slay_da_b,65,Phase 2: RAM,bootLoop,1783051765705,2026-07-03,Fri
alfims,65,Phase 2: RAM,bootLoop,1783051765719,2026-07-03,Fri
dahhel,65,Phase 2: RAM,bootLoop,1783051765723,2026-07-03,Fri
darkranx,39,vote +1🔥,vodVote,1783051914520,2026-07-03,Fri
darkranx,132,Gauntlet vote: Beyond a Steel Sky [v:4],gauntlet,1783051927272,2026-07-03,Fri
avin_novor,52,vote +14🔥,vodVote,1783052090417,2026-07-03,Fri
avin_novor,94,AI Art word: thrust,art,1783052114581,2026-07-03,Fri
avin_novor,132,Gauntlet vote: Agent in Depth [v:4],gauntlet,1783052128037,2026-07-03,Fri
ikaliayev,90,Phase 3: GPU,bootLoop,1783052241194,2026-07-03,Fri
dahhel,90,Phase 3: GPU,bootLoop,1783052241202,2026-07-03,Fri
avin_novor,90,Phase 3: GPU,bootLoop,1783052241208,2026-07-03,Fri
darkranx,90,Phase 3: GPU,bootLoop,1783052241256,2026-07-03,Fri
snoopys030,90,Phase 3: GPU,bootLoop,1783052241870,2026-07-03,Fri
dahhel,44,overtimeOverdose (1),vodVote,1783052372048,2026-07-03,Fri
darkranx,41,overtimeOverdose (2),vodVote,1783052386026,2026-07-03,Fri
ikaliayev,38,overtimeOverdose (3),vodVote,1783052409949,2026-07-03,Fri
shadowladyex,35,overtimeOverdose (4),vodVote,1783052442413,2026-07-03,Fri
snoopys030,32,overtimeOverdose (5),vodVote,1783052540617,2026-07-03,Fri
zoskycube,1,Ending round with !v###,vodVote,1783052612844,2026-07-03,Fri
dahhel,65,vote +27🔥,vodVote,1783052738005,2026-07-03,Fri
avin_novor,53,vote +15🔥,vodVote,1783052746942,2026-07-03,Fri
shadowladyex,55,vote +17🔥,vodVote,1783052762979,2026-07-03,Fri
alfims,41,vote +3🔥,vodVote,1783052847816,2026-07-03,Fri
mori2323,38,vote ,vodVote,1783052857439,2026-07-03,Fri
mori2323,132,Gauntlet vote: Wanba Warriors [v:4],gauntlet,1783052868610,2026-07-03,Fri
snoopys030,47,vote +9🔥,vodVote,1783052957535,2026-07-03,Fri
ikaliayev,88,vote +50🔥,vodVote,1783052964795,2026-07-03,Fri
darkranx,115,AI Art word: fresh,art,1783052991643,2026-07-03,Fri
darkranx,40,vote +2🔥,vodVote,1783053015958,2026-07-03,Fri
darkranx,132,Gauntlet vote: Scheming Through The Zombie Apocalypse: The Beginning [v:4],gauntlet,1783053022932,2026-07-03,Fri
madagascaradam,38,vote ,vodVote,1783053169866,2026-07-03,Fri
madagascaradam,132,Gauntlet vote: Moros Protocol [v:4],gauntlet,1783053176924,2026-07-03,Fri
madagascaradam,2964,Referral bonus (6 referrals),referral,1783053280561,2026-07-03,Fri
avin_novor,45,Phase 1: RAM,bootLoop,1783053633899,2026-07-03,Fri
ikaliayev,45,Phase 1: RAM,bootLoop,1783053633903,2026-07-03,Fri
madagascaradam,45,Phase 1: RAM,bootLoop,1783053633911,2026-07-03,Fri
darkranx,45,Phase 1: RAM,bootLoop,1783053633914,2026-07-03,Fri
snoopys030,45,Phase 1: RAM,bootLoop,1783053633919,2026-07-03,Fri
mori2323,45,Phase 1: RAM,bootLoop,1783053633946,2026-07-03,Fri
dahhel,45,Phase 1: RAM,bootLoop,1783053633953,2026-07-03,Fri
shadowladyex,45,Phase 1: RAM,bootLoop,1783053633955,2026-07-03,Fri
madagascaradam,63,AI Art word: occlude,art,1783053665142,2026-07-03,Fri
dahhel,44,overtimeOverdose (1),vodVote,1783053717226,2026-07-03,Fri
avin_novor,41,overtimeOverdose (2),vodVote,1783053725529,2026-07-03,Fri
ikaliayev,220,AI Art word: offload,art,1783053731868,2026-07-03,Fri
ikaliayev,38,overtimeOverdose (3),vodVote,1783053736384,2026-07-03,Fri
shadowladyex,35,overtimeOverdose (4),vodVote,1783053740081,2026-07-03,Fri
mori2323,32,overtimeOverdose (5),vodVote,1783053788580,2026-07-03,Fri
madagascaradam,29,overtimeOverdose (6),vodVote,1783053794177,2026-07-03,Fri
darkranx,26,overtimeOverdose (7),vodVote,1783053973776,2026-07-03,Fri
zoskycube,1,Ending round with !v###,vodVote,1783054001916,2026-07-03,Fri
dahhel,65,Phase 2: CPU,bootLoop,1783054114895,2026-07-03,Fri
shadowladyex,65,Phase 2: CPU,bootLoop,1783054114898,2026-07-03,Fri
ikaliayev,65,Phase 2: CPU,bootLoop,1783054114907,2026-07-03,Fri
avin_novor,65,Phase 2: CPU,bootLoop,1783054114915,2026-07-03,Fri
mori2323,39,vote +1🔥,vodVote,1783054145780,2026-07-03,Fri
snoopys030,48,vote +10🔥,vodVote,1783054191484,2026-07-03,Fri
dahhel,66,vote +28🔥,vodVote,1783054201019,2026-07-03,Fri
snoopys030,132,Gauntlet vote: Autonauts [v:4],gauntlet,1783054203367,2026-07-03,Fri
shadowladyex,56,vote +18🔥,vodVote,1783054277624,2026-07-03,Fri
ikaliayev,89,vote +51🔥,vodVote,1783054312615,2026-07-03,Fri
madagascaradam,39,vote +1🔥,vodVote,1783054426965,2026-07-03,Fri
mori2323,90,Phase 3: HDD,bootLoop,1783054598798,2026-07-03,Fri
madagascaradam,90,Phase 3: HDD,bootLoop,1783054598811,2026-07-03,Fri
dahhel,90,Phase 3: HDD,bootLoop,1783054598820,2026-07-03,Fri
ikaliayev,90,Phase 3: HDD,bootLoop,1783054598823,2026-07-03,Fri
avin_novor,90,Phase 3: HDD,bootLoop,1783054598827,2026-07-03,Fri
shadowladyex,90,Phase 3: HDD,bootLoop,1783054598832,2026-07-03,Fri
mori2323,44,overtimeOverdose (1),vodVote,1783054707724,2026-07-03,Fri
shadowladyex,41,overtimeOverdose (2),vodVote,1783054717312,2026-07-03,Fri
dahhel,38,overtimeOverdose (3),vodVote,1783054719987,2026-07-03,Fri
ikaliayev,35,overtimeOverdose (4),vodVote,1783054785655,2026-07-03,Fri
darkranx,32,overtimeOverdose (5),vodVote,1783054819149,2026-07-03,Fri
llucholba,38,vote ,vodVote,1783054901628,2026-07-03,Fri
llucholba,29,overtimeOverdose (6),vodVote,1783054906156,2026-07-03,Fri
llucholba,132,Gauntlet vote: F.E.A.R.: Perseus Mandate [v:4],gauntlet,1783054917783,2026-07-03,Fri
llucholba,168,AI Art word: juggler,art,1783054923850,2026-07-03,Fri
zoskycube,1,Ending round with !v###,vodVote,1783054996420,2026-07-03,Fri
madagascaradam,40,vote +2🔥,vodVote,1783055154133,2026-07-03,Fri
madagascaradam,132,Gauntlet vote: Banishers: Ghosts of New Eden [v:4],gauntlet,1783055157696,2026-07-03,Fri
dahhel,67,vote +29🔥,vodVote,1783055165825,2026-07-03,Fri
snoopys030,49,vote +11🔥,vodVote,1783055184578,2026-07-03,Fri
alburldador,38,vote ,vodVote,1783055184835,2026-07-03,Fri
shadowladyex,57,vote +19🔥,vodVote,1783055189858,2026-07-03,Fri
ikaliayev,90,vote +52🔥,vodVote,1783055293618,2026-07-03,Fri
ivanpetrov32,38,vote ,vodVote,1783055301770,2026-07-03,Fri
ivanpetrov32,132,Gauntlet vote: Narvas [v:4],gauntlet,1783055322143,2026-07-03,Fri
mori2323,40,vote +2🔥,vodVote,1783055355758,2026-07-03,Fri
johnnymnemonics,38,vote ,vodVote,1783055373961,2026-07-03,Fri
mori2323,132,Gauntlet vote: Fallout Shelter [v:4],gauntlet,1783055380834,2026-07-03,Fri
johnnymnemonics,132,Gauntlet vote: Duke Nukem Forever [v:4],gauntlet,1783055388328,2026-07-03,Fri
avin_novor,38,vote ,vodVote,1783055435684,2026-07-03,Fri
llucholba,39,vote +1🔥,vodVote,1783055567616,2026-07-03,Fri
darkranx,38,vote ,vodVote,1783055574844,2026-07-03,Fri
llucholba,132,Gauntlet vote: Meeple Station [v:4],gauntlet,1783055581041,2026-07-03,Fri
alfims,38,vote ,vodVote,1783055639780,2026-07-03,Fri
alburldador,44,overtimeOverdose (1),vodVote,1783055835519,2026-07-03,Fri
xiaoxiao9313,41,overtimeOverdose (2),vodVote,1783055958622,2026-07-03,Fri
ikaliayev,38,overtimeOverdose (3),vodVote,1783055963202,2026-07-03,Fri
alburldador,132,Gauntlet vote: Alan Wake's American Nightmare [v:4],gauntlet,1783055973339,2026-07-03,Fri
xiaoxiao9313,38,vote ,vodVote,1783055989857,2026-07-03,Fri
xiaoxiao9313,33,Gauntlet vote: Bajka [v:1],gauntlet,1783056009158,2026-07-03,Fri
xiaoxiao9313,1000,Voucher: dailyDose,voucher,1783056024101,2026-07-03,Fri
zoskycube,1,Ending round with !v###,vodVote,1783056098119,2026-07-03,Fri
shadowladyex,58,vote +20🔥,vodVote,1783056212893,2026-07-03,Fri
mori2323,45,Phase 1: RAM,bootLoop,1783056218266,2026-07-03,Fri
shadowladyex,45,Phase 1: RAM,bootLoop,1783056218280,2026-07-03,Fri
alburldador,45,Phase 1: RAM,bootLoop,1783056218290,2026-07-03,Fri
darkranx,45,Phase 1: RAM,bootLoop,1783056218303,2026-07-03,Fri
avin_novor,45,Phase 1: RAM,bootLoop,1783056218308,2026-07-03,Fri
xiaoxiao9313,45,Phase 1: RAM,bootLoop,1783056218311,2026-07-03,Fri
ivanpetrov32,45,Phase 1: RAM,bootLoop,1783056218313,2026-07-03,Fri
alfims,45,Phase 1: RAM,bootLoop,1783056218321,2026-07-03,Fri
snoopys030,45,Phase 1: RAM,bootLoop,1783056218326,2026-07-03,Fri
llucholba,45,Phase 1: RAM,bootLoop,1783056218329,2026-07-03,Fri
ikaliayev,45,Phase 1: RAM,bootLoop,1783056218334,2026-07-03,Fri
madagascaradam,45,Phase 1: RAM,bootLoop,1783056218338,2026-07-03,Fri
mori2323,41,vote +3🔥,vodVote,1783056291299,2026-07-03,Fri
xiaoxiao9313,39,vote +1🔥,vodVote,1783056297320,2026-07-03,Fri
pika_gamy,38,vote ,vodVote,1783056339281,2026-07-03,Fri
avin_novor,39,vote +1🔥,vodVote,1783056346402,2026-07-03,Fri
ikaliayev,91,vote +53🔥,vodVote,1783056368105,2026-07-03,Fri
snoopys030,50,vote +12🔥,vodVote,1783056434022,2026-07-03,Fri
avin_novor,98,AI Art word: mercantile,art,1783056440298,2026-07-03,Fri
alburldador,39,vote +1🔥,vodVote,1783056443065,2026-07-03,Fri
puphik,38,vote ,vodVote,1783056660425,2026-07-03,Fri
puphik,33,Gauntlet vote: Vaudeville [v:1],gauntlet,1783056669263,2026-07-03,Fri
shadowladyex,65,Phase 2: CPU,bootLoop,1783056670286,2026-07-03,Fri
alburldador,65,Phase 2: CPU,bootLoop,1783056670308,2026-07-03,Fri
mori2323,65,Phase 2: CPU,bootLoop,1783056670316,2026-07-03,Fri
pika_gamy,65,Phase 2: CPU,bootLoop,1783056670390,2026-07-03,Fri
avin_novor,65,Phase 2: CPU,bootLoop,1783056670403,2026-07-03,Fri
llucholba,40,vote +2🔥,vodVote,1783056845998,2026-07-03,Fri
llucholba,132,Gauntlet vote: Oddworld: Stranger's Wrath HD [v:4],gauntlet,1783056855265,2026-07-03,Fri
darkranx,132,Gauntlet vote: Tell Me Why [v:4],gauntlet,1783056884539,2026-07-03,Fri
alburldador,44,overtimeOverdose (1),vodVote,1783057195946,2026-07-03,Fri
darkranx,41,overtimeOverdose (2),vodVote,1783057199642,2026-07-03,Fri
ikaliayev,38,overtimeOverdose (3),vodVote,1783057227696,2026-07-03,Fri
mori2323,35,overtimeOverdose (4),vodVote,1783057249919,2026-07-03,Fri
shadowladyex,32,overtimeOverdose (5),vodVote,1783057280529,2026-07-03,Fri
pika_gamy,29,overtimeOverdose (6),vodVote,1783057349123,2026-07-03,Fri
xiaoxiao9313,26,overtimeOverdose (7),vodVote,1783057396144,2026-07-03,Fri
mori2323,1000,Voucher: dailyDose,voucher,1783057416623,2026-07-03,Fri
zoskycube,1,Ending round with !v###,vodVote,1783057445556,2026-07-03,Fri
mori2323,136,AI Art word: abashed,art,1783057485628,2026-07-03,Fri
mori2323,42,vote +4🔥,vodVote,1783057547870,2026-07-03,Fri
alfims,38,vote ,vodVote,1783057548535,2026-07-03,Fri
mori2323,132,Gauntlet vote: Trek to Yomi [v:4],gauntlet,1783057557660,2026-07-03,Fri
ikaliayev,92,vote +54🔥,vodVote,1783057631486,2026-07-03,Fri
shadowladyex,59,vote +21🔥,vodVote,1783057674042,2026-07-03,Fri
alburldador,40,vote +2🔥,vodVote,1783057763422,2026-07-03,Fri
pika_gamy,39,vote +1🔥,vodVote,1783057851416,2026-07-03,Fri
pika_gamy,66,Gauntlet vote: THE FINALS [v:2],gauntlet,1783057883988,2026-07-03,Fri
ivanpetrov32,38,vote ,vodVote,1783057889308,2026-07-03,Fri
ivanpetrov32,132,Gauntlet vote: Titan Souls [v:4],gauntlet,1783057900593,2026-07-03,Fri
xiaoxiao9313,40,vote +2🔥,vodVote,1783057919761,2026-07-03,Fri
xiaoxiao9313,33,Gauntlet vote: Moros Protocol [v:1],gauntlet,1783057924241,2026-07-03,Fri
alfims,45,Phase 1: GPU,bootLoop,1783058028006,2026-07-03,Fri
mori2323,45,Phase 1: GPU,bootLoop,1783058028017,2026-07-03,Fri
xiaoxiao9313,45,Phase 1: GPU,bootLoop,1783058028034,2026-07-03,Fri
alburldador,45,Phase 1: GPU,bootLoop,1783058028040,2026-07-03,Fri
darkranx,45,Phase 1: GPU,bootLoop,1783058028047,2026-07-03,Fri
pika_gamy,45,Phase 1: GPU,bootLoop,1783058028050,2026-07-03,Fri
ikaliayev,45,Phase 1: GPU,bootLoop,1783058028053,2026-07-03,Fri
shadowladyex,45,Phase 1: GPU,bootLoop,1783058028062,2026-07-03,Fri
alyssrentori,38,vote ,vodVote,1783058435169,2026-07-03,Fri
ikaliayev,44,overtimeOverdose (1),vodVote,1783058447915,2026-07-03,Fri
alyssrentori,132,Gauntlet vote: Chicken Police [v:4],gauntlet,1783058449841,2026-07-03,Fri
shadowladyex,41,overtimeOverdose (2),vodVote,1783058454425,2026-07-03,Fri
mori2323,38,overtimeOverdose (3),vodVote,1783058466154,2026-07-03,Fri
xiaoxiao9313,35,overtimeOverdose (4),vodVote,1783058583980,2026-07-03,Fri
zoskycube,1,Ending round with !v###,vodVote,1783058750821,2026-07-03,Fri
mori2323,132,Gauntlet vote: Syberia - The World Before [v:4],gauntlet,1783058792635,2026-07-03,Fri
mori2323,149,AI Art word: icecaps,art,1783058841065,2026-07-03,Fri
darkranx,84,AI Art word: islands,art,1783058898953,2026-07-03,Fri
mori2323,43,vote +5🔥,vodVote,1783058900479,2026-07-03,Fri
darkranx,132,Gauntlet vote: Returnal™ [v:4],gauntlet,1783058921294,2026-07-03,Fri
darkranx,38,vote ,vodVote,1783058929108,2026-07-03,Fri
ikaliayev,93,vote +55🔥,vodVote,1783058984766,2026-07-03,Fri
shadowladyex,60,vote +22🔥,vodVote,1783059080246,2026-07-03,Fri
alburldador,41,vote +3🔥,vodVote,1783059148526,2026-07-03,Fri
mori2323,45,Phase 1: GPU,bootLoop,1783059291443,2026-07-03,Fri
shadowladyex,45,Phase 1: GPU,bootLoop,1783059291452,2026-07-03,Fri
alburldador,45,Phase 1: GPU,bootLoop,1783059291456,2026-07-03,Fri
ikaliayev,45,Phase 1: GPU,bootLoop,1783059291521,2026-07-03,Fri
mori2323,44,overtimeOverdose (1),vodVote,1783059539343,2026-07-03,Fri
alburldador,41,overtimeOverdose (2),vodVote,1783059549669,2026-07-03,Fri
ikaliayev,38,overtimeOverdose (3),vodVote,1783059591267,2026-07-03,Fri
shadowladyex,35,overtimeOverdose (4),vodVote,1783059591901,2026-07-03,Fri
darkranx,32,overtimeOverdose (5),vodVote,1783059632248,2026-07-03,Fri
pika_gamy,33,Gauntlet vote: The Chant [v:1],gauntlet,1783059652788,2026-07-03,Fri
pika_gamy,29,overtimeOverdose (6),vodVote,1783059654807,2026-07-03,Fri
alfims,39,vote +1🔥,vodVote,1783059733216,2026-07-03,Fri
alfims,26,overtimeOverdose (7),vodVote,1783059735347,2026-07-03,Fri
zoskycube,1,Ending round with !v###,vodVote,1783059861336,2026-07-03,Fri
mori2323,44,vote +6🔥,vodVote,1783059979585,2026-07-03,Fri
xiaoxiao9313,38,vote ,vodVote,1783060000174,2026-07-03,Fri
xiaoxiao9313,33,Gauntlet vote: Wickland [v:1],gauntlet,1783060004480,2026-07-03,Fri
ikaliayev,94,vote +56🔥,vodVote,1783060060460,2026-07-03,Fri
ikaliayev,132,Gauntlet vote: RoboCop: Rogue City [v:4],gauntlet,1783060089428,2026-07-03,Fri
alburldador,42,vote +4🔥,vodVote,1783060242307,2026-07-03,Fri
shadowladyex,61,vote +23🔥,vodVote,1783060282284,2026-07-03,Fri
shadowladyex,45,Phase 1: CPU,bootLoop,1783060576901,2026-07-03,Fri
alburldador,45,Phase 1: CPU,bootLoop,1783060576908,2026-07-03,Fri
xiaoxiao9313,45,Phase 1: CPU,bootLoop,1783060576917,2026-07-03,Fri
ikaliayev,44,overtimeOverdose (1),vodVote,1783060620927,2026-07-03,Fri
mori2323,41,overtimeOverdose (2),vodVote,1783060628604,2026-07-03,Fri
mori2323,238,AI Art word: joypad,art,1783060661984,2026-07-03,Fri
shadowladyex,38,overtimeOverdose (3),vodVote,1783060672281,2026-07-03,Fri
darkranx,35,overtimeOverdose (4),vodVote,1783060709084,2026-07-03,Fri
xiaoxiao9313,32,overtimeOverdose (5),vodVote,1783060714970,2026-07-03,Fri
alburldador,29,overtimeOverdose (6),vodVote,1783060776978,2026-07-03,Fri
zoskycube,1,Ending round with !v###,vodVote,1783060889625,2026-07-03,Fri
mori2323,45,vote +7🔥,vodVote,1783061023261,2026-07-03,Fri
alfims,38,vote ,vodVote,1783061082692,2026-07-03,Fri
shadowladyex,62,vote +24🔥,vodVote,1783061096127,2026-07-03,Fri
darkranx,38,vote ,vodVote,1783061116488,2026-07-03,Fri
shadowladyex,132,Gauntlet vote: Batman - The Telltale Series [v:4],gauntlet,1783061140124,2026-07-03,Fri
ikaliayev,95,vote +57🔥,vodVote,1783061196421,2026-07-03,Fri
alburldador,43,vote +5🔥,vodVote,1783061489428,2026-07-03,Fri
shadowladyex,44,overtimeOverdose (1),vodVote,1783061648469,2026-07-03,Fri
mori2323,44,overtimeOverdose (1),vodVote,1783061648664,2026-07-03,Fri
darkranx,41,overtimeOverdose (2),vodVote,1783061828410,2026-07-03,Fri
alburldador,38,overtimeOverdose (3),vodVote,1783061866604,2026-07-03,Fri
zoskycube,1,Ending round with !v###,vodVote,1783061967512,2026-07-03,Fri
mori2323,218,AI Art word: squiffy,art,1783062005965,2026-07-03,Fri
ivanpetrov32,38,vote ,vodVote,1783062102526,2026-07-03,Fri
ragnar175,38,vote ,vodVote,1783062134832,2026-07-03,Fri
shadowladyex,63,vote +25🔥,vodVote,1783062135274,2026-07-03,Fri
ragnar175,94,AI Art word: minutes,art,1783062154825,2026-07-03,Fri
ragnar175,132,Gauntlet vote: Moros Protocol [v:4],gauntlet,1783062177355,2026-07-03,Fri
ikaliayev,96,vote +58🔥,vodVote,1783062232583,2026-07-03,Fri
alburldador,44,vote +6🔥,vodVote,1783062253661,2026-07-03,Fri
mori2323,46,vote +8🔥,vodVote,1783062282877,2026-07-03,Fri
alburldador,1000,Voucher: dailyDose,voucher,1783062335410,2026-07-03,Fri
ragnar175,45,Phase 1: CPU,bootLoop,1783062593859,2026-07-03,Fri
mori2323,45,Phase 1: CPU,bootLoop,1783062593863,2026-07-03,Fri
alburldador,45,Phase 1: CPU,bootLoop,1783062593868,2026-07-03,Fri
darkranx,45,Phase 1: CPU,bootLoop,1783062593872,2026-07-03,Fri
yurigiu,38,vote ,vodVote,1783062722876,2026-07-03,Fri
yurigiu,126,AI Art word: century,art,1783062736079,2026-07-03,Fri
yurigiu,132,Gauntlet vote: Autonauts [v:4],gauntlet,1783062749404,2026-07-03,Fri
shadowladyex,44,overtimeOverdose (1),vodVote,1783063012471,2026-07-03,Fri
yurigiu,65,Phase 2: GPU,bootLoop,1783063047899,2026-07-03,Fri
alburldador,65,Phase 2: GPU,bootLoop,1783063047903,2026-07-03,Fri
mori2323,65,Phase 2: GPU,bootLoop,1783063047906,2026-07-03,Fri
shadowladyex,65,Phase 2: GPU,bootLoop,1783063047912,2026-07-03,Fri
alburldador,41,overtimeOverdose (2),vodVote,1783063097727,2026-07-03,Fri
mori2323,38,overtimeOverdose (3),vodVote,1783063164769,2026-07-03,Fri
zoskycube,1,Ending round with !v###,vodVote,1783063190077,2026-07-03,Fri
mori2323,47,vote +9🔥,vodVote,1783063317767,2026-07-03,Fri
alburldador,45,vote +7🔥,vodVote,1783063346995,2026-07-03,Fri
mori2323,219,AI Art word: thanked,art,1783063466646,2026-07-03,Fri
whitepai,38,vote ,vodVote,1783063584958,2026-07-03,Fri
whitepai,33,Gauntlet vote: Rise of Flight United [v:1],gauntlet,1783063587351,2026-07-03,Fri
shadowladyex,64,vote +26🔥,vodVote,1783063596256,2026-07-03,Fri
ivanpetrov32,39,vote +1🔥,vodVote,1783063804356,2026-07-03,Fri
aswd002,38,vote ,vodVote,1783064035100,2026-07-03,Fri
whitepai,33,Gauntlet vote: Toodee and Topdee [v:1],gauntlet,1783064130278,2026-07-03,Fri
whitepai,1000,Voucher: dailyDose,voucher,1783064143089,2026-07-03,Fri
alburldador,44,overtimeOverdose (1),vodVote,1783064239984,2026-07-03,Fri
shadowladyex,41,overtimeOverdose (2),vodVote,1783064278525,2026-07-03,Fri
mori2323,38,overtimeOverdose (3),vodVote,1783064327686,2026-07-03,Fri
zoskycube,1,Ending round with !v###,vodVote,1783064413638,2026-07-03,Fri
shadowladyex,65,vote +27🔥,vodVote,1783064532286,2026-07-03,Fri
mori2323,48,vote +10🔥,vodVote,1783064564077,2026-07-03,Fri
mori2323,45,Phase 1: GPU,bootLoop,1783064782105,2026-07-03,Fri
shadowladyex,45,Phase 1: GPU,bootLoop,1783064782108,2026-07-03,Fri
alburldador,45,Phase 1: GPU,bootLoop,1783064782118,2026-07-03,Fri
whitepai,33,Gauntlet vote: Red Faction: Armageddon [v:1],gauntlet,1783064940410,2026-07-03,Fri
whitepai,39,vote +1🔥,vodVote,1783064944826,2026-07-03,Fri
alburldador,46,vote +8🔥,vodVote,1783064998458,2026-07-03,Fri
mori2323,220,AI Art word: obeches,art,1783065007484,2026-07-03,Fri
alburldador,132,Gauntlet vote: Remnant: From the Ashes [v:4],gauntlet,1783065013551,2026-07-03,Fri
slay_da_b,132,Gauntlet vote: Jagged Alliance - Back in Action [v:4],gauntlet,1783065144313,2026-07-03,Fri
slay_da_b,38,vote ,vodVote,1783065151512,2026-07-03,Fri
slay_da_b,65,Phase 2: RAM,bootLoop,1783065225136,2026-07-03,Fri
alburldador,65,Phase 2: RAM,bootLoop,1783065225144,2026-07-03,Fri
whitepai,65,Phase 2: RAM,bootLoop,1783065225152,2026-07-03,Fri
shadowladyex,65,Phase 2: RAM,bootLoop,1783065225155,2026-07-03,Fri
alfims,38,vote ,vodVote,1783065425985,2026-07-03,Fri
alburldador,44,overtimeOverdose (1),vodVote,1783065609015,2026-07-03,Fri
mori2323,41,overtimeOverdose (2),vodVote,1783065634135,2026-07-03,Fri
shadowladyex,38,overtimeOverdose (3),vodVote,1783065679478,2026-07-03,Fri
whitepai,33,Gauntlet vote: Trackmania [v:1],gauntlet,1783065712682,2026-07-03,Fri
zoskycube,1,Ending round with !v###,vodVote,1783065919923,2026-07-03,Fri
shadowladyex,66,vote +28🔥,vodVote,1783066028746,2026-07-03,Fri
mori2323,49,vote +11🔥,vodVote,1783066079501,2026-07-03,Fri
ivanpetrov32,38,vote ,vodVote,1783066169187,2026-07-03,Fri
alburldador,47,vote +9🔥,vodVote,1783066239501,2026-07-03,Fri
pika_gamy,66,Gauntlet vote: Desolate [v:2],gauntlet,1783066302412,2026-07-03,Fri
pika_gamy,38,vote ,vodVote,1783066311923,2026-07-03,Fri
mori2323,45,Phase 1: HDD,bootLoop,1783066397727,2026-07-03,Fri
pika_gamy,45,Phase 1: HDD,bootLoop,1783066397733,2026-07-03,Fri
shadowladyex,45,Phase 1: HDD,bootLoop,1783066397737,2026-07-03,Fri
alburldador,45,Phase 1: HDD,bootLoop,1783066397741,2026-07-03,Fri
mori2323,172,AI Art word: gobble,art,1783066488889,2026-07-03,Fri
alfims,39,vote +1🔥,vodVote,1783066516412,2026-07-03,Fri
whitepai,40,vote +2🔥,vodVote,1783066696466,2026-07-03,Fri
whitepai,33,Gauntlet vote: Portal 2 [v:1],gauntlet,1783066700447,2026-07-03,Fri
whitepai,65,Phase 2: RAM,bootLoop,1783066800731,2026-07-03,Fri
mori2323,65,Phase 2: RAM,bootLoop,1783066800733,2026-07-03,Fri
shadowladyex,65,Phase 2: RAM,bootLoop,1783066800760,2026-07-03,Fri
alfims,65,Phase 2: RAM,bootLoop,1783066800763,2026-07-03,Fri
shadowladyex,44,overtimeOverdose (1),vodVote,1783066960524,2026-07-03,Fri
alburldador,41,overtimeOverdose (2),vodVote,1783066969677,2026-07-03,Fri
mori2323,38,overtimeOverdose (3),vodVote,1783066976705,2026-07-03,Fri
alfims,35,overtimeOverdose (4),vodVote,1783067207179,2026-07-03,Fri
alburldador,115,AI Art word: leaving,art,1783067272629,2026-07-03,Fri
zoskycube,1,Ending round with !v###,vodVote,1783067299203,2026-07-03,Fri
shadowladyex,67,vote +29🔥,vodVote,1783067464574,2026-07-03,Fri
mori2323,50,vote +12🔥,vodVote,1783067533251,2026-07-03,Fri
rafsongames,38,vote ,vodVote,1783067593436,2026-07-03,Fri
rafsongames,33,Gauntlet vote: Izmir: An Independence Simulator [v:1],gauntlet,1783067598826,2026-07-03,Fri
ivanpetrov32,132,Gauntlet vote: Plasma [v:4],gauntlet,1783067615848,2026-07-03,Fri
whitepai,41,vote +3🔥,vodVote,1783067625168,2026-07-03,Fri
whitepai,33,Gauntlet vote: Slice of Sea [v:1],gauntlet,1783067627810,2026-07-03,Fri
mori2323,45,Phase 1: CPU,bootLoop,1783067954291,2026-07-03,Fri
alburldador,45,Phase 1: CPU,bootLoop,1783067954294,2026-07-03,Fri
whitepai,45,Phase 1: CPU,bootLoop,1783067954302,2026-07-03,Fri
ivanpetrov32,45,Phase 1: CPU,bootLoop,1783067954307,2026-07-03,Fri
shadowladyex,45,Phase 1: CPU,bootLoop,1783067954374,2026-07-03,Fri
ivanpetrov32,38,vote ,vodVote,1783068053652,2026-07-03,Fri
ivanpetrov32,105,AI Art word: dying,art,1783068074058,2026-07-03,Fri
whitepai,33,Gauntlet vote: Pogglewash [v:1],gauntlet,1783068314174,2026-07-03,Fri
whitepai,65,Phase 2: GPU,bootLoop,1783068364342,2026-07-03,Fri
alburldador,65,Phase 2: GPU,bootLoop,1783068364387,2026-07-03,Fri
shadowladyex,65,Phase 2: GPU,bootLoop,1783068364393,2026-07-03,Fri
shadowladyex,44,overtimeOverdose (1),vodVote,1783068522793,2026-07-03,Fri
alburldador,41,overtimeOverdose (2),vodVote,1783068528498,2026-07-03,Fri
mori2323,38,overtimeOverdose (3),vodVote,1783068611722,2026-07-03,Fri
mori2323,330,AI Art word: whiffy,art,1783068624893,2026-07-03,Fri
zoskycube,1,Ending round with !v###,vodVote,1783068694436,2026-07-03,Fri
whitepai,42,vote +4🔥,vodVote,1783068811831,2026-07-03,Fri
whitepai,33,Gauntlet vote: Asterogues [v:1],gauntlet,1783068815452,2026-07-03,Fri
rafsongames,39,vote +1🔥,vodVote,1783068829749,2026-07-03,Fri
rafsongames,33,Gauntlet vote: Beacon Pines [v:1],gauntlet,1783068836259,2026-07-03,Fri
yurigiu,38,vote ,vodVote,1783068854427,2026-07-03,Fri
yurigiu,132,Gauntlet vote: Alan Wake's American Nightmare [v:4],gauntlet,1783068860324,2026-07-03,Fri
yurigiu,115,AI Art word: advisor,art,1783068869905,2026-07-03,Fri
shadowladyex,68,vote +30🔥,vodVote,1783069001001,2026-07-03,Fri
alburldador,100,AI Art word: terabyte,art,1783069024017,2026-07-03,Fri
alburldador,38,vote ,vodVote,1783069035932,2026-07-03,Fri
slay_da_b,38,vote ,vodVote,1783069114038,2026-07-03,Fri
pika_gamy,38,vote ,vodVote,1783069121817,2026-07-03,Fri
snoopys030,38,vote ,vodVote,1783069195413,2026-07-03,Fri
mori2323,51,vote +13🔥,vodVote,1783069297220,2026-07-03,Fri
xiaoxiao9313,38,vote ,vodVote,1783069603633,2026-07-03,Fri
xiaoxiao9313,33,Gauntlet vote: Cyberpunk 2077 [v:1],gauntlet,1783069618330,2026-07-03,Fri
xiaoxiao9313,42,AI Art word: van,art,1783069627848,2026-07-03,Fri
mori2323,45,Phase 1: GPU,bootLoop,1783069775769,2026-07-03,Fri
xiaoxiao9313,45,Phase 1: GPU,bootLoop,1783069775807,2026-07-03,Fri
pika_gamy,45,Phase 1: GPU,bootLoop,1783069775857,2026-07-03,Fri
snoopys030,45,Phase 1: GPU,bootLoop,1783069775860,2026-07-03,Fri
alburldador,45,Phase 1: GPU,bootLoop,1783069775883,2026-07-03,Fri
shadowladyex,45,Phase 1: GPU,bootLoop,1783069775885,2026-07-03,Fri
whitepai,45,Phase 1: GPU,bootLoop,1783069775957,2026-07-03,Fri
slay_da_b,45,Phase 1: GPU,bootLoop,1783069775959,2026-07-03,Fri
pika_gamy,44,overtimeOverdose (1),vodVote,1783069889612,2026-07-03,Fri
mori2323,41,overtimeOverdose (2),vodVote,1783069897264,2026-07-03,Fri
alburldador,38,overtimeOverdose (3),vodVote,1783069913515,2026-07-03,Fri
alexwifi42,33,Gauntlet vote: The Ascent [v:1],gauntlet,1783070003783,2026-07-03,Fri
alexwifi42,38,vote ,vodVote,1783070014411,2026-07-03,Fri
alexwifi42,35,overtimeOverdose (4),vodVote,1783070016139,2026-07-03,Fri
shadowladyex,32,overtimeOverdose (5),vodVote,1783070025860,2026-07-03,Fri
alexwifi42,63,AI Art word: inline,art,1783070033180,2026-07-03,Fri
ivanpetrov32,39,vote +1🔥,vodVote,1783070038678,2026-07-03,Fri
zoskycube,1,Ending round with !v###,vodVote,1783070171406,2026-07-03,Fri
pika_gamy,65,Phase 2: RAM,bootLoop,1783070293774,2026-07-03,Fri
alexwifi42,65,Phase 2: RAM,bootLoop,1783070293781,2026-07-03,Fri
shadowladyex,65,Phase 2: RAM,bootLoop,1783070293785,2026-07-03,Fri
alfims,65,Phase 2: RAM,bootLoop,1783070293789,2026-07-03,Fri
alburldador,65,Phase 2: RAM,bootLoop,1783070293794,2026-07-03,Fri
mori2323,52,vote +14🔥,vodVote,1783070362871,2026-07-03,Fri
mori2323,235,AI Art word: unhitch,art,1783070385452,2026-07-03,Fri
shadowladyex,69,vote +31🔥,vodVote,1783070397539,2026-07-03,Fri
robin3one,38,vote ,vodVote,1783070435971,2026-07-03,Fri
robin3one,132,Gauntlet vote: Pathologic 2 [v:4],gauntlet,1783070443111,2026-07-03,Fri
alexwifi42,39,vote +1🔥,vodVote,1783070530149,2026-07-03,Fri
robin3one,94,AI Art word: oxford,art,1783070600089,2026-07-03,Fri
pika_gamy,39,vote +1🔥,vodVote,1783070602368,2026-07-03,Fri
whitepai,43,vote +5🔥,vodVote,1783070648078,2026-07-03,Fri
whitepai,33,Gauntlet vote: Ancient Kingdoms [v:1],gauntlet,1783070651249,2026-07-03,Fri
alburldador,39,vote +1🔥,vodVote,1783070701508,2026-07-03,Fri
alfims,38,vote ,vodVote,1783070825787,2026-07-03,Fri
snoopys030,39,vote +1🔥,vodVote,1783070837782,2026-07-03,Fri
alburldador,100,AI Art word: exhausted,art,1783070844374,2026-07-03,Fri
darkranx,38,vote ,vodVote,1783070884969,2026-07-03,Fri
darkranx,63,AI Art word: edge,art,1783070898225,2026-07-03,Fri
darkranx,1000,Voucher: dailyDose,voucher,1783070928810,2026-07-03,Fri
alfims,44,overtimeOverdose (1),vodVote,1783070982506,2026-07-03,Fri
darkranx,41,overtimeOverdose (2),vodVote,1783070989169,2026-07-03,Fri
snoopys030,38,overtimeOverdose (3),vodVote,1783070994275,2026-07-03,Fri
sassdrake,38,vote ,vodVote,1783071034730,2026-07-03,Fri
sassdrake,33,Gauntlet vote: SCP: Fragmented Minds [v:1],gauntlet,1783071041122,2026-07-03,Fri
sassdrake,126,AI Art word: pepper,art,1783071045993,2026-07-03,Fri
mori2323,90,Phase 3: HDD,bootLoop,1783071059750,2026-07-03,Fri
robin3one,90,Phase 3: HDD,bootLoop,1783071059758,2026-07-03,Fri
pika_gamy,90,Phase 3: HDD,bootLoop,1783071059762,2026-07-03,Fri
alexwifi42,90,Phase 3: HDD,bootLoop,1783071059776,2026-07-03,Fri
alburldador,90,Phase 3: HDD,bootLoop,1783071059779,2026-07-03,Fri
shadowladyex,90,Phase 3: HDD,bootLoop,1783071059786,2026-07-03,Fri
snoopys030,90,Phase 3: HDD,bootLoop,1783071059794,2026-07-03,Fri
alfims,90,Phase 3: HDD,bootLoop,1783071059796,2026-07-03,Fri
darkranx,90,Phase 3: HDD,bootLoop,1783071059798,2026-07-03,Fri
whitepai,90,Phase 3: HDD,bootLoop,1783071059856,2026-07-03,Fri
alburldador,35,overtimeOverdose (4),vodVote,1783071060882,2026-07-03,Fri
snoopys030,132,Gauntlet vote: Wanba Warriors [v:4],gauntlet,1783071065327,2026-07-03,Fri
puphik,32,overtimeOverdose (5),vodVote,1783071080016,2026-07-03,Fri
puphik,38,vote ,vodVote,1783071083668,2026-07-03,Fri
puphik,33,Gauntlet vote: Nohra [v:1],gauntlet,1783071090457,2026-07-03,Fri
puphik,105,AI Art word: park,art,1783071104373,2026-07-03,Fri
shadowladyex,29,overtimeOverdose (6),vodVote,1783071133111,2026-07-03,Fri
pika_gamy,26,overtimeOverdose (7),vodVote,1783071188788,2026-07-03,Fri
zoskycube,1,Ending round with !v###,vodVote,1783071217123,2026-07-03,Fri
darkranx,132,Gauntlet vote: V-Rally 4 [v:4],gauntlet,1783071269110,2026-07-03,Fri
whitepai,33,Gauntlet vote: Super Blue Boy Planet [v:1],gauntlet,1783071286482,2026-07-03,Fri
shadowladyex,70,vote +32🔥,vodVote,1783071333217,2026-07-03,Fri
mori2323,53,vote +15🔥,vodVote,1783071383547,2026-07-03,Fri
alburldador,40,vote +2🔥,vodVote,1783071394209,2026-07-03,Fri
darkranx,39,vote +1🔥,vodVote,1783071429923,2026-07-03,Fri
pika_gamy,120,Phase 4: CPU,bootLoop,1783071477865,2026-07-03,Fri
darkranx,120,Phase 4: CPU,bootLoop,1783071477873,2026-07-03,Fri
alburldador,120,Phase 4: CPU,bootLoop,1783071477878,2026-07-03,Fri
mori2323,120,Phase 4: CPU,bootLoop,1783071477885,2026-07-03,Fri
whitepai,120,Phase 4: CPU,bootLoop,1783071477888,2026-07-03,Fri
shadowladyex,120,Phase 4: CPU,bootLoop,1783071477898,2026-07-03,Fri
snoopys030,120,Phase 4: CPU,bootLoop,1783071477903,2026-07-03,Fri
pika_gamy,166,proStar bonus: all 4 phases,bootLoop,1783071478685,2026-07-03,Fri
alburldador,166,proStar bonus: all 4 phases,bootLoop,1783071478687,2026-07-03,Fri
shadowladyex,166,proStar bonus: all 4 phases,bootLoop,1783071478696,2026-07-03,Fri
robin3one,39,vote +1🔥,vodVote,1783071591776,2026-07-03,Fri
robin3one,132,Gauntlet vote: Roadwarden [v:4],gauntlet,1783071599575,2026-07-03,Fri
snoopys030,40,vote +2🔥,vodVote,1783071653860,2026-07-03,Fri
alfims,39,vote +1🔥,vodVote,1783071726766,2026-07-03,Fri
alfims,33,Gauntlet vote: Back 4 Blood [v:1],gauntlet,1783071731414,2026-07-03,Fri
ivanpetrov32,38,vote ,vodVote,1783071783558,2026-07-03,Fri
pika_gamy,40,vote +2🔥,vodVote,1783071830501,2026-07-03,Fri
mori2323,330,AI Art word: jujitsu,art,1783071839917,2026-07-03,Fri
alburldador,44,overtimeOverdose (1),vodVote,1783072249557,2026-07-03,Fri
shadowladyex,41,overtimeOverdose (2),vodVote,1783072305764,2026-07-03,Fri
xiaoxiao9313,38,overtimeOverdose (3),vodVote,1783072320213,2026-07-03,Fri
alburldador,163,AI Art word: breathe,art,1783072326559,2026-07-03,Fri
xiaoxiao9313,38,vote ,vodVote,1783072332505,2026-07-03,Fri
xiaoxiao9313,33,Gauntlet vote: The Wild Eight [v:1],gauntlet,1783072339465,2026-07-03,Fri
xiaoxiao9313,94,AI Art word: bloom,art,1783072348000,2026-07-03,Fri
zoskycube,1,Ending round with !v###,vodVote,1783072473213,2026-07-03,Fri
alburldador,41,vote +3🔥,vodVote,1783072588409,2026-07-03,Fri
shadowladyex,71,vote +33🔥,vodVote,1783072620465,2026-07-03,Fri
pika_gamy,41,vote +3🔥,vodVote,1783072661353,2026-07-03,Fri
mori2323,54,vote +16🔥,vodVote,1783072677588,2026-07-03,Fri
shadowladyex,45,Phase 1: HDD,bootLoop,1783072799096,2026-07-03,Fri
pika_gamy,45,Phase 1: HDD,bootLoop,1783072799104,2026-07-03,Fri
alburldador,45,Phase 1: HDD,bootLoop,1783072799215,2026-07-03,Fri
snoopys030,45,Phase 1: HDD,bootLoop,1783072799230,2026-07-03,Fri
xiaoxiao9313,39,vote +1🔥,vodVote,1783072862826,2026-07-03,Fri
silent_luc,38,vote ,vodVote,1783072883443,2026-07-03,Fri
pika_gamy,66,Gauntlet vote: Cobra Kai: The Karate Kid Saga Continues [v:2],gauntlet,1783072958246,2026-07-03,Fri
silent_luc,73,AI Art word: sabre,art,1783073072787,2026-07-03,Fri
whitepai,38,vote ,vodVote,1783073096117,2026-07-03,Fri
whitepai,33,Gauntlet vote: Void Bastards [v:1],gauntlet,1783073098548,2026-07-03,Fri
shadowladyex,136,AI Art word: duopoly,art,1783073497630,2026-07-03,Fri
snoopys030,41,vote +3🔥,vodVote,1783073515341,2026-07-03,Fri
snoopys030,44,overtimeOverdose (1),vodVote,1783073519675,2026-07-03,Fri
shadowladyex,41,overtimeOverdose (2),vodVote,1783073521762,2026-07-03,Fri
silent_luc,38,overtimeOverdose (3),vodVote,1783073529091,2026-07-03,Fri
whitepai,33,Gauntlet vote: Caravan Sandwitch [v:1],gauntlet,1783073607842,2026-07-03,Fri
mori2323,35,overtimeOverdose (4),vodVote,1783073743289,2026-07-03,Fri
mori2323,267,AI Art word: chacks,art,1783073769472,2026-07-03,Fri
alfims,40,vote +2🔥,vodVote,1783073836162,2026-07-03,Fri
alfims,32,overtimeOverdose (5),vodVote,1783073837632,2026-07-03,Fri
zoskycube,1,Ending round with !v###,vodVote,1783073844233,2026-07-03,Fri
ivanpetrov32,38,vote ,vodVote,1783073956819,2026-07-03,Fri
whitepai,39,vote +1🔥,vodVote,1783073957149,2026-07-03,Fri
shadowladyex,72,vote +34🔥,vodVote,1783073967109,2026-07-03,Fri
mori2323,55,vote +17🔥,vodVote,1783073986458,2026-07-03,Fri
snoopys030,42,vote +4🔥,vodVote,1783074041828,2026-07-03,Fri
johnnymnemonics,94,AI Art word: wages,art,1783074076216,2026-07-03,Fri
alburldador,42,vote +4🔥,vodVote,1783074078580,2026-07-03,Fri
johnnymnemonics,38,vote ,vodVote,1783074078775,2026-07-03,Fri
whitepai,33,Gauntlet vote: Totally Accurate Battle Simulator [v:1],gauntlet,1783074081928,2026-07-03,Fri
johnnymnemonics,132,Gauntlet vote: Borderlands 2 [v:4],gauntlet,1783074089725,2026-07-03,Fri
xiaoxiao9313,40,vote +2🔥,vodVote,1783074135905,2026-07-03,Fri
xiaoxiao9313,33,Gauntlet vote: Beacon Pines [v:1],gauntlet,1783074139850,2026-07-03,Fri
alexwifi42,1000,Voucher: dailyDose,voucher,1783074162850,2026-07-03,Fri
silent_luc,39,vote +1🔥,vodVote,1783074251330,2026-07-03,Fri
alburldador,147,AI Art word: academic,art,1783074274419,2026-07-03,Fri
silent_luc,45,Phase 1: HDD,bootLoop,1783074373015,2026-07-03,Fri
snoopys030,45,Phase 1: HDD,bootLoop,1783074373042,2026-07-03,Fri
alburldador,45,Phase 1: HDD,bootLoop,1783074373046,2026-07-03,Fri
alfims,45,Phase 1: HDD,bootLoop,1783074373050,2026-07-03,Fri
whitepai,45,Phase 1: HDD,bootLoop,1783074373058,2026-07-03,Fri
mori2323,45,Phase 1: HDD,bootLoop,1783074373066,2026-07-03,Fri
shadowladyex,45,Phase 1: HDD,bootLoop,1783074373100,2026-07-03,Fri
xiaoxiao9313,45,Phase 1: HDD,bootLoop,1783074373119,2026-07-03,Fri
silent_luc,132,Gauntlet vote: DOOM Eternal [v:4],gauntlet,1783074500396,2026-07-03,Fri
xiaoxiao9313,94,AI Art word: trading,art,1783074586888,2026-07-03,Fri
alfims,41,vote +3🔥,vodVote,1783074587475,2026-07-03,Fri
alfims,33,Gauntlet vote: Edge Of Eternity [v:1],gauntlet,1783074599725,2026-07-03,Fri
xiaoxiao9313,44,overtimeOverdose (1),vodVote,1783074602213,2026-07-03,Fri
shadowladyex,41,overtimeOverdose (2),vodVote,1783074607687,2026-07-03,Fri
whitepai,33,Gauntlet vote: Make America Great Again [v:1],gauntlet,1783074608496,2026-07-03,Fri
alburldador,38,overtimeOverdose (3),vodVote,1783074718564,2026-07-03,Fri
snoopys030,38,overtimeOverdose (3),vodVote,1783074718730,2026-07-03,Fri
zoskycube,1,Ending round with !v###,vodVote,1783074825870,2026-07-03,Fri
robin3one,132,Gauntlet vote: hyperdevotion noire ultimate party member “tiara” [v:4],gauntlet,1783074842612,2026-07-03,Fri
shadowladyex,149,AI Art word: rivalry,art,1783074861675,2026-07-03,Fri
louis_of_apshai,132,Gauntlet vote: WarBots [v:4],gauntlet,1783074922842,2026-07-03,Fri
silent_luc,40,vote +2🔥,vodVote,1783074952555,2026-07-03,Fri
xiaoxiao9313,65,Phase 2: RAM,bootLoop,1783074983604,2026-07-03,Fri
snoopys030,65,Phase 2: RAM,bootLoop,1783074983631,2026-07-03,Fri
alburldador,65,Phase 2: RAM,bootLoop,1783074983634,2026-07-03,Fri
louis_of_apshai,65,Phase 2: RAM,bootLoop,1783074983647,2026-07-03,Fri
shadowladyex,65,Phase 2: RAM,bootLoop,1783074983650,2026-07-03,Fri
whitepai,65,Phase 2: RAM,bootLoop,1783074983652,2026-07-03,Fri
silent_luc,65,Phase 2: RAM,bootLoop,1783074983657,2026-07-03,Fri
alfims,65,Phase 2: RAM,bootLoop,1783074983661,2026-07-03,Fri
alburldador,43,vote +5🔥,vodVote,1783075158746,2026-07-03,Fri
shadowladyex,73,vote +35🔥,vodVote,1783075207337,2026-07-03,Fri
snoopys030,43,vote +5🔥,vodVote,1783075220173,2026-07-03,Fri
mori2323,252,AI Art word: firefly,art,1783075327195,2026-07-03,Fri
robin3one,38,vote ,vodVote,1783075337842,2026-07-03,Fri
mori2323,56,vote +18🔥,vodVote,1783075339884,2026-07-03,Fri
mori2323,132,Gauntlet vote: The Ascent [v:4],gauntlet,1783075374283,2026-07-03,Fri
alfims,42,vote +4🔥,vodVote,1783075456905,2026-07-03,Fri
alfims,44,overtimeOverdose (1),vodVote,1783075596494,2026-07-03,Fri
alburldador,41,overtimeOverdose (2),vodVote,1783075604349,2026-07-03,Fri
robin3one,38,overtimeOverdose (3),vodVote,1783075617457,2026-07-03,Fri
mori2323,35,overtimeOverdose (4),vodVote,1783075667111,2026-07-03,Fri
shadowladyex,32,overtimeOverdose (5),vodVote,1783075680251,2026-07-03,Fri
ivanpetrov32,39,vote +1🔥,vodVote,1783075765638,2026-07-03,Fri
alburldador,189,AI Art word: uncanny,art,1783075791126,2026-07-03,Fri
snoopys030,29,overtimeOverdose (6),vodVote,1783075827168,2026-07-03,Fri
lovegamesandthings00000,84,AI Art word: universal,art,1783075841039,2026-07-03,Fri
mori2323,132,Gauntlet vote: LEGO Bricktales [v:4],gauntlet,1783075845292,2026-07-03,Fri
lovegamesandthings00000,38,vote ,vodVote,1783075850275,2026-07-03,Fri
lovegamesandthings00000,33,Gauntlet vote: Ancient Kingdoms [v:1],gauntlet,1783075862220,2026-07-03,Fri
zoskycube,1,Ending round with !v###,vodVote,1783075915161,2026-07-03,Fri
slay_da_b,132,Gauntlet vote: Intravenous [v:4],gauntlet,1783075995953,2026-07-03,Fri
shadowladyex,74,vote +36🔥,vodVote,1783076048946,2026-07-03,Fri
pika_gamy,38,vote ,vodVote,1783076049095,2026-07-03,Fri
alburldador,44,vote +6🔥,vodVote,1783076049700,2026-07-03,Fri
snoopys030,44,vote +6🔥,vodVote,1783076050538,2026-07-03,Fri
snoopys030,45,Phase 1: RAM,bootLoop,1783076239201,2026-07-03,Fri
lovegamesandthings00000,45,Phase 1: RAM,bootLoop,1783076239209,2026-07-03,Fri
mori2323,45,Phase 1: RAM,bootLoop,1783076239215,2026-07-03,Fri
slay_da_b,45,Phase 1: RAM,bootLoop,1783076239221,2026-07-03,Fri
alburldador,45,Phase 1: RAM,bootLoop,1783076239297,2026-07-03,Fri
shadowladyex,45,Phase 1: RAM,bootLoop,1783076239324,2026-07-03,Fri
shadowladyex,142,AI Art word: encrypted,art,1783076285238,2026-07-03,Fri
alphonsoe,133,AI Art word: powerplay,art,1783076619473,2026-07-03,Fri
alphonsoe,38,vote ,vodVote,1783076639049,2026-07-03,Fri
alphonsoe,44,overtimeOverdose (1),vodVote,1783076827104,2026-07-03,Fri
pika_gamy,41,overtimeOverdose (2),vodVote,1783076831393,2026-07-03,Fri
shadowladyex,38,overtimeOverdose (3),vodVote,1783076835237,2026-07-03,Fri
alburldador,35,overtimeOverdose (4),vodVote,1783076838900,2026-07-03,Fri
silent_luc,32,overtimeOverdose (5),vodVote,1783076843352,2026-07-03,Fri
silent_luc,41,vote +3🔥,vodVote,1783076851403,2026-07-03,Fri
yurigiu,29,overtimeOverdose (6),vodVote,1783076994684,2026-07-03,Fri
yurigiu,38,vote ,vodVote,1783076996642,2026-07-03,Fri
yurigiu,132,Gauntlet vote: POSTAL [v:4],gauntlet,1783077002009,2026-07-03,Fri
zoskycube,1,Ending round with !v###,vodVote,1783077115958,2026-07-03,Fri
alphonsoe,39,vote +1🔥,vodVote,1783077265188,2026-07-03,Fri
ivanpetrov32,38,vote ,vodVote,1783077284115,2026-07-03,Fri
snoopys030,45,vote +7🔥,vodVote,1783077285165,2026-07-03,Fri
alburldador,45,vote +7🔥,vodVote,1783077297956,2026-07-03,Fri
louis_of_apshai,38,vote ,vodVote,1783077370502,2026-07-03,Fri
louis_of_apshai,84,AI Art word: joyfully,art,1783077385057,2026-07-03,Fri
louis_of_apshai,132,Gauntlet vote: ava hunt and thieves of the lost [v:4],gauntlet,1783077393925,2026-07-03,Fri
silent_luc,42,vote +4🔥,vodVote,1783077519885,2026-07-03,Fri
shadowladyex,75,vote +37🔥,vodVote,1783077574118,2026-07-03,Fri
shadowladyex,176,AI Art word: grocery,art,1783077649205,2026-07-03,Fri
alphonsoe,45,Phase 1: RAM,bootLoop,1783077741965,2026-07-03,Fri
snoopys030,45,Phase 1: RAM,bootLoop,1783077741985,2026-07-03,Fri
pika_gamy,45,Phase 1: RAM,bootLoop,1783077741989,2026-07-03,Fri
alburldador,45,Phase 1: RAM,bootLoop,1783077741996,2026-07-03,Fri
louis_of_apshai,45,Phase 1: RAM,bootLoop,1783077742003,2026-07-03,Fri
shadowladyex,45,Phase 1: RAM,bootLoop,1783077742008,2026-07-03,Fri
silent_luc,45,Phase 1: RAM,bootLoop,1783077742016,2026-07-03,Fri
alphonsoe,44,overtimeOverdose (1),vodVote,1783077806243,2026-07-03,Fri
pika_gamy,41,overtimeOverdose (2),vodVote,1783077822054,2026-07-03,Fri
pika_gamy,39,vote +1🔥,vodVote,1783077827282,2026-07-03,Fri
xiaoxiao9313,38,overtimeOverdose (3),vodVote,1783077828629,2026-07-03,Fri
silent_luc,35,overtimeOverdose (4),vodVote,1783077845094,2026-07-03,Fri
xiaoxiao9313,84,AI Art word: battle,art,1783077863649,2026-07-03,Fri
xiaoxiao9313,38,vote ,vodVote,1783077869198,2026-07-03,Fri
xiaoxiao9313,33,Gauntlet vote: Mycopunk [v:1],gauntlet,1783077874657,2026-07-03,Fri
shadowladyex,32,overtimeOverdose (5),vodVote,1783077944808,2026-07-03,Fri
zoskycube,1,Ending round with !v###,vodVote,1783077981890,2026-07-03,Fri
louis_of_apshai,132,Gauntlet vote: Dorfromantik [v:4],gauntlet,1783078031074,2026-07-03,Fri
alphonsoe,149,AI Art word: kappa,art,1783078089896,2026-07-03,Fri
alburldador,65,Phase 2: CPU,bootLoop,1783078216706,2026-07-03,Fri
pika_gamy,65,Phase 2: CPU,bootLoop,1783078216719,2026-07-03,Fri
silent_luc,65,Phase 2: CPU,bootLoop,1783078216722,2026-07-03,Fri
xiaoxiao9313,65,Phase 2: CPU,bootLoop,1783078216726,2026-07-03,Fri
louis_of_apshai,65,Phase 2: CPU,bootLoop,1783078216739,2026-07-03,Fri
alphonsoe,65,Phase 2: CPU,bootLoop,1783078216751,2026-07-03,Fri
shadowladyex,65,Phase 2: CPU,bootLoop,1783078216854,2026-07-03,Fri
snoopys030,46,vote +8🔥,vodVote,1783078241435,2026-07-03,Fri
alphonsoe,40,vote +2🔥,vodVote,1783078249965,2026-07-03,Fri
shadowladyex,76,vote +38🔥,vodVote,1783078272097,2026-07-03,Fri
pika_gamy,40,vote +2🔥,vodVote,1783078288655,2026-07-03,Fri
ragnar175,38,vote ,vodVote,1783078408206,2026-07-03,Fri
silent_luc,84,AI Art word: longhorn,art,1783078408336,2026-07-03,Fri
ragnar175,73,AI Art word: lasted,art,1783078423458,2026-07-03,Fri
silent_luc,43,vote +5🔥,vodVote,1783078431737,2026-07-03,Fri
shadowladyex,132,Gauntlet vote: Wolfenstein II: The New Colossus [v:4],gauntlet,1783078489079,2026-07-03,Fri
alburldador,112,AI Art word: matriarch,art,1783078935812,2026-07-03,Fri
alphonsoe,132,Gauntlet vote: Ni no Kuni Wrath of the White Witch Remastered [v:4],gauntlet,1783079062640,2026-07-03,Fri
shadowladyex,235,AI Art word: damnify,art,1783079086093,2026-07-03,Fri
xiaoxiao9313,39,vote +1🔥,vodVote,1783079122413,2026-07-03,Fri
xiaoxiao9313,33,Gauntlet vote: Remnants of Naezith [v:1],gauntlet,1783079135749,2026-07-03,Fri
shadowladyex,44,overtimeOverdose (1),vodVote,1783079182497,2026-07-03,Fri
snoopys030,41,overtimeOverdose (2),vodVote,1783079190698,2026-07-03,Fri
alphonsoe,38,overtimeOverdose (3),vodVote,1783079199383,2026-07-03,Fri
silent_luc,35,overtimeOverdose (4),vodVote,1783079205429,2026-07-03,Fri
xiaoxiao9313,32,overtimeOverdose (5),vodVote,1783079243402,2026-07-03,Fri
pika_gamy,29,overtimeOverdose (6),vodVote,1783079280750,2026-07-03,Fri
xiaoxiao9313,80,AI Art word: calculation,art,1783079334165,2026-07-03,Fri
silent_luc,132,Gauntlet vote: Remnant: From the Ashes [v:4],gauntlet,1783079376921,2026-07-03,Fri
alphonsoe,226,AI Art word: chippy,art,1783079452086,2026-07-03,Fri
ivanpetrov32,39,vote +1🔥,vodVote,1783079473110,2026-07-03,Fri
zoskycube,1,Ending round with !v###,vodVote,1783079483207,2026-07-03,Fri
alburldador,45,Phase 1: RAM,bootLoop,1783079575297,2026-07-03,Fri
silent_luc,45,Phase 1: RAM,bootLoop,1783079575310,2026-07-03,Fri
xiaoxiao9313,45,Phase 1: RAM,bootLoop,1783079575314,2026-07-03,Fri
shadowladyex,45,Phase 1: RAM,bootLoop,1783079575318,2026-07-03,Fri
snoopys030,45,Phase 1: RAM,bootLoop,1783079575324,2026-07-03,Fri
ragnar175,45,Phase 1: RAM,bootLoop,1783079575331,2026-07-03,Fri
alphonsoe,45,Phase 1: RAM,bootLoop,1783079575342,2026-07-03,Fri
pika_gamy,45,Phase 1: RAM,bootLoop,1783079575348,2026-07-03,Fri
shadowladyex,77,vote +39🔥,vodVote,1783079586803,2026-07-03,Fri
alphonsoe,41,vote +3🔥,vodVote,1783079598527,2026-07-03,Fri
alphonsoe,132,Gauntlet vote: Batman - The Telltale Series [v:4],gauntlet,1783079692861,2026-07-03,Fri
snoopys030,47,vote +9🔥,vodVote,1783079715847,2026-07-03,Fri
silent_luc,44,vote +6🔥,vodVote,1783079869308,2026-07-03,Fri
pika_gamy,41,vote +3🔥,vodVote,1783080035299,2026-07-03,Fri
alburldador,126,AI Art word: rewards,art,1783080363046,2026-07-03,Fri
alburldador,38,vote ,vodVote,1783080375377,2026-07-03,Fri
shadowladyex,267,AI Art word: rhythm,art,1783080420296,2026-07-03,Fri
xiaoxiao9313,38,vote ,vodVote,1783080451874,2026-07-03,Fri
xiaoxiao9313,33,Gauntlet vote: Fantasy General II [v:1],gauntlet,1783080460229,2026-07-03,Fri
shadowladyex,44,overtimeOverdose (1),vodVote,1783080536589,2026-07-03,Fri
alphonsoe,41,overtimeOverdose (2),vodVote,1783080601771,2026-07-03,Fri
alburldador,41,overtimeOverdose (2),vodVote,1783080602078,2026-07-03,Fri
silent_luc,35,overtimeOverdose (4),vodVote,1783080697622,2026-07-03,Fri
zoskycube,1,Ending round with !v###,vodVote,1783080764476,2026-07-03,Fri
johnnymnemonics,132,Gauntlet vote: Persona 5 Royal [v:4],gauntlet,1783080834627,2026-07-03,Fri
alphonsoe,114,AI Art word: flypaper,art,1783080866860,2026-07-03,Fri
johnnymnemonics,38,vote ,vodVote,1783080867026,2026-07-03,Fri
shadowladyex,78,vote +40🔥,vodVote,1783080879010,2026-07-03,Fri
alphonsoe,42,vote +4🔥,vodVote,1783080922938,2026-07-03,Fri
johnnymnemonics,115,AI Art word: lowly,art,1783080940458,2026-07-03,Fri
shadowladyex,45,Phase 1: HDD,bootLoop,1783080973943,2026-07-03,Fri
pika_gamy,45,Phase 1: HDD,bootLoop,1783080973958,2026-07-03,Fri
alburldador,45,Phase 1: HDD,bootLoop,1783080973964,2026-07-03,Fri
snoopys030,45,Phase 1: HDD,bootLoop,1783080973974,2026-07-03,Fri
alphonsoe,45,Phase 1: HDD,bootLoop,1783080974032,2026-07-03,Fri
snoopys030,48,vote +10🔥,vodVote,1783080999946,2026-07-03,Fri
pika_gamy,42,vote +4🔥,vodVote,1783081007606,2026-07-03,Fri
silent_luc,45,vote +7🔥,vodVote,1783081195539,2026-07-03,Fri
xiaoxiao9313,100,AI Art word: normal,art,1783081219105,2026-07-03,Fri
xiaoxiao9313,39,vote +1🔥,vodVote,1783081234012,2026-07-03,Fri
xiaoxiao9313,33,Gauntlet vote: Boxes [v:1],gauntlet,1783081241902,2026-07-03,Fri
cerebralx1,38,vote ,vodVote,1783081431216,2026-07-03,Fri
cerebralx1,126,AI Art word: remake,art,1783081456838,2026-07-03,Fri
cerebralx1,132,Gauntlet vote: Street Fighter V [v:4],gauntlet,1783081579879,2026-07-03,Fri
ivanpetrov32,38,vote ,vodVote,1783081608816,2026-07-03,Fri
alfims,38,vote ,vodVote,1783081681628,2026-07-03,Fri
silent_luc,65,Phase 2: CPU,bootLoop,1783081759906,2026-07-03,Fri
alfims,65,Phase 2: CPU,bootLoop,1783081759919,2026-07-03,Fri
cerebralx1,65,Phase 2: CPU,bootLoop,1783081759932,2026-07-03,Fri
shadowladyex,65,Phase 2: CPU,bootLoop,1783081759941,2026-07-03,Fri
alphonsoe,65,Phase 2: CPU,bootLoop,1783081759944,2026-07-03,Fri
snoopys030,65,Phase 2: CPU,bootLoop,1783081759946,2026-07-03,Fri
xiaoxiao9313,65,Phase 2: CPU,bootLoop,1783081759949,2026-07-03,Fri
alburldador,65,Phase 2: CPU,bootLoop,1783081759954,2026-07-03,Fri
pika_gamy,65,Phase 2: CPU,bootLoop,1783081759957,2026-07-03,Fri
alphonsoe,44,overtimeOverdose (1),vodVote,1783081851275,2026-07-03,Fri
shadowladyex,41,overtimeOverdose (2),vodVote,1783081852021,2026-07-03,Fri
alyssrentori,38,vote ,vodVote,1783081855303,2026-07-03,Fri
alburldador,38,overtimeOverdose (3),vodVote,1783081861415,2026-07-03,Fri
alyssrentori,132,Gauntlet vote: Syberia [v:4],gauntlet,1783081870353,2026-07-03,Fri
alyssrentori,126,AI Art word: willow,art,1783081880896,2026-07-03,Fri
shadowladyex,94,AI Art word: wellbeing,art,1783081888109,2026-07-03,Fri
alburldador,138,AI Art word: while,art,1783081913786,2026-07-03,Fri
xiaoxiao9313,35,overtimeOverdose (4),vodVote,1783082023904,2026-07-03,Fri
silent_luc,32,overtimeOverdose (5),vodVote,1783082075130,2026-07-03,Fri
pika_gamy,29,overtimeOverdose (6),vodVote,1783082092500,2026-07-03,Fri
snoopys030,26,overtimeOverdose (7),vodVote,1783082099688,2026-07-03,Fri
zoskycube,1,Ending round with !v###,vodVote,1783082135949,2026-07-03,Fri
alphonsoe,264,AI Art word: mystify,art,1783082226787,2026-07-03,Fri
shadowladyex,79,vote +41🔥,vodVote,1783082263252,2026-07-03,Fri
silent_luc,90,Phase 3: GPU,bootLoop,1783082280847,2026-07-03,Fri
shadowladyex,90,Phase 3: GPU,bootLoop,1783082280868,2026-07-03,Fri
alburldador,90,Phase 3: GPU,bootLoop,1783082280899,2026-07-03,Fri
snoopys030,90,Phase 3: GPU,bootLoop,1783082280973,2026-07-03,Fri
alphonsoe,90,Phase 3: GPU,bootLoop,1783082280978,2026-07-03,Fri
pika_gamy,90,Phase 3: GPU,bootLoop,1783082281367,2026-07-03,Fri
xiaoxiao9313,90,Phase 3: GPU,bootLoop,1783082281512,2026-07-03,Fri
alburldador,38,vote ,vodVote,1783082307508,2026-07-03,Fri
cerebralx1,39,vote +1🔥,vodVote,1783082332442,2026-07-03,Fri
cerebralx1,132,"Gauntlet vote: Cook, Serve, Delicious! 3?! [v:4]",gauntlet,1783082386056,2026-07-03,Fri
pika_gamy,43,vote +5🔥,vodVote,1783082429471,2026-07-03,Fri
pika_gamy,66,Gauntlet vote: Ni no Kuni II: Revenant Kingdom [v:2],gauntlet,1783082434728,2026-07-03,Fri
alphonsoe,43,vote +5🔥,vodVote,1783082622366,2026-07-03,Fri
xiaoxiao9313,81,AI Art word: breaking,art,1783082637919,2026-07-03,Fri
xiaoxiao9313,40,vote +2🔥,vodVote,1783082651299,2026-07-03,Fri
silent_luc,46,vote +8🔥,vodVote,1783082657731,2026-07-03,Fri
xiaoxiao9313,33,Gauntlet vote: Dead Rising 4 [v:1],gauntlet,1783082659245,2026-07-03,Fri
silent_luc,126,AI Art word: basket,art,1783082698586,2026-07-03,Fri
cerebralx1,80,AI Art word: jacuzzi,art,1783082942095,2026-07-03,Fri
johnnymnemonics,172,AI Art word: juggle,art,1783082951491,2026-07-03,Fri
johnnymnemonics,39,vote +1🔥,vodVote,1783082956100,2026-07-03,Fri
johnnymnemonics,132,Gauntlet vote: Batman: Arkham Origins [v:4],gauntlet,1783082970923,2026-07-03,Fri
snoopys030,49,vote +11🔥,vodVote,1783083024295,2026-07-03,Fri
alphonsoe,44,overtimeOverdose (1),vodVote,1783083223633,2026-07-03,Fri
shadowladyex,41,overtimeOverdose (2),vodVote,1783083228829,2026-07-03,Fri
alburldador,38,overtimeOverdose (3),vodVote,1783083236891,2026-07-03,Fri
cerebralx1,35,overtimeOverdose (4),vodVote,1783083276906,2026-07-03,Fri
pika_gamy,32,overtimeOverdose (5),vodVote,1783083285803,2026-07-03,Fri
ivanpetrov32,39,vote +1🔥,vodVote,1783083404689,2026-07-03,Fri
cerebralx1,132,Gauntlet vote: Cats in Time [v:4],gauntlet,1783083418484,2026-07-03,Fri
shadowladyex,235,AI Art word: tramway,art,1783083425591,2026-07-03,Fri
johnnymnemonics,29,overtimeOverdose (6),vodVote,1783083483179,2026-07-03,Fri
zoskycube,1,Ending round with !v###,vodVote,1783083484157,2026-07-03,Fri
alburldador,176,AI Art word: torched,art,1783083506027,2026-07-03,Fri
alphonsoe,44,vote +6🔥,vodVote,1783083588996,2026-07-03,Fri
pika_gamy,45,Phase 1: GPU,bootLoop,1783083589406,2026-07-03,Fri
xiaoxiao9313,45,Phase 1: GPU,bootLoop,1783083589408,2026-07-03,Fri
silent_luc,45,Phase 1: GPU,bootLoop,1783083589415,2026-07-03,Fri
shadowladyex,45,Phase 1: GPU,bootLoop,1783083589424,2026-07-03,Fri
alphonsoe,45,Phase 1: GPU,bootLoop,1783083589437,2026-07-03,Fri
snoopys030,45,Phase 1: GPU,bootLoop,1783083589439,2026-07-03,Fri
alburldador,45,Phase 1: GPU,bootLoop,1783083589444,2026-07-03,Fri
cerebralx1,45,Phase 1: GPU,bootLoop,1783083589449,2026-07-03,Fri
snoopys030,50,vote +12🔥,vodVote,1783083635937,2026-07-03,Fri
shadowladyex,80,vote +42🔥,vodVote,1783083644282,2026-07-03,Fri
alburldador,39,vote +1🔥,vodVote,1783083708969,2026-07-03,Fri
alburldador,132,Gauntlet vote: Garden Life: A Cozy Simulator [v:4],gauntlet,1783083713828,2026-07-03,Fri
alphonsoe,172,AI Art word: unify,art,1783083740624,2026-07-03,Fri
xiaoxiao9313,41,vote +3🔥,vodVote,1783083795950,2026-07-03,Fri
xiaoxiao9313,33,Gauntlet vote: BUMS [v:1],gauntlet,1783083803172,2026-07-03,Fri
yurigiu,189,AI Art word: pajamas,art,1783084037744,2026-07-03,Fri
yurigiu,38,vote ,vodVote,1783084048875,2026-07-03,Fri
yurigiu,33,Gauntlet vote: Saturday Morning RPG [v:1],gauntlet,1783084053218,2026-07-03,Fri
silent_luc,47,vote +9🔥,vodVote,1783084116202,2026-07-03,Fri
ikaliayev,38,vote ,vodVote,1783084282109,2026-07-03,Fri
cerebralx1,40,vote +2🔥,vodVote,1783084310881,2026-07-03,Fri
alexwifi42,38,vote ,vodVote,1783084351438,2026-07-03,Fri
alexwifi42,33,Gauntlet vote: Diluvian Ultra [v:1],gauntlet,1783084356525,2026-07-03,Fri
xiaoxiao9313,131,AI Art word: healer,art,1783084423467,2026-07-03,Fri
cerebralx1,176,AI Art word: heavy,art,1783084426498,2026-07-03,Fri
shadowladyex,44,overtimeOverdose (1),vodVote,1783084550856,2026-07-03,Fri
snoopys030,132,Gauntlet vote: Like a Dragon Gaiden: The Man Who Erased His Name [v:4],gauntlet,1783084550860,2026-07-03,Fri
valase,41,overtimeOverdose (2),vodVote,1783084556073,2026-07-03,Fri
snoopys030,38,overtimeOverdose (3),vodVote,1783084559481,2026-07-03,Fri
alphonsoe,35,overtimeOverdose (4),vodVote,1783084569619,2026-07-03,Fri
silent_luc,32,overtimeOverdose (5),vodVote,1783084609560,2026-07-03,Fri
cerebralx1,29,overtimeOverdose (6),vodVote,1783084627444,2026-07-03,Fri
valase,38,vote ,vodVote,1783084650109,2026-07-03,Fri
cerebralx1,132,Gauntlet vote: Tomb Raider IV-VI Remastered [v:4],gauntlet,1783084681632,2026-07-03,Fri
alburldador,26,overtimeOverdose (7),vodVote,1783084708537,2026-07-03,Fri
xiaoxiao9313,26,overtimeOverdose (7),vodVote,1783084708683,2026-07-03,Fri
zoskycube,1,Ending round with !v###,vodVote,1783084736441,2026-07-03,Fri
shadowladyex,283,AI Art word: sawbuck,art,1783084808301,2026-07-03,Fri
ikaliayev,132,Gauntlet vote: Directive 8020 [v:4],gauntlet,1783084828648,2026-07-03,Fri
shadowladyex,81,vote +43🔥,vodVote,1783084842520,2026-07-03,Fri
snoopys030,51,vote +13🔥,vodVote,1783084857845,2026-07-03,Fri
alphonsoe,45,vote +7🔥,vodVote,1783084866515,2026-07-03,Fri
alfims,38,vote ,vodVote,1783084897027,2026-07-03,Fri
alfims,33,Gauntlet vote: Cryptmaster [v:1],gauntlet,1783084909716,2026-07-03,Fri
silent_luc,48,vote +10🔥,vodVote,1783084932858,2026-07-03,Fri
cerebralx1,41,vote +3🔥,vodVote,1783084946929,2026-07-03,Fri
xiaoxiao9313,42,vote +4🔥,vodVote,1783085088965,2026-07-03,Fri
xiaoxiao9313,33,Gauntlet vote: Hades [v:1],gauntlet,1783085096166,2026-07-03,Fri
alphonsoe,45,Phase 1: HDD,bootLoop,1783085263286,2026-07-03,Fri
alburldador,45,Phase 1: HDD,bootLoop,1783085263306,2026-07-03,Fri
shadowladyex,45,Phase 1: HDD,bootLoop,1783085263309,2026-07-03,Fri
silent_luc,45,Phase 1: HDD,bootLoop,1783085263318,2026-07-03,Fri
valase,45,Phase 1: HDD,bootLoop,1783085263324,2026-07-03,Fri
xiaoxiao9313,45,Phase 1: HDD,bootLoop,1783085263330,2026-07-03,Fri
ikaliayev,45,Phase 1: HDD,bootLoop,1783085263336,2026-07-03,Fri
cerebralx1,45,Phase 1: HDD,bootLoop,1783085263341,2026-07-03,Fri
snoopys030,45,Phase 1: HDD,bootLoop,1783085263346,2026-07-03,Fri
alfims,45,Phase 1: HDD,bootLoop,1783085263351,2026-07-03,Fri
valase,39,vote +1🔥,vodVote,1783085275569,2026-07-03,Fri
cerebralx1,132,Gauntlet vote: Aces and Adventures [v:4],gauntlet,1783085295140,2026-07-03,Fri
alphonsoe,267,AI Art word: crucify,art,1783085300621,2026-07-03,Fri
thanossoul,38,vote ,vodVote,1783085352199,2026-07-03,Fri
thanossoul,33,Gauntlet vote: Noita [v:1],gauntlet,1783085359233,2026-07-03,Fri
avin_novor,38,vote ,vodVote,1783085446122,2026-07-03,Fri
avin_novor,132,Gauntlet vote: Two Point Campus [v:4],gauntlet,1783085454863,2026-07-03,Fri
avin_novor,78,AI Art word: volatility,art,1783085485415,2026-07-03,Fri
ivanpetrov32,52,AI Art word: videos,art,1783085490138,2026-07-03,Fri
avin_novor,1000,Voucher: dailyDose,voucher,1783085498596,2026-07-03,Fri
silent_luc,77,AI Art word: vastness,art,1783085510424,2026-07-03,Fri
ikaliayev,39,vote +1🔥,vodVote,1783085523884,2026-07-03,Fri
alexwifi42,33,Gauntlet vote: The Lamplighters League [v:1],gauntlet,1783085572703,2026-07-03,Fri
alexwifi42,39,vote +1🔥,vodVote,1783085576537,2026-07-03,Fri
alphonsoe,44,overtimeOverdose (1),vodVote,1783085600059,2026-07-03,Fri
valase,41,overtimeOverdose (2),vodVote,1783085606491,2026-07-03,Fri
alburldador,38,overtimeOverdose (3),vodVote,1783085608783,2026-07-03,Fri
cerebralx1,35,overtimeOverdose (4),vodVote,1783085611945,2026-07-03,Fri
shadowladyex,32,overtimeOverdose (5),vodVote,1783085646960,2026-07-03,Fri
xiaoxiao9313,29,overtimeOverdose (6),vodVote,1783085661181,2026-07-03,Fri
silent_luc,26,overtimeOverdose (7),vodVote,1783085807886,2026-07-03,Fri
thanossoul,23,overtimeOverdose (8),vodVote,1783085823127,2026-07-03,Fri
ikaliayev,20,overtimeOverdose (9),vodVote,1783085858121,2026-07-03,Fri
zoskycube,1,Ending round with !v###,vodVote,1783085866705,2026-07-03,Fri
xiaoxiao9313,73,AI Art word: outstation,art,1783085920885,2026-07-03,Fri
valase,40,vote +2🔥,vodVote,1783085972016,2026-07-03,Fri
alburldador,38,vote ,vodVote,1783085989149,2026-07-03,Fri
alburldador,126,AI Art word: okays,art,1783086014032,2026-07-03,Fri
shadowladyex,82,vote +44🔥,vodVote,1783086058368,2026-07-03,Fri
alphonsoe,65,Phase 2: GPU,bootLoop,1783086153901,2026-07-03,Fri
avin_novor,65,Phase 2: GPU,bootLoop,1783086153914,2026-07-03,Fri
xiaoxiao9313,65,Phase 2: GPU,bootLoop,1783086153918,2026-07-03,Fri
ikaliayev,65,Phase 2: GPU,bootLoop,1783086153925,2026-07-03,Fri
shadowladyex,65,Phase 2: GPU,bootLoop,1783086153933,2026-07-03,Fri
ivanpetrov32,65,Phase 2: GPU,bootLoop,1783086153936,2026-07-03,Fri
alexwifi42,65,Phase 2: GPU,bootLoop,1783086153955,2026-07-03,Fri
snoopys030,65,Phase 2: GPU,bootLoop,1783086153959,2026-07-03,Fri
thanossoul,65,Phase 2: GPU,bootLoop,1783086153961,2026-07-03,Fri
cerebralx1,65,Phase 2: GPU,bootLoop,1783086153964,2026-07-03,Fri
alburldador,65,Phase 2: GPU,bootLoop,1783086154010,2026-07-03,Fri
silent_luc,65,Phase 2: GPU,bootLoop,1783086154018,2026-07-03,Fri
valase,65,Phase 2: GPU,bootLoop,1783086154023,2026-07-03,Fri
shadowladyex,126,AI Art word: infer,art,1783086196062,2026-07-03,Fri
thanossoul,39,vote +1🔥,vodVote,1783086221088,2026-07-03,Fri
ikaliayev,40,vote +2🔥,vodVote,1783086228262,2026-07-03,Fri
madagascaradam,38,vote ,vodVote,1783086278707,2026-07-03,Fri
cerebralx1,42,vote +4🔥,vodVote,1783086285074,2026-07-03,Fri
madagascaradam,132,Gauntlet vote: WORDKOUR [v:4],gauntlet,1783086297262,2026-07-03,Fri
xiaoxiao9313,43,vote +5🔥,vodVote,1783086368371,2026-07-03,Fri
xiaoxiao9313,33,Gauntlet vote: Brothers - A Tale of Two Sons [v:1],gauntlet,1783086375275,2026-07-03,Fri
silent_luc,49,vote +11🔥,vodVote,1783086503431,2026-07-03,Fri
alphonsoe,46,vote +8🔥,vodVote,1783086512775,2026-07-03,Fri
thanossoul,33,Gauntlet vote: Syberia [v:1],gauntlet,1783086599744,2026-07-03,Fri
silent_luc,132,Gauntlet vote: Manifold Garden [v:4],gauntlet,1783086613441,2026-07-03,Fri
valase,44,overtimeOverdose (1),vodVote,1783086685867,2026-07-03,Fri
alburldador,41,overtimeOverdose (2),vodVote,1783086691337,2026-07-03,Fri
shadowladyex,41,overtimeOverdose (2),vodVote,1783086691493,2026-07-03,Fri
shadowladyex,90,Phase 3: RAM,bootLoop,1783086699920,2026-07-03,Fri
silent_luc,90,Phase 3: RAM,bootLoop,1783086699926,2026-07-03,Fri
ikaliayev,90,Phase 3: RAM,bootLoop,1783086699933,2026-07-03,Fri
xiaoxiao9313,90,Phase 3: RAM,bootLoop,1783086699945,2026-07-03,Fri
valase,90,Phase 3: RAM,bootLoop,1783086699955,2026-07-03,Fri
alphonsoe,90,Phase 3: RAM,bootLoop,1783086699959,2026-07-03,Fri
alburldador,90,Phase 3: RAM,bootLoop,1783086699964,2026-07-03,Fri
cerebralx1,90,Phase 3: RAM,bootLoop,1783086699984,2026-07-03,Fri
thanossoul,90,Phase 3: RAM,bootLoop,1783086700008,2026-07-03,Fri
thanossoul,35,overtimeOverdose (4),vodVote,1783086711919,2026-07-03,Fri
alphonsoe,172,AI Art word: nibbler,art,1783086722324,2026-07-03,Fri
alphonsoe,32,overtimeOverdose (5),vodVote,1783086730133,2026-07-03,Fri
thanossoul,42,AI Art word: negative,art,1783086736059,2026-07-03,Fri
valase,132,Gauntlet vote: Planet Explorers [v:4],gauntlet,1783086737076,2026-07-03,Fri
avin_novor,29,overtimeOverdose (6),vodVote,1783086762095,2026-07-03,Fri
avin_novor,39,vote +1🔥,vodVote,1783086766351,2026-07-03,Fri
snoopys030,52,vote +14🔥,vodVote,1783086770055,2026-07-03,Fri
snoopys030,26,overtimeOverdose (7),vodVote,1783086777167,2026-07-03,Fri
madagascaradam,23,overtimeOverdose (8),vodVote,1783086786166,2026-07-03,Fri
cerebralx1,20,overtimeOverdose (9),vodVote,1783086846661,2026-07-03,Fri
ivanpetrov32,38,vote ,vodVote,1783086850022,2026-07-03,Fri
xiaoxiao9313,17,overtimeOverdose (10),vodVote,1783086864266,2026-07-03,Fri
zoskycube,1,Ending round with !v###,vodVote,1783086876664,2026-07-03,Fri
alburldador,361,222876+361 winning @ vodVote,vodVote,1783086876928,2026-07-03,Fri
valase,1000,Voucher: dailyDose,voucher,1783086890470,2026-07-03,Fri
yurigiu,136,AI Art word: rapidly,art,1783086947939,2026-07-03,Fri
yurigiu,33,Gauntlet vote: Holdfast: Nations At War - Testing Branch [v:1],gauntlet,1783086964543,2026-07-03,Fri
valase,41,vote +3🔥,vodVote,1783086977568,2026-07-03,Fri
avin_novor,132,Gauntlet vote: BIOMUTANT [v:4],gauntlet,1783086998795,2026-07-03,Fri
alphonsoe,47,vote +9🔥,vodVote,1783087001536,2026-07-03,Fri
shadowladyex,83,vote +45🔥,vodVote,1783087037918,2026-07-03,Fri
ikaliayev,41,vote +3🔥,vodVote,1783087054730,2026-07-03,Fri
cerebralx1,43,vote +5🔥,vodVote,1783087111569,2026-07-03,Fri
cerebralx1,120,Phase 4: CPU,bootLoop,1783087131919,2026-07-03,Fri
valase,120,Phase 4: CPU,bootLoop,1783087131938,2026-07-03,Fri
alburldador,120,Phase 4: CPU,bootLoop,1783087131940,2026-07-03,Fri
shadowladyex,120,Phase 4: CPU,bootLoop,1783087131946,2026-07-03,Fri
ikaliayev,120,Phase 4: CPU,bootLoop,1783087131958,2026-07-03,Fri
xiaoxiao9313,120,Phase 4: CPU,bootLoop,1783087131964,2026-07-03,Fri
snoopys030,120,Phase 4: CPU,bootLoop,1783087131967,2026-07-03,Fri
avin_novor,120,Phase 4: CPU,bootLoop,1783087131973,2026-07-03,Fri
alphonsoe,120,Phase 4: CPU,bootLoop,1783087131978,2026-07-03,Fri
yurigiu,120,Phase 4: CPU,bootLoop,1783087131988,2026-07-03,Fri
alphonsoe,71,proStar bonus: all 4 phases,bootLoop,1783087132606,2026-07-03,Fri
alburldador,71,proStar bonus: all 4 phases,bootLoop,1783087132610,2026-07-03,Fri
shadowladyex,71,proStar bonus: all 4 phases,bootLoop,1783087132616,2026-07-03,Fri
cerebralx1,71,proStar bonus: all 4 phases,bootLoop,1783087132618,2026-07-03,Fri
xiaoxiao9313,71,proStar bonus: all 4 phases,bootLoop,1783087132623,2026-07-03,Fri
valase,71,proStar bonus: all 4 phases,bootLoop,1783087132627,2026-07-03,Fri
ikaliayev,71,proStar bonus: all 4 phases,bootLoop,1783087132630,2026-07-03,Fri
snoopys030,53,vote +15🔥,vodVote,1783087158896,2026-07-03,Fri
xiaoxiao9313,44,vote +6🔥,vodVote,1783087211722,2026-07-03,Fri
ivanpetrov32,132,Gauntlet vote: Creaks [v:4],gauntlet,1783087362040,2026-07-03,Fri
avin_novor,40,vote +2🔥,vodVote,1783087471122,2026-07-03,Fri
alburldador,149,AI Art word: watch,art,1783087503910,2026-07-03,Fri
silent_luc,50,vote +12🔥,vodVote,1783087514274,2026-07-03,Fri
xiaoxiao9313,33,Gauntlet vote: Soul Axiom Rebooted [v:1],gauntlet,1783087578886,2026-07-03,Fri
shadowladyex,252,AI Art word: mucking,art,1783087687226,2026-07-03,Fri
thanossoul,1000,Voucher: dailyDose,voucher,1783087760669,2026-07-03,Fri
thanossoul,44,overtimeOverdose (1),vodVote,1783087773235,2026-07-03,Fri
thanossoul,33,Gauntlet vote: DOOM [v:1],gauntlet,1783087780381,2026-07-03,Fri
ikaliayev,41,overtimeOverdose (2),vodVote,1783087783672,2026-07-03,Fri
alburldador,38,overtimeOverdose (3),vodVote,1783087794809,2026-07-03,Fri
valase,35,overtimeOverdose (4),vodVote,1783087822641,2026-07-03,Fri
alphonsoe,32,overtimeOverdose (5),vodVote,1783087832059,2026-07-03,Fri
shadowladyex,29,overtimeOverdose (6),vodVote,1783087857804,2026-07-03,Fri
avin_novor,26,overtimeOverdose (7),vodVote,1783087866991,2026-07-03,Fri
zoskycube,1,Ending round with !v###,vodVote,1783087930878,2026-07-03,Fri
snoopys030,33,Gauntlet vote: Beacon Pines [v:1],gauntlet,1783088021668,2026-07-03,Fri
shadowladyex,84,vote +46🔥,vodVote,1783088040849,2026-07-03,Fri
alphonsoe,48,vote +10🔥,vodVote,1783088041446,2026-07-03,Fri
alfims,38,vote ,vodVote,1783088047015,2026-07-03,Fri
avin_novor,41,vote +3🔥,vodVote,1783088063260,2026-07-03,Fri
thanossoul,38,vote ,vodVote,1783088169721,2026-07-03,Fri
ikaliayev,42,vote +4🔥,vodVote,1783088218574,2026-07-03,Fri
cerebralx1,44,vote +6🔥,vodVote,1783088221666,2026-07-03,Fri
alphonsoe,235,AI Art word: beatify,art,1783088261777,2026-07-03,Fri
alphonsoe,45,Phase 1: HDD,bootLoop,1783088276863,2026-07-03,Fri
alfims,45,Phase 1: HDD,bootLoop,1783088276878,2026-07-03,Fri
ikaliayev,45,Phase 1: HDD,bootLoop,1783088276886,2026-07-03,Fri
snoopys030,45,Phase 1: HDD,bootLoop,1783088276891,2026-07-03,Fri
shadowladyex,45,Phase 1: HDD,bootLoop,1783088276896,2026-07-03,Fri
thanossoul,45,Phase 1: HDD,bootLoop,1783088276910,2026-07-03,Fri
alburldador,45,Phase 1: HDD,bootLoop,1783088276914,2026-07-03,Fri
cerebralx1,45,Phase 1: HDD,bootLoop,1783088276917,2026-07-03,Fri
valase,45,Phase 1: HDD,bootLoop,1783088276920,2026-07-03,Fri
xiaoxiao9313,45,Phase 1: HDD,bootLoop,1783088276946,2026-07-03,Fri
avin_novor,45,Phase 1: HDD,bootLoop,1783088276949,2026-07-03,Fri
silent_luc,45,Phase 1: HDD,bootLoop,1783088276952,2026-07-03,Fri
silent_luc,51,vote +13🔥,vodVote,1783088310414,2026-07-03,Fri
valase,42,vote +4🔥,vodVote,1783088322989,2026-07-03,Fri
ikaliayev,65,Phase 2: RAM,bootLoop,1783088678767,2026-07-03,Fri
avin_novor,65,Phase 2: RAM,bootLoop,1783088678771,2026-07-03,Fri
silent_luc,65,Phase 2: RAM,bootLoop,1783088678774,2026-07-03,Fri
shadowladyex,65,Phase 2: RAM,bootLoop,1783088678783,2026-07-03,Fri
alburldador,65,Phase 2: RAM,bootLoop,1783088678787,2026-07-03,Fri
alphonsoe,65,Phase 2: RAM,bootLoop,1783088678791,2026-07-03,Fri
snoopys030,54,vote +16🔥,vodVote,1783088828802,2026-07-03,Fri
ivanpetrov32,38,vote ,vodVote,1783089032823,2026-07-03,Fri
shadowladyex,204,AI Art word: tyranny,art,1783089043515,2026-07-03,Fri
ivanpetrov32,56,AI Art word: tranquil,art,1783089057895,2026-07-03,Fri
alphonsoe,44,overtimeOverdose (1),vodVote,1783089101075,2026-07-03,Fri
shadowladyex,44,overtimeOverdose (1),vodVote,1783089101077,2026-07-03,Fri
alburldador,41,overtimeOverdose (2),vodVote,1783089109005,2026-07-03,Fri
alfims,37,AI Art word: training,art,1783089111005,2026-07-03,Fri
avin_novor,38,overtimeOverdose (3),vodVote,1783089115246,2026-07-03,Fri
alfims,35,overtimeOverdose (4),vodVote,1783089121721,2026-07-03,Fri
avin_novor,126,AI Art word: trimmed,art,1783089126579,2026-07-03,Fri
xiaoxiao9313,32,overtimeOverdose (5),vodVote,1783089150134,2026-07-03,Fri
cerebralx1,29,overtimeOverdose (6),vodVote,1783089153680,2026-07-03,Fri
silent_luc,26,overtimeOverdose (7),vodVote,1783089163602,2026-07-03,Fri
xiaoxiao9313,45,vote +7🔥,vodVote,1783089165274,2026-07-03,Fri
xiaoxiao9313,33,Gauntlet vote: Aeon Drive [v:1],gauntlet,1783089171367,2026-07-03,Fri
ikaliayev,23,overtimeOverdose (8),vodVote,1783089207533,2026-07-03,Fri
zoskycube,1,Ending round with !v###,vodVote,1783089311641,2026-07-03,Fri
valase,43,vote +5🔥,vodVote,1783089430511,2026-07-03,Fri
silent_luc,52,vote +14🔥,vodVote,1783089440231,2026-07-03,Fri
xiaoxiao9313,46,vote +8🔥,vodVote,1783089441615,2026-07-03,Fri
avin_novor,42,vote +4🔥,vodVote,1783089445452,2026-07-03,Fri
shadowladyex,85,vote +47🔥,vodVote,1783089452606,2026-07-03,Fri
alphonsoe,49,vote +11🔥,vodVote,1783089487747,2026-07-03,Fri
ikaliayev,43,vote +5🔥,vodVote,1783089494554,2026-07-03,Fri
xiaoxiao9313,178,AI Art word: pumpkin,art,1783089499541,2026-07-03,Fri
alphonsoe,132,Gauntlet vote: Hades [v:4],gauntlet,1783089502145,2026-07-03,Fri
snoopys030,55,vote +17🔥,vodVote,1783089543392,2026-07-03,Fri
alburldador,38,vote ,vodVote,1783089642753,2026-07-03,Fri
cerebralx1,45,vote +7🔥,vodVote,1783089687857,2026-07-03,Fri
alphonsoe,267,AI Art word: amplify,art,1783089769000,2026-07-03,Fri
cerebralx1,45,Phase 1: HDD,bootLoop,1783090070745,2026-07-03,Fri
snoopys030,45,Phase 1: HDD,bootLoop,1783090070756,2026-07-03,Fri
alphonsoe,45,Phase 1: HDD,bootLoop,1783090070761,2026-07-03,Fri
xiaoxiao9313,45,Phase 1: HDD,bootLoop,1783090070779,2026-07-03,Fri
ikaliayev,45,Phase 1: HDD,bootLoop,1783090070784,2026-07-03,Fri
avin_novor,45,Phase 1: HDD,bootLoop,1783090070789,2026-07-03,Fri
valase,45,Phase 1: HDD,bootLoop,1783090070791,2026-07-03,Fri
alburldador,45,Phase 1: HDD,bootLoop,1783090070794,2026-07-03,Fri
silent_luc,45,Phase 1: HDD,bootLoop,1783090070800,2026-07-03,Fri
shadowladyex,45,Phase 1: HDD,bootLoop,1783090070803,2026-07-03,Fri
alyssrentori,1000,Voucher: dailyDose,voucher,1783090213644,2026-07-03,Fri
alyssrentori,38,vote ,vodVote,1783090219726,2026-07-03,Fri
alyssrentori,132,Gauntlet vote: Eternal Threads [v:4],gauntlet,1783090227532,2026-07-03,Fri
alyssrentori,94,AI Art word: scram,art,1783090363987,2026-07-03,Fri
alfims,39,vote +1🔥,vodVote,1783090383732,2026-07-03,Fri
alfims,33,Gauntlet vote: Overcooked [v:1],gauntlet,1783090410352,2026-07-03,Fri
shadowladyex,44,overtimeOverdose (1),vodVote,1783090463404,2026-07-03,Fri
snoopys030,41,overtimeOverdose (2),vodVote,1783090466276,2026-07-03,Fri
alfims,38,overtimeOverdose (3),vodVote,1783090469643,2026-07-03,Fri
alburldador,35,overtimeOverdose (4),vodVote,1783090485084,2026-07-03,Fri
neoncryptog,250,reacted cubegg to announcement 1522616743682506894,discoReact,1783090537507,2026-07-03,Fri
lovegamesandthings00000,250,reacted cubegg to announcement 1522616743682506894,discoReact,1783090537568,2026-07-03,Fri
valase,32,overtimeOverdose (5),vodVote,1783090541320,2026-07-03,Fri
ikaliayev,29,overtimeOverdose (6),vodVote,1783090542907,2026-07-03,Fri
aswd002,250,reacted cubegg to announcement 1522616743682506894,discoReact,1783090556835,2026-07-03,Fri
xiaoxiao9313,26,overtimeOverdose (7),vodVote,1783090558965,2026-07-03,Fri
player0451,250,reacted cubegg to announcement 1522616743682506894,discoReact,1783090560075,2026-07-03,Fri
alexwifi42,250,reacted 🎉 to announcement 1522616743682506894,discoReact,1783090578222,2026-07-03,Fri
alfims,250,reacted 🧙‍♂️ to announcement 1522616743682506894,discoReact,1783090592258,2026-07-03,Fri
alyssrentori,250,reacted 🎉 to announcement 1522616743682506894,discoReact,1783090600328,2026-07-03,Fri
ikaliayev,250,reacted cubegg to announcement 1522616743682506894,discoReact,1783090608073,2026-07-03,Fri
yurigiu,250,reacted 👍 to announcement 1522616743682506894,discoReact,1783090608583,2026-07-03,Fri
alfims,126,AI Art word: killed,art,1783090627044,2026-07-03,Fri
zoskycube,1,Ending round with !v###,vodVote,1783090635010,2026-07-03,Fri
operacional_cae,250,reacted 👍 to announcement 1522616743682506894,discoReact,1783090637008,2026-07-03,Fri
valase,250,reacted 🔥 to announcement 1522616743682506894,discoReact,1783090643071,2026-07-03,Fri
shadowladyex,250,reacted cubegg to announcement 1522616743682506894,discoReact,1783090771717,2026-07-03,Fri
shadowladyex,86,vote +48🔥,vodVote,1783090788585,2026-07-03,Fri
alyssrentori,65,Phase 2: GPU,bootLoop,1783090790271,2026-07-03,Fri
xiaoxiao9313,65,Phase 2: GPU,bootLoop,1783090790285,2026-07-03,Fri
alfims,65,Phase 2: GPU,bootLoop,1783090790306,2026-07-03,Fri
ikaliayev,65,Phase 2: GPU,bootLoop,1783090790309,2026-07-03,Fri
shadowladyex,65,Phase 2: GPU,bootLoop,1783090790324,2026-07-03,Fri
alburldador,65,Phase 2: GPU,bootLoop,1783090790328,2026-07-03,Fri
cerebralx1,65,Phase 2: GPU,bootLoop,1783090790330,2026-07-03,Fri
valase,65,Phase 2: GPU,bootLoop,1783090790333,2026-07-03,Fri
silent_luc,65,Phase 2: GPU,bootLoop,1783090790337,2026-07-03,Fri
avin_novor,65,Phase 2: GPU,bootLoop,1783090790373,2026-07-03,Fri
valase,44,vote +6🔥,vodVote,1783090833973,2026-07-03,Fri
alphonsoe,50,vote +12🔥,vodVote,1783090862525,2026-07-03,Fri
slay_da_b,38,vote ,vodVote,1783090920504,2026-07-03,Fri
avin_novor,43,vote +5🔥,vodVote,1783090921870,2026-07-03,Fri
xiaoxiao9313,47,vote +9🔥,vodVote,1783090923769,2026-07-03,Fri
xiaoxiao9313,33,Gauntlet vote: StarRupture [v:1],gauntlet,1783090933747,2026-07-03,Fri
slay_da_b,132,Gauntlet vote: Syberia - The World Before [v:4],gauntlet,1783090937739,2026-07-03,Fri
ikaliayev,44,vote +6🔥,vodVote,1783090965026,2026-07-03,Fri
cerebralx1,46,vote +8🔥,vodVote,1783090992329,2026-07-03,Fri
slay_da_b,250,reacted 👍 to announcement 1522616743682506894,discoReact,1783091000987,2026-07-03,Fri
xiaoxiao9313,115,AI Art word: venom,art,1783091061653,2026-07-03,Fri
alburldador,39,vote +1🔥,vodVote,1783091116898,2026-07-03,Fri
alfims,40,vote +2🔥,vodVote,1783091131136,2026-07-03,Fri
silent_luc,115,AI Art word: vintage,art,1783091132690,2026-07-03,Fri
alphonsoe,283,AI Art word: vivify,art,1783091139445,2026-07-03,Fri
silent_luc,53,vote +15🔥,vodVote,1783091211587,2026-07-03,Fri
ikaliayev,90,Phase 3: RAM,bootLoop,1783091303276,2026-07-03,Fri
cerebralx1,90,Phase 3: RAM,bootLoop,1783091303280,2026-07-03,Fri
shadowladyex,90,Phase 3: RAM,bootLoop,1783091303292,2026-07-03,Fri
alfims,90,Phase 3: RAM,bootLoop,1783091303300,2026-07-03,Fri
alphonsoe,90,Phase 3: RAM,bootLoop,1783091303304,2026-07-03,Fri
silent_luc,90,Phase 3: RAM,bootLoop,1783091303312,2026-07-03,Fri
xiaoxiao9313,90,Phase 3: RAM,bootLoop,1783091303315,2026-07-03,Fri
alburldador,90,Phase 3: RAM,bootLoop,1783091303782,2026-07-03,Fri
shadowladyex,132,Gauntlet vote: Horizon Zero Dawn™ Remastered [v:4],gauntlet,1783091451548,2026-07-03,Fri
silent_luc,132,Gauntlet vote: NieR:Automata [v:4],gauntlet,1783091576350,2026-07-03,Fri
puphik,38,vote ,vodVote,1783091586590,2026-07-03,Fri
puphik,33,"Gauntlet vote: Warhammer 40,000: Boltgun [v:1]",gauntlet,1783091593764,2026-07-03,Fri
yurigiu,38,vote ,vodVote,1783091654418,2026-07-03,Fri
shadowladyex,44,overtimeOverdose (1),vodVote,1783091676600,2026-07-03,Fri
yurigiu,41,overtimeOverdose (2),vodVote,1783091682676,2026-07-03,Fri
silent_luc,38,overtimeOverdose (3),vodVote,1783091700830,2026-07-03,Fri
yurigiu,132,Gauntlet vote: The Chant [v:4],gauntlet,1783091708240,2026-07-03,Fri
alburldador,35,overtimeOverdose (4),vodVote,1783091723427,2026-07-03,Fri
avin_novor,120,Phase 4: CPU,bootLoop,1783091738275,2026-07-03,Fri
xiaoxiao9313,120,Phase 4: CPU,bootLoop,1783091738283,2026-07-03,Fri
ikaliayev,120,Phase 4: CPU,bootLoop,1783091738285,2026-07-03,Fri
cerebralx1,120,Phase 4: CPU,bootLoop,1783091738295,2026-07-03,Fri
alburldador,120,Phase 4: CPU,bootLoop,1783091738298,2026-07-03,Fri
slay_da_b,120,Phase 4: CPU,bootLoop,1783091738303,2026-07-03,Fri
puphik,120,Phase 4: CPU,bootLoop,1783091738310,2026-07-03,Fri
valase,120,Phase 4: CPU,bootLoop,1783091738313,2026-07-03,Fri
yurigiu,120,Phase 4: CPU,bootLoop,1783091738320,2026-07-03,Fri
silent_luc,120,Phase 4: CPU,bootLoop,1783091738322,2026-07-03,Fri
shadowladyex,120,Phase 4: CPU,bootLoop,1783091738325,2026-07-03,Fri
xiaoxiao9313,83,proStar bonus: all 4 phases,bootLoop,1783091738896,2026-07-03,Fri
ikaliayev,83,proStar bonus: all 4 phases,bootLoop,1783091738901,2026-07-03,Fri
shadowladyex,83,proStar bonus: all 4 phases,bootLoop,1783091738907,2026-07-03,Fri
alburldador,83,proStar bonus: all 4 phases,bootLoop,1783091738913,2026-07-03,Fri
silent_luc,83,proStar bonus: all 4 phases,bootLoop,1783091738921,2026-07-03,Fri
cerebralx1,83,proStar bonus: all 4 phases,bootLoop,1783091738923,2026-07-03,Fri
yurigiu,1000,Voucher: dailyDose,voucher,1783091759507,2026-07-03,Fri
ikaliayev,32,overtimeOverdose (5),vodVote,1783091759800,2026-07-03,Fri
alfims,29,overtimeOverdose (6),vodVote,1783091788449,2026-07-03,Fri
alfims,132,Gauntlet vote: Silence [v:4],gauntlet,1783091794696,2026-07-03,Fri
xiaoxiao9313,26,overtimeOverdose (7),vodVote,1783091832645,2026-07-03,Fri
valase,23,overtimeOverdose (8),vodVote,1783091838865,2026-07-03,Fri
100bitlive,250,reacted cubegg to announcement 1522616743682506894,discoReact,1783091847502,2026-07-03,Fri
zoskycube,1,Ending round with !v###,vodVote,1783091863261,2026-07-03,Fri
alfims,126,AI Art word: incremental,art,1783091966842,2026-07-03,Fri
alphonsoe,51,vote +13🔥,vodVote,1783091979915,2026-07-03,Fri
valase,45,vote +7🔥,vodVote,1783092003230,2026-07-03,Fri
silent_luc,54,vote +16🔥,vodVote,1783092017407,2026-07-03,Fri
alexwifi42,33,Gauntlet vote: Green Hell [v:1],gauntlet,1783092020512,2026-07-03,Fri
alexwifi42,38,vote ,vodVote,1783092023592,2026-07-03,Fri
ivanpetrov32,38,vote ,vodVote,1783092025737,2026-07-03,Fri
dahhel,38,vote ,vodVote,1783092055124,2026-07-03,Fri
xiaoxiao9313,48,vote +10🔥,vodVote,1783092147977,2026-07-03,Fri
xiaoxiao9313,33,Gauntlet vote: Running Fable Petite Party [v:1],gauntlet,1783092152752,2026-07-03,Fri
dahhel,132,Gauntlet vote: Wolfenstein II: The New Colossus [v:4],gauntlet,1783092162138,2026-07-03,Fri
alburldador,40,vote +2🔥,vodVote,1783092203146,2026-07-03,Fri
alburldador,132,Gauntlet vote: Guilty Gear X2 #Reload [v:4],gauntlet,1783092216689,2026-07-03,Fri
dahhel,250,reacted cubelove to announcement 1522616743682506894,discoReact,1783092261392,2026-07-03,Fri
ikaliayev,45,vote +7🔥,vodVote,1783092281985,2026-07-03,Fri
thanossoul,38,vote ,vodVote,1783092364766,2026-07-03,Fri
thanossoul,33,"Gauntlet vote: Warhammer 40,000: Rogue Trader [v:1]",gauntlet,1783092382751,2026-07-03,Fri
madagascaradam,38,vote ,vodVote,1783092476811,2026-07-03,Fri
madagascaradam,132,Gauntlet vote: Alan Wake's American Nightmare [v:4],gauntlet,1783092485919,2026-07-03,Fri
avin_novor,44,vote +6🔥,vodVote,1783092499845,2026-07-03,Fri
alphonsoe,44,overtimeOverdose (1),vodVote,1783092511650,2026-07-03,Fri
silent_luc,41,overtimeOverdose (2),vodVote,1783092534952,2026-07-03,Fri
dahhel,38,overtimeOverdose (3),vodVote,1783092542367,2026-07-03,Fri
alphonsoe,132,Gauntlet vote: God of War [v:4],gauntlet,1783092544968,2026-07-03,Fri
ikaliayev,35,overtimeOverdose (4),vodVote,1783092549414,2026-07-03,Fri
avin_novor,32,overtimeOverdose (5),vodVote,1783092561044,2026-07-03,Fri
madagascaradam,250,reacted 🎉 to announcement 1522616743682506894,discoReact,1783092591943,2026-07-03,Fri
alphonsoe,252,AI Art word: rickety,art,1783092623772,2026-07-03,Fri
thanossoul,29,overtimeOverdose (6),vodVote,1783092681123,2026-07-03,Fri
alburldador,26,overtimeOverdose (7),vodVote,1783092684296,2026-07-03,Fri
xiaoxiao9313,23,overtimeOverdose (8),vodVote,1783092700510,2026-07-03,Fri
alburldador,45,Phase 1: RAM,bootLoop,1783092703072,2026-07-03,Fri
avin_novor,45,Phase 1: RAM,bootLoop,1783092703086,2026-07-03,Fri
valase,45,Phase 1: RAM,bootLoop,1783092703106,2026-07-03,Fri
ikaliayev,45,Phase 1: RAM,bootLoop,1783092703109,2026-07-03,Fri
dahhel,45,Phase 1: RAM,bootLoop,1783092703112,2026-07-03,Fri
xiaoxiao9313,45,Phase 1: RAM,bootLoop,1783092703117,2026-07-03,Fri
alphonsoe,45,Phase 1: RAM,bootLoop,1783092703125,2026-07-03,Fri
madagascaradam,45,Phase 1: RAM,bootLoop,1783092703131,2026-07-03,Fri
thanossoul,45,Phase 1: RAM,bootLoop,1783092703134,2026-07-03,Fri
silent_luc,45,Phase 1: RAM,bootLoop,1783092703153,2026-07-03,Fri
xiaoxiao9313,50,AI Art word: rare,art,1783092707083,2026-07-03,Fri
valase,20,overtimeOverdose (9),vodVote,1783092710656,2026-07-03,Fri
madagascaradam,20,overtimeOverdose (9),vodVote,1783092710829,2026-07-03,Fri
madagascaradam,63,AI Art word: ruckus,art,1783092723795,2026-07-03,Fri
alfims,41,vote +3🔥,vodVote,1783092724163,2026-07-03,Fri
sasha5889,250,reacted 🎉 to announcement 1522616743682506894,discoReact,1783092724298,2026-07-03,Fri
alfims,14,overtimeOverdose (11),vodVote,1783092726974,2026-07-03,Fri
zoskycube,1,Ending round with !v###,vodVote,1783092769253,2026-07-03,Fri
alburldador,41,vote +3🔥,vodVote,1783092879054,2026-07-03,Fri
xiaoxiao9313,49,vote +11🔥,vodVote,1783092915727,2026-07-03,Fri
silent_luc,55,vote +17🔥,vodVote,1783092920245,2026-07-03,Fri
alfims,42,vote +4🔥,vodVote,1783092925006,2026-07-03,Fri
xiaoxiao9313,33,Gauntlet vote: SCP : Secret Files [v:1],gauntlet,1783092940561,2026-07-03,Fri
ikaliayev,46,vote +8🔥,vodVote,1783093050775,2026-07-03,Fri
alburldador,65,Phase 2: GPU,bootLoop,1783093123163,2026-07-03,Fri
avin_novor,65,Phase 2: GPU,bootLoop,1783093123182,2026-07-03,Fri
valase,65,Phase 2: GPU,bootLoop,1783093123198,2026-07-03,Fri
ikaliayev,65,Phase 2: GPU,bootLoop,1783093123202,2026-07-03,Fri
xiaoxiao9313,65,Phase 2: GPU,bootLoop,1783093123213,2026-07-03,Fri
silent_luc,65,Phase 2: GPU,bootLoop,1783093123217,2026-07-03,Fri
alfims,65,Phase 2: GPU,bootLoop,1783093123223,2026-07-03,Fri
dahhel,65,Phase 2: GPU,bootLoop,1783093123237,2026-07-03,Fri
valase,46,vote +8🔥,vodVote,1783093146375,2026-07-03,Fri
dahhel,39,vote +1🔥,vodVote,1783093190953,2026-07-03,Fri
alphonsoe,52,vote +14🔥,vodVote,1783093249752,2026-07-03,Fri
thanossoul,39,vote +1🔥,vodVote,1783093296885,2026-07-03,Fri
avin_novor,45,vote +7🔥,vodVote,1783093312256,2026-07-03,Fri
thanossoul,33,Gauntlet vote: Ittle Dew 2  [v:1],gauntlet,1783093322045,2026-07-03,Fri
madagascaradam,39,vote +1🔥,vodVote,1783093334695,2026-07-03,Fri
alphonsoe,132,Gauntlet vote: Batman - The Telltale Series [v:4],gauntlet,1783093355735,2026-07-03,Fri
xiaoxiao9313,44,overtimeOverdose (1),vodVote,1783093468947,2026-07-03,Fri
thanossoul,41,overtimeOverdose (2),vodVote,1783093482333,2026-07-03,Fri
dahhel,38,overtimeOverdose (3),vodVote,1783093520793,2026-07-03,Fri
avin_novor,35,overtimeOverdose (4),vodVote,1783093568038,2026-07-03,Fri
valase,32,overtimeOverdose (5),vodVote,1783093635689,2026-07-03,Fri
silent_luc,29,overtimeOverdose (6),vodVote,1783093734381,2026-07-03,Fri
zoskycube,1,Ending round with !v###,vodVote,1783093735417,2026-07-03,Fri
somemarblesfriday,250,reacted cubegg to announcement 1522616743682506894,discoReact,1783093823111,2026-07-03,Fri
alburldador,42,vote +4🔥,vodVote,1783093841339,2026-07-03,Fri
xiaoxiao9313,50,vote +12🔥,vodVote,1783093848684,2026-07-03,Fri
xiaoxiao9313,33,Gauntlet vote: ELEX II [v:1],gauntlet,1783093856008,2026-07-03,Fri
dahhel,40,vote +2🔥,vodVote,1783093862343,2026-07-03,Fri
ivanpetrov32,38,vote ,vodVote,1783093878333,2026-07-03,Fri
silent_luc,56,vote +18🔥,vodVote,1783093889249,2026-07-03,Fri
ikaliayev,47,vote +9🔥,vodVote,1783093897649,2026-07-03,Fri
dahhel,132,Gauntlet vote: The Quarry [v:4],gauntlet,1783093917709,2026-07-03,Fri
avin_novor,46,vote +8🔥,vodVote,1783093943011,2026-07-03,Fri
alphonsoe,53,vote +15🔥,vodVote,1783094128005,2026-07-03,Fri
silent_luc,45,Phase 1: HDD,bootLoop,1783094208611,2026-07-03,Fri
avin_novor,45,Phase 1: HDD,bootLoop,1783094208625,2026-07-03,Fri
alphonsoe,45,Phase 1: HDD,bootLoop,1783094208635,2026-07-03,Fri
xiaoxiao9313,45,Phase 1: HDD,bootLoop,1783094208640,2026-07-03,Fri
dahhel,45,Phase 1: HDD,bootLoop,1783094208643,2026-07-03,Fri
ikaliayev,45,Phase 1: HDD,bootLoop,1783094208656,2026-07-03,Fri
alburldador,45,Phase 1: HDD,bootLoop,1783094208660,2026-07-03,Fri
pika_gamy,38,vote ,vodVote,1783094282279,2026-07-03,Fri
ikaliayev,44,overtimeOverdose (1),vodVote,1783094506380,2026-07-03,Fri
alphonsoe,41,overtimeOverdose (2),vodVote,1783094511638,2026-07-03,Fri
avin_novor,38,overtimeOverdose (3),vodVote,1783094522661,2026-07-03,Fri
alburldador,35,overtimeOverdose (4),vodVote,1783094546769,2026-07-03,Fri
slay_da_b,32,overtimeOverdose (5),vodVote,1783094604475,2026-07-03,Fri
pika_gamy,29,overtimeOverdose (6),vodVote,1783094614739,2026-07-03,Fri
xiaoxiao9313,26,overtimeOverdose (7),vodVote,1783094624410,2026-07-03,Fri
calypso_ba,38,vote ,vodVote,1783094665521,2026-07-03,Fri
xiaoxiao9313,250,reacted cubegg to announcement 1522616743682506894,discoReact,1783094672691,2026-07-03,Fri
dahhel,23,overtimeOverdose (8),vodVote,1783094707878,2026-07-03,Fri
thanossoul,20,overtimeOverdose (9),vodVote,1783094760543,2026-07-03,Fri
zoskycube,1,Ending round with !v###,vodVote,1783094790010,2026-07-03,Fri
alburldador,43,vote +5🔥,vodVote,1783094893886,2026-07-03,Fri
ikaliayev,48,vote +10🔥,vodVote,1783094931244,2026-07-03,Fri
dahhel,41,vote +3🔥,vodVote,1783094982504,2026-07-03,Fri
thanossoul,38,vote ,vodVote,1783094982962,2026-07-03,Fri
thanossoul,33,Gauntlet vote: The Walking Dead: Michonne [v:1],gauntlet,1783094990847,2026-07-03,Fri
madagascaradam,38,vote ,vodVote,1783095008953,2026-07-03,Fri
ivanpetrov32,250,reacted 🎉 to announcement 1522616743682506894,discoReact,1783095009007,2026-07-03,Fri
madagascaradam,132,Gauntlet vote: Fallout 4 [v:4],gauntlet,1783095013280,2026-07-03,Fri
silent_luc,57,vote +19🔥,vodVote,1783095192882,2026-07-03,Fri
xiaoxiao9313,51,vote +13🔥,vodVote,1783095244055,2026-07-03,Fri
xiaoxiao9313,33,Gauntlet vote: Soulflow [v:1],gauntlet,1783095253770,2026-07-03,Fri
ivanpetrov32,39,vote +1🔥,vodVote,1783095407762,2026-07-03,Fri
thanossoul,44,overtimeOverdose (1),vodVote,1783095552526,2026-07-03,Fri
thanossoul,33,Gauntlet vote: Down the Rabbit Hole Flattened [v:1],gauntlet,1783095560292,2026-07-03,Fri
dahhel,41,overtimeOverdose (2),vodVote,1783095560648,2026-07-03,Fri
silent_luc,45,Phase 1: HDD,bootLoop,1783095563111,2026-07-03,Fri
xiaoxiao9313,45,Phase 1: HDD,bootLoop,1783095563113,2026-07-03,Fri
thanossoul,45,Phase 1: HDD,bootLoop,1783095563121,2026-07-03,Fri
dahhel,45,Phase 1: HDD,bootLoop,1783095563125,2026-07-03,Fri
ikaliayev,45,Phase 1: HDD,bootLoop,1783095563130,2026-07-03,Fri
johnnymnemonics,38,vote ,vodVote,1783095569924,2026-07-03,Fri
johnnymnemonics,38,overtimeOverdose (3),vodVote,1783095571940,2026-07-03,Fri
johnnymnemonics,126,AI Art word: harpoon,art,1783095577819,2026-07-03,Fri
xiaoxiao9313,35,overtimeOverdose (4),vodVote,1783095578040,2026-07-03,Fri
johnnymnemonics,132,Gauntlet vote: Prince of Persia: The Two Thrones [v:4],gauntlet,1783095593077,2026-07-03,Fri
ikaliayev,32,overtimeOverdose (5),vodVote,1783095612099,2026-07-03,Fri
slay_da_b,132,Gauntlet vote: Darksiders Genesis [v:4],gauntlet,1783095626232,2026-07-03,Fri
slay_da_b,29,overtimeOverdose (6),vodVote,1783095639417,2026-07-03,Fri
johnnymnemonics,250,reacted 🎉 to announcement 1522616743682506894,discoReact,1783095666678,2026-07-03,Fri
avin_novor,26,overtimeOverdose (7),vodVote,1783095721522,2026-07-03,Fri
avin_novor,47,vote +9🔥,vodVote,1783095729194,2026-07-03,Fri
alyssrentori,38,vote ,vodVote,1783095735192,2026-07-03,Fri
alyssrentori,132,Gauntlet vote: Overloop [v:4],gauntlet,1783095753250,2026-07-03,Fri
alburldador,23,overtimeOverdose (8),vodVote,1783095781385,2026-07-03,Fri
avin_novor,132,Gauntlet vote: As Dusk Falls [v:4],gauntlet,1783095788220,2026-07-03,Fri
silent_luc,20,overtimeOverdose (9),vodVote,1783095847236,2026-07-03,Fri
zoskycube,1,Ending round with !v###,vodVote,1783095848232,2026-07-03,Fri
alburldador,44,vote +6🔥,vodVote,1783095987807,2026-07-03,Fri
ikaliayev,49,vote +11🔥,vodVote,1783095999467,2026-07-03,Fri
dahhel,42,vote +4🔥,vodVote,1783096006867,2026-07-03,Fri
valase,38,vote ,vodVote,1783096123757,2026-07-03,Fri
avin_novor,48,vote +10🔥,vodVote,1783096217361,2026-07-03,Fri
silent_luc,58,vote +20🔥,vodVote,1783096419568,2026-07-03,Fri
silent_luc,154,AI Art word: cyberpunk,art,1783096433969,2026-07-03,Fri
xiaoxiao9313,52,vote +14🔥,vodVote,1783096463839,2026-07-03,Fri
dahhel,132,Gauntlet vote: Wolfenstein II: The New Colossus [v:4],gauntlet,1783096514230,2026-07-03,Fri
thanossoul,39,vote +1🔥,vodVote,1783096573660,2026-07-03,Fri
thanossoul,33,Gauntlet vote: Anomaly 2 [v:1],gauntlet,1783096584912,2026-07-03,Fri
xiaoxiao9313,44,overtimeOverdose (1),vodVote,1783096609800,2026-07-03,Fri
valase,41,overtimeOverdose (2),vodVote,1783096614405,2026-07-03,Fri
thanossoul,38,overtimeOverdose (3),vodVote,1783096618603,2026-07-03,Fri
ikaliayev,35,overtimeOverdose (4),vodVote,1783096619660,2026-07-03,Fri
johnnymnemonics,39,vote +1🔥,vodVote,1783096669087,2026-07-03,Fri
johnnymnemonics,32,overtimeOverdose (5),vodVote,1783096676022,2026-07-03,Fri
alburldador,29,overtimeOverdose (6),vodVote,1783096706076,2026-07-03,Fri
avin_novor,26,overtimeOverdose (7),vodVote,1783096741056,2026-07-03,Fri
dahhel,23,overtimeOverdose (8),vodVote,1783096771869,2026-07-03,Fri
zoskycube,1,Ending round with !v###,vodVote,1783096785378,2026-07-03,Fri
lovegamesandthings00000,94,AI Art word: dredge,art,1783096925668,2026-07-03,Fri
lovegamesandthings00000,38,vote ,vodVote,1783096933364,2026-07-03,Fri
thanossoul,40,vote +2🔥,vodVote,1783096942553,2026-07-03,Fri
lovegamesandthings00000,33,Gauntlet vote: Batman: Arkham City GOTY [v:1],gauntlet,1783096961629,2026-07-03,Fri
xiaoxiao9313,53,vote +15🔥,vodVote,1783096985927,2026-07-03,Fri
dahhel,43,vote +5🔥,vodVote,1783097004236,2026-07-03,Fri
ivanpetrov32,38,vote ,vodVote,1783097058764,2026-07-03,Fri
valase,39,vote +1🔥,vodVote,1783097059089,2026-07-03,Fri
silent_luc,59,vote +21🔥,vodVote,1783097061716,2026-07-03,Fri
ikaliayev,50,vote +12🔥,vodVote,1783097121349,2026-07-03,Fri
thanossoul,45,Phase 1: RAM,bootLoop,1783097192773,2026-07-03,Fri
valase,45,Phase 1: RAM,bootLoop,1783097192800,2026-07-03,Fri
dahhel,45,Phase 1: RAM,bootLoop,1783097192803,2026-07-03,Fri
xiaoxiao9313,45,Phase 1: RAM,bootLoop,1783097192809,2026-07-03,Fri
silent_luc,45,Phase 1: RAM,bootLoop,1783097192815,2026-07-03,Fri
lovegamesandthings00000,45,Phase 1: RAM,bootLoop,1783097192818,2026-07-03,Fri
ikaliayev,45,Phase 1: RAM,bootLoop,1783097192830,2026-07-03,Fri
avin_novor,45,Phase 1: RAM,bootLoop,1783097192833,2026-07-03,Fri
alburldador,45,Phase 1: RAM,bootLoop,1783097192859,2026-07-03,Fri
alfims,38,vote ,vodVote,1783097312891,2026-07-03,Fri
alfims,1000,Voucher: dailyDose,voucher,1783097353762,2026-07-03,Fri
alfims,73,AI Art word: ignite,art,1783097363189,2026-07-03,Fri
avin_novor,49,vote +11🔥,vodVote,1783097363947,2026-07-03,Fri
madagascaradam,38,vote ,vodVote,1783097411213,2026-07-03,Fri
madagascaradam,132,Gauntlet vote: Tacoma [v:4],gauntlet,1783097417484,2026-07-03,Fri
alexwifi42,38,vote ,vodVote,1783097419409,2026-07-03,Fri
alexwifi42,33,Gauntlet vote: Remnant: From the Ashes [v:1],gauntlet,1783097427636,2026-07-03,Fri
madagascaradam,1000,Voucher: dailyDose,voucher,1783097428330,2026-07-03,Fri
alexwifi42,68,AI Art word: illumination,art,1783097440114,2026-07-03,Fri
alexwifi42,44,overtimeOverdose (1),vodVote,1783097475159,2026-07-03,Fri
valase,41,overtimeOverdose (2),vodVote,1783097493885,2026-07-03,Fri
dahhel,38,overtimeOverdose (3),vodVote,1783097513124,2026-07-03,Fri
alburldador,35,overtimeOverdose (4),vodVote,1783097534559,2026-07-03,Fri
alburldador,45,vote +7🔥,vodVote,1783097551602,2026-07-03,Fri
ikaliayev,32,overtimeOverdose (5),vodVote,1783097563776,2026-07-03,Fri
madagascaradam,29,overtimeOverdose (6),vodVote,1783097578311,2026-07-03,Fri
xiaoxiao9313,26,overtimeOverdose (7),vodVote,1783097589557,2026-07-03,Fri
zoskycube,1,Ending round with !v###,vodVote,1783097636776,2026-07-03,Fri
xiaoxiao9313,54,vote +16🔥,vodVote,1783097742598,2026-07-03,Fri
dahhel,44,vote +6🔥,vodVote,1783097763806,2026-07-03,Fri
madagascaradam,39,vote +1🔥,vodVote,1783097842781,2026-07-03,Fri
valase,40,vote +2🔥,vodVote,1783097882441,2026-07-03,Fri
madagascaradam,65,Phase 2: CPU,bootLoop,1783097923653,2026-07-03,Fri
xiaoxiao9313,65,Phase 2: CPU,bootLoop,1783097923670,2026-07-03,Fri
alexwifi42,65,Phase 2: CPU,bootLoop,1783097923681,2026-07-03,Fri
avin_novor,65,Phase 2: CPU,bootLoop,1783097923684,2026-07-03,Fri
valase,65,Phase 2: CPU,bootLoop,1783097923687,2026-07-03,Fri
silent_luc,65,Phase 2: CPU,bootLoop,1783097923697,2026-07-03,Fri
alburldador,65,Phase 2: CPU,bootLoop,1783097923700,2026-07-03,Fri
dahhel,65,Phase 2: CPU,bootLoop,1783097923702,2026-07-03,Fri
ikaliayev,65,Phase 2: CPU,bootLoop,1783097923719,2026-07-03,Fri
alfims,65,Phase 2: CPU,bootLoop,1783097923724,2026-07-03,Fri
ikaliayev,51,vote +13🔥,vodVote,1783097945129,2026-07-03,Fri
thanossoul,41,vote +3🔥,vodVote,1783098045810,2026-07-03,Fri
thanossoul,33,Gauntlet vote: Gigapocalypse [v:1],gauntlet,1783098052853,2026-07-03,Fri
avin_novor,50,vote +12🔥,vodVote,1783098061665,2026-07-03,Fri
johnnymnemonics,63,AI Art word: radiator,art,1783098088605,2026-07-03,Fri
johnnymnemonics,38,vote ,vodVote,1783098096374,2026-07-03,Fri
player0451,38,vote ,vodVote,1783098143694,2026-07-03,Fri
player0451,35,AI Art word: rum,art,1783098154504,2026-07-03,Fri
player0451,132,Gauntlet vote: Golden Light [v:4],gauntlet,1783098158378,2026-07-03,Fri
lillakra,38,vote ,vodVote,1783098266066,2026-07-03,Fri
lillakra,132,Gauntlet vote: Atomic Picnic [v:4],gauntlet,1783098271232,2026-07-03,Fri
dahhel,44,overtimeOverdose (1),vodVote,1783098402488,2026-07-03,Fri
thanossoul,41,overtimeOverdose (2),vodVote,1783098407262,2026-07-03,Fri
alburldador,38,overtimeOverdose (3),vodVote,1783098447416,2026-07-03,Fri
alburldador,46,vote +8🔥,vodVote,1783098457416,2026-07-03,Fri
ikaliayev,35,overtimeOverdose (4),vodVote,1783098484480,2026-07-03,Fri
xiaoxiao9313,32,overtimeOverdose (5),vodVote,1783098612467,2026-07-03,Fri
zoskycube,1,Ending round with !v###,vodVote,1783098613008,2026-07-03,Fri
llucholba,1000,Voucher: dailyDose,voucher,1783098614144,2026-07-03,Fri
llucholba,126,AI Art word: whiskies,art,1783098638903,2026-07-03,Fri
llucholba,132,Gauntlet vote: Chloe Puzzle Game [v:4],gauntlet,1783098648140,2026-07-03,Fri
xiaoxiao9313,55,vote +17🔥,vodVote,1783098724938,2026-07-03,Fri
alfims,38,vote ,vodVote,1783098728926,2026-07-03,Fri
avin_novor,51,vote +13🔥,vodVote,1783098753415,2026-07-03,Fri
alfims,92,AI Art word: mortar,art,1783098771393,2026-07-03,Fri
dahhel,45,vote +7🔥,vodVote,1783098775031,2026-07-03,Fri
avin_novor,68,AI Art word: mishap,art,1783098776374,2026-07-03,Fri
silent_luc,38,vote ,vodVote,1783098786854,2026-07-03,Fri
ivanpetrov32,38,vote ,vodVote,1783098808174,2026-07-03,Fri
ikaliayev,52,vote +14🔥,vodVote,1783098886876,2026-07-03,Fri
valase,41,vote +3🔥,vodVote,1783098890840,2026-07-03,Fri
dahhel,45,Phase 1: RAM,bootLoop,1783099192352,2026-07-03,Fri
ikaliayev,45,Phase 1: RAM,bootLoop,1783099192360,2026-07-03,Fri
silent_luc,45,Phase 1: RAM,bootLoop,1783099192365,2026-07-03,Fri
valase,45,Phase 1: RAM,bootLoop,1783099192377,2026-07-03,Fri
avin_novor,45,Phase 1: RAM,bootLoop,1783099192468,2026-07-03,Fri
xiaoxiao9313,45,Phase 1: RAM,bootLoop,1783099192471,2026-07-03,Fri
alfims,45,Phase 1: RAM,bootLoop,1783099192487,2026-07-03,Fri
alburldador,250,reacted cubegg to announcement 1522616743682506894,discoReact,1783099658135,2026-07-03,Fri
alburldador,44,overtimeOverdose (1),vodVote,1783099672000,2026-07-03,Fri
dahhel,41,overtimeOverdose (2),vodVote,1783099706756,2026-07-03,Fri
valase,38,overtimeOverdose (3),vodVote,1783099711534,2026-07-03,Fri
silent_luc,35,overtimeOverdose (4),vodVote,1783099795413,2026-07-03,Fri
silent_luc,84,AI Art word: event,art,1783099811549,2026-07-03,Fri
alburldador,65,Phase 2: HDD,bootLoop,1783099812328,2026-07-03,Fri
xiaoxiao9313,65,Phase 2: HDD,bootLoop,1783099812342,2026-07-03,Fri
valase,65,Phase 2: HDD,bootLoop,1783099812345,2026-07-03,Fri
alfims,65,Phase 2: HDD,bootLoop,1783099812358,2026-07-03,Fri
ikaliayev,65,Phase 2: HDD,bootLoop,1783099812360,2026-07-03,Fri
silent_luc,65,Phase 2: HDD,bootLoop,1783099812363,2026-07-03,Fri
avin_novor,65,Phase 2: HDD,bootLoop,1783099812377,2026-07-03,Fri
dahhel,65,Phase 2: HDD,bootLoop,1783099812379,2026-07-03,Fri
avin_novor,32,overtimeOverdose (5),vodVote,1783099814855,2026-07-03,Fri
xiaoxiao9313,29,overtimeOverdose (6),vodVote,1783099830761,2026-07-03,Fri
zoskycube,1,Ending round with !v###,vodVote,1783099831789,2026-07-03,Fri
ikaliayev,53,vote +15🔥,vodVote,1783099975767,2026-07-03,Fri
player0451,132,Gauntlet vote: Super Meat Boy [v:4],gauntlet,1783099980047,2026-07-03,Fri
player0451,38,vote ,vodVote,1783099995045,2026-07-03,Fri
ikaliayev,1000,Voucher: dailyDose,voucher,1783100014251,2026-07-03,Fri
xiaoxiao9313,56,vote +18🔥,vodVote,1783100028762,2026-07-03,Fri
valase,132,Gauntlet vote: Planet Explorers [v:4],gauntlet,1783100036616,2026-07-03,Fri
xiaoxiao9313,33,Gauntlet vote: Jack Move [v:1],gauntlet,1783100054090,2026-07-03,Fri
valase,42,vote +4🔥,vodVote,1783100081013,2026-07-03,Fri
player0451,100,AI Art word: terrific,art,1783100091853,2026-07-03,Fri
alfims,188,AI Art word: traffic,art,1783100147133,2026-07-03,Fri
alfims,39,vote +1🔥,vodVote,1783100149538,2026-07-03,Fri
avin_novor,52,vote +14🔥,vodVote,1783100260684,2026-07-03,Fri
thanossoul,38,vote ,vodVote,1783100280507,2026-07-03,Fri
dahhel,46,vote +8🔥,vodVote,1783100290038,2026-07-03,Fri
silent_luc,39,vote +1🔥,vodVote,1783100291302,2026-07-03,Fri
alyssrentori,94,AI Art word: pointer,art,1783100557739,2026-07-03,Fri
alyssrentori,38,vote ,vodVote,1783100564919,2026-07-03,Fri
xiaoxiao9313,44,overtimeOverdose (1),vodVote,1783100570511,2026-07-03,Fri
alyssrentori,33,Gauntlet vote: Banishers: Ghosts of New Eden [v:1],gauntlet,1783100581184,2026-07-03,Fri
player0451,132,Gauntlet vote: Remnant II [v:4],gauntlet,1783100593242,2026-07-03,Fri
ivanpetrov32,39,vote +1🔥,vodVote,1783100618357,2026-07-03,Fri
dahhel,41,overtimeOverdose (2),vodVote,1783100623363,2026-07-03,Fri
alburldador,38,overtimeOverdose (3),vodVote,1783100642526,2026-07-03,Fri
alburldador,38,vote ,vodVote,1783100648706,2026-07-03,Fri
ikaliayev,35,overtimeOverdose (4),vodVote,1783100658089,2026-07-03,Fri
avin_novor,32,overtimeOverdose (5),vodVote,1783100744368,2026-07-03,Fri
llucholba,38,vote ,vodVote,1783100745145,2026-07-03,Fri
llucholba,29,overtimeOverdose (6),vodVote,1783100748645,2026-07-03,Fri
llucholba,132,Gauntlet vote: West of Dead [v:4],gauntlet,1783100753730,2026-07-03,Fri
zoskycube,1,Ending round with !v###,vodVote,1783100780055,2026-07-03,Fri
dahhel,47,vote +9🔥,vodVote,1783100913139,2026-07-03,Fri
ikaliayev,54,vote +16🔥,vodVote,1783100935469,2026-07-03,Fri
xiaoxiao9313,57,vote +19🔥,vodVote,1783100937109,2026-07-03,Fri
xiaoxiao9313,45,Phase 1: RAM,bootLoop,1783101150782,2026-07-03,Fri
dahhel,45,Phase 1: RAM,bootLoop,1783101150792,2026-07-03,Fri
llucholba,45,Phase 1: RAM,bootLoop,1783101150797,2026-07-03,Fri
valase,45,Phase 1: RAM,bootLoop,1783101150868,2026-07-03,Fri
alburldador,45,Phase 1: RAM,bootLoop,1783101150870,2026-07-03,Fri
alyssrentori,45,Phase 1: RAM,bootLoop,1783101150952,2026-07-03,Fri
ikaliayev,45,Phase 1: RAM,bootLoop,1783101150970,2026-07-03,Fri
avin_novor,45,Phase 1: RAM,bootLoop,1783101150976,2026-07-03,Fri
player0451,132,Gauntlet vote: DOOM [v:4],gauntlet,1783101164578,2026-07-03,Fri
valase,43,vote +5🔥,vodVote,1783101185770,2026-07-03,Fri
avin_novor,53,vote +15🔥,vodVote,1783101417156,2026-07-03,Fri
avin_novor,126,AI Art word: stretch,art,1783101443003,2026-07-03,Fri
player0451,38,vote ,vodVote,1783101458888,2026-07-03,Fri
player0451,92,AI Art word: sanitary,art,1783101468361,2026-07-03,Fri
alburldador,39,vote +1🔥,vodVote,1783101710957,2026-07-03,Fri
alyssrentori,39,vote +1🔥,vodVote,1783101845552,2026-07-03,Fri
mori2323,38,vote ,vodVote,1783101984759,2026-07-03,Fri
pika_gamy,38,vote ,vodVote,1783102003255,2026-07-03,Fri
pika_gamy,44,overtimeOverdose (1),vodVote,1783102007232,2026-07-03,Fri
alburldador,41,overtimeOverdose (2),vodVote,1783102008535,2026-07-03,Fri
mori2323,38,overtimeOverdose (3),vodVote,1783102011587,2026-07-03,Fri
pika_gamy,132,Gauntlet vote: Dead Island Riptide Definitive Edition [v:4],gauntlet,1783102022140,2026-07-03,Fri
valase,35,overtimeOverdose (4),vodVote,1783102033451,2026-07-03,Fri
avin_novor,32,overtimeOverdose (5),vodVote,1783102037806,2026-07-03,Fri
mori2323,250,reacted 🎉 to announcement 1522616743682506894,discoReact,1783102081620,2026-07-03,Fri
xiaoxiao9313,29,overtimeOverdose (6),vodVote,1783102095668,2026-07-03,Fri
mori2323,132,Gauntlet vote: SPRAWL [v:4],gauntlet,1783102159368,2026-07-03,Fri
ikaliayev,26,overtimeOverdose (7),vodVote,1783102166318,2026-07-03,Fri
mori2323,4340,Voucher: zB → zCubes,voucher,1783102180013,2026-07-03,Fri
zoskycube,1,Ending round with !v###,vodVote,1783102181848,2026-07-03,Fri
ikaliayev,55,vote +17🔥,vodVote,1783102289637,2026-07-03,Fri
xiaoxiao9313,58,vote +20🔥,vodVote,1783102298901,2026-07-03,Fri
mori2323,39,vote +1🔥,vodVote,1783102366362,2026-07-03,Fri
alfims,105,AI Art word: drunk,art,1783102383826,2026-07-03,Fri
alfims,38,vote ,vodVote,1783102385577,2026-07-03,Fri
ivanpetrov32,38,vote ,vodVote,1783102430137,2026-07-03,Fri
player0451,132,Gauntlet vote: RAGE [v:4],gauntlet,1783102447287,2026-07-03,Fri
ivanpetrov32,132,Gauntlet vote: BioShock [v:4],gauntlet,1783102477585,2026-07-03,Fri
dahhel,48,vote +10🔥,vodVote,1783102492139,2026-07-03,Fri
ivanpetrov32,4340,Voucher: zB → zCubes,voucher,1783102497245,2026-07-03,Fri
avin_novor,54,vote +16🔥,vodVote,1783102577885,2026-07-03,Fri
avin_novor,132,Gauntlet vote: Universe For Sale [v:4],gauntlet,1783102594169,2026-07-03,Fri
dahhel,45,Phase 1: CPU,bootLoop,1783102743346,2026-07-03,Fri
ivanpetrov32,45,Phase 1: CPU,bootLoop,1783102743357,2026-07-03,Fri
xiaoxiao9313,45,Phase 1: CPU,bootLoop,1783102743369,2026-07-03,Fri
valase,45,Phase 1: CPU,bootLoop,1783102743372,2026-07-03,Fri
alfims,45,Phase 1: CPU,bootLoop,1783102743377,2026-07-03,Fri
mori2323,45,Phase 1: CPU,bootLoop,1783102743381,2026-07-03,Fri
ikaliayev,45,Phase 1: CPU,bootLoop,1783102743390,2026-07-03,Fri
avin_novor,45,Phase 1: CPU,bootLoop,1783102743393,2026-07-03,Fri
valase,44,vote +6🔥,vodVote,1783102919413,2026-07-03,Fri
alburldador,40,vote +2🔥,vodVote,1783102977881,2026-07-03,Fri
alburldador,132,Gauntlet vote: Children of Silentown [v:4],gauntlet,1783102992196,2026-07-03,Fri
ura3535,38,vote ,vodVote,1783102996037,2026-07-03,Fri
silent_luc,38,vote ,vodVote,1783103013835,2026-07-03,Fri
alburldador,44,overtimeOverdose (1),vodVote,1783103017245,2026-07-03,Fri
ura3535,33,Gauntlet vote: Infommi [v:1],gauntlet,1783103026617,2026-07-03,Fri
ura3535,41,overtimeOverdose (2),vodVote,1783103032858,2026-07-03,Fri
dahhel,38,overtimeOverdose (3),vodVote,1783103035701,2026-07-03,Fri
silent_luc,35,overtimeOverdose (4),vodVote,1783103040276,2026-07-03,Fri
ikaliayev,32,overtimeOverdose (5),vodVote,1783103069143,2026-07-03,Fri
avin_novor,29,overtimeOverdose (6),vodVote,1783103176022,2026-07-03,Fri
zoskycube,1,Ending round with !v###,vodVote,1783103203745,2026-07-03,Fri
xiaoxiao9313,33,Gauntlet vote: State of Mind [v:1],gauntlet,1783103262588,2026-07-03,Fri
dahhel,49,vote +11🔥,vodVote,1783103319035,2026-07-03,Fri
valase,45,vote +7🔥,vodVote,1783103357175,2026-07-03,Fri
ikaliayev,56,vote +18🔥,vodVote,1783103381929,2026-07-03,Fri
dahhel,65,Phase 2: GPU,bootLoop,1783103398499,2026-07-03,Fri
pika_gamy,65,Phase 2: GPU,bootLoop,1783103398505,2026-07-03,Fri
xiaoxiao9313,65,Phase 2: GPU,bootLoop,1783103398509,2026-07-03,Fri
avin_novor,65,Phase 2: GPU,bootLoop,1783103398515,2026-07-03,Fri
valase,65,Phase 2: GPU,bootLoop,1783103398530,2026-07-03,Fri
alburldador,65,Phase 2: GPU,bootLoop,1783103398534,2026-07-03,Fri
ikaliayev,65,Phase 2: GPU,bootLoop,1783103398536,2026-07-03,Fri
silent_luc,65,Phase 2: GPU,bootLoop,1783103398540,2026-07-03,Fri
ura3535,65,Phase 2: GPU,bootLoop,1783103398545,2026-07-03,Fri
thanossoul,38,vote ,vodVote,1783103510051,2026-07-03,Fri
thanossoul,33,Gauntlet vote: System Shock 2 [v:1],gauntlet,1783103517633,2026-07-03,Fri
avin_novor,55,vote +17🔥,vodVote,1783103520368,2026-07-03,Fri
alfims,39,vote +1🔥,vodVote,1783103597636,2026-07-03,Fri
operacional_cae,132,Gauntlet vote: Crime Boss: Rockay City [v:4],gauntlet,1783103677719,2026-07-03,Fri
operacional_cae,38,vote ,vodVote,1783103684194,2026-07-03,Fri
operacional_cae,54,AI Art word: retaking,art,1783103691637,2026-07-03,Fri
alfims,80,AI Art word: restore,art,1783103720572,2026-07-03,Fri
silent_luc,39,vote +1🔥,vodVote,1783103838123,2026-07-03,Fri
johnnymnemonics,38,vote ,vodVote,1783103888609,2026-07-03,Fri
ura3535,84,AI Art word: gamer,art,1783103909112,2026-07-03,Fri
johnnymnemonics,63,AI Art word: greatest,art,1783103918494,2026-07-03,Fri
silent_luc,49,AI Art word: gangster,art,1783103925383,2026-07-03,Fri
ura3535,33,Gauntlet vote: Hell Pie [v:1],gauntlet,1783103931367,2026-07-03,Fri
johnnymnemonics,132,Gauntlet vote: Cobra Kai 2: Dojos Rising [v:4],gauntlet,1783103934928,2026-07-03,Fri
ivanpetrov32,39,vote +1🔥,vodVote,1783103948235,2026-07-03,Fri
alburldador,41,vote +3🔥,vodVote,1783103983216,2026-07-03,Fri
player0451,38,vote ,vodVote,1783104023986,2026-07-03,Fri
player0451,132,Gauntlet vote: Backbone [v:4],gauntlet,1783104027726,2026-07-03,Fri
player0451,1000,Voucher: dailyDose,voucher,1783104043560,2026-07-03,Fri
johnnymnemonics,22420,Sub bonus (tier 1000),sub,1783104115010,2026-07-03,Fri
alburldador,44,overtimeOverdose (1),vodVote,1783104162140,2026-07-03,Fri
avin_novor,44,overtimeOverdose (1),vodVote,1783104162644,2026-07-03,Fri
dahhel,41,overtimeOverdose (2),vodVote,1783104170299,2026-07-03,Fri
ikaliayev,41,overtimeOverdose (2),vodVote,1783104170381,2026-07-03,Fri
johnnymnemonics,35,overtimeOverdose (4),vodVote,1783104196123,2026-07-03,Fri
silent_luc,32,overtimeOverdose (5),vodVote,1783104242793,2026-07-03,Fri
ura3535,29,overtimeOverdose (6),vodVote,1783104248998,2026-07-03,Fri
valase,26,overtimeOverdose (7),vodVote,1783104260949,2026-07-03,Fri
pika_gamy,23,overtimeOverdose (8),vodVote,1783104277914,2026-07-03,Fri
pika_gamy,38,vote ,vodVote,1783104284905,2026-07-03,Fri
thanossoul,20,overtimeOverdose (9),vodVote,1783104311036,2026-07-03,Fri
louis_of_apshai,38,vote ,vodVote,1783104336545,2026-07-03,Fri
zoskycube,1,Ending round with !v###,vodVote,1783104343268,2026-07-03,Fri
louis_of_apshai,132,Gauntlet vote: Destroyer: The U-Boat Hunter [v:4],gauntlet,1783104357047,2026-07-03,Fri
louis_of_apshai,91,AI Art word: masquerade,art,1783104396771,2026-07-03,Fri
thanossoul,126,AI Art word: malady,art,1783104417105,2026-07-03,Fri
thanossoul,33,Gauntlet vote: Control Ultimate Edition [v:1],gauntlet,1783104430406,2026-07-03,Fri
thanossoul,39,vote +1🔥,vodVote,1783104450796,2026-07-03,Fri
dahhel,50,vote +12🔥,vodVote,1783104458037,2026-07-03,Fri
ikaliayev,57,vote +19🔥,vodVote,1783104463570,2026-07-03,Fri
avin_novor,56,vote +18🔥,vodVote,1783104466559,2026-07-03,Fri
ura3535,33,Gauntlet vote: Turok 2: Seeds of Evil [v:1],gauntlet,1783104515135,2026-07-03,Fri
player0451,94,AI Art word: mayo,art,1783104516227,2026-07-03,Fri
ura3535,38,vote ,vodVote,1783104520211,2026-07-03,Fri
silent_luc,45,Phase 1: HDD,bootLoop,1783104579036,2026-07-03,Fri
valase,45,Phase 1: HDD,bootLoop,1783104579047,2026-07-03,Fri
thanossoul,45,Phase 1: HDD,bootLoop,1783104579064,2026-07-03,Fri
dahhel,45,Phase 1: HDD,bootLoop,1783104579067,2026-07-03,Fri
louis_of_apshai,45,Phase 1: HDD,bootLoop,1783104579100,2026-07-03,Fri
avin_novor,45,Phase 1: HDD,bootLoop,1783104579110,2026-07-03,Fri
ikaliayev,45,Phase 1: HDD,bootLoop,1783104579187,2026-07-03,Fri
valase,46,vote +8🔥,vodVote,1783104594838,2026-07-03,Fri
operacional_cae,39,vote +1🔥,vodVote,1783104624239,2026-07-03,Fri
valase,132,Gauntlet vote: Planet Explorers [v:4],gauntlet,1783104789838,2026-07-03,Fri
silent_luc,40,vote +2🔥,vodVote,1783104817032,2026-07-03,Fri
johnnymnemonics,39,vote +1🔥,vodVote,1783104917305,2026-07-03,Fri
cerebralx1,38,vote ,vodVote,1783104926042,2026-07-03,Fri
cerebralx1,147,AI Art word: bricks,art,1783105033236,2026-07-03,Fri
puphik,4340,Voucher: zB → zCubes,voucher,1783105067299,2026-07-03,Fri
alfims,126,AI Art word: bearing,art,1783105067459,2026-07-03,Fri
alfims,40,vote +2🔥,vodVote,1783105072420,2026-07-03,Fri
alburldador,42,vote +4🔥,vodVote,1783105115673,2026-07-03,Fri
silent_luc,250,reacted cubegg to announcement 1522616743682506894,discoReact,1783105202623,2026-07-03,Fri
player0451,39,vote +1🔥,vodVote,1783105272256,2026-07-03,Fri
calypso_ba,38,vote ,vodVote,1783105326069,2026-07-03,Fri
ura3535,33,Gauntlet vote: Portal: Revolution [v:1],gauntlet,1783105341878,2026-07-03,Fri
yurigiu,38,vote ,vodVote,1783105350232,2026-07-03,Fri
yurigiu,33,Gauntlet vote: Pixel Heroes: Byte  [v:1],gauntlet,1783105371326,2026-07-03,Fri
calypso_ba,132,Gauntlet vote: Batman: The Enemy Within - The Telltale Series [v:4],gauntlet,1783105382739,2026-07-03,Fri
calypso_ba,1000,Voucher: dailyDose,voucher,1783105390864,2026-07-03,Fri
alburldador,4340,Voucher: zB → zCubes,voucher,1783105409021,2026-07-03,Fri
johnnymnemonics,44,overtimeOverdose (1),vodVote,1783105517012,2026-07-03,Fri
alburldador,41,overtimeOverdose (2),vodVote,1783105519832,2026-07-03,Fri
ura3535,38,overtimeOverdose (3),vodVote,1783105528589,2026-07-03,Fri
avin_novor,35,overtimeOverdose (4),vodVote,1783105530924,2026-07-03,Fri
cerebralx1,32,overtimeOverdose (5),vodVote,1783105531844,2026-07-03,Fri
ura3535,92,AI Art word: earth,art,1783105536484,2026-07-03,Fri
johnnymnemonics,58,AI Art word: eyeliner,art,1783105549844,2026-07-03,Fri
thanossoul,29,overtimeOverdose (6),vodVote,1783105598484,2026-07-03,Fri
silent_luc,26,overtimeOverdose (7),vodVote,1783105608596,2026-07-03,Fri
thanossoul,33,Gauntlet vote: Mortal Kombat 11 [v:1],gauntlet,1783105620992,2026-07-03,Fri
ikaliayev,23,overtimeOverdose (8),vodVote,1783105628437,2026-07-03,Fri
alfims,20,overtimeOverdose (9),vodVote,1783105646957,2026-07-03,Fri
dahhel,17,overtimeOverdose (10),vodVote,1783105673719,2026-07-03,Fri
cerebralx1,4340,Voucher: zB → zCubes,voucher,1783105684115,2026-07-03,Fri
cerebralx1,1000,Voucher: dailyDose,voucher,1783105696478,2026-07-03,Fri
cerebralx1,132,Gauntlet vote: Legacy of Kain Soul Reaver 1 [v:4],gauntlet,1783105745976,2026-07-03,Fri
pika_gamy,14,overtimeOverdose (11),vodVote,1783105769435,2026-07-03,Fri
pika_gamy,39,vote +1🔥,vodVote,1783105774287,2026-07-03,Fri
zoskycube,1,Ending round with !v###,vodVote,1783105794797,2026-07-03,Fri
thanossoul,40,vote +2🔥,vodVote,1783105895459,2026-07-03,Fri
pika_gamy,40,vote +2🔥,vodVote,1783105939613,2026-07-03,Fri
puphik,38,vote ,vodVote,1783105952778,2026-07-03,Fri
puphik,33,Gauntlet vote: Superliminal [v:1],gauntlet,1783105971500,2026-07-03,Fri
avin_novor,57,vote +19🔥,vodVote,1783105971776,2026-07-03,Fri
alexwifi42,38,vote ,vodVote,1783106007401,2026-07-03,Fri
alexwifi42,73,AI Art word: upset,art,1783106027052,2026-07-03,Fri
alexwifi42,33,Gauntlet vote: Trepang2 [v:1],gauntlet,1783106033228,2026-07-03,Fri
alburldador,43,vote +5🔥,vodVote,1783106037512,2026-07-03,Fri
ikaliayev,58,vote +20🔥,vodVote,1783106037763,2026-07-03,Fri
alexwifi42,4340,Voucher: zB → zCubes,voucher,1783106047341,2026-07-03,Fri
cerebralx1,39,vote +1🔥,vodVote,1783106052177,2026-07-03,Fri
dahhel,51,vote +13🔥,vodVote,1783106125134,2026-07-03,Fri
silent_luc,41,vote +3🔥,vodVote,1783106169381,2026-07-03,Fri
ura3535,39,vote +1🔥,vodVote,1783106302221,2026-07-03,Fri
ura3535,33,Gauntlet vote: Demon Turf: Neon Splash [v:1],gauntlet,1783106312892,2026-07-03,Fri
valase,47,vote +9🔥,vodVote,1783106321335,2026-07-03,Fri
cerebralx1,45,Phase 1: GPU,bootLoop,1783106369863,2026-07-03,Fri
alexwifi42,45,Phase 1: GPU,bootLoop,1783106369881,2026-07-03,Fri
pika_gamy,45,Phase 1: GPU,bootLoop,1783106369896,2026-07-03,Fri
alfims,45,Phase 1: GPU,bootLoop,1783106369906,2026-07-03,Fri
ura3535,45,Phase 1: GPU,bootLoop,1783106369915,2026-07-03,Fri
ikaliayev,45,Phase 1: GPU,bootLoop,1783106369918,2026-07-03,Fri
silent_luc,45,Phase 1: GPU,bootLoop,1783106369938,2026-07-03,Fri
avin_novor,45,Phase 1: GPU,bootLoop,1783106369941,2026-07-03,Fri
alburldador,45,Phase 1: GPU,bootLoop,1783106369946,2026-07-03,Fri
puphik,45,Phase 1: GPU,bootLoop,1783106369952,2026-07-03,Fri
valase,45,Phase 1: GPU,bootLoop,1783106369966,2026-07-03,Fri
thanossoul,45,Phase 1: GPU,bootLoop,1783106369970,2026-07-03,Fri
dahhel,45,Phase 1: GPU,bootLoop,1783106369977,2026-07-03,Fri
alfims,67,AI Art word: prince,art,1783106402646,2026-07-03,Fri
alyssrentori,38,vote ,vodVote,1783106510326,2026-07-03,Fri
thanossoul,33,Gauntlet vote: Red Faction: Armageddon [v:1],gauntlet,1783106702330,2026-07-03,Fri
alexwifi42,33,Gauntlet vote: Clid the Snail [v:1],gauntlet,1783106726304,2026-07-03,Fri
silent_luc,44,overtimeOverdose (1),vodVote,1783106820150,2026-07-03,Fri
alburldador,41,overtimeOverdose (2),vodVote,1783106822425,2026-07-03,Fri
alexwifi42,38,overtimeOverdose (3),vodVote,1783106825420,2026-07-03,Fri
alfims,41,vote +3🔥,vodVote,1783106872331,2026-07-03,Fri
alfims,35,overtimeOverdose (4),vodVote,1783106874674,2026-07-03,Fri
valase,32,overtimeOverdose (5),vodVote,1783106901103,2026-07-03,Fri
avin_novor,29,overtimeOverdose (6),vodVote,1783106913055,2026-07-03,Fri
dahhel,65,Phase 2: HDD,bootLoop,1783106913681,2026-07-03,Fri
thanossoul,65,Phase 2: HDD,bootLoop,1783106913685,2026-07-03,Fri
ikaliayev,65,Phase 2: HDD,bootLoop,1783106913694,2026-07-03,Fri
valase,65,Phase 2: HDD,bootLoop,1783106913696,2026-07-03,Fri
alexwifi42,65,Phase 2: HDD,bootLoop,1783106913705,2026-07-03,Fri
cerebralx1,65,Phase 2: HDD,bootLoop,1783106913707,2026-07-03,Fri
alburldador,65,Phase 2: HDD,bootLoop,1783106913711,2026-07-03,Fri
silent_luc,65,Phase 2: HDD,bootLoop,1783106913720,2026-07-03,Fri
johnnymnemonics,40,vote +2🔥,vodVote,1783106943238,2026-07-03,Fri
johnnymnemonics,26,overtimeOverdose (7),vodVote,1783106946880,2026-07-03,Fri
ikaliayev,23,overtimeOverdose (8),vodVote,1783107027436,2026-07-03,Fri
zoskycube,1,Ending round with !v###,vodVote,1783107028651,2026-07-03,Fri
thanossoul,41,vote +3🔥,vodVote,1783107132927,2026-07-03,Fri
dahhel,52,vote +14🔥,vodVote,1783107141803,2026-07-03,Fri
thanossoul,33,Gauntlet vote: Lost Ruins [v:1],gauntlet,1783107168172,2026-07-03,Fri
alburldador,44,vote +6🔥,vodVote,1783107212246,2026-07-03,Fri
ikaliayev,59,vote +21🔥,vodVote,1783107234753,2026-07-03,Fri
valase,48,vote +10🔥,vodVote,1783107292770,2026-07-03,Fri
alfims,42,vote +4🔥,vodVote,1783107490484,2026-07-03,Fri
player0451,38,vote ,vodVote,1783107582609,2026-07-03,Fri
player0451,94,AI Art word: canned,art,1783107594474,2026-07-03,Fri
player0451,33,Gauntlet vote: 16bit Trader [v:1],gauntlet,1783107599902,2026-07-03,Fri
avin_novor,58,vote +20🔥,vodVote,1783107683337,2026-07-03,Fri
alfims,147,AI Art word: venture,art,1783107779525,2026-07-03,Fri
thanossoul,33,Gauntlet vote: Uurnog Uurnlimited [v:1],gauntlet,1783107981594,2026-07-03,Fri
dahhel,45,Phase 1: HDD,bootLoop,1783108030213,2026-07-03,Fri
avin_novor,45,Phase 1: HDD,bootLoop,1783108030225,2026-07-03,Fri
ikaliayev,45,Phase 1: HDD,bootLoop,1783108030231,2026-07-03,Fri
pika_gamy,45,Phase 1: HDD,bootLoop,1783108030236,2026-07-03,Fri
valase,45,Phase 1: HDD,bootLoop,1783108030241,2026-07-03,Fri
alburldador,45,Phase 1: HDD,bootLoop,1783108030248,2026-07-03,Fri
silent_luc,42,vote +4🔥,vodVote,1783108046169,2026-07-03,Fri
dahhel,44,overtimeOverdose (1),vodVote,1783108152320,2026-07-03,Fri
alburldador,41,overtimeOverdose (2),vodVote,1783108171131,2026-07-03,Fri
pika_gamy,38,overtimeOverdose (3),vodVote,1783108201257,2026-07-03,Fri
pika_gamy,41,vote +3🔥,vodVote,1783108208345,2026-07-03,Fri
thanossoul,35,overtimeOverdose (4),vodVote,1783108228764,2026-07-03,Fri
ikaliayev,32,overtimeOverdose (5),vodVote,1783108266107,2026-07-03,Fri
valase,29,overtimeOverdose (6),vodVote,1783108288004,2026-07-03,Fri
avin_novor,26,overtimeOverdose (7),vodVote,1783108314146,2026-07-03,Fri
zoskycube,1,Ending round with !v###,vodVote,1783108344012,2026-07-03,Fri
thanossoul,42,vote +4🔥,vodVote,1783108449746,2026-07-03,Fri
player0451,39,vote +1🔥,vodVote,1783108456366,2026-07-03,Fri
alfims,65,Phase 2: CPU,bootLoop,1783108457333,2026-07-03,Fri
ikaliayev,65,Phase 2: CPU,bootLoop,1783108457345,2026-07-03,Fri
pika_gamy,65,Phase 2: CPU,bootLoop,1783108457353,2026-07-03,Fri
avin_novor,65,Phase 2: CPU,bootLoop,1783108457358,2026-07-03,Fri
valase,65,Phase 2: CPU,bootLoop,1783108457365,2026-07-03,Fri
dahhel,65,Phase 2: CPU,bootLoop,1783108457370,2026-07-03,Fri
alburldador,65,Phase 2: CPU,bootLoop,1783108457372,2026-07-03,Fri
valase,49,vote +11🔥,vodVote,1783108497391,2026-07-03,Fri
ikaliayev,60,vote +22🔥,vodVote,1783108564665,2026-07-03,Fri
avin_novor,59,vote +21🔥,vodVote,1783108732530,2026-07-03,Fri
silent_luc,43,vote +5🔥,vodVote,1783108742844,2026-07-03,Fri
dahhel,53,vote +15🔥,vodVote,1783108800831,2026-07-03,Fri
silent_luc,1000,Voucher: dailyDose,voucher,1783108847745,2026-07-03,Fri
louis_of_apshai,38,vote ,vodVote,1783108871156,2026-07-03,Fri
pika_gamy,42,vote +4🔥,vodVote,1783108886295,2026-07-03,Fri
louis_of_apshai,132,Gauntlet vote: DEATH STRANDING DIRECTOR'S CUT [v:4],gauntlet,1783108888924,2026-07-03,Fri
louis_of_apshai,63,AI Art word: landowner,art,1783108898418,2026-07-03,Fri
alfims,43,vote +5🔥,vodVote,1783109109593,2026-07-03,Fri
alfims,33,Gauntlet vote: UFO: Afterlight - Old Version [v:1],gauntlet,1783109114620,2026-07-03,Fri
zoskycube,57,🏆 Unlocked: Play of the Game (42.9% rarity),steamChevos,1783109160608,2026-07-03,Fri
ura3535,38,vote ,vodVote,1783109170128,2026-07-03,Fri
alfims,157,AI Art word: inferno,art,1783109172054,2026-07-03,Fri
ura3535,33,Gauntlet vote: Crossout [v:1],gauntlet,1783109174543,2026-07-03,Fri
ura3535,94,AI Art word: invite,art,1783109186387,2026-07-03,Fri
alburldador,45,vote +7🔥,vodVote,1783109280109,2026-07-03,Fri
darkranx,250,reacted cubegg to announcement 1522616743682506894,discoReact,1783109354246,2026-07-03,Fri
valase,132,Gauntlet vote: Planet Explorers [v:4],gauntlet,1783109392448,2026-07-03,Fri
alburldador,44,overtimeOverdose (1),vodVote,1783109537176,2026-07-03,Fri
dahhel,41,overtimeOverdose (2),vodVote,1783109538141,2026-07-03,Fri
avin_novor,38,overtimeOverdose (3),vodVote,1783109539887,2026-07-03,Fri
lovegamesandthings00000,38,vote ,vodVote,1783109566958,2026-07-03,Fri
silent_luc,35,overtimeOverdose (4),vodVote,1783109572036,2026-07-03,Fri
lovegamesandthings00000,33,Gauntlet vote: CHUCHEL [v:1],gauntlet,1783109586611,2026-07-03,Fri
pika_gamy,32,overtimeOverdose (5),vodVote,1783109647647,2026-07-03,Fri
ura3535,29,overtimeOverdose (6),vodVote,1783109755937,2026-07-03,Fri
zoskycube,1,Ending round with !v###,vodVote,1783109762790,2026-07-03,Fri
ura3535,33,Gauntlet vote: Jaded [v:1],gauntlet,1783109772417,2026-07-03,Fri
alburldador,45,Phase 1: CPU,bootLoop,1783109839764,2026-07-03,Fri
avin_novor,45,Phase 1: CPU,bootLoop,1783109839772,2026-07-03,Fri
lovegamesandthings00000,45,Phase 1: CPU,bootLoop,1783109839782,2026-07-03,Fri
dahhel,45,Phase 1: CPU,bootLoop,1783109839788,2026-07-03,Fri
ikaliayev,45,Phase 1: CPU,bootLoop,1783109839796,2026-07-03,Fri
ura3535,45,Phase 1: CPU,bootLoop,1783109839798,2026-07-03,Fri
valase,45,Phase 1: CPU,bootLoop,1783109839801,2026-07-03,Fri
silent_luc,45,Phase 1: CPU,bootLoop,1783109839805,2026-07-03,Fri
pika_gamy,45,Phase 1: CPU,bootLoop,1783109839845,2026-07-03,Fri
valase,50,vote +12🔥,vodVote,1783109962017,2026-07-03,Fri
thanossoul,43,vote +5🔥,vodVote,1783109970757,2026-07-03,Fri
pika_gamy,43,vote +5🔥,vodVote,1783110007260,2026-07-03,Fri
thanossoul,33,Gauntlet vote: Portal: Revolution [v:1],gauntlet,1783110022461,2026-07-03,Fri
silent_luc,44,vote +6🔥,vodVote,1783110031627,2026-07-03,Fri
ikaliayev,61,vote +23🔥,vodVote,1783110086676,2026-07-03,Fri
dahhel,54,vote +16🔥,vodVote,1783110106243,2026-07-03,Fri
avin_novor,60,vote +22🔥,vodVote,1783110158039,2026-07-03,Fri
ikaliayev,65,Phase 2: RAM,bootLoop,1783110323735,2026-07-03,Fri
thanossoul,65,Phase 2: RAM,bootLoop,1783110323747,2026-07-03,Fri
ura3535,65,Phase 2: RAM,bootLoop,1783110323753,2026-07-03,Fri
dahhel,65,Phase 2: RAM,bootLoop,1783110323762,2026-07-03,Fri
valase,65,Phase 2: RAM,bootLoop,1783110323769,2026-07-03,Fri
pika_gamy,65,Phase 2: RAM,bootLoop,1783110323772,2026-07-03,Fri
silent_luc,65,Phase 2: RAM,bootLoop,1783110323780,2026-07-03,Fri
ura3535,33,Gauntlet vote: BARRIER X [v:1],gauntlet,1783110472067,2026-07-03,Fri
alburldador,44,overtimeOverdose (1),vodVote,1783110515185,2026-07-03,Fri
ikaliayev,41,overtimeOverdose (2),vodVote,1783110523010,2026-07-03,Fri
alburldador,46,vote +8🔥,vodVote,1783110527758,2026-07-03,Fri
alfims,38,overtimeOverdose (3),vodVote,1783110530883,2026-07-03,Fri
alfims,44,vote +6🔥,vodVote,1783110532874,2026-07-03,Fri
alfims,220,AI Art word: kidney,art,1783110543409,2026-07-03,Fri
valase,35,overtimeOverdose (4),vodVote,1783110583710,2026-07-03,Fri
silent_luc,32,overtimeOverdose (5),vodVote,1783110596785,2026-07-03,Fri
dahhel,29,overtimeOverdose (6),vodVote,1783110645196,2026-07-03,Fri
pika_gamy,26,overtimeOverdose (7),vodVote,1783110651645,2026-07-03,Fri
avin_novor,23,overtimeOverdose (8),vodVote,1783110658407,2026-07-03,Fri
zoskycube,1,Ending round with !v###,vodVote,1783110724876,2026-07-03,Fri
louis_of_apshai,132,Gauntlet vote: Turbo Overkill [v:4],gauntlet,1783110791923,2026-07-03,Fri
louis_of_apshai,100,AI Art word: ultramarine,art,1783110817546,2026-07-03,Fri
dahhel,55,vote +17🔥,vodVote,1783110944108,2026-07-03,Fri
dahhel,1000,Voucher: dailyDose,voucher,1783110956235,2026-07-03,Fri
ikaliayev,62,vote +24🔥,vodVote,1783111000063,2026-07-03,Fri
valase,51,vote +13🔥,vodVote,1783111049677,2026-07-03,Fri
silent_luc,45,vote +7🔥,vodVote,1783111334369,2026-07-03,Fri
valase,45,Phase 1: GPU,bootLoop,1783111499350,2026-07-03,Fri
ikaliayev,45,Phase 1: GPU,bootLoop,1783111499372,2026-07-03,Fri
silent_luc,45,Phase 1: GPU,bootLoop,1783111499375,2026-07-03,Fri
avin_novor,45,Phase 1: GPU,bootLoop,1783111499378,2026-07-03,Fri
dahhel,45,Phase 1: GPU,bootLoop,1783111499417,2026-07-03,Fri
alburldador,47,vote +9🔥,vodVote,1783111519997,2026-07-03,Fri
thanossoul,44,vote +6🔥,vodVote,1783111599427,2026-07-03,Fri
thanossoul,33,Gauntlet vote: Batman - The Telltale Series [v:1],gauntlet,1783111608397,2026-07-03,Fri
avin_novor,61,vote +23🔥,vodVote,1783111659791,2026-07-03,Fri
alburldador,44,overtimeOverdose (1),vodVote,1783111718332,2026-07-03,Fri
dahhel,41,overtimeOverdose (2),vodVote,1783111749191,2026-07-03,Fri
alexwifi42,38,overtimeOverdose (3),vodVote,1783111792601,2026-07-03,Fri
valase,35,overtimeOverdose (4),vodVote,1783111808635,2026-07-03,Fri
thanossoul,32,overtimeOverdose (5),vodVote,1783111858033,2026-07-03,Fri
ikaliayev,29,overtimeOverdose (6),vodVote,1783111964371,2026-07-03,Fri
silent_luc,26,overtimeOverdose (7),vodVote,1783111993314,2026-07-03,Fri
avin_novor,23,overtimeOverdose (8),vodVote,1783112009214,2026-07-03,Fri
zoskycube,1,Ending round with !v###,vodVote,1783112010871,2026-07-03,Fri
valase,65,Phase 2: CPU,bootLoop,1783112012225,2026-07-03,Fri
dahhel,65,Phase 2: CPU,bootLoop,1783112012232,2026-07-03,Fri
thanossoul,65,Phase 2: CPU,bootLoop,1783112012238,2026-07-03,Fri
alburldador,65,Phase 2: CPU,bootLoop,1783112012241,2026-07-03,Fri
ikaliayev,65,Phase 2: CPU,bootLoop,1783112012265,2026-07-03,Fri
dahhel,56,vote +18🔥,vodVote,1783112123040,2026-07-03,Fri
thanossoul,45,vote +7🔥,vodVote,1783112162662,2026-07-03,Fri
thanossoul,33,Gauntlet vote: Pathologic 2 [v:1],gauntlet,1783112187569,2026-07-03,Fri
ikaliayev,63,vote +25🔥,vodVote,1783112242394,2026-07-03,Fri
puphik,38,vote ,vodVote,1783112317832,2026-07-03,Fri
puphik,33,Gauntlet vote: Psychonauts [v:1],gauntlet,1783112322982,2026-07-03,Fri
puphik,63,AI Art word: cole,art,1783112343072,2026-07-03,Fri
alburldador,48,vote +10🔥,vodVote,1783112587926,2026-07-03,Fri
alburldador,132,Gauntlet vote: Dungeons of Hinterberg [v:4],gauntlet,1783112612155,2026-07-03,Fri
pika_gamy,38,vote ,vodVote,1783112680872,2026-07-03,Fri
llucholba,29,AI Art word: opportunities,art,1783112787118,2026-07-03,Fri
llucholba,38,vote ,vodVote,1783112800980,2026-07-03,Fri
llucholba,132,Gauntlet vote: LEGO The Incredibles [v:4],gauntlet,1783112806840,2026-07-03,Fri
ura3535,33,Gauntlet vote: Sherlock Holmes: The Devil's Daughter [v:1],gauntlet,1783112865822,2026-07-03,Fri
ura3535,38,vote ,vodVote,1783112870750,2026-07-03,Fri
ura3535,1000,Voucher: dailyDose,voucher,1783112886436,2026-07-03,Fri
ura3535,4340,Voucher: zB → zCubes,voucher,1783112894632,2026-07-03,Fri
pika_gamy,132,Gauntlet vote: Tomb Raider [v:4],gauntlet,1783112911743,2026-07-03,Fri
valase,52,vote +14🔥,vodVote,1783112918501,2026-07-03,Fri
avin_novor,62,vote +24🔥,vodVote,1783112988514,2026-07-03,Fri
silent_luc,46,vote +8🔥,vodVote,1783113165311,2026-07-03,Fri
alburldador,44,overtimeOverdose (1),vodVote,1783113193378,2026-07-03,Fri
dahhel,41,overtimeOverdose (2),vodVote,1783113199397,2026-07-03,Fri
valase,41,overtimeOverdose (2),vodVote,1783113199535,2026-07-03,Fri
avin_novor,35,overtimeOverdose (4),vodVote,1783113279457,2026-07-03,Fri
valase,45,Phase 1: CPU,bootLoop,1783113293835,2026-07-03,Fri
avin_novor,45,Phase 1: CPU,bootLoop,1783113293856,2026-07-03,Fri
alburldador,45,Phase 1: CPU,bootLoop,1783113293873,2026-07-03,Fri
llucholba,45,Phase 1: CPU,bootLoop,1783113293881,2026-07-03,Fri
dahhel,45,Phase 1: CPU,bootLoop,1783113293890,2026-07-03,Fri
silent_luc,45,Phase 1: CPU,bootLoop,1783113293894,2026-07-03,Fri
ikaliayev,45,Phase 1: CPU,bootLoop,1783113293914,2026-07-03,Fri
pika_gamy,45,Phase 1: CPU,bootLoop,1783113293934,2026-07-03,Fri
ikaliayev,32,overtimeOverdose (5),vodVote,1783113324290,2026-07-03,Fri
zoskycube,1,Ending round with !v###,vodVote,1783113425062,2026-07-03,Fri
alfims,47740,Voucher: SUB/VIP Only zB → zCubes [+10% MORE],voucher,1783113450477,2026-07-03,Fri
alfims,38,vote ,vodVote,1783113526629,2026-07-03,Fri
dahhel,57,vote +19🔥,vodVote,1783113633199,2026-07-03,Fri
valase,53,vote +15🔥,vodVote,1783113650123,2026-07-03,Fri
ikaliayev,65,Phase 2: GPU,bootLoop,1783113779814,2026-07-03,Fri
dahhel,65,Phase 2: GPU,bootLoop,1783113779820,2026-07-03,Fri
alfims,65,Phase 2: GPU,bootLoop,1783113779822,2026-07-03,Fri
valase,65,Phase 2: GPU,bootLoop,1783113779828,2026-07-03,Fri
silent_luc,65,Phase 2: GPU,bootLoop,1783113779913,2026-07-03,Fri
silent_luc,47,vote +9🔥,vodVote,1783113804859,2026-07-03,Fri
valase,66,Gauntlet vote: Planet Explorers [v:2],gauntlet,1783113866255,2026-07-03,Fri
thanossoul,33,Gauntlet vote: Vampire Survivors [v:1],gauntlet,1783114037425,2026-07-03,Fri
thanossoul,46,vote +8🔥,vodVote,1783114051658,2026-07-03,Fri
ikaliayev,64,vote +26🔥,vodVote,1783114408983,2026-07-03,Fri
whitepai,38,vote ,vodVote,1783114467330,2026-07-03,Fri
whitepai,33,Gauntlet vote: Jazzpunk: Director's Cut [v:1],gauntlet,1783114470469,2026-07-03,Fri
madagascaradam,38,vote ,vodVote,1783114602728,2026-07-03,Fri
madagascaradam,44,overtimeOverdose (1),vodVote,1783114604263,2026-07-03,Fri
alburldador,41,overtimeOverdose (2),vodVote,1783114612022,2026-07-03,Fri
ikaliayev,38,overtimeOverdose (3),vodVote,1783114617036,2026-07-03,Fri
madagascaradam,132,Gauntlet vote: Green Hell [v:4],gauntlet,1783114617679,2026-07-03,Fri
pika_gamy,35,overtimeOverdose (4),vodVote,1783114658351,2026-07-03,Fri
silent_luc,32,overtimeOverdose (5),vodVote,1783114693017,2026-07-03,Fri
silent_luc,132,Gauntlet vote: DOOM [v:4],gauntlet,1783114799387,2026-07-03,Fri
valase,29,overtimeOverdose (6),vodVote,1783114903518,2026-07-03,Fri
zoskycube,1,Ending round with !v###,vodVote,1783114913989,2026-07-03,Fri
madagascaradam,45,Phase 1: GPU,bootLoop,1783115005463,2026-07-03,Fri
ikaliayev,45,Phase 1: GPU,bootLoop,1783115005469,2026-07-03,Fri
whitepai,45,Phase 1: GPU,bootLoop,1783115005474,2026-07-03,Fri
silent_luc,45,Phase 1: GPU,bootLoop,1783115005487,2026-07-03,Fri
valase,45,Phase 1: GPU,bootLoop,1783115005499,2026-07-03,Fri
ikaliayev,65,vote +27🔥,vodVote,1783115026783,2026-07-03,Fri
thanossoul,47,vote +9🔥,vodVote,1783115073844,2026-07-03,Fri
avin_novor,38,vote ,vodVote,1783115080098,2026-07-03,Fri
thanossoul,33,Gauntlet vote: Dead End Job [v:1],gauntlet,1783115088089,2026-07-03,Fri
pika_gamy,38,vote ,vodVote,1783115096108,2026-07-03,Fri
valase,54,vote +16🔥,vodVote,1783115118476,2026-07-03,Fri
avin_novor,168,AI Art word: hawker,art,1783115221009,2026-07-03,Fri
alburldador,38,vote ,vodVote,1783115392147,2026-07-03,Fri
alburldador,132,Gauntlet vote: Advent Rising [v:4],gauntlet,1783115406204,2026-07-03,Fri
yurigiu,38,vote ,vodVote,1783115521651,2026-07-03,Fri
yurigiu,33,Gauntlet vote: Aquarist [v:1],gauntlet,1783115530518,2026-07-03,Fri
silent_luc,48,vote +10🔥,vodVote,1783115808913,2026-07-03,Fri
silent_luc,44,overtimeOverdose (1),vodVote,1783115819419,2026-07-03,Fri
valase,41,overtimeOverdose (2),vodVote,1783115974247,2026-07-03,Fri
avin_novor,38,overtimeOverdose (3),vodVote,1783115976784,2026-07-03,Fri
zoskycube,1,Ending round with !v###,vodVote,1783116029201,2026-07-03,Fri
ikaliayev,66,vote +28🔥,vodVote,1783116137221,2026-07-03,Fri
whitepai,38,vote ,vodVote,1783116147253,2026-07-03,Fri
whitepai,33,Gauntlet vote: Rogue Heroes: Ruins of Tasos [v:1],gauntlet,1783116150293,2026-07-03,Fri
silent_luc,45,Phase 1: CPU,bootLoop,1783116270027,2026-07-03,Fri
ikaliayev,45,Phase 1: CPU,bootLoop,1783116270048,2026-07-03,Fri
valase,45,Phase 1: CPU,bootLoop,1783116270065,2026-07-03,Fri
whitepai,45,Phase 1: CPU,bootLoop,1783116270185,2026-07-03,Fri
valase,55,vote +17🔥,vodVote,1783116310866,2026-07-03,Fri
alburldador,39,vote +1🔥,vodVote,1783116420039,2026-07-03,Fri
silent_luc,49,vote +11🔥,vodVote,1783116714288,2026-07-03,Fri
avin_novor,39,vote +1🔥,vodVote,1783116727512,2026-07-03,Fri
ikaliayev,65,Phase 2: RAM,bootLoop,1783116788022,2026-07-03,Fri
avin_novor,65,Phase 2: RAM,bootLoop,1783116788116,2026-07-03,Fri
valase,65,Phase 2: RAM,bootLoop,1783116788118,2026-07-03,Fri
alburldador,65,Phase 2: RAM,bootLoop,1783116788124,2026-07-03,Fri
silent_luc,65,Phase 2: RAM,bootLoop,1783116788126,2026-07-03,Fri
silent_luc,168,AI Art word: joker,art,1783116797778,2026-07-03,Fri
thanossoul,48,vote +10🔥,vodVote,1783116896404,2026-07-03,Fri
shadowladyex,38,vote ,vodVote,1783116924721,2026-07-03,Fri
thanossoul,44,overtimeOverdose (1),vodVote,1783117050027,2026-07-03,Fri
silent_luc,41,overtimeOverdose (2),vodVote,1783117052224,2026-07-03,Fri
shadowladyex,38,overtimeOverdose (3),vodVote,1783117065531,2026-07-03,Fri
ikaliayev,35,overtimeOverdose (4),vodVote,1783117214168,2026-07-03,Fri
zoskycube,1,Ending round with !v###,vodVote,1783117278596,2026-07-03,Fri
dahhel,38,vote ,vodVote,1783117406728,2026-07-03,Fri
avin_novor,40,vote +2🔥,vodVote,1783117554637,2026-07-03,Fri
silent_luc,50,vote +12🔥,vodVote,1783117589437,2026-07-03,Fri
ikaliayev,67,vote +29🔥,vodVote,1783117656334,2026-07-03,Fri
valase,56,vote +18🔥,vodVote,1783117806182,2026-07-03,Fri
shadowladyex,39,vote +1🔥,vodVote,1783117853830,2026-07-03,Fri
shadowladyex,44,overtimeOverdose (1),vodVote,1783117943319,2026-07-03,Fri
dahhel,41,overtimeOverdose (2),vodVote,1783117945020,2026-07-03,Fri
thanossoul,38,overtimeOverdose (3),vodVote,1783117965988,2026-07-03,Fri
shadowladyex,45,Phase 1: RAM,bootLoop,1783117980728,2026-07-03,Fri
dahhel,45,Phase 1: RAM,bootLoop,1783117980730,2026-07-03,Fri
ikaliayev,45,Phase 1: RAM,bootLoop,1783117980734,2026-07-03,Fri
avin_novor,45,Phase 1: RAM,bootLoop,1783117980736,2026-07-03,Fri
valase,45,Phase 1: RAM,bootLoop,1783117980796,2026-07-03,Fri
silent_luc,45,Phase 1: RAM,bootLoop,1783117980813,2026-07-03,Fri
pika_gamy,35,overtimeOverdose (4),vodVote,1783118007305,2026-07-03,Fri
pika_gamy,38,vote ,vodVote,1783118010135,2026-07-03,Fri
thanossoul,24,AI Art word: characteristic,art,1783118012332,2026-07-03,Fri
valase,32,overtimeOverdose (5),vodVote,1783118113237,2026-07-03,Fri
silent_luc,29,overtimeOverdose (6),vodVote,1783118127565,2026-07-03,Fri
snoopys030,1000,Voucher: dailyDose,voucher,1783118140389,2026-07-03,Fri
snoopys030,38,vote ,vodVote,1783118152958,2026-07-03,Fri
snoopys030,26,overtimeOverdose (7),vodVote,1783118158457,2026-07-03,Fri
ikaliayev,23,overtimeOverdose (8),vodVote,1783118169713,2026-07-03,Fri
zoskycube,1,Ending round with !v###,vodVote,1783118201981,2026-07-03,Fri
shadowladyex,40,vote +2🔥,vodVote,1783118316359,2026-07-03,Fri
silent_luc,51,vote +13🔥,vodVote,1783118319404,2026-07-03,Fri
dahhel,39,vote +1🔥,vodVote,1783118361082,2026-07-03,Fri
pika_gamy,39,vote +1🔥,vodVote,1783118450661,2026-07-03,Fri
thanossoul,38,vote ,vodVote,1783118468740,2026-07-03,Fri
snoopys030,39,vote +1🔥,vodVote,1783118650014,2026-07-03,Fri
avin_novor,41,vote +3🔥,vodVote,1783118660140,2026-07-03,Fri
pika_gamy,65,Phase 2: CPU,bootLoop,1783118757722,2026-07-03,Fri
thanossoul,65,Phase 2: CPU,bootLoop,1783118757725,2026-07-03,Fri
valase,65,Phase 2: CPU,bootLoop,1783118757733,2026-07-03,Fri
ikaliayev,65,Phase 2: CPU,bootLoop,1783118757736,2026-07-03,Fri
dahhel,65,Phase 2: CPU,bootLoop,1783118757741,2026-07-03,Fri
shadowladyex,65,Phase 2: CPU,bootLoop,1783118757743,2026-07-03,Fri
silent_luc,65,Phase 2: CPU,bootLoop,1783118757748,2026-07-03,Fri
snoopys030,65,Phase 2: CPU,bootLoop,1783118757752,2026-07-03,Fri
avin_novor,65,Phase 2: CPU,bootLoop,1783118757760,2026-07-03,Fri
whitepai,38,vote ,vodVote,1783118885830,2026-07-03,Fri
ikaliayev,68,vote +30🔥,vodVote,1783118932735,2026-07-03,Fri
valase,57,vote +19🔥,vodVote,1783119098032,2026-07-03,Fri
shadowladyex,44,overtimeOverdose (1),vodVote,1783119226047,2026-07-03,Fri
dahhel,41,overtimeOverdose (2),vodVote,1783119252483,2026-07-03,Fri
silent_luc,38,overtimeOverdose (3),vodVote,1783119257062,2026-07-03,Fri
avin_novor,35,overtimeOverdose (4),vodVote,1783119323099,2026-07-03,Fri
avin_novor,84,AI Art word: strict,art,1783119338684,2026-07-03,Fri
dahhel,90,Phase 3: GPU,bootLoop,1783119390698,2026-07-03,Fri
thanossoul,90,Phase 3: GPU,bootLoop,1783119390703,2026-07-03,Fri
whitepai,90,Phase 3: GPU,bootLoop,1783119390709,2026-07-03,Fri
shadowladyex,90,Phase 3: GPU,bootLoop,1783119390714,2026-07-03,Fri
ikaliayev,90,Phase 3: GPU,bootLoop,1783119390719,2026-07-03,Fri
avin_novor,90,Phase 3: GPU,bootLoop,1783119390722,2026-07-03,Fri
silent_luc,90,Phase 3: GPU,bootLoop,1783119390726,2026-07-03,Fri
pika_gamy,90,Phase 3: GPU,bootLoop,1783119390740,2026-07-03,Fri
valase,90,Phase 3: GPU,bootLoop,1783119390808,2026-07-03,Fri
ikaliayev,32,overtimeOverdose (5),vodVote,1783119419158,2026-07-03,Fri
zoskycube,1,Ending round with !v###,vodVote,1783119425560,2026-07-03,Fri
ikaliayev,69,vote +31🔥,vodVote,1783119537680,2026-07-03,Fri
dahhel,40,vote +2🔥,vodVote,1783119570653,2026-07-03,Fri
shadowladyex,41,vote +3🔥,vodVote,1783119711654,2026-07-03,Fri
pika_gamy,132,Gauntlet vote: Red Faction: Armageddon [v:4],gauntlet,1783119759085,2026-07-03,Fri
avin_novor,42,vote +4🔥,vodVote,1783119846591,2026-07-03,Fri
silent_luc,52,vote +14🔥,vodVote,1783119940729,2026-07-03,Fri
louis_of_apshai,38,vote ,vodVote,1783120001954,2026-07-03,Fri
player0451,38,vote ,vodVote,1783120013160,2026-07-03,Fri
player0451,63,AI Art word: domination,art,1783120019887,2026-07-03,Fri
player0451,33,Gauntlet vote: RAGE [v:1],gauntlet,1783120024385,2026-07-03,Fri
snoopys030,40,vote +2🔥,vodVote,1783120061288,2026-07-03,Fri
whitepai,39,vote +1🔥,vodVote,1783120061796,2026-07-03,Fri
whitepai,33,Gauntlet vote: Half-Life [v:1],gauntlet,1783120063208,2026-07-03,Fri
snoopys030,132,Gauntlet vote: Batman - The Telltale Series [v:4],gauntlet,1783120112627,2026-07-03,Fri
valase,58,vote +20🔥,vodVote,1783120328502,2026-07-03,Fri
dahhel,45,Phase 1: HDD,bootLoop,1783120540174,2026-07-03,Fri
shadowladyex,45,Phase 1: HDD,bootLoop,1783120540178,2026-07-03,Fri
valase,45,Phase 1: HDD,bootLoop,1783120540181,2026-07-03,Fri
avin_novor,45,Phase 1: HDD,bootLoop,1783120540216,2026-07-03,Fri
shadowladyex,44,overtimeOverdose (1),vodVote,1783120625166,2026-07-03,Fri
dahhel,41,overtimeOverdose (2),vodVote,1783120634097,2026-07-03,Fri
silent_luc,38,overtimeOverdose (3),vodVote,1783120638613,2026-07-03,Fri
valase,35,overtimeOverdose (4),vodVote,1783120787482,2026-07-03,Fri
avin_novor,32,overtimeOverdose (5),vodVote,1783120803225,2026-07-03,Fri
snoopys030,29,overtimeOverdose (6),vodVote,1783120820754,2026-07-03,Fri
ikaliayev,26,overtimeOverdose (7),vodVote,1783120887365,2026-07-03,Fri
zoskycube,1,Ending round with !v###,vodVote,1783120924953,2026-07-03,Fri
silent_luc,53,vote +15🔥,vodVote,1783121097357,2026-07-03,Fri
dahhel,41,vote +3🔥,vodVote,1783121120110,2026-07-03,Fri
silent_luc,157,AI Art word: waffle,art,1783121150346,2026-07-03,Fri
shadowladyex,42,vote +4🔥,vodVote,1783121150488,2026-07-03,Fri
shadowladyex,65,Phase 2: GPU,bootLoop,1783121177153,2026-07-03,Fri
avin_novor,65,Phase 2: GPU,bootLoop,1783121177156,2026-07-03,Fri
snoopys030,65,Phase 2: GPU,bootLoop,1783121177159,2026-07-03,Fri
silent_luc,65,Phase 2: GPU,bootLoop,1783121177164,2026-07-03,Fri
dahhel,65,Phase 2: GPU,bootLoop,1783121177170,2026-07-03,Fri
ikaliayev,65,Phase 2: GPU,bootLoop,1783121177177,2026-07-03,Fri
valase,65,Phase 2: GPU,bootLoop,1783121177190,2026-07-03,Fri
avin_novor,43,vote +5🔥,vodVote,1783121183341,2026-07-03,Fri
ikaliayev,70,vote +32🔥,vodVote,1783121224857,2026-07-03,Fri
snoopys030,41,vote +3🔥,vodVote,1783121267371,2026-07-03,Fri
valase,59,vote +21🔥,vodVote,1783121438485,2026-07-03,Fri
dahhel,90,Phase 3: RAM,bootLoop,1783121642248,2026-07-03,Fri
ikaliayev,90,Phase 3: RAM,bootLoop,1783121642251,2026-07-03,Fri
avin_novor,90,Phase 3: RAM,bootLoop,1783121642258,2026-07-03,Fri
snoopys030,90,Phase 3: RAM,bootLoop,1783121642272,2026-07-03,Fri
valase,90,Phase 3: RAM,bootLoop,1783121642275,2026-07-03,Fri
silent_luc,90,Phase 3: RAM,bootLoop,1783121642282,2026-07-03,Fri
shadowladyex,90,Phase 3: RAM,bootLoop,1783121642285,2026-07-03,Fri
dahhel,132,Gauntlet vote: Fallout 4 [v:4],gauntlet,1783121797202,2026-07-03,Fri
alexwifi42,38,vote ,vodVote,1783121807187,2026-07-03,Fri
dahhel,44,overtimeOverdose (1),vodVote,1783121822255,2026-07-03,Fri
valase,41,overtimeOverdose (2),vodVote,1783121826732,2026-07-03,Fri
ikaliayev,38,overtimeOverdose (3),vodVote,1783121841466,2026-07-03,Fri
alexwifi42,33,Gauntlet vote: Dear Esther: Landmark Edition [v:1],gauntlet,1783121855342,2026-07-03,Fri
alexwifi42,35,overtimeOverdose (4),vodVote,1783121858718,2026-07-03,Fri
avin_novor,32,overtimeOverdose (5),vodVote,1783121917633,2026-07-03,Fri
avin_novor,63,AI Art word: kissy,art,1783121943537,2026-07-03,Fri
puphik,29,overtimeOverdose (6),vodVote,1783122069113,2026-07-03,Fri
puphik,38,vote ,vodVote,1783122075673,2026-07-03,Fri
puphik,33,Gauntlet vote: NASCAR Heat 5 [v:1],gauntlet,1783122081822,2026-07-03,Fri
zoskycube,1,Ending round with !v###,vodVote,1783122117971,2026-07-03,Fri
puphik,115,AI Art word: upgrade,art,1783122126182,2026-07-03,Fri
ikaliayev,132,Gauntlet vote: Streets of Rogue [v:4],gauntlet,1783122133305,2026-07-03,Fri
ikaliayev,71,vote +33🔥,vodVote,1783122259495,2026-07-03,Fri
shadowladyex,43,vote +5🔥,vodVote,1783122303472,2026-07-03,Fri
dahhel,132,Gauntlet vote: Planet Explorers [v:4],gauntlet,1783122376770,2026-07-03,Fri
louis_of_apshai,38,vote ,vodVote,1783122390208,2026-07-03,Fri
louis_of_apshai,132,Gauntlet vote: Down the Rabbit Hole Flattened [v:4],gauntlet,1783122416164,2026-07-03,Fri
louis_of_apshai,147,AI Art word: julep,art,1783122435729,2026-07-03,Fri
snoopys030,42,vote +4🔥,vodVote,1783122510036,2026-07-03,Fri
silent_luc,54,vote +16🔥,vodVote,1783122557665,2026-07-03,Fri
dahhel,42,vote +4🔥,vodVote,1783122656386,2026-07-03,Fri
avin_novor,44,vote +6🔥,vodVote,1783122795802,2026-07-03,Fri
ikaliayev,44,overtimeOverdose (1),vodVote,1783122893578,2026-07-03,Fri
alfims,41,overtimeOverdose (2),vodVote,1783122934702,2026-07-03,Fri
alfims,38,vote ,vodVote,1783122937047,2026-07-03,Fri
shadowladyex,38,overtimeOverdose (3),vodVote,1783122979623,2026-07-03,Fri
silent_luc,35,overtimeOverdose (4),vodVote,1783122980730,2026-07-03,Fri
dahhel,32,overtimeOverdose (5),vodVote,1783123010376,2026-07-03,Fri
madagascaradam,29,overtimeOverdose (6),vodVote,1783123028666,2026-07-03,Fri
madagascaradam,38,vote ,vodVote,1783123046498,2026-07-03,Fri
madagascaradam,132,Gauntlet vote: Dorfromantik [v:4],gauntlet,1783123055354,2026-07-03,Fri
zoskycube,1,Ending round with !v###,vodVote,1783123101352,2026-07-03,Fri
louis_of_apshai,45,Phase 1: GPU,bootLoop,1783123144867,2026-07-03,Fri
dahhel,45,Phase 1: GPU,bootLoop,1783123144883,2026-07-03,Fri
avin_novor,45,Phase 1: GPU,bootLoop,1783123144900,2026-07-03,Fri
silent_luc,45,Phase 1: GPU,bootLoop,1783123144905,2026-07-03,Fri
shadowladyex,45,Phase 1: GPU,bootLoop,1783123144908,2026-07-03,Fri
snoopys030,45,Phase 1: GPU,bootLoop,1783123144914,2026-07-03,Fri
ikaliayev,45,Phase 1: GPU,bootLoop,1783123144924,2026-07-03,Fri
valase,45,Phase 1: GPU,bootLoop,1783123144928,2026-07-03,Fri
madagascaradam,45,Phase 1: GPU,bootLoop,1783123144932,2026-07-03,Fri
alfims,45,Phase 1: GPU,bootLoop,1783123145050,2026-07-03,Fri
madagascaradam,38,vote ,vodVote,1783123215461,2026-07-04,Fri
dahhel,43,vote +5🔥,vodVote,1783123255763,2026-07-04,Fri
shadowladyex,44,vote +6🔥,vodVote,1783123290630,2026-07-04,Fri
silent_luc,55,vote +17🔥,vodVote,1783123303708,2026-07-04,Fri
valase,38,vote ,vodVote,1783123338385,2026-07-04,Fri
snoopys030,43,vote +5🔥,vodVote,1783123427483,2026-07-04,Fri
ikaliayev,72,vote +34🔥,vodVote,1783123448224,2026-07-04,Fri
whitepai,38,vote ,vodVote,1783123563036,2026-07-04,Fri
whitepai,33,Gauntlet vote: New Tales from the Borderlands [v:1],gauntlet,1783123564674,2026-07-04,Fri
silent_luc,65,Phase 2: HDD,bootLoop,1783123641754,2026-07-04,Fri
dahhel,65,Phase 2: HDD,bootLoop,1783123641766,2026-07-04,Fri
shadowladyex,65,Phase 2: HDD,bootLoop,1783123641772,2026-07-04,Fri
valase,65,Phase 2: HDD,bootLoop,1783123641777,2026-07-04,Fri
ikaliayev,65,Phase 2: HDD,bootLoop,1783123641782,2026-07-04,Fri
snoopys030,65,Phase 2: HDD,bootLoop,1783123641820,2026-07-04,Fri
alfims,39,vote +1🔥,vodVote,1783123646716,2026-07-04,Fri
alfims,132,Gauntlet vote: Downward: Enhanced Edition [v:4],gauntlet,1783123656113,2026-07-04,Fri
avin_novor,45,vote +7🔥,vodVote,1783123962391,2026-07-04,Fri
player0451,38,vote ,vodVote,1783124149791,2026-07-04,Fri
dahhel,90,Phase 3: RAM,bootLoop,1783124161752,2026-07-04,Fri
shadowladyex,90,Phase 3: RAM,bootLoop,1783124161790,2026-07-04,Fri
ikaliayev,90,Phase 3: RAM,bootLoop,1783124161796,2026-07-04,Fri
silent_luc,90,Phase 3: RAM,bootLoop,1783124161815,2026-07-04,Fri
snoopys030,90,Phase 3: RAM,bootLoop,1783124161823,2026-07-04,Fri
valase,90,Phase 3: RAM,bootLoop,1783124161855,2026-07-04,Fri
avin_novor,90,Phase 3: RAM,bootLoop,1783124161861,2026-07-04,Fri
player0451,70,AI Art word: outspent,art,1783124167957,2026-07-04,Fri
player0451,33,Gauntlet vote: BUMS [v:1],gauntlet,1783124176009,2026-07-04,Fri
shadowladyex,44,overtimeOverdose (1),vodVote,1783124288341,2026-07-04,Fri
ikaliayev,41,overtimeOverdose (2),vodVote,1783124319162,2026-07-04,Fri
silent_luc,38,overtimeOverdose (3),vodVote,1783124323931,2026-07-04,Fri
dahhel,35,overtimeOverdose (4),vodVote,1783124330548,2026-07-04,Fri
avin_novor,32,overtimeOverdose (5),vodVote,1783124344297,2026-07-04,Fri
zoskycube,1,Ending round with !v###,vodVote,1783124519017,2026-07-04,Fri
shadowladyex,45,vote +7🔥,vodVote,1783124649401,2026-07-04,Fri
dahhel,44,vote +6🔥,vodVote,1783124654270,2026-07-04,Fri
shadowladyex,132,Gauntlet vote: Batman - The Telltale Series [v:4],gauntlet,1783124729767,2026-07-04,Fri
ikaliayev,73,vote +35🔥,vodVote,1783124811806,2026-07-04,Fri
alexwifi42,38,vote ,vodVote,1783124905535,2026-07-04,Fri
alexwifi42,33,Gauntlet vote: WRC Generations - The FIA WRC Official Game [v:1],gauntlet,1783124910083,2026-07-04,Fri
alexwifi42,126,AI Art word: service,art,1783124940338,2026-07-04,Fri
silent_luc,56,vote +18🔥,vodVote,1783124943568,2026-07-04,Fri
snoopys030,44,vote +6🔥,vodVote,1783124974050,2026-07-04,Fri
avin_novor,46,vote +8🔥,vodVote,1783124989665,2026-07-04,Fri
pika_gamy,38,vote ,vodVote,1783125014442,2026-07-04,Fri
valase,39,vote +1🔥,vodVote,1783125043639,2026-07-04,Fri
ikaliayev,132,Gauntlet vote: Cuphead [v:4],gauntlet,1783125354202,2026-07-04,Fri
madagascaradam,39,vote +1🔥,vodVote,1783125560569,2026-07-04,Fri
madagascaradam,78,AI Art word: afflict,art,1783125569473,2026-07-04,Fri
pika_gamy,45,Phase 1: GPU,bootLoop,1783125579927,2026-07-04,Fri
valase,45,Phase 1: GPU,bootLoop,1783125579940,2026-07-04,Fri
avin_novor,45,Phase 1: GPU,bootLoop,1783125579953,2026-07-04,Fri
silent_luc,45,Phase 1: GPU,bootLoop,1783125579960,2026-07-04,Fri
shadowladyex,45,Phase 1: GPU,bootLoop,1783125579966,2026-07-04,Fri
alexwifi42,45,Phase 1: GPU,bootLoop,1783125579970,2026-07-04,Fri
ikaliayev,45,Phase 1: GPU,bootLoop,1783125579973,2026-07-04,Fri
snoopys030,45,Phase 1: GPU,bootLoop,1783125579989,2026-07-04,Fri
dahhel,45,Phase 1: GPU,bootLoop,1783125579995,2026-07-04,Fri
dahhel,44,overtimeOverdose (1),vodVote,1783125703135,2026-07-04,Fri
ikaliayev,41,overtimeOverdose (2),vodVote,1783125710905,2026-07-04,Fri
silent_luc,38,overtimeOverdose (3),vodVote,1783125721066,2026-07-04,Fri
pika_gamy,35,overtimeOverdose (4),vodVote,1783125727399,2026-07-04,Fri
ragnar175,32,overtimeOverdose (5),vodVote,1783125758633,2026-07-04,Fri
ragnar175,38,vote ,vodVote,1783125776874,2026-07-04,Fri
ivanpetrov32,38,vote ,vodVote,1783125793266,2026-07-04,Fri
ivanpetrov32,29,overtimeOverdose (6),vodVote,1783125807379,2026-07-04,Fri
madagascaradam,26,overtimeOverdose (7),vodVote,1783125808889,2026-07-04,Fri
ivanpetrov32,73,AI Art word: dollar,art,1783125827082,2026-07-04,Fri
ragnar175,91,AI Art word: download,art,1783125827436,2026-07-04,Fri
ivanpetrov32,132,Gauntlet vote: Tin Can [v:4],gauntlet,1783125868399,2026-07-04,Fri
zoskycube,1,Ending round with !v###,vodVote,1783125872786,2026-07-04,Fri
silent_luc,361,363948+361 winning @ vodVote,vodVote,1783125873062,2026-07-04,Fri
ivanpetrov32,1000,Voucher: dailyDose,voucher,1783125894208,2026-07-04,Fri
ivanpetrov32,39,vote +1🔥,vodVote,1783125996591,2026-07-04,Fri
shadowladyex,46,vote +8🔥,vodVote,1783125999127,2026-07-04,Fri
ikaliayev,74,vote +36🔥,vodVote,1783125999279,2026-07-04,Fri
silent_luc,57,vote +19🔥,vodVote,1783126016029,2026-07-04,Fri
silent_luc,84,AI Art word: reboot,art,1783126133819,2026-07-04,Fri
dahhel,45,vote +7🔥,vodVote,1783126162196,2026-07-04,Fri
shadowladyex,65,Phase 2: HDD,bootLoop,1783126173468,2026-07-04,Fri
dahhel,65,Phase 2: HDD,bootLoop,1783126173487,2026-07-04,Fri
silent_luc,65,Phase 2: HDD,bootLoop,1783126173491,2026-07-04,Fri
ivanpetrov32,65,Phase 2: HDD,bootLoop,1783126173495,2026-07-04,Fri
ikaliayev,65,Phase 2: HDD,bootLoop,1783126173504,2026-07-04,Fri
madagascaradam,65,Phase 2: HDD,bootLoop,1783126173507,2026-07-04,Fri
ragnar175,65,Phase 2: HDD,bootLoop,1783126173525,2026-07-04,Fri
pika_gamy,65,Phase 2: HDD,bootLoop,1783126173528,2026-07-04,Fri
avin_novor,47,vote +9🔥,vodVote,1783126290802,2026-07-04,Fri
pika_gamy,39,vote +1🔥,vodVote,1783126384475,2026-07-04,Fri
thanossoul,38,vote ,vodVote,1783126456077,2026-07-04,Fri
snoopys030,45,vote +7🔥,vodVote,1783126458042,2026-07-04,Fri
valase,40,vote +2🔥,vodVote,1783126542131,2026-07-04,Fri
valase,90,Phase 3: RAM,bootLoop,1783126682401,2026-07-04,Fri
silent_luc,90,Phase 3: RAM,bootLoop,1783126682404,2026-07-04,Fri
ikaliayev,90,Phase 3: RAM,bootLoop,1783126682410,2026-07-04,Fri
pika_gamy,90,Phase 3: RAM,bootLoop,1783126682416,2026-07-04,Fri
dahhel,90,Phase 3: RAM,bootLoop,1783126682420,2026-07-04,Fri
snoopys030,90,Phase 3: RAM,bootLoop,1783126682427,2026-07-04,Fri
shadowladyex,90,Phase 3: RAM,bootLoop,1783126683090,2026-07-04,Fri
shadowladyex,44,overtimeOverdose (1),vodVote,1783126723786,2026-07-04,Fri
silent_luc,41,overtimeOverdose (2),vodVote,1783126734052,2026-07-04,Fri
ikaliayev,38,overtimeOverdose (3),vodVote,1783126751528,2026-07-04,Fri
ragnar175,39,vote +1🔥,vodVote,1783126807331,2026-07-04,Fri
dahhel,35,overtimeOverdose (4),vodVote,1783126818908,2026-07-04,Fri
ragnar175,35,overtimeOverdose (4),vodVote,1783126819103,2026-07-04,Fri
silent_luc,132,Gauntlet vote: DOOM 3: Resurrection of Evil [v:4],gauntlet,1783126880682,2026-07-04,Fri
ragnar175,132,Gauntlet vote: Control Ultimate Edition [v:4],gauntlet,1783126883766,2026-07-04,Fri
zoskycube,1,Ending round with !v###,vodVote,1783127002458,2026-07-04,Fri
shadowladyex,47,vote +9🔥,vodVote,1783127106970,2026-07-04,Fri
ikaliayev,75,vote +37🔥,vodVote,1783127190048,2026-07-04,Fri
avin_novor,48,vote +10🔥,vodVote,1783127193105,2026-07-04,Fri
avin_novor,132,Gauntlet vote: crashlands 2 [v:4],gauntlet,1783127214190,2026-07-04,Fri
dahhel,46,vote +8🔥,vodVote,1783127253077,2026-07-04,Fri
pika_gamy,66,Gauntlet vote: Lilas Sky Ark [v:2],gauntlet,1783127301722,2026-07-04,Fri
pika_gamy,40,vote +2🔥,vodVote,1783127305244,2026-07-04,Fri
pika_gamy,1000,Voucher: dailyDose,voucher,1783127318467,2026-07-04,Fri
valase,44,overtimeOverdose (1),vodVote,1783127682078,2026-07-04,Fri
ikaliayev,41,overtimeOverdose (2),vodVote,1783127694328,2026-07-04,Fri
dahhel,41,overtimeOverdose (2),vodVote,1783127694406,2026-07-04,Fri
valase,41,vote +3🔥,vodVote,1783127704973,2026-07-04,Fri
ragnar175,40,vote +2🔥,vodVote,1783127734509,2026-07-04,Fri
silent_luc,35,overtimeOverdose (4),vodVote,1783127737877,2026-07-04,Fri
ragnar175,32,overtimeOverdose (5),vodVote,1783127746179,2026-07-04,Fri
silent_luc,58,vote +20🔥,vodVote,1783127760156,2026-07-04,Fri
shadowladyex,29,overtimeOverdose (6),vodVote,1783127797127,2026-07-04,Fri
ragnar175,132,Gauntlet vote: The Witcher 3: Wild Hunt [v:4],gauntlet,1783127797288,2026-07-04,Fri
pika_gamy,26,overtimeOverdose (7),vodVote,1783127841665,2026-07-04,Fri
ragnar175,80,AI Art word: united,art,1783127846982,2026-07-04,Fri
avin_novor,23,overtimeOverdose (8),vodVote,1783127940081,2026-07-04,Fri
zoskycube,1,Ending round with !v###,vodVote,1783127974823,2026-07-04,Fri
ikaliayev,45,Phase 1: GPU,bootLoop,1783128073883,2026-07-04,Fri
shadowladyex,45,Phase 1: GPU,bootLoop,1783128073889,2026-07-04,Fri
ragnar175,45,Phase 1: GPU,bootLoop,1783128073901,2026-07-04,Fri
dahhel,45,Phase 1: GPU,bootLoop,1783128073906,2026-07-04,Fri
avin_novor,45,Phase 1: GPU,bootLoop,1783128073908,2026-07-04,Fri
pika_gamy,45,Phase 1: GPU,bootLoop,1783128073944,2026-07-04,Fri
silent_luc,45,Phase 1: GPU,bootLoop,1783128073981,2026-07-04,Fri
valase,45,Phase 1: GPU,bootLoop,1783128074014,2026-07-04,Fri
louis_of_apshai,38,vote ,vodVote,1783128108749,2026-07-04,Fri
louis_of_apshai,132,Gauntlet vote: Them's Fightin' Herds [v:4],gauntlet,1783128116582,2026-07-04,Fri
shadowladyex,48,vote +10🔥,vodVote,1783128138169,2026-07-04,Fri
ikaliayev,76,vote +38🔥,vodVote,1783128141295,2026-07-04,Fri
louis_of_apshai,154,AI Art word: journeyman,art,1783128152639,2026-07-04,Fri
valase,42,vote +4🔥,vodVote,1783128230748,2026-07-04,Fri
dahhel,47,vote +9🔥,vodVote,1783128246076,2026-07-04,Fri
thanossoul,38,vote ,vodVote,1783128252436,2026-07-04,Fri
shadowladyex,132,Gauntlet vote: Wolfenstein II: The New Colossus [v:4],gauntlet,1783128307267,2026-07-04,Fri
snoopys030,38,vote ,vodVote,1783128339266,2026-07-04,Fri
avin_novor,49,vote +11🔥,vodVote,1783128356525,2026-07-04,Fri
snoopys030,132,Gauntlet vote: OlliOlli World [v:4],gauntlet,1783128417087,2026-07-04,Fri
pika_gamy,66,Gauntlet vote: Mortal Kombat X [v:2],gauntlet,1783128438136,2026-07-04,Fri
pika_gamy,41,vote +3🔥,vodVote,1783128447340,2026-07-04,Fri
silent_luc,59,vote +21🔥,vodVote,1783128543509,2026-07-04,Fri
thanossoul,33,Gauntlet vote: LEGO Jurassic World [v:1],gauntlet,1783128565022,2026-07-04,Fri
avin_novor,65,Phase 2: RAM,bootLoop,1783128831931,2026-07-04,Fri
thanossoul,65,Phase 2: RAM,bootLoop,1783128831936,2026-07-04,Fri
silent_luc,65,Phase 2: RAM,bootLoop,1783128831945,2026-07-04,Fri
ikaliayev,65,Phase 2: RAM,bootLoop,1783128831949,2026-07-04,Fri
dahhel,65,Phase 2: RAM,bootLoop,1783128831951,2026-07-04,Fri
shadowladyex,65,Phase 2: RAM,bootLoop,1783128831955,2026-07-04,Fri
pika_gamy,65,Phase 2: RAM,bootLoop,1783128831963,2026-07-04,Fri
valase,65,Phase 2: RAM,bootLoop,1783128831982,2026-07-04,Fri
snoopys030,65,Phase 2: RAM,bootLoop,1783128832006,2026-07-04,Fri
thanossoul,94,AI Art word: fester,art,1783128946114,2026-07-04,Fri
valase,44,overtimeOverdose (1),vodVote,1783129181746,2026-07-04,Fri
shadowladyex,41,overtimeOverdose (2),vodVote,1783129187543,2026-07-04,Fri
dahhel,41,overtimeOverdose (2),vodVote,1783129187608,2026-07-04,Fri
silent_luc,35,overtimeOverdose (4),vodVote,1783129332546,2026-07-04,Fri
silent_luc,90,Phase 3: HDD,bootLoop,1783129365923,2026-07-04,Fri
avin_novor,90,Phase 3: HDD,bootLoop,1783129365928,2026-07-04,Fri
shadowladyex,90,Phase 3: HDD,bootLoop,1783129365939,2026-07-04,Fri
louis_of_apshai,90,Phase 3: HDD,bootLoop,1783129365948,2026-07-04,Fri
ikaliayev,90,Phase 3: HDD,bootLoop,1783129365951,2026-07-04,Fri
snoopys030,90,Phase 3: HDD,bootLoop,1783129365960,2026-07-04,Fri
thanossoul,90,Phase 3: HDD,bootLoop,1783129365966,2026-07-04,Fri
dahhel,90,Phase 3: HDD,bootLoop,1783129365969,2026-07-04,Fri
valase,90,Phase 3: HDD,bootLoop,1783129365994,2026-07-04,Fri
zoskycube,1,Ending round with !v###,vodVote,1783129374453,2026-07-04,Fri
valase,361,725673+361 winning @ vodVote,vodVote,1783129374696,2026-07-04,Fri
madagascaradam,132,Gauntlet vote: Time Lock VR 1 [v:4],gauntlet,1783129454633,2026-07-04,Fri
dahhel,48,vote +10🔥,vodVote,1783129510289,2026-07-04,Fri
avin_novor,50,vote +12🔥,vodVote,1783129522908,2026-07-04,Fri
silent_luc,60,vote +22🔥,vodVote,1783129547804,2026-07-04,Fri
ikaliayev,77,vote +39🔥,vodVote,1783129594858,2026-07-04,Fri
shadowladyex,49,vote +11🔥,vodVote,1783129616508,2026-07-04,Fri
valase,43,vote +5🔥,vodVote,1783129686066,2026-07-04,Fri
madagascaradam,38,vote ,vodVote,1783129760364,2026-07-04,Fri
madagascaradam,126,AI Art word: verily,art,1783129769775,2026-07-04,Fri
snoopys030,39,vote +1🔥,vodVote,1783129773770,2026-07-04,Fri
player0451,38,vote ,vodVote,1783129915038,2026-07-04,Fri
player0451,16,AI Art word: ontology,art,1783129919131,2026-07-04,Fri
ragnar175,38,vote ,vodVote,1783130156018,2026-07-04,Fri
ragnar175,68,AI Art word: transmission,art,1783130179691,2026-07-04,Fri
snoopys030,250,reacted 🎉 to announcement 1522616743682506894,discoReact,1783130203564,2026-07-04,Fri
ragnar175,1000,Voucher: dailyDose,voucher,1783130208792,2026-07-04,Fri
silent_luc,44,overtimeOverdose (1),vodVote,1783130291555,2026-07-04,Fri
shadowladyex,41,overtimeOverdose (2),vodVote,1783130301984,2026-07-04,Fri
ikaliayev,38,overtimeOverdose (3),vodVote,1783130315997,2026-07-04,Fri
alyssrentori,38,vote ,vodVote,1783130332390,2026-07-04,Fri
slay_da_b,38,vote ,vodVote,1783130332716,2026-07-04,Fri
slay_da_b,35,overtimeOverdose (4),vodVote,1783130336904,2026-07-04,Fri
avin_novor,32,overtimeOverdose (5),vodVote,1783130343735,2026-07-04,Fri
alyssrentori,132,Gauntlet vote: Midnight Fight Express [v:4],gauntlet,1783130347744,2026-07-04,Fri
slay_da_b,132,Gauntlet vote: The Outer Worlds: Spacer's Choice Edition [v:4],gauntlet,1783130377128,2026-07-04,Fri
dahhel,29,overtimeOverdose (6),vodVote,1783130409299,2026-07-04,Fri
silent_luc,132,Gauntlet vote: System Shock 2 [v:4],gauntlet,1783130445365,2026-07-04,Fri
zoskycube,1,Ending round with !v###,vodVote,1783130584388,2026-07-04,Fri
avin_novor,361,651890+361 winning @ vodVote,vodVote,1783130584390,2026-07-04,Fri
madagascaradam,39,vote +1🔥,vodVote,1783130692774,2026-07-04,Fri
avin_novor,45,Phase 1: RAM,bootLoop,1783130785804,2026-07-04,Fri
snoopys030,45,Phase 1: RAM,bootLoop,1783130785842,2026-07-04,Fri
shadowladyex,45,Phase 1: RAM,bootLoop,1783130785845,2026-07-04,Fri
ikaliayev,45,Phase 1: RAM,bootLoop,1783130785850,2026-07-04,Fri
dahhel,45,Phase 1: RAM,bootLoop,1783130785853,2026-07-04,Fri
slay_da_b,45,Phase 1: RAM,bootLoop,1783130785857,2026-07-04,Fri
ragnar175,45,Phase 1: RAM,bootLoop,1783130785860,2026-07-04,Fri
madagascaradam,45,Phase 1: RAM,bootLoop,1783130785865,2026-07-04,Fri
silent_luc,45,Phase 1: RAM,bootLoop,1783130785906,2026-07-04,Fri
dahhel,49,vote +11🔥,vodVote,1783130791909,2026-07-04,Fri
ikaliayev,78,vote +40🔥,vodVote,1783130795195,2026-07-04,Fri
shadowladyex,50,vote +12🔥,vodVote,1783130846119,2026-07-04,Fri
silent_luc,61,vote +23🔥,vodVote,1783130863561,2026-07-04,Fri
avin_novor,51,vote +13🔥,vodVote,1783130943855,2026-07-04,Fri
snoopys030,40,vote +2🔥,vodVote,1783130994778,2026-07-04,Fri
valase,44,vote +6🔥,vodVote,1783131056834,2026-07-04,Fri
snoopys030,65,Phase 2: CPU,bootLoop,1783131366483,2026-07-04,Fri
silent_luc,65,Phase 2: CPU,bootLoop,1783131366498,2026-07-04,Fri
dahhel,65,Phase 2: CPU,bootLoop,1783131366500,2026-07-04,Fri
shadowladyex,65,Phase 2: CPU,bootLoop,1783131366547,2026-07-04,Fri
avin_novor,65,Phase 2: CPU,bootLoop,1783131366553,2026-07-04,Fri
valase,65,Phase 2: CPU,bootLoop,1783131366570,2026-07-04,Fri
ikaliayev,65,Phase 2: CPU,bootLoop,1783131366573,2026-07-04,Fri
ura3535,38,vote ,vodVote,1783131680392,2026-07-04,Fri
alfims,38,vote ,vodVote,1783131724898,2026-07-04,Fri
alfims,44,overtimeOverdose (1),vodVote,1783131728461,2026-07-04,Fri
dahhel,41,overtimeOverdose (2),vodVote,1783131754157,2026-07-04,Fri
ikaliayev,38,overtimeOverdose (3),vodVote,1783131783675,2026-07-04,Fri
player0451,39,vote +1🔥,vodVote,1783131785905,2026-07-04,Fri
slay_da_b,35,overtimeOverdose (4),vodVote,1783131852361,2026-07-04,Fri
valase,132,Gauntlet vote: Planet Explorers [v:4],gauntlet,1783131855214,2026-07-04,Fri
valase,32,overtimeOverdose (5),vodVote,1783131861377,2026-07-04,Fri
slay_da_b,39,vote +1🔥,vodVote,1783131869182,2026-07-04,Fri
shadowladyex,29,overtimeOverdose (6),vodVote,1783131905230,2026-07-04,Fri
zoskycube,1,Ending round with !v###,vodVote,1783131943435,2026-07-04,Fri
avin_novor,52,vote +14🔥,vodVote,1783132143864,2026-07-04,Fri
thanossoul,38,vote ,vodVote,1783132284800,2026-07-04,Fri
dahhel,50,vote +12🔥,vodVote,1783132288786,2026-07-04,Fri
alfims,39,vote +1🔥,vodVote,1783132297974,2026-07-04,Fri
shadowladyex,51,vote +13🔥,vodVote,1783132329127,2026-07-04,Fri
ikaliayev,79,vote +41🔥,vodVote,1783132346446,2026-07-04,Fri
slay_da_b,40,vote +2🔥,vodVote,1783132392003,2026-07-04,Fri
thanossoul,33,Gauntlet vote: Conarium [v:1],gauntlet,1783132521967,2026-07-04,Fri
valase,44,overtimeOverdose (1),vodVote,1783132627012,2026-07-04,Fri
shadowladyex,41,overtimeOverdose (2),vodVote,1783132634115,2026-07-04,Fri
thanossoul,38,overtimeOverdose (3),vodVote,1783132637535,2026-07-04,Fri
llucholba,70,AI Art word: nebulous,art,1783132644618,2026-07-04,Fri
llucholba,38,vote ,vodVote,1783132650062,2026-07-04,Fri
shadowladyex,45,Phase 1: RAM,bootLoop,1783132654014,2026-07-04,Fri
ikaliayev,45,Phase 1: RAM,bootLoop,1783132654025,2026-07-04,Fri
dahhel,45,Phase 1: RAM,bootLoop,1783132654029,2026-07-04,Fri
thanossoul,45,Phase 1: RAM,bootLoop,1783132654039,2026-07-04,Fri
slay_da_b,45,Phase 1: RAM,bootLoop,1783132654046,2026-07-04,Fri
avin_novor,45,Phase 1: RAM,bootLoop,1783132654056,2026-07-04,Fri
alfims,45,Phase 1: RAM,bootLoop,1783132654059,2026-07-04,Fri
valase,45,Phase 1: RAM,bootLoop,1783132654069,2026-07-04,Fri
llucholba,35,overtimeOverdose (4),vodVote,1783132654725,2026-07-04,Fri
dahhel,32,overtimeOverdose (5),vodVote,1783132660545,2026-07-04,Fri
snoopys030,41,vote +3🔥,vodVote,1783132665168,2026-07-04,Fri
snoopys030,29,overtimeOverdose (6),vodVote,1783132670087,2026-07-04,Fri
valase,45,vote +7🔥,vodVote,1783132675285,2026-07-04,Fri
avin_novor,26,overtimeOverdose (7),vodVote,1783132740548,2026-07-04,Fri
ikaliayev,23,overtimeOverdose (8),vodVote,1783132747259,2026-07-04,Fri
zoskycube,1,Ending round with !v###,vodVote,1783132783868,2026-07-04,Fri
ikaliayev,80,vote +42🔥,vodVote,1783132986203,2026-07-04,Fri
dahhel,51,vote +13🔥,vodVote,1783132994168,2026-07-04,Fri
snoopys030,42,vote +4🔥,vodVote,1783133086603,2026-07-04,Fri
player0451,57,AI Art word: kissers,art,1783133273569,2026-07-04,Fri
player0451,38,vote ,vodVote,1783133275794,2026-07-04,Fri
player0451,66,Gauntlet vote: Grand Mountain Adventure [v:2],gauntlet,1783133281958,2026-07-04,Fri
ivanpetrov32,38,vote ,vodVote,1783133291364,2026-07-04,Fri
ivanpetrov32,88,AI Art word: keylogger,art,1783133303480,2026-07-04,Fri
ivanpetrov32,132,Gauntlet vote: Doughlings: Arcade [v:4],gauntlet,1783133316241,2026-07-04,Fri
shadowladyex,52,vote +14🔥,vodVote,1783133316266,2026-07-04,Fri
valase,46,vote +8🔥,vodVote,1783133437754,2026-07-04,Fri
ragnar175,38,vote ,vodVote,1783133537397,2026-07-04,Fri
thanossoul,33,Gauntlet vote: Prince of Persia: Warrior Within [v:1],gauntlet,1783133556897,2026-07-04,Fri
ragnar175,63,AI Art word: using,art,1783133579018,2026-07-04,Fri
slay_da_b,44,overtimeOverdose (1),vodVote,1783133613857,2026-07-04,Fri
shadowladyex,41,overtimeOverdose (2),vodVote,1783133635206,2026-07-04,Fri
avin_novor,38,overtimeOverdose (3),vodVote,1783133638800,2026-07-04,Fri
valase,35,overtimeOverdose (4),vodVote,1783133688765,2026-07-04,Fri
dahhel,32,overtimeOverdose (5),vodVote,1783133706216,2026-07-04,Fri
ikaliayev,29,overtimeOverdose (6),vodVote,1783133733656,2026-07-04,Fri
zoskycube,1,Ending round with !v###,vodVote,1783133764510,2026-07-04,Fri
shadowladyex,45,Phase 1: CPU,bootLoop,1783133946532,2026-07-04,Fri
valase,45,Phase 1: CPU,bootLoop,1783133946544,2026-07-04,Fri
ikaliayev,45,Phase 1: CPU,bootLoop,1783133946550,2026-07-04,Fri
dahhel,45,Phase 1: CPU,bootLoop,1783133946555,2026-07-04,Fri
valase,47,vote +9🔥,vodVote,1783133986960,2026-07-04,Fri
thanossoul,38,vote ,vodVote,1783133993650,2026-07-04,Fri
ikaliayev,81,vote +43🔥,vodVote,1783134006186,2026-07-04,Fri
dahhel,52,vote +14🔥,vodVote,1783134038659,2026-07-04,Fri
shadowladyex,53,vote +15🔥,vodVote,1783134071888,2026-07-04,Fri
snoopys030,43,vote +5🔥,vodVote,1783134080002,2026-07-04,Fri
valase,65,Phase 2: HDD,bootLoop,1783134402616,2026-07-04,Fri
snoopys030,65,Phase 2: HDD,bootLoop,1783134402628,2026-07-04,Fri
dahhel,65,Phase 2: HDD,bootLoop,1783134402633,2026-07-04,Fri
thanossoul,65,Phase 2: HDD,bootLoop,1783134402636,2026-07-04,Fri
shadowladyex,65,Phase 2: HDD,bootLoop,1783134402638,2026-07-04,Fri
ikaliayev,65,Phase 2: HDD,bootLoop,1783134402640,2026-07-04,Fri
ikaliayev,126,AI Art word: finish,art,1783134530491,2026-07-04,Fri
avin_novor,132,Gauntlet vote: Inkulinati [v:4],gauntlet,1783134745347,2026-07-04,Fri
shadowladyex,44,overtimeOverdose (1),vodVote,1783134895171,2026-07-04,Fri
snoopys030,41,overtimeOverdose (2),vodVote,1783134898589,2026-07-04,Fri
valase,38,overtimeOverdose (3),vodVote,1783134926982,2026-07-04,Fri
dahhel,35,overtimeOverdose (4),vodVote,1783135043126,2026-07-04,Fri
avin_novor,32,overtimeOverdose (5),vodVote,1783135048979,2026-07-04,Fri
zoskycube,1,Ending round with !v###,vodVote,1783135071911,2026-07-04,Fri
shadowladyex,54,vote +16🔥,vodVote,1783135202553,2026-07-04,Fri
dahhel,53,vote +15🔥,vodVote,1783135206108,2026-07-04,Fri
player0451,123,AI Art word: varnished,art,1783135258636,2026-07-04,Fri
avin_novor,38,vote ,vodVote,1783135262049,2026-07-04,Fri
player0451,99,Gauntlet vote: Scarlet Tower [v:3],gauntlet,1783135270149,2026-07-04,Fri
player0451,38,vote ,vodVote,1783135281882,2026-07-04,Fri
ikaliayev,82,vote +44🔥,vodVote,1783135440227,2026-07-04,Fri
valase,48,vote +10🔥,vodVote,1783135440393,2026-07-04,Fri
slay_da_b,38,vote ,vodVote,1783135547034,2026-07-04,Fri
snoopys030,44,vote +6🔥,vodVote,1783135737196,2026-07-04,Fri
snoopys030,44,overtimeOverdose (1),vodVote,1783135741762,2026-07-04,Fri
ikaliayev,41,overtimeOverdose (2),vodVote,1783135750272,2026-07-04,Fri
dahhel,38,overtimeOverdose (3),vodVote,1783135771522,2026-07-04,Fri
llucholba,38,vote ,vodVote,1783135830858,2026-07-04,Fri
slay_da_b,189,AI Art word: twitchy,art,1783135831883,2026-07-04,Fri
llucholba,77,AI Art word: telegram,art,1783135843886,2026-07-04,Fri
llucholba,35,overtimeOverdose (4),vodVote,1783135851871,2026-07-04,Fri
llucholba,132,Gauntlet vote: Manifold Garden [v:4],gauntlet,1783135859003,2026-07-04,Fri
avin_novor,32,overtimeOverdose (5),vodVote,1783135926557,2026-07-04,Fri
avin_novor,132,Gauntlet vote: Returnal™ [v:4],gauntlet,1783135947054,2026-07-04,Fri
slay_da_b,29,overtimeOverdose (6),vodVote,1783135994036,2026-07-04,Fri
zoskycube,1,Ending round with !v###,vodVote,1783136003356,2026-07-04,Fri
ikaliayev,138,AI Art word: plugged,art,1783136043391,2026-07-04,Fri
slay_da_b,39,vote +1🔥,vodVote,1783136139111,2026-07-04,Fri
shadowladyex,55,vote +17🔥,vodVote,1783136166310,2026-07-04,Fri
slay_da_b,132,Gauntlet vote: Overloop [v:4],gauntlet,1783136168501,2026-07-04,Fri
dahhel,45,Phase 1: GPU,bootLoop,1783136183585,2026-07-04,Fri
shadowladyex,45,Phase 1: GPU,bootLoop,1783136183608,2026-07-04,Fri
slay_da_b,45,Phase 1: GPU,bootLoop,1783136183613,2026-07-04,Fri
ikaliayev,45,Phase 1: GPU,bootLoop,1783136183622,2026-07-04,Fri
snoopys030,45,Phase 1: GPU,bootLoop,1783136183624,2026-07-04,Fri
dahhel,54,vote +16🔥,vodVote,1783136214796,2026-07-04,Fri
snoopys030,45,vote +7🔥,vodVote,1783136218390,2026-07-04,Fri
llucholba,39,vote +1🔥,vodVote,1783136282393,2026-07-04,Fri
ikaliayev,83,vote +45🔥,vodVote,1783136316576,2026-07-04,Fri
shadowladyex,132,Gauntlet vote: Horizon Zero Dawn™ Remastered [v:4],gauntlet,1783136340247,2026-07-04,Fri
xiaoxiao9313,38,vote ,vodVote,1783136556754,2026-07-04,Fri
xiaoxiao9313,33,Gauntlet vote: The Chant [v:1],gauntlet,1783136580734,2026-07-04,Fri
alburldador,38,vote ,vodVote,1783136583636,2026-07-04,Fri
alburldador,132,Gauntlet vote: ELDERBORN [v:4],gauntlet,1783136655930,2026-07-04,Fri
shadowladyex,65,Phase 2: HDD,bootLoop,1783136707708,2026-07-04,Fri
snoopys030,65,Phase 2: HDD,bootLoop,1783136707710,2026-07-04,Fri
alburldador,65,Phase 2: HDD,bootLoop,1783136707714,2026-07-04,Fri
ikaliayev,65,Phase 2: HDD,bootLoop,1783136707716,2026-07-04,Fri
xiaoxiao9313,65,Phase 2: HDD,bootLoop,1783136707719,2026-07-04,Fri
dahhel,65,Phase 2: HDD,bootLoop,1783136707721,2026-07-04,Fri
avin_novor,39,vote +1🔥,vodVote,1783136711963,2026-07-04,Fri
llucholba,132,Gauntlet vote: The Lobster Game [v:4],gauntlet,1783136886233,2026-07-04,Fri
dahhel,44,overtimeOverdose (1),vodVote,1783136986769,2026-07-04,Fri
ikaliayev,41,overtimeOverdose (2),vodVote,1783136989767,2026-07-04,Fri
slay_da_b,38,overtimeOverdose (3),vodVote,1783136994696,2026-07-04,Fri
llucholba,250,reacted cubegg to announcement 1522616743682506894,discoReact,1783137000408,2026-07-04,Fri
alburldador,35,overtimeOverdose (4),vodVote,1783137001835,2026-07-04,Fri
shadowladyex,32,overtimeOverdose (5),vodVote,1783137029514,2026-07-04,Fri
zoskycube,1,Ending round with !v###,vodVote,1783137247562,2026-07-04,Fri
llucholba,40,vote +2🔥,vodVote,1783137365153,2026-07-04,Fri
shadowladyex,56,vote +18🔥,vodVote,1783137376501,2026-07-04,Fri
ikaliayev,84,vote +46🔥,vodVote,1783137379233,2026-07-04,Fri
player0451,151,AI Art word: rampage,art,1783137388900,2026-07-04,Fri
player0451,38,vote ,vodVote,1783137393239,2026-07-04,Fri
player0451,33,Gauntlet vote: Demon Turf: Neon Splash [v:1],gauntlet,1783137397000,2026-07-04,Fri
dahhel,55,vote +17🔥,vodVote,1783137426833,2026-07-04,Fri
snoopys030,46,vote +8🔥,vodVote,1783137573707,2026-07-04,Fri
ikaliayev,142,AI Art word: indecency,art,1783137581964,2026-07-04,Fri
alburldador,39,vote +1🔥,vodVote,1783137698232,2026-07-04,Sat
alburldador,45,Phase 1: RAM,bootLoop,1783137851142,2026-07-04,Sat
shadowladyex,45,Phase 1: RAM,bootLoop,1783137851159,2026-07-04,Sat
dahhel,45,Phase 1: RAM,bootLoop,1783137851166,2026-07-04,Sat
snoopys030,45,Phase 1: RAM,bootLoop,1783137851168,2026-07-04,Sat
avin_novor,40,vote +2🔥,vodVote,1783137945589,2026-07-04,Sat
ikaliayev,44,overtimeOverdose (1),vodVote,1783137962477,2026-07-04,Sat
dahhel,41,overtimeOverdose (2),vodVote,1783137965774,2026-07-04,Sat
shadowladyex,38,overtimeOverdose (3),vodVote,1783137986353,2026-07-04,Sat
alburldador,35,overtimeOverdose (4),vodVote,1783137991802,2026-07-04,Sat
zoskycube,1,Ending round with !v###,vodVote,1783138193116,2026-07-04,Sat
dahhel,65,Phase 2: HDD,bootLoop,1783138340132,2026-07-04,Sat
ikaliayev,65,Phase 2: HDD,bootLoop,1783138340134,2026-07-04,Sat
shadowladyex,65,Phase 2: HDD,bootLoop,1783138340138,2026-07-04,Sat
avin_novor,65,Phase 2: HDD,bootLoop,1783138340140,2026-07-04,Sat
alburldador,65,Phase 2: HDD,bootLoop,1783138340146,2026-07-04,Sat
shadowladyex,57,vote +19🔥,vodVote,1783138364746,2026-07-04,Sat
dahhel,56,vote +18🔥,vodVote,1783138374234,2026-07-04,Sat
snoopys030,47,vote +9🔥,vodVote,1783138375648,2026-07-04,Sat
llucholba,41,vote +3🔥,vodVote,1783138510118,2026-07-04,Sat
llucholba,132,Gauntlet vote: Jurassic World Evolution 2 [v:4],gauntlet,1783138516429,2026-07-04,Sat
ikaliayev,85,vote +47🔥,vodVote,1783138580841,2026-07-04,Sat
xiaoxiao9313,38,vote ,vodVote,1783138603318,2026-07-04,Sat
alburldador,40,vote +2🔥,vodVote,1783138614600,2026-07-04,Sat
xiaoxiao9313,33,Gauntlet vote: Betrayer [v:1],gauntlet,1783138617403,2026-07-04,Sat
alburldador,132,Gauntlet vote: Atomic Picnic [v:4],gauntlet,1783138625343,2026-07-04,Sat
llucholba,84,AI Art word: knot,art,1783138782985,2026-07-04,Sat
player0451,231,AI Art word: knacker,art,1783138846010,2026-07-04,Sat
player0451,39,vote +1🔥,vodVote,1783138852202,2026-07-04,Sat
dahhel,90,Phase 3: GPU,bootLoop,1783138858087,2026-07-04,Sat
ikaliayev,90,Phase 3: GPU,bootLoop,1783138858094,2026-07-04,Sat
shadowladyex,90,Phase 3: GPU,bootLoop,1783138858100,2026-07-04,Sat
alburldador,90,Phase 3: GPU,bootLoop,1783138858105,2026-07-04,Sat
xiaoxiao9313,90,Phase 3: GPU,bootLoop,1783138858181,2026-07-04,Sat
llucholba,90,Phase 3: GPU,bootLoop,1783138858186,2026-07-04,Sat
ikaliayev,132,Gauntlet vote: Operation Tango [v:4],gauntlet,1783138859680,2026-07-04,Sat
shadowladyex,44,overtimeOverdose (1),vodVote,1783139237265,2026-07-04,Sat
ikaliayev,245,AI Art word: jabbers,art,1783139240151,2026-07-04,Sat
ikaliayev,41,overtimeOverdose (2),vodVote,1783139244500,2026-07-04,Sat
ragnar175,38,vote ,vodVote,1783139256243,2026-07-04,Sat
ragnar175,38,overtimeOverdose (3),vodVote,1783139267461,2026-07-04,Sat
ragnar175,126,AI Art word: junta,art,1783139300591,2026-07-04,Sat
alburldador,35,overtimeOverdose (4),vodVote,1783139343029,2026-07-04,Sat
snoopys030,32,overtimeOverdose (5),vodVote,1783139345868,2026-07-04,Sat
slay_da_b,29,overtimeOverdose (6),vodVote,1783139353209,2026-07-04,Sat
slay_da_b,38,vote ,vodVote,1783139356876,2026-07-04,Sat
zoskycube,1,Ending round with !v###,vodVote,1783139389986,2026-07-04,Sat
puphik,33,Gauntlet vote: Call Of The Mighty Warriors [v:1],gauntlet,1783139406758,2026-07-04,Sat
dahhel,57,vote +19🔥,vodVote,1783139498219,2026-07-04,Sat
slay_da_b,39,vote +1🔥,vodVote,1783139498893,2026-07-04,Sat
ikaliayev,86,vote +48🔥,vodVote,1783139507187,2026-07-04,Sat
slay_da_b,132,Gauntlet vote: Back 4 Blood [v:4],gauntlet,1783139515154,2026-07-04,Sat
snoopys030,48,vote +10🔥,vodVote,1783139519274,2026-07-04,Sat
shadowladyex,58,vote +20🔥,vodVote,1783139547508,2026-07-04,Sat
alphonsoe,38,vote ,vodVote,1783139606623,2026-07-04,Sat
puphik,1000,Voucher: dailyDose,voucher,1783139667067,2026-07-04,Sat
madagascaradam,6080,Referral bonus (7 referrals),referral,1783139668200,2026-07-04,Sat
alphonsoe,1000,Voucher: dailyDose,voucher,1783139781728,2026-07-04,Sat
puphik,136,AI Art word: fancy,art,1783140079227,2026-07-04,Sat
ikaliayev,45,Phase 1: RAM,bootLoop,1783140108604,2026-07-04,Sat
puphik,45,Phase 1: RAM,bootLoop,1783140108614,2026-07-04,Sat
snoopys030,45,Phase 1: RAM,bootLoop,1783140108618,2026-07-04,Sat
slay_da_b,45,Phase 1: RAM,bootLoop,1783140108626,2026-07-04,Sat
shadowladyex,45,Phase 1: RAM,bootLoop,1783140108632,2026-07-04,Sat
alphonsoe,45,Phase 1: RAM,bootLoop,1783140108643,2026-07-04,Sat
dahhel,45,Phase 1: RAM,bootLoop,1783140108653,2026-07-04,Sat
alburldador,41,vote +3🔥,vodVote,1783140248121,2026-07-04,Sat
shadowladyex,44,overtimeOverdose (1),vodVote,1783140376017,2026-07-04,Sat
alphonsoe,41,overtimeOverdose (2),vodVote,1783140393619,2026-07-04,Sat
dahhel,38,overtimeOverdose (3),vodVote,1783140418435,2026-07-04,Sat
ikaliayev,35,overtimeOverdose (4),vodVote,1783140480167,2026-07-04,Sat
avin_novor,32,overtimeOverdose (5),vodVote,1783140484737,2026-07-04,Sat
avin_novor,38,vote ,vodVote,1783140491801,2026-07-04,Sat
zoskycube,1,Ending round with !v###,vodVote,1783140548731,2026-07-04,Sat
avin_novor,361,653153+361 winning @ vodVote,vodVote,1783140548914,2026-07-04,Sat
avin_novor,65,Phase 2: CPU,bootLoop,1783140658536,2026-07-04,Sat
shadowladyex,65,Phase 2: CPU,bootLoop,1783140658541,2026-07-04,Sat
ikaliayev,65,Phase 2: CPU,bootLoop,1783140658548,2026-07-04,Sat
dahhel,65,Phase 2: CPU,bootLoop,1783140658553,2026-07-04,Sat
alphonsoe,65,Phase 2: CPU,bootLoop,1783140658585,2026-07-04,Sat
alphonsoe,39,vote +1🔥,vodVote,1783140663719,2026-07-04,Sat
ikaliayev,87,vote +49🔥,vodVote,1783140682854,2026-07-04,Sat
shadowladyex,59,vote +21🔥,vodVote,1783140685289,2026-07-04,Sat
snoopys030,49,vote +11🔥,vodVote,1783140700202,2026-07-04,Sat
shadowladyex,1000,Voucher: dailyDose,voucher,1783140721801,2026-07-04,Sat
alphonsoe,189,AI Art word: outjump,art,1783140939927,2026-07-04,Sat
ikaliayev,161,AI Art word: oddball,art,1783140960298,2026-07-04,Sat
xiaoxiao9313,38,vote ,vodVote,1783141004821,2026-07-04,Sat
xiaoxiao9313,33,Gauntlet vote: Deepest Trench [v:1],gauntlet,1783141017354,2026-07-04,Sat
puphik,44,overtimeOverdose (1),vodVote,1783141331669,2026-07-04,Sat
ikaliayev,41,overtimeOverdose (2),vodVote,1783141334975,2026-07-04,Sat
alfims,38,vote ,vodVote,1783141336517,2026-07-04,Sat
alfims,38,overtimeOverdose (3),vodVote,1783141339474,2026-07-04,Sat
alfims,132,Gauntlet vote: Backbone [v:4],gauntlet,1783141346250,2026-07-04,Sat
player0451,38,vote ,vodVote,1783141364645,2026-07-04,Sat
ikaliayev,132,Gauntlet vote: Slime Rancher [v:4],gauntlet,1783141367603,2026-07-04,Sat
shadowladyex,35,overtimeOverdose (4),vodVote,1783141430450,2026-07-04,Sat
alfims,-105280,Redeemed: Rhythm Witch: Beat Death,redeem,1783141482550,2026-07-04,Sat
alphonsoe,32,overtimeOverdose (5),vodVote,1783141502318,2026-07-04,Sat
snoopys030,29,overtimeOverdose (6),vodVote,1783141603231,2026-07-04,Sat
zoskycube,1,Ending round with !v###,vodVote,1783141643480,2026-07-04,Sat
xiaoxiao9313,33,Gauntlet vote: Legacy of Kain Soul Reaver 1 [v:1],gauntlet,1783141727695,2026-07-04,Sat
alphonsoe,40,vote +2🔥,vodVote,1783141760999,2026-07-04,Sat
alphonsoe,132,Gauntlet vote: The Secret of Monkey Island: Special Edition [v:4],gauntlet,1783141767273,2026-07-04,Sat
snoopys030,45,Phase 1: RAM,bootLoop,1783141788065,2026-07-04,Sat
xiaoxiao9313,45,Phase 1: RAM,bootLoop,1783141788078,2026-07-04,Sat
alphonsoe,45,Phase 1: RAM,bootLoop,1783141788081,2026-07-04,Sat
ikaliayev,45,Phase 1: RAM,bootLoop,1783141788088,2026-07-04,Sat
shadowladyex,45,Phase 1: RAM,bootLoop,1783141788121,2026-07-04,Sat
avin_novor,38,vote ,vodVote,1783141815101,2026-07-04,Sat
ikaliayev,88,vote +50🔥,vodVote,1783141875842,2026-07-04,Sat
snoopys030,50,vote +12🔥,vodVote,1783142014516,2026-07-04,Sat
shadowladyex,60,vote +22🔥,vodVote,1783142081819,2026-07-04,Sat
alfims,39,vote +1🔥,vodVote,1783142166614,2026-07-04,Sat
ikaliayev,65,Phase 2: HDD,bootLoop,1783142280100,2026-07-04,Sat
alfims,65,Phase 2: HDD,bootLoop,1783142280104,2026-07-04,Sat
alphonsoe,65,Phase 2: HDD,bootLoop,1783142280109,2026-07-04,Sat
snoopys030,65,Phase 2: HDD,bootLoop,1783142280139,2026-07-04,Sat
shadowladyex,65,Phase 2: HDD,bootLoop,1783142280145,2026-07-04,Sat
alphonsoe,130,AI Art word: amplified,art,1783142306297,2026-07-04,Sat
ikaliayev,44,overtimeOverdose (1),vodVote,1783142329123,2026-07-04,Sat
shadowladyex,41,overtimeOverdose (2),vodVote,1783142382174,2026-07-04,Sat
alphonsoe,38,overtimeOverdose (3),vodVote,1783142400769,2026-07-04,Sat
xiaoxiao9313,35,overtimeOverdose (4),vodVote,1783142457058,2026-07-04,Sat
xiaoxiao9313,39,vote +1🔥,vodVote,1783142463561,2026-07-04,Sat
xiaoxiao9313,33,Gauntlet vote: Crime O'Clock [v:1],gauntlet,1783142469829,2026-07-04,Sat
snoopys030,32,overtimeOverdose (5),vodVote,1783142502260,2026-07-04,Sat
ikaliayev,235,AI Art word: ducking,art,1783142505492,2026-07-04,Sat
zoskycube,1,Ending round with !v###,vodVote,1783142551738,2026-07-04,Sat
xiaoxiao9313,40,vote +2🔥,vodVote,1783142731267,2026-07-04,Sat
alphonsoe,41,vote +3🔥,vodVote,1783142766193,2026-07-04,Sat
ikaliayev,89,vote +51🔥,vodVote,1783142777378,2026-07-04,Sat
shadowladyex,61,vote +23🔥,vodVote,1783142840595,2026-07-04,Sat
avin_novor,39,vote +1🔥,vodVote,1783142947265,2026-07-04,Sat
snoopys030,51,vote +13🔥,vodVote,1783143162973,2026-07-04,Sat
mori2323,38,vote ,vodVote,1783143329660,2026-07-04,Sat
mori2323,132,Gauntlet vote: Shu [v:4],gauntlet,1783143359664,2026-07-04,Sat
alphonsoe,45,Phase 1: GPU,bootLoop,1783143521771,2026-07-04,Sat
ikaliayev,45,Phase 1: GPU,bootLoop,1783143521794,2026-07-04,Sat
shadowladyex,45,Phase 1: GPU,bootLoop,1783143521796,2026-07-04,Sat
mori2323,45,Phase 1: GPU,bootLoop,1783143521848,2026-07-04,Sat
snoopys030,45,Phase 1: GPU,bootLoop,1783143521871,2026-07-04,Sat
avin_novor,45,Phase 1: GPU,bootLoop,1783143521873,2026-07-04,Sat
alphonsoe,44,overtimeOverdose (1),vodVote,1783143720312,2026-07-04,Sat
shadowladyex,41,overtimeOverdose (2),vodVote,1783143721616,2026-07-04,Sat
ikaliayev,38,overtimeOverdose (3),vodVote,1783143731418,2026-07-04,Sat
mori2323,35,overtimeOverdose (4),vodVote,1783143756093,2026-07-04,Sat
alphonsoe,193,AI Art word: natterjack,art,1783143781913,2026-07-04,Sat
zoskycube,1,Ending round with !v###,vodVote,1783144040117,2026-07-04,Sat
ikaliayev,283,AI Art word: buckeye,art,1783144101114,2026-07-04,Sat
alphonsoe,42,vote +4🔥,vodVote,1783144142113,2026-07-04,Sat
ikaliayev,90,vote +52🔥,vodVote,1783144260274,2026-07-04,Sat
xiaoxiao9313,41,vote +3🔥,vodVote,1783144295022,2026-07-04,Sat
xiaoxiao9313,33,Gauntlet vote: LEGO Harry Potter: Years 5-7 [v:1],gauntlet,1783144303982,2026-07-04,Sat
shadowladyex,62,vote +24🔥,vodVote,1783144347463,2026-07-04,Sat
mori2323,39,vote +1🔥,vodVote,1783144370103,2026-07-04,Sat
avin_novor,40,vote +2🔥,vodVote,1783144500439,2026-07-04,Sat
alfims,38,vote ,vodVote,1783144652901,2026-07-04,Sat
alfims,33,Gauntlet vote: Tiny Tina's Assault on Dragon Keep: A Wonderlands One-shot Adventure [v:1],gauntlet,1783144665712,2026-07-04,Sat
snoopys030,52,vote +14🔥,vodVote,1783144823931,2026-07-04,Sat
snoopys030,44,overtimeOverdose (1),vodVote,1783144898017,2026-07-04,Sat
snoopys030,132,Gauntlet vote: Patrician IV: Steam Special Edition [v:4],gauntlet,1783144910475,2026-07-04,Sat
mori2323,41,overtimeOverdose (2),vodVote,1783144924256,2026-07-04,Sat
ikaliayev,38,overtimeOverdose (3),vodVote,1783144927896,2026-07-04,Sat
alphonsoe,35,overtimeOverdose (4),vodVote,1783144993221,2026-07-04,Sat
shadowladyex,32,overtimeOverdose (5),vodVote,1783144998146,2026-07-04,Sat
alfims,45,Phase 1: GPU,bootLoop,1783145000169,2026-07-04,Sat
alphonsoe,45,Phase 1: GPU,bootLoop,1783145000194,2026-07-04,Sat
ikaliayev,45,Phase 1: GPU,bootLoop,1783145000198,2026-07-04,Sat
snoopys030,45,Phase 1: GPU,bootLoop,1783145000205,2026-07-04,Sat
shadowladyex,45,Phase 1: GPU,bootLoop,1783145000213,2026-07-04,Sat
mori2323,45,Phase 1: GPU,bootLoop,1783145000220,2026-07-04,Sat
zoskycube,1,Ending round with !v###,vodVote,1783145204796,2026-07-04,Sat
mori2323,40,vote +2🔥,vodVote,1783145330589,2026-07-04,Sat
alfims,39,vote +1🔥,vodVote,1783145365809,2026-07-04,Sat
alfims,33,Gauntlet vote: Late Shift [v:1],gauntlet,1783145374643,2026-07-04,Sat
ikaliayev,91,vote +53🔥,vodVote,1783145472897,2026-07-04,Sat
alphonsoe,218,AI Art word: freaky,art,1783145607055,2026-07-04,Sat
xiaoxiao9313,65,Phase 2: RAM,bootLoop,1783145615146,2026-07-04,Sat
ikaliayev,65,Phase 2: RAM,bootLoop,1783145615157,2026-07-04,Sat
alphonsoe,65,Phase 2: RAM,bootLoop,1783145615162,2026-07-04,Sat
alfims,65,Phase 2: RAM,bootLoop,1783145615165,2026-07-04,Sat
mori2323,65,Phase 2: RAM,bootLoop,1783145615172,2026-07-04,Sat
snoopys030,65,Phase 2: RAM,bootLoop,1783145615177,2026-07-04,Sat
shadowladyex,63,vote +25🔥,vodVote,1783145615303,2026-07-04,Sat
alphonsoe,43,vote +5🔥,vodVote,1783145624962,2026-07-04,Sat
snoopys030,53,vote +15🔥,vodVote,1783145708807,2026-07-04,Sat
ikaliayev,220,AI Art word: gunlock,art,1783145828865,2026-07-04,Sat
alphonsoe,44,overtimeOverdose (1),vodVote,1783145945486,2026-07-04,Sat
snoopys030,41,overtimeOverdose (2),vodVote,1783145991039,2026-07-04,Sat
mori2323,38,overtimeOverdose (3),vodVote,1783145999308,2026-07-04,Sat
avin_novor,35,overtimeOverdose (4),vodVote,1783146052954,2026-07-04,Sat
ikaliayev,35,overtimeOverdose (4),vodVote,1783146053297,2026-07-04,Sat
avin_novor,41,vote +3🔥,vodVote,1783146060373,2026-07-04,Sat
avin_novor,132,Gauntlet vote: We Love Katamari REROLL  Royal Reverie [v:4],gauntlet,1783146072124,2026-07-04,Sat
avin_novor,94,AI Art word: carrion,art,1783146094225,2026-07-04,Sat
zoskycube,1,Ending round with !v###,vodVote,1783146110345,2026-07-04,Sat
ikaliayev,92,vote +54🔥,vodVote,1783146275684,2026-07-04,Sat
avin_novor,250,reacted ❤️ to announcement 1522616743682506894,discoReact,1783146301739,2026-07-04,Sat
alphonsoe,44,vote +6🔥,vodVote,1783146361344,2026-07-04,Sat
pika_gamy,38,vote ,vodVote,1783146401088,2026-07-04,Sat
xiaoxiao9313,38,vote ,vodVote,1783146610100,2026-07-04,Sat
xiaoxiao9313,33,Gauntlet vote: White Day: A Labyrinth Named School [v:1],gauntlet,1783146627191,2026-07-04,Sat
snoopys030,54,vote +16🔥,vodVote,1783146686068,2026-07-04,Sat
ikaliayev,45,Phase 1: GPU,bootLoop,1783146689692,2026-07-04,Sat
pika_gamy,45,Phase 1: GPU,bootLoop,1783146689708,2026-07-04,Sat
xiaoxiao9313,45,Phase 1: GPU,bootLoop,1783146689714,2026-07-04,Sat
alphonsoe,45,Phase 1: GPU,bootLoop,1783146689725,2026-07-04,Sat
shadowladyex,64,vote +26🔥,vodVote,1783146992383,2026-07-04,Sat
mori2323,41,vote +3🔥,vodVote,1783147015137,2026-07-04,Sat
alphonsoe,215,AI Art word: pickoffs,art,1783147163103,2026-07-04,Sat
avin_novor,42,vote +4🔥,vodVote,1783147170559,2026-07-04,Sat
ikaliayev,65,Phase 2: RAM,bootLoop,1783147262697,2026-07-04,Sat
alphonsoe,65,Phase 2: RAM,bootLoop,1783147262700,2026-07-04,Sat
avin_novor,65,Phase 2: RAM,bootLoop,1783147262729,2026-07-04,Sat
shadowladyex,65,Phase 2: RAM,bootLoop,1783147262738,2026-07-04,Sat
ikaliayev,44,overtimeOverdose (1),vodVote,1783147268664,2026-07-04,Sat
alfims,40,vote +2🔥,vodVote,1783147290457,2026-07-04,Sat
alfims,41,overtimeOverdose (2),vodVote,1783147293209,2026-07-04,Sat
alfims,33,Gauntlet vote: Beneath Oresa [v:1],gauntlet,1783147298317,2026-07-04,Sat
alphonsoe,38,overtimeOverdose (3),vodVote,1783147377301,2026-07-04,Sat
alphonsoe,132,Gauntlet vote: LEGO Batman: The Videogame [v:4],gauntlet,1783147404430,2026-07-04,Sat
zoskycube,1,Ending round with !v###,vodVote,1783147434343,2026-07-04,Sat
darkranx,132,Gauntlet vote: Moros Protocol [v:4],gauntlet,1783147470788,2026-07-04,Sat
shadowladyex,65,vote +27🔥,vodVote,1783147568995,2026-07-04,Sat
avin_novor,43,vote +5🔥,vodVote,1783147595839,2026-07-04,Sat
avin_novor,138,AI Art word: melodic,art,1783147604382,2026-07-04,Sat
ikaliayev,235,AI Art word: maypop,art,1783147619393,2026-07-04,Sat
ikaliayev,93,vote +55🔥,vodVote,1783147644093,2026-07-04,Sat
darkranx,73,AI Art word: mend,art,1783147666993,2026-07-04,Sat
darkranx,38,vote ,vodVote,1783147674673,2026-07-04,Sat
player0451,38,vote ,vodVote,1783147686866,2026-07-04,Sat
mori2323,42,vote +4🔥,vodVote,1783147774460,2026-07-04,Sat
mori2323,105,AI Art word: abandon,art,1783147817828,2026-07-04,Sat
mori2323,1000,Voucher: dailyDose,voucher,1783147826794,2026-07-04,Sat
alfims,41,vote +3🔥,vodVote,1783147878168,2026-07-04,Sat
ikaliayev,90,Phase 3: CPU,bootLoop,1783147883605,2026-07-04,Sat
avin_novor,90,Phase 3: CPU,bootLoop,1783147883616,2026-07-04,Sat
shadowladyex,90,Phase 3: CPU,bootLoop,1783147883622,2026-07-04,Sat
alphonsoe,90,Phase 3: CPU,bootLoop,1783147883626,2026-07-04,Sat
mori2323,90,Phase 3: CPU,bootLoop,1783147883629,2026-07-04,Sat
darkranx,90,Phase 3: CPU,bootLoop,1783147883635,2026-07-04,Sat
alfims,90,Phase 3: CPU,bootLoop,1783147883652,2026-07-04,Sat
snoopys030,90,Phase 3: CPU,bootLoop,1783147883672,2026-07-04,Sat
alfims,33,Gauntlet vote: RONIN: Two Souls CHAPTER 1 [v:1],gauntlet,1783147886316,2026-07-04,Sat
snoopys030,55,vote +17🔥,vodVote,1783147900972,2026-07-04,Sat
mori2323,132,Gauntlet vote: Kawaii Survivors [v:4],gauntlet,1783148363827,2026-07-04,Sat
puphik,44,overtimeOverdose (1),vodVote,1783148399959,2026-07-04,Sat
darkranx,41,overtimeOverdose (2),vodVote,1783148412603,2026-07-04,Sat
avin_novor,38,overtimeOverdose (3),vodVote,1783148414742,2026-07-04,Sat
darkranx,132,Gauntlet vote: Dex [v:4],gauntlet,1783148443554,2026-07-04,Sat
alphonsoe,35,overtimeOverdose (4),vodVote,1783148446665,2026-07-04,Sat
alphonsoe,45,vote +7🔥,vodVote,1783148455242,2026-07-04,Sat
mori2323,32,overtimeOverdose (5),vodVote,1783148460054,2026-07-04,Sat
ikaliayev,29,overtimeOverdose (6),vodVote,1783148497433,2026-07-04,Sat
alphonsoe,189,AI Art word: injustice,art,1783148607640,2026-07-04,Sat
zoskycube,1,Ending round with !v###,vodVote,1783148686719,2026-07-04,Sat
alphonsoe,46,vote +8🔥,vodVote,1783148787887,2026-07-04,Sat
alfims,42,vote +4🔥,vodVote,1783148843299,2026-07-04,Sat
alfims,33,Gauntlet vote: LEGO Harry Potter: Years 5-7 [v:1],gauntlet,1783148860220,2026-07-04,Sat
snoopys030,56,vote +18🔥,vodVote,1783148878099,2026-07-04,Sat
ikaliayev,45,Phase 1: RAM,bootLoop,1783148983111,2026-07-04,Sat
alfims,45,Phase 1: RAM,bootLoop,1783148983122,2026-07-04,Sat
alphonsoe,45,Phase 1: RAM,bootLoop,1783148983124,2026-07-04,Sat
snoopys030,45,Phase 1: RAM,bootLoop,1783148983127,2026-07-04,Sat
shadowladyex,66,vote +28🔥,vodVote,1783148983777,2026-07-04,Sat
ikaliayev,94,vote +56🔥,vodVote,1783148990580,2026-07-04,Sat
ikaliayev,298,AI Art word: whacker,art,1783149175481,2026-07-04,Sat
mori2323,43,vote +5🔥,vodVote,1783149215713,2026-07-04,Sat
mori2323,132,Gauntlet vote: Tunche [v:4],gauntlet,1783149257693,2026-07-04,Sat
madagascaradam,38,vote ,vodVote,1783149263253,2026-07-04,Sat
alphonsoe,132,Gauntlet vote: Ni no Kuni II: Revenant Kingdom [v:4],gauntlet,1783149269257,2026-07-04,Sat
madagascaradam,132,"Gauntlet vote: Dr Livingstone, I presume? - Reversed Escape Room [v:4]",gauntlet,1783149278070,2026-07-04,Sat
rafsongames,38,vote ,vodVote,1783149371519,2026-07-04,Sat
rafsongames,33,Gauntlet vote: Aura: Fate of the Ages [v:1],gauntlet,1783149380717,2026-07-04,Sat
mori2323,44,overtimeOverdose (1),vodVote,1783149478872,2026-07-04,Sat
ikaliayev,41,overtimeOverdose (2),vodVote,1783149534134,2026-07-04,Sat
ikaliayev,65,Phase 2: HDD,bootLoop,1783149561013,2026-07-04,Sat
madagascaradam,65,Phase 2: HDD,bootLoop,1783149561023,2026-07-04,Sat
alfims,65,Phase 2: HDD,bootLoop,1783149561029,2026-07-04,Sat
snoopys030,65,Phase 2: HDD,bootLoop,1783149561039,2026-07-04,Sat
mori2323,65,Phase 2: HDD,bootLoop,1783149561041,2026-07-04,Sat
alphonsoe,65,Phase 2: HDD,bootLoop,1783149561046,2026-07-04,Sat
alfims,38,overtimeOverdose (3),vodVote,1783149586234,2026-07-04,Sat
rafsongames,35,overtimeOverdose (4),vodVote,1783149633087,2026-07-04,Sat
mori2323,115,AI Art word: begonia,art,1783149655529,2026-07-04,Sat
zoskycube,1,Ending round with !v###,vodVote,1783149670494,2026-07-04,Sat
shadowladyex,67,vote +29🔥,vodVote,1783149823684,2026-07-04,Sat
alphonsoe,165,AI Art word: killjoy,art,1783149974657,2026-07-04,Sat
snoopys030,57,vote +19🔥,vodVote,1783149998692,2026-07-04,Sat
rafsongames,33,Gauntlet vote: Werewolf Party [v:1],gauntlet,1783150022173,2026-07-04,Sat
rafsongames,39,vote +1🔥,vodVote,1783150023880,2026-07-04,Sat
leonardo90pl,38,vote ,vodVote,1783150081620,2026-07-04,Sat
leonardo90pl,33,Gauntlet vote: One Gun Guy [v:1],gauntlet,1783150095943,2026-07-04,Sat
ikaliayev,95,vote +57🔥,vodVote,1783150156446,2026-07-04,Sat
calypso_ba,38,vote ,vodVote,1783150173120,2026-07-04,Sat
calypso_ba,132,Gauntlet vote: Monkey Island 2: Special Edition [v:4],gauntlet,1783150180448,2026-07-04,Sat
calypso_ba,73,AI Art word: urgent,art,1783150199126,2026-07-04,Sat
alphonsoe,47,vote +9🔥,vodVote,1783150291441,2026-07-04,Sat
shadowladyex,44,overtimeOverdose (1),vodVote,1783150357257,2026-07-04,Sat
calypso_ba,41,overtimeOverdose (2),vodVote,1783150498039,2026-07-04,Sat
darkranx,41,overtimeOverdose (2),vodVote,1783150498362,2026-07-04,Sat
darkranx,132,Gauntlet vote: Katamari Damacy REROLL [v:4],gauntlet,1783150518995,2026-07-04,Sat
ikaliayev,35,overtimeOverdose (4),vodVote,1783150546989,2026-07-04,Sat
darkranx,38,vote ,vodVote,1783150556486,2026-07-04,Sat
robin3one,32,overtimeOverdose (5),vodVote,1783150596536,2026-07-04,Sat
alphonsoe,45,Phase 1: RAM,bootLoop,1783150597628,2026-07-04,Sat
darkranx,45,Phase 1: RAM,bootLoop,1783150597642,2026-07-04,Sat
ikaliayev,45,Phase 1: RAM,bootLoop,1783150597678,2026-07-04,Sat
shadowladyex,45,Phase 1: RAM,bootLoop,1783150597687,2026-07-04,Sat
robin3one,38,vote ,vodVote,1783150601114,2026-07-04,Sat
mori2323,29,overtimeOverdose (6),vodVote,1783150612731,2026-07-04,Sat
zoskycube,1,Ending round with !v###,vodVote,1783150612858,2026-07-04,Sat
robin3one,132,Gauntlet vote: A New Beginning - Final Cut [v:4],gauntlet,1783150612920,2026-07-04,Sat
darkranx,42,AI Art word: last,art,1783150652333,2026-07-04,Sat
robin3one,73,AI Art word: loader,art,1783150666717,2026-07-04,Sat
ikaliayev,235,AI Art word: lowbrow,art,1783150675851,2026-07-04,Sat
slay_da_b,38,vote ,vodVote,1783150719332,2026-07-04,Sat
ikaliayev,96,vote +58🔥,vodVote,1783150722997,2026-07-04,Sat
darkranx,39,vote +1🔥,vodVote,1783150733814,2026-07-04,Sat
alphonsoe,48,vote +10🔥,vodVote,1783150751784,2026-07-04,Sat
robin3one,39,vote +1🔥,vodVote,1783150834135,2026-07-04,Sat
alfims,38,vote ,vodVote,1783150843644,2026-07-04,Sat
alfims,33,Gauntlet vote: Frog Detective 2: The Case of the Invisible Wizard [v:1],gauntlet,1783150883651,2026-07-04,Sat
mori2323,38,vote ,vodVote,1783151026549,2026-07-04,Sat
shadowladyex,68,vote +30🔥,vodVote,1783151054933,2026-07-04,Sat
mori2323,176,AI Art word: firmly,art,1783151098576,2026-07-04,Sat
rafsongames,40,vote +2🔥,vodVote,1783151130056,2026-07-04,Sat
rafsongames,33,Gauntlet vote: Non-Stop Raiders [v:1],gauntlet,1783151132400,2026-07-04,Sat
ikaliayev,65,Phase 2: GPU,bootLoop,1783151229635,2026-07-04,Sat
mori2323,65,Phase 2: GPU,bootLoop,1783151229667,2026-07-04,Sat
alphonsoe,65,Phase 2: GPU,bootLoop,1783151229673,2026-07-04,Sat
shadowladyex,65,Phase 2: GPU,bootLoop,1783151229680,2026-07-04,Sat
darkranx,65,Phase 2: GPU,bootLoop,1783151229685,2026-07-04,Sat
alfims,65,Phase 2: GPU,bootLoop,1783151229695,2026-07-04,Sat
robin3one,65,Phase 2: GPU,bootLoop,1783151229699,2026-07-04,Sat
snoopys030,65,Phase 2: GPU,bootLoop,1783151229722,2026-07-04,Sat
slay_da_b,65,Phase 2: GPU,bootLoop,1783151229781,2026-07-04,Sat
alphonsoe,235,AI Art word: gangway,art,1783151385214,2026-07-04,Sat
alphonsoe,44,overtimeOverdose (1),vodVote,1783151497452,2026-07-04,Sat
shadowladyex,41,overtimeOverdose (2),vodVote,1783151503220,2026-07-04,Sat
robin3one,38,overtimeOverdose (3),vodVote,1783151506713,2026-07-04,Sat
mori2323,35,overtimeOverdose (4),vodVote,1783151512470,2026-07-04,Sat
rafsongames,32,overtimeOverdose (5),vodVote,1783151580196,2026-07-04,Sat
snoopys030,58,vote +20🔥,vodVote,1783151663690,2026-07-04,Sat
snoopys030,29,overtimeOverdose (6),vodVote,1783151666569,2026-07-04,Sat
zoskycube,1,Ending round with !v###,vodVote,1783151760193,2026-07-04,Sat
alphonsoe,49,vote +11🔥,vodVote,1783151933566,2026-07-04,Sat
alfims,39,vote +1🔥,vodVote,1783151984093,2026-07-04,Sat
alfims,33,Gauntlet vote: Brothers - A Tale of Two Sons [v:1],gauntlet,1783151990661,2026-07-04,Sat
xiaoxiao9313,38,vote ,vodVote,1783151998916,2026-07-04,Sat
xiaoxiao9313,33,Gauntlet vote: Hell Pie [v:1],gauntlet,1783152004575,2026-07-04,Sat
robin3one,40,vote +2🔥,vodVote,1783152210524,2026-07-04,Sat
robin3one,132,Gauntlet vote: Onde [v:4],gauntlet,1783152218226,2026-07-04,Sat
ikaliayev,97,vote +59🔥,vodVote,1783152253891,2026-07-04,Sat
pika_gamy,66,Gauntlet vote: Woodle Tree 2: Deluxe+ [v:2],gauntlet,1783152277223,2026-07-04,Sat
pika_gamy,38,vote ,vodVote,1783152282261,2026-07-04,Sat
leonardo90pl,38,vote ,vodVote,1783152336295,2026-07-04,Sat
leonardo90pl,33,Gauntlet vote: Underland [v:1],gauntlet,1783152349488,2026-07-04,Sat
robin3one,149,AI Art word: teacake,art,1783152369056,2026-07-04,Sat
puphik,38,vote ,vodVote,1783152412921,2026-07-04,Sat
puphik,33,Gauntlet vote: A Valley Without Wind [v:1],gauntlet,1783152419046,2026-07-04,Sat
puphik,84,AI Art word: trimer,art,1783152438768,2026-07-04,Sat
shadowladyex,69,vote +31🔥,vodVote,1783152449796,2026-07-04,Sat
slay_da_b,39,vote +1🔥,vodVote,1783152470519,2026-07-04,Sat
snoopys030,59,vote +21🔥,vodVote,1783152518600,2026-07-04,Sat
slay_da_b,115,AI Art word: poorly,art,1783152595260,2026-07-04,Sat
ikaliayev,267,AI Art word: plucky,art,1783152639406,2026-07-04,Sat
pika_gamy,45,Phase 1: CPU,bootLoop,1783152663573,2026-07-04,Sat
puphik,45,Phase 1: CPU,bootLoop,1783152663607,2026-07-04,Sat
slay_da_b,45,Phase 1: CPU,bootLoop,1783152663610,2026-07-04,Sat
robin3one,45,Phase 1: CPU,bootLoop,1783152663628,2026-07-04,Sat
shadowladyex,45,Phase 1: CPU,bootLoop,1783152663639,2026-07-04,Sat
alfims,45,Phase 1: CPU,bootLoop,1783152663643,2026-07-04,Sat
alphonsoe,45,Phase 1: CPU,bootLoop,1783152663646,2026-07-04,Sat
ikaliayev,45,Phase 1: CPU,bootLoop,1783152663648,2026-07-04,Sat
xiaoxiao9313,45,Phase 1: CPU,bootLoop,1783152663662,2026-07-04,Sat
snoopys030,45,Phase 1: CPU,bootLoop,1783152663722,2026-07-04,Sat
alphonsoe,189,AI Art word: piggy,art,1783152715922,2026-07-04,Sat
mori2323,39,vote +1🔥,vodVote,1783152716946,2026-07-04,Sat
rafsongames,41,vote +3🔥,vodVote,1783152771219,2026-07-04,Sat
rafsongames,33,Gauntlet vote: Who Pressed Mute on Uncle Marcus? [v:1],gauntlet,1783152777394,2026-07-04,Sat
mori2323,44,overtimeOverdose (1),vodVote,1783152845573,2026-07-04,Sat
alphonsoe,41,overtimeOverdose (2),vodVote,1783152862088,2026-07-04,Sat
mori2323,204,AI Art word: shocks,art,1783152866567,2026-07-04,Sat
xiaoxiao9313,38,overtimeOverdose (3),vodVote,1783152887252,2026-07-04,Sat
ikaliayev,35,overtimeOverdose (4),vodVote,1783152894386,2026-07-04,Sat
shadowladyex,32,overtimeOverdose (5),vodVote,1783152937224,2026-07-04,Sat
pika_gamy,29,overtimeOverdose (6),vodVote,1783153159805,2026-07-04,Sat
zoskycube,1,Ending round with !v###,vodVote,1783153167207,2026-07-04,Sat
alburldador,1000,Voucher: dailyDose,voucher,1783153211683,2026-07-04,Sat
mori2323,65,Phase 2: HDD,bootLoop,1783153234506,2026-07-04,Sat
alphonsoe,65,Phase 2: HDD,bootLoop,1783153234521,2026-07-04,Sat
shadowladyex,65,Phase 2: HDD,bootLoop,1783153234530,2026-07-04,Sat
pika_gamy,65,Phase 2: HDD,bootLoop,1783153234542,2026-07-04,Sat
ikaliayev,65,Phase 2: HDD,bootLoop,1783153234546,2026-07-04,Sat
xiaoxiao9313,65,Phase 2: HDD,bootLoop,1783153234585,2026-07-04,Sat
robin3one,41,vote +3🔥,vodVote,1783153297878,2026-07-04,Sat
snoopys030,60,vote +22🔥,vodVote,1783153330502,2026-07-04,Sat
ikaliayev,98,vote +60🔥,vodVote,1783153381705,2026-07-04,Sat
xiaoxiao9313,39,vote +1🔥,vodVote,1783153399591,2026-07-04,Sat
xiaoxiao9313,33,Gauntlet vote: Anomaly 2 [v:1],gauntlet,1783153404405,2026-07-04,Sat
robin3one,132,Gauntlet vote: Mycopunk [v:4],gauntlet,1783153434513,2026-07-04,Sat
pika_gamy,39,vote +1🔥,vodVote,1783153435757,2026-07-04,Sat
shadowladyex,70,vote +32🔥,vodVote,1783153578432,2026-07-04,Sat
alphonsoe,50,vote +12🔥,vodVote,1783153834524,2026-07-04,Sat
robin3one,163,AI Art word: railway,art,1783153851700,2026-07-04,Sat
slay_da_b,40,vote +2🔥,vodVote,1783153946904,2026-07-04,Sat
slay_da_b,138,AI Art word: rocket,art,1783153971582,2026-07-04,Sat
alphonsoe,44,overtimeOverdose (1),vodVote,1783154036368,2026-07-04,Sat
xiaoxiao9313,41,overtimeOverdose (2),vodVote,1783154041388,2026-07-04,Sat
rafsongames,38,overtimeOverdose (3),vodVote,1783154067171,2026-07-04,Sat
rafsongames,33,Gauntlet vote: Warrior Kings [v:1],gauntlet,1783154071509,2026-07-04,Sat
mori2323,35,overtimeOverdose (4),vodVote,1783154072063,2026-07-04,Sat
rafsongames,42,vote +4🔥,vodVote,1783154073988,2026-07-04,Sat
ikaliayev,32,overtimeOverdose (5),vodVote,1783154085050,2026-07-04,Sat
mori2323,40,vote +2🔥,vodVote,1783154098193,2026-07-04,Sat
robin3one,29,overtimeOverdose (6),vodVote,1783154101023,2026-07-04,Sat
alphonsoe,235,AI Art word: inject,art,1783154187103,2026-07-04,Sat
zoskycube,1,Ending round with !v###,vodVote,1783154316108,2026-07-04,Sat
robin3one,45,Phase 1: HDD,bootLoop,1783154456632,2026-07-04,Sat
alphonsoe,45,Phase 1: HDD,bootLoop,1783154456641,2026-07-04,Sat
slay_da_b,45,Phase 1: HDD,bootLoop,1783154456646,2026-07-04,Sat
mori2323,45,Phase 1: HDD,bootLoop,1783154456652,2026-07-04,Sat
xiaoxiao9313,45,Phase 1: HDD,bootLoop,1783154456659,2026-07-04,Sat
ikaliayev,45,Phase 1: HDD,bootLoop,1783154456663,2026-07-04,Sat
shadowladyex,45,Phase 1: HDD,bootLoop,1783154456665,2026-07-04,Sat
rafsongames,43,vote +5🔥,vodVote,1783154460525,2026-07-04,Sat
ikaliayev,99,vote +61🔥,vodVote,1783154478053,2026-07-04,Sat
slay_da_b,41,vote +3🔥,vodVote,1783154479907,2026-07-04,Sat
snoopys030,61,vote +23🔥,vodVote,1783154495480,2026-07-04,Sat
mori2323,41,vote +3🔥,vodVote,1783154534218,2026-07-04,Sat
xiaoxiao9313,40,vote +2🔥,vodVote,1783154598045,2026-07-04,Sat
xiaoxiao9313,33,Gauntlet vote: No Love Lost [v:1],gauntlet,1783154607622,2026-07-04,Sat
shadowladyex,71,vote +33🔥,vodVote,1783154709825,2026-07-04,Sat
yurigiu,38,vote ,vodVote,1783155104843,2026-07-04,Sat
yurigiu,147,AI Art word: ballboy,art,1783155114972,2026-07-04,Sat
darkranx,38,vote ,vodVote,1783155115289,2026-07-04,Sat
darkranx,132,Gauntlet vote: The Gunk [v:4],gauntlet,1783155123807,2026-07-04,Sat
yurigiu,132,Gauntlet vote: Alan Wake's American Nightmare [v:4],gauntlet,1783155135684,2026-07-04,Sat
rafsongames,33,Gauntlet vote: SAMUDRA [v:1],gauntlet,1783155386100,2026-07-04,Sat
mori2323,132,Gauntlet vote: Everybody Wham Wham [v:4],gauntlet,1783155463883,2026-07-04,Sat
alphonsoe,44,overtimeOverdose (1),vodVote,1783155527608,2026-07-04,Sat
xiaoxiao9313,41,overtimeOverdose (2),vodVote,1783155564070,2026-07-04,Sat
mori2323,38,overtimeOverdose (3),vodVote,1783155581583,2026-07-04,Sat
mori2323,136,AI Art word: unfunny,art,1783155598957,2026-07-04,Sat
calypso_ba,35,overtimeOverdose (4),vodVote,1783155719147,2026-07-04,Sat
zoskycube,1,Ending round with !v###,vodVote,1783155723142,2026-07-04,Sat
calypso_ba,132,Gauntlet vote: Remnant: From the Ashes [v:4],gauntlet,1783155734105,2026-07-04,Sat
robin3one,132,"Gauntlet vote: Warhammer 40,000: Rogue Trader [v:4]",gauntlet,1783155794907,2026-07-04,Sat
snoopys030,132,Gauntlet vote: Beneath Oresa [v:4],gauntlet,1783155808651,2026-07-04,Sat
robin3one,38,vote ,vodVote,1783155839906,2026-07-04,Sat
leonardo90pl,38,vote ,vodVote,1783155883039,2026-07-04,Sat
cerebralx1,250,reacted cubelove to announcement 1522616743682506894,discoReact,1783155892658,2026-07-04,Sat
leonardo90pl,33,Gauntlet vote: Super Block Crush [v:1],gauntlet,1783155892948,2026-07-04,Sat
rafsongames,44,vote +6🔥,vodVote,1783156077437,2026-07-04,Sat
rafsongames,33,Gauntlet vote: Cobra Kai 2: Dojos Rising [v:1],gauntlet,1783156085652,2026-07-04,Sat
snoopys030,62,vote +24🔥,vodVote,1783156159281,2026-07-04,Sat
ikaliayev,100,vote +62🔥,vodVote,1783156177824,2026-07-04,Sat
shadowladyex,72,vote +34🔥,vodVote,1783156208463,2026-07-04,Sat
mori2323,42,vote +4🔥,vodVote,1783156381159,2026-07-04,Sat
shadowladyex,45,Phase 1: CPU,bootLoop,1783156394637,2026-07-04,Sat
mori2323,45,Phase 1: CPU,bootLoop,1783156394643,2026-07-04,Sat
ikaliayev,45,Phase 1: CPU,bootLoop,1783156394656,2026-07-04,Sat
snoopys030,45,Phase 1: CPU,bootLoop,1783156394664,2026-07-04,Sat
robin3one,33,Gauntlet vote: 17 MPH [v:1],gauntlet,1783156407956,2026-07-04,Sat
robin3one,136,AI Art word: falafel,art,1783156595783,2026-07-04,Sat
xiaoxiao9313,44,overtimeOverdose (1),vodVote,1783156737058,2026-07-04,Sat
robin3one,41,overtimeOverdose (2),vodVote,1783156737769,2026-07-04,Sat
xiaoxiao9313,41,vote +3🔥,vodVote,1783156743194,2026-07-04,Sat
xiaoxiao9313,33,Gauntlet vote: West of Dead [v:1],gauntlet,1783156749334,2026-07-04,Sat
mori2323,38,overtimeOverdose (3),vodVote,1783156780465,2026-07-04,Sat
ikaliayev,35,overtimeOverdose (4),vodVote,1783156930672,2026-07-04,Sat
shadowladyex,32,overtimeOverdose (5),vodVote,1783156934603,2026-07-04,Sat
zoskycube,1,Ending round with !v###,vodVote,1783156954794,2026-07-04,Sat
rafsongames,361,13839+361 winning @ vodVote,vodVote,1783156955016,2026-07-04,Sat
robin3one,39,vote +1🔥,vodVote,1783157060159,2026-07-04,Sat
rafsongames,45,vote +7🔥,vodVote,1783157060232,2026-07-04,Sat
mori2323,43,vote +5🔥,vodVote,1783157075167,2026-07-04,Sat
robin3one,132,Gauntlet vote: Superliminal [v:4],gauntlet,1783157075638,2026-07-04,Sat
mori2323,184,AI Art word: clicked,art,1783157089155,2026-07-04,Sat
snoopys030,63,vote +25🔥,vodVote,1783157124750,2026-07-04,Sat
alphonsoe,38,vote ,vodVote,1783157154441,2026-07-04,Sat
ikaliayev,101,vote +63🔥,vodVote,1783157180566,2026-07-04,Sat
shadowladyex,73,vote +35🔥,vodVote,1783157224827,2026-07-04,Sat
ikaliayev,132,Gauntlet vote: Hades [v:4],gauntlet,1783157298434,2026-07-04,Sat
alburldador,38,vote ,vodVote,1783157319831,2026-07-04,Sat
alburldador,94,AI Art word: goodies,art,1783157365873,2026-07-04,Sat
robin3one,132,Gauntlet vote: You Suck at Parking - Complete Edition [v:4],gauntlet,1783157686545,2026-07-04,Sat
mori2323,45,Phase 1: RAM,bootLoop,1783157795795,2026-07-04,Sat
valase,45,Phase 1: RAM,bootLoop,1783157795821,2026-07-04,Sat
snoopys030,45,Phase 1: RAM,bootLoop,1783157795825,2026-07-04,Sat
shadowladyex,45,Phase 1: RAM,bootLoop,1783157795829,2026-07-04,Sat
robin3one,45,Phase 1: RAM,bootLoop,1783157795835,2026-07-04,Sat
robin3one,44,overtimeOverdose (1),vodVote,1783157835833,2026-07-04,Sat
valase,38,vote ,vodVote,1783157837595,2026-07-04,Sat
valase,41,overtimeOverdose (2),vodVote,1783157843310,2026-07-04,Sat
robin3one,1000,Voucher: dailyDose,voucher,1783157856772,2026-07-04,Sat
darkranx,38,overtimeOverdose (3),vodVote,1783157858778,2026-07-04,Sat
darkranx,136,AI Art word: varsity,art,1783157868402,2026-07-04,Sat
darkranx,38,vote ,vodVote,1783157875582,2026-07-04,Sat
puphik,35,overtimeOverdose (4),vodVote,1783157970015,2026-07-04,Sat
darkranx,132,Gauntlet vote: Beat Cop [v:4],gauntlet,1783158025561,2026-07-04,Sat
mori2323,32,overtimeOverdose (5),vodVote,1783158031582,2026-07-04,Sat
zoskycube,1,Ending round with !v###,vodVote,1783158060450,2026-07-04,Sat
valase,33,Gauntlet vote: Portal Knights [v:1],gauntlet,1783158103845,2026-07-04,Sat
snoopys030,64,vote +26🔥,vodVote,1783158227227,2026-07-04,Sat
robin3one,115,AI Art word: mosaic,art,1783158235425,2026-07-04,Sat
lovegamesandthings00000,1000,Voucher: dailyDose,voucher,1783158251768,2026-07-04,Sat
lovegamesandthings00000,38,vote ,vodVote,1783158306129,2026-07-04,Sat
lovegamesandthings00000,33,Gauntlet vote: The Forgotten City [v:1],gauntlet,1783158312842,2026-07-04,Sat
shadowladyex,74,vote +36🔥,vodVote,1783158371084,2026-07-04,Sat
mori2323,44,vote +6🔥,vodVote,1783158425400,2026-07-04,Sat
mori2323,264,AI Art word: jujutsu,art,1783158445280,2026-07-04,Sat
xiaoxiao9313,38,vote ,vodVote,1783158515617,2026-07-04,Sat
xiaoxiao9313,33,Gauntlet vote: Choo-Choo Charles [v:1],gauntlet,1783158522583,2026-07-04,Sat
valase,39,vote +1🔥,vodVote,1783158593561,2026-07-04,Sat
shadowladyex,44,overtimeOverdose (1),vodVote,1783159008776,2026-07-04,Sat
xiaoxiao9313,41,overtimeOverdose (2),vodVote,1783159042764,2026-07-04,Sat
rafsongames,38,overtimeOverdose (3),vodVote,1783159062686,2026-07-04,Sat
slay_da_b,35,overtimeOverdose (4),vodVote,1783159135286,2026-07-04,Sat
yurigiu,38,vote ,vodVote,1783159240401,2026-07-04,Sat
yurigiu,32,overtimeOverdose (5),vodVote,1783159242774,2026-07-04,Sat
yurigiu,132,Gauntlet vote: Alan Wake's American Nightmare [v:4],gauntlet,1783159248795,2026-07-04,Sat
yurigiu,84,AI Art word: seagull,art,1783159259041,2026-07-04,Sat
zoskycube,1,Ending round with !v###,vodVote,1783159296479,2026-07-04,Sat
shadowladyex,99,Gauntlet vote: Batman - The Telltale Series [v:3],gauntlet,1783159497494,2026-07-04,Sat
shadowladyex,75,vote +37🔥,vodVote,1783159504689,2026-07-04,Sat
xiaoxiao9313,39,vote +1🔥,vodVote,1783159509945,2026-07-04,Sat
xiaoxiao9313,33,Gauntlet vote: Chicken Police [v:1],gauntlet,1783159513867,2026-07-04,Sat
pika_gamy,38,vote ,vodVote,1783159525144,2026-07-04,Sat
mori2323,45,vote +7🔥,vodVote,1783159621323,2026-07-04,Sat
mori2323,66,Gauntlet vote: DOOM Eternal [v:2],gauntlet,1783159647715,2026-07-04,Sat
shadowladyex,45,Phase 1: RAM,bootLoop,1783159716365,2026-07-04,Sat
mori2323,45,Phase 1: RAM,bootLoop,1783159716374,2026-07-04,Sat
pika_gamy,45,Phase 1: RAM,bootLoop,1783159716400,2026-07-04,Sat
xiaoxiao9313,45,Phase 1: RAM,bootLoop,1783159716407,2026-07-04,Sat
mori2323,191,AI Art word: impiety,art,1783159791383,2026-07-04,Sat
slay_da_b,38,vote ,vodVote,1783159909683,2026-07-04,Sat
slay_da_b,73,AI Art word: derrick,art,1783159967596,2026-07-04,Sat
alphonsoe,89,AI Art word: deejay,art,1783159989151,2026-07-04,Sat
alphonsoe,38,vote ,vodVote,1783160000892,2026-07-04,Sat
slay_da_b,132,Gauntlet vote: Control Ultimate Edition [v:4],gauntlet,1783160001711,2026-07-04,Sat
alphonsoe,132,Gauntlet vote: LEGO Batman: The Videogame [v:4],gauntlet,1783160007855,2026-07-04,Sat
alfims,38,vote ,vodVote,1783160132423,2026-07-04,Sat
alfims,132,Gauntlet vote: Wolfenstein: Cyberpilot [v:4],gauntlet,1783160138961,2026-07-04,Sat
silent_luc,38,vote ,vodVote,1783160156402,2026-07-04,Sat
alphonsoe,65,Phase 2: CPU,bootLoop,1783160161303,2026-07-04,Sat
shadowladyex,65,Phase 2: CPU,bootLoop,1783160161313,2026-07-04,Sat
mori2323,65,Phase 2: CPU,bootLoop,1783160161318,2026-07-04,Sat
slay_da_b,65,Phase 2: CPU,bootLoop,1783160161349,2026-07-04,Sat
xiaoxiao9313,65,Phase 2: CPU,bootLoop,1783160161359,2026-07-04,Sat
alfims,65,Phase 2: CPU,bootLoop,1783160161362,2026-07-04,Sat
alphonsoe,44,overtimeOverdose (1),vodVote,1783160369268,2026-07-04,Sat
silent_luc,41,overtimeOverdose (2),vodVote,1783160374987,2026-07-04,Sat
snoopys030,65,vote +27🔥,vodVote,1783160384268,2026-07-04,Sat
snoopys030,38,overtimeOverdose (3),vodVote,1783160388249,2026-07-04,Sat
mori2323,35,overtimeOverdose (4),vodVote,1783160423753,2026-07-04,Sat
xiaoxiao9313,32,overtimeOverdose (5),vodVote,1783160518893,2026-07-04,Sat
slay_da_b,29,overtimeOverdose (6),vodVote,1783160638327,2026-07-04,Sat
zoskycube,1,Ending round with !v###,vodVote,1783160639827,2026-07-04,Sat
silent_luc,39,vote +1🔥,vodVote,1783160910991,2026-07-04,Sat
shadowladyex,76,vote +38🔥,vodVote,1783160973343,2026-07-04,Sat
mori2323,46,vote +8🔥,vodVote,1783161000869,2026-07-04,Sat
snoopys030,66,vote +28🔥,vodVote,1783161017742,2026-07-04,Sat
alexwifi42,38,vote ,vodVote,1783161130486,2026-07-04,Sat
alexwifi42,33,Gauntlet vote: The Surge [v:1],gauntlet,1783161138118,2026-07-04,Sat
silent_luc,132,Gauntlet vote: Quake II [v:4],gauntlet,1783161179663,2026-07-04,Sat
mori2323,205,AI Art word: fishing,art,1783161232498,2026-07-04,Sat
shadowladyex,45,Phase 1: GPU,bootLoop,1783161234858,2026-07-04,Sat
silent_luc,45,Phase 1: GPU,bootLoop,1783161234865,2026-07-04,Sat
alexwifi42,45,Phase 1: GPU,bootLoop,1783161234881,2026-07-04,Sat
pika_gamy,45,Phase 1: GPU,bootLoop,1783161234889,2026-07-04,Sat
snoopys030,45,Phase 1: GPU,bootLoop,1783161234891,2026-07-04,Sat
xiaoxiao9313,40,vote +2🔥,vodVote,1783161247259,2026-07-04,Sat
xiaoxiao9313,33,Gauntlet vote: Persona 5 Royal [v:1],gauntlet,1783161251380,2026-07-04,Sat
silent_luc,94,AI Art word: actress,art,1783161513977,2026-07-04,Sat
snoopys030,44,overtimeOverdose (1),vodVote,1783161652055,2026-07-04,Sat
mori2323,41,overtimeOverdose (2),vodVote,1783161669964,2026-07-04,Sat
xiaoxiao9313,38,overtimeOverdose (3),vodVote,1783161683089,2026-07-04,Sat
shadowladyex,35,overtimeOverdose (4),vodVote,1783161733357,2026-07-04,Sat
zoskycube,1,Ending round with !v###,vodVote,1783161818683,2026-07-04,Sat
shadowladyex,77,vote +39🔥,vodVote,1783161928476,2026-07-04,Sat
mori2323,47,vote +9🔥,vodVote,1783161964340,2026-07-04,Sat
slay_da_b,132,Gauntlet vote: Ghostrunner [v:4],gauntlet,1783161988157,2026-07-04,Sat
slay_da_b,161,AI Art word: polymer,art,1783162011100,2026-07-04,Sat
slay_da_b,38,vote ,vodVote,1783162023243,2026-07-04,Sat
yurigiu,38,vote ,vodVote,1783162030714,2026-07-04,Sat
yurigiu,132,Gauntlet vote: Beat Cop [v:4],gauntlet,1783162035292,2026-07-04,Sat
yurigiu,84,AI Art word: perjure,art,1783162048481,2026-07-04,Sat
silent_luc,40,vote +2🔥,vodVote,1783162139059,2026-07-04,Sat
alfims,38,vote ,vodVote,1783162168915,2026-07-04,Sat
xiaoxiao9313,41,vote +3🔥,vodVote,1783162282354,2026-07-04,Sat
xiaoxiao9313,33,Gauntlet vote: Counterclocking [v:1],gauntlet,1783162285404,2026-07-04,Sat
xiaoxiao9313,126,AI Art word: campus,art,1783162309906,2026-07-04,Sat
snoopys030,67,vote +29🔥,vodVote,1783162466667,2026-07-04,Sat
cerebralx1,38,vote ,vodVote,1783162630071,2026-07-04,Sat
cerebralx1,132,Gauntlet vote: Vampire Survivors [v:4],gauntlet,1783162695375,2026-07-04,Sat
xiaoxiao9313,45,Phase 1: CPU,bootLoop,1783162776287,2026-07-04,Sat
alfims,45,Phase 1: CPU,bootLoop,1783162776299,2026-07-04,Sat
silent_luc,45,Phase 1: CPU,bootLoop,1783162776303,2026-07-04,Sat
cerebralx1,45,Phase 1: CPU,bootLoop,1783162776313,2026-07-04,Sat
snoopys030,45,Phase 1: CPU,bootLoop,1783162776317,2026-07-04,Sat
mori2323,45,Phase 1: CPU,bootLoop,1783162776320,2026-07-04,Sat
mori2323,204,AI Art word: unibody,art,1783162786969,2026-07-04,Sat
louis_of_apshai,38,vote ,vodVote,1783162852991,2026-07-04,Sat
cerebralx1,126,AI Art word: upward,art,1783162868741,2026-07-04,Sat
robin3one,38,vote ,vodVote,1783162954774,2026-07-04,Sat
robin3one,33,Gauntlet vote: Monument Valley [v:1],gauntlet,1783162961728,2026-07-04,Sat
shadowladyex,44,overtimeOverdose (1),vodVote,1783163075668,2026-07-04,Sat
mori2323,41,overtimeOverdose (2),vodVote,1783163136176,2026-07-04,Sat
pika_gamy,38,overtimeOverdose (3),vodVote,1783163150035,2026-07-04,Sat
pika_gamy,38,vote ,vodVote,1783163154522,2026-07-04,Sat
cerebralx1,35,overtimeOverdose (4),vodVote,1783163243040,2026-07-04,Sat
alexwifi42,32,overtimeOverdose (5),vodVote,1783163332439,2026-07-04,Sat
alexwifi42,39,vote +1🔥,vodVote,1783163336353,2026-07-04,Sat
zoskycube,1,Ending round with !v###,vodVote,1783163339155,2026-07-04,Sat
robin3one,361,160207+361 winning @ vodVote,vodVote,1783163339588,2026-07-04,Sat
alexwifi42,33,Gauntlet vote: The LEGO NINJAGO Movie Video Game [v:1],gauntlet,1783163358045,2026-07-04,Sat
cerebralx1,39,vote +1🔥,vodVote,1783163486550,2026-07-04,Sat
shadowladyex,78,vote +40🔥,vodVote,1783163528106,2026-07-04,Sat
alfims,39,vote +1🔥,vodVote,1783163533144,2026-07-04,Sat
snoopys030,68,vote +30🔥,vodVote,1783163599212,2026-07-04,Sat
pika_gamy,39,vote +1🔥,vodVote,1783163745813,2026-07-04,Sat
pika_gamy,66,Gauntlet vote: Little Nightmares [v:2],gauntlet,1783163754641,2026-07-04,Sat
mori2323,48,vote +10🔥,vodVote,1783163815883,2026-07-04,Sat
xiaoxiao9313,33,Gauntlet vote: MapleStory [v:1],gauntlet,1783163937317,2026-07-04,Sat
xiaoxiao9313,42,vote +4🔥,vodVote,1783163939152,2026-07-04,Sat
xiaoxiao9313,161,AI Art word: jaguar,art,1783164014263,2026-07-04,Sat
xiaoxiao9313,44,overtimeOverdose (1),vodVote,1783164032975,2026-07-04,Sat
mori2323,41,overtimeOverdose (2),vodVote,1783164041287,2026-07-04,Sat
yurigiu,38,overtimeOverdose (3),vodVote,1783164070362,2026-07-04,Sat
yurigiu,39,vote +1🔥,vodVote,1783164072005,2026-07-04,Sat
yurigiu,184,AI Art word: jagged,art,1783164101431,2026-07-04,Sat
yurigiu,132,Gauntlet vote: DOOM 64 [v:4],gauntlet,1783164113790,2026-07-04,Sat
louis_of_apshai,132,Gauntlet vote: Depths of Fear :: Knossos [v:4],gauntlet,1783164122196,2026-07-04,Sat
louis_of_apshai,157,AI Art word: jolly,art,1783164131871,2026-07-04,Sat
mori2323,267,AI Art word: javelin,art,1783164135438,2026-07-04,Sat
louis_of_apshai,39,vote +1🔥,vodVote,1783164143112,2026-07-04,Sat
snoopys030,35,overtimeOverdose (4),vodVote,1783164200556,2026-07-04,Sat
shadowladyex,32,overtimeOverdose (5),vodVote,1783164333551,2026-07-04,Sat
silent_luc,29,overtimeOverdose (6),vodVote,1783164345838,2026-07-04,Sat
zoskycube,1,Ending round with !v###,vodVote,1783164346453,2026-07-04,Sat
cerebralx1,132,Gauntlet vote: DOOM (1993) [v:4],gauntlet,1783164427540,2026-07-04,Sat
pika_gamy,40,vote +2🔥,vodVote,1783164443686,2026-07-04,Sat
silent_luc,38,vote ,vodVote,1783164473281,2026-07-04,Sat
alfims,45,Phase 1: RAM,bootLoop,1783164486388,2026-07-04,Sat
mori2323,45,Phase 1: RAM,bootLoop,1783164486402,2026-07-04,Sat
xiaoxiao9313,45,Phase 1: RAM,bootLoop,1783164486414,2026-07-04,Sat
pika_gamy,45,Phase 1: RAM,bootLoop,1783164486424,2026-07-04,Sat
louis_of_apshai,45,Phase 1: RAM,bootLoop,1783164486427,2026-07-04,Sat
cerebralx1,45,Phase 1: RAM,bootLoop,1783164486430,2026-07-04,Sat
shadowladyex,45,Phase 1: RAM,bootLoop,1783164486439,2026-07-04,Sat
yurigiu,45,Phase 1: RAM,bootLoop,1783164486443,2026-07-04,Sat
silent_luc,45,Phase 1: RAM,bootLoop,1783164486461,2026-07-04,Sat
snoopys030,45,Phase 1: RAM,bootLoop,1783164486468,2026-07-04,Sat
mori2323,49,vote +11🔥,vodVote,1783164520179,2026-07-04,Sat
shadowladyex,79,vote +41🔥,vodVote,1783164559217,2026-07-04,Sat
cerebralx1,126,AI Art word: hideout,art,1783164562946,2026-07-04,Sat
alfims,40,vote +2🔥,vodVote,1783164585417,2026-07-04,Sat
cerebralx1,40,vote +2🔥,vodVote,1783164678490,2026-07-04,Sat
slay_da_b,38,vote ,vodVote,1783164743304,2026-07-04,Sat
slay_da_b,199,AI Art word: showoff,art,1783164779409,2026-07-04,Sat
snoopys030,69,vote +31🔥,vodVote,1783164966624,2026-07-04,Sat
cerebralx1,132,Gauntlet vote: RoboCop: Rogue City [v:4],gauntlet,1783165333113,2026-07-04,Sat
silent_luc,44,overtimeOverdose (1),vodVote,1783165621150,2026-07-04,Sat
silent_luc,112,AI Art word: daylight,art,1783165636672,2026-07-04,Sat
cerebralx1,41,overtimeOverdose (2),vodVote,1783165669750,2026-07-04,Sat
snoopys030,38,overtimeOverdose (3),vodVote,1783165686053,2026-07-04,Sat
silent_luc,132,Gauntlet vote: Tails of Iron [v:4],gauntlet,1783165686171,2026-07-04,Sat
zoskycube,1,Ending round with !v###,vodVote,1783165851924,2026-07-04,Sat
cerebralx1,45,Phase 1: RAM,bootLoop,1783165858563,2026-07-04,Sat
alfims,45,Phase 1: RAM,bootLoop,1783165858575,2026-07-04,Sat
snoopys030,45,Phase 1: RAM,bootLoop,1783165858580,2026-07-04,Sat
silent_luc,45,Phase 1: RAM,bootLoop,1783165858586,2026-07-04,Sat
cerebralx1,41,vote +3🔥,vodVote,1783165986318,2026-07-04,Sat
alexwifi42,38,vote ,vodVote,1783166013107,2026-07-04,Sat
alexwifi42,33,Gauntlet vote: Breathedge [v:1],gauntlet,1783166020734,2026-07-04,Sat
alexwifi42,1000,Voucher: dailyDose,voucher,1783166045464,2026-07-04,Sat
alphonsoe,38,vote ,vodVote,1783166066312,2026-07-04,Sat
shadowladyex,80,vote +42🔥,vodVote,1783166082503,2026-07-04,Sat
cerebralx1,93,AI Art word: karaoke,art,1783166094399,2026-07-04,Sat
thanossoul,38,vote ,vodVote,1783166219988,2026-07-04,Sat
thanossoul,33,Gauntlet vote: Late Shift [v:1],gauntlet,1783166243099,2026-07-04,Sat
snoopys030,70,vote +32🔥,vodVote,1783166273521,2026-07-04,Sat
silent_luc,39,vote +1🔥,vodVote,1783166290032,2026-07-04,Sat
pika_gamy,66,Gauntlet vote: LEGO Bricktales [v:2],gauntlet,1783166339236,2026-07-04,Sat
pika_gamy,41,vote +3🔥,vodVote,1783166347257,2026-07-04,Sat
silent_luc,65,Phase 2: GPU,bootLoop,1783166420608,2026-07-04,Sat
shadowladyex,65,Phase 2: GPU,bootLoop,1783166420625,2026-07-04,Sat
snoopys030,65,Phase 2: GPU,bootLoop,1783166420635,2026-07-04,Sat
alphonsoe,65,Phase 2: GPU,bootLoop,1783166420643,2026-07-04,Sat
cerebralx1,65,Phase 2: GPU,bootLoop,1783166420645,2026-07-04,Sat
alexwifi42,65,Phase 2: GPU,bootLoop,1783166420651,2026-07-04,Sat
thanossoul,65,Phase 2: GPU,bootLoop,1783166420675,2026-07-04,Sat
cerebralx1,132,Gauntlet vote: Aces and Adventures [v:4],gauntlet,1783166551669,2026-07-04,Sat
mori2323,50,vote +12🔥,vodVote,1783166740608,2026-07-04,Sat
alphonsoe,44,overtimeOverdose (1),vodVote,1783166748750,2026-07-04,Sat
shadowladyex,41,overtimeOverdose (2),vodVote,1783166756233,2026-07-04,Sat
mori2323,38,overtimeOverdose (3),vodVote,1783166766987,2026-07-04,Sat
pika_gamy,35,overtimeOverdose (4),vodVote,1783166772420,2026-07-04,Sat
cerebralx1,32,overtimeOverdose (5),vodVote,1783166778473,2026-07-04,Sat
mori2323,147,AI Art word: fishy,art,1783166779752,2026-07-04,Sat
silent_luc,29,overtimeOverdose (6),vodVote,1783166814827,2026-07-04,Sat
mori2323,33,Gauntlet vote: Half-Life: VR Mod [v:1],gauntlet,1783166847990,2026-07-04,Sat
thanossoul,26,overtimeOverdose (7),vodVote,1783166882643,2026-07-04,Sat
thanossoul,33,Gauntlet vote: Jagged Alliance - Back in Action [v:1],gauntlet,1783166891768,2026-07-04,Sat
alphonsoe,132,Gauntlet vote: The Secret of Monkey Island: Special Edition [v:4],gauntlet,1783166977843,2026-07-04,Sat
zoskycube,1,Ending round with !v###,vodVote,1783167051652,2026-07-04,Sat
thanossoul,39,vote +1🔥,vodVote,1783167191499,2026-07-04,Sat
shadowladyex,81,vote +43🔥,vodVote,1783167192062,2026-07-04,Sat
snoopys030,71,vote +33🔥,vodVote,1783167212965,2026-07-04,Sat
cerebralx1,42,vote +4🔥,vodVote,1783167223137,2026-07-04,Sat
mori2323,51,vote +13🔥,vodVote,1783167238904,2026-07-04,Sat
silent_luc,40,vote +2🔥,vodVote,1783167244928,2026-07-04,Sat
xiaoxiao9313,38,vote ,vodVote,1783167294901,2026-07-04,Sat
xiaoxiao9313,33,Gauntlet vote: King Of The Castle [v:1],gauntlet,1783167297691,2026-07-04,Sat
xiaoxiao9313,84,AI Art word: towel,art,1783167373202,2026-07-04,Sat
alphonsoe,39,vote +1🔥,vodVote,1783167421367,2026-07-04,Sat
thanossoul,33,Gauntlet vote: Batman - The Telltale Series [v:1],gauntlet,1783167597777,2026-07-04,Sat
cerebralx1,176,AI Art word: predawn,art,1783167667101,2026-07-04,Sat
silent_luc,45,Phase 1: GPU,bootLoop,1783167710181,2026-07-04,Sat
alphonsoe,45,Phase 1: GPU,bootLoop,1783167710190,2026-07-04,Sat
mori2323,45,Phase 1: GPU,bootLoop,1783167710195,2026-07-04,Sat
snoopys030,45,Phase 1: GPU,bootLoop,1783167710201,2026-07-04,Sat
xiaoxiao9313,45,Phase 1: GPU,bootLoop,1783167710208,2026-07-04,Sat
cerebralx1,45,Phase 1: GPU,bootLoop,1783167710212,2026-07-04,Sat
shadowladyex,45,Phase 1: GPU,bootLoop,1783167710220,2026-07-04,Sat
silent_luc,84,AI Art word: castle,art,1783167907457,2026-07-04,Sat
alphonsoe,65,Phase 2: HDD,bootLoop,1783168111045,2026-07-04,Sat
cerebralx1,65,Phase 2: HDD,bootLoop,1783168111095,2026-07-04,Sat
silent_luc,65,Phase 2: HDD,bootLoop,1783168111108,2026-07-04,Sat
xiaoxiao9313,65,Phase 2: HDD,bootLoop,1783168111116,2026-07-04,Sat
shadowladyex,65,Phase 2: HDD,bootLoop,1783168111118,2026-07-04,Sat
alphonsoe,147,AI Art word: backflip,art,1783168121160,2026-07-04,Sat
alphonsoe,132,Gauntlet vote: LEGO Batman: The Videogame [v:4],gauntlet,1783168142419,2026-07-04,Sat
alphonsoe,44,overtimeOverdose (1),vodVote,1783168262253,2026-07-04,Sat
shadowladyex,41,overtimeOverdose (2),vodVote,1783168267232,2026-07-04,Sat
cerebralx1,38,overtimeOverdose (3),vodVote,1783168268686,2026-07-04,Sat
snoopys030,35,overtimeOverdose (4),vodVote,1783168288730,2026-07-04,Sat
louis_of_apshai,38,vote ,vodVote,1783168328793,2026-07-04,Sat
louis_of_apshai,132,Gauntlet vote: Samorost 2 [v:4],gauntlet,1783168342847,2026-07-04,Sat
louis_of_apshai,67,AI Art word: unambiguous,art,1783168358706,2026-07-04,Sat
thanossoul,32,overtimeOverdose (5),vodVote,1783168402644,2026-07-04,Sat
zoskycube,1,Ending round with !v###,vodVote,1783168517034,2026-07-04,Sat
cerebralx1,361,374487+361 winning @ vodVote,vodVote,1783168517297,2026-07-04,Sat
cerebralx1,43,vote +5🔥,vodVote,1783168643511,2026-07-04,Sat
alphonsoe,40,vote +2🔥,vodVote,1783168709005,2026-07-04,Sat
xiaoxiao9313,92,AI Art word: gorilla,art,1783168770035,2026-07-04,Sat
xiaoxiao9313,39,vote +1🔥,vodVote,1783168790137,2026-07-04,Sat
thanossoul,40,vote +2🔥,vodVote,1783168801711,2026-07-04,Sat
slay_da_b,38,vote ,vodVote,1783168803051,2026-07-04,Sat
xiaoxiao9313,33,Gauntlet vote: Banishers: Ghosts of New Eden [v:1],gauntlet,1783168814038,2026-07-04,Sat
silent_luc,41,vote +3🔥,vodVote,1783168837926,2026-07-04,Sat
shadowladyex,82,vote +44🔥,vodVote,1783168851510,2026-07-04,Sat
snoopys030,72,vote +34🔥,vodVote,1783169048483,2026-07-04,Sat
cerebralx1,147,AI Art word: voodoo,art,1783169253038,2026-07-04,Sat
cerebralx1,45,Phase 1: HDD,bootLoop,1783169299603,2026-07-04,Sat
xiaoxiao9313,45,Phase 1: HDD,bootLoop,1783169299616,2026-07-04,Sat
thanossoul,45,Phase 1: HDD,bootLoop,1783169299619,2026-07-04,Sat
snoopys030,45,Phase 1: HDD,bootLoop,1783169299626,2026-07-04,Sat
alphonsoe,45,Phase 1: HDD,bootLoop,1783169299629,2026-07-04,Sat
shadowladyex,45,Phase 1: HDD,bootLoop,1783169299635,2026-07-04,Sat
pika_gamy,38,vote ,vodVote,1783169347281,2026-07-04,Sat
pika_gamy,66,Gauntlet vote: Cuphead [v:2],gauntlet,1783169355201,2026-07-04,Sat
alphonsoe,44,overtimeOverdose (1),vodVote,1783169691460,2026-07-04,Sat
xiaoxiao9313,41,overtimeOverdose (2),vodVote,1783169707230,2026-07-04,Sat
shadowladyex,38,overtimeOverdose (3),vodVote,1783169742318,2026-07-04,Sat
cerebralx1,35,overtimeOverdose (4),vodVote,1783169819872,2026-07-04,Sat
cerebralx1,132,Gauntlet vote: God of War [v:4],gauntlet,1783169855560,2026-07-04,Sat
alexwifi42,132,Gauntlet vote: Mad Max [v:4],gauntlet,1783169957556,2026-07-04,Sat
alexwifi42,32,overtimeOverdose (5),vodVote,1783169962047,2026-07-04,Sat
zoskycube,1,Ending round with !v###,vodVote,1783169963014,2026-07-04,Sat
alexwifi42,126,AI Art word: offensive,art,1783169979007,2026-07-04,Sat
thanossoul,33,Gauntlet vote: Returnal™ [v:1],gauntlet,1783170030923,2026-07-04,Sat
louis_of_apshai,38,vote ,vodVote,1783170069304,2026-07-04,Sat
louis_of_apshai,132,Gauntlet vote: Roadwarden [v:4],gauntlet,1783170079032,2026-07-04,Sat
louis_of_apshai,1000,Voucher: dailyDose,voucher,1783170104365,2026-07-04,Sat
alphonsoe,41,vote +3🔥,vodVote,1783170127610,2026-07-04,Sat
cerebralx1,44,vote +6🔥,vodVote,1783170218982,2026-07-04,Sat
avin_novor,38,vote ,vodVote,1783170230111,2026-07-04,Sat
avin_novor,115,AI Art word: hamlet,art,1783170267030,2026-07-04,Sat
pika_gamy,39,vote +1🔥,vodVote,1783170292701,2026-07-04,Sat
pika_gamy,66,Gauntlet vote: Adventures of Chris [v:2],gauntlet,1783170316366,2026-07-04,Sat
avin_novor,132,Gauntlet vote: F.E.A.R.: Perseus Mandate [v:4],gauntlet,1783170380830,2026-07-04,Sat
xiaoxiao9313,40,vote +2🔥,vodVote,1783170446080,2026-07-04,Sat
xiaoxiao9313,33,Gauntlet vote: Eets [v:1],gauntlet,1783170450267,2026-07-04,Sat
snoopys030,73,vote +35🔥,vodVote,1783170508760,2026-07-04,Sat
shadowladyex,83,vote +45🔥,vodVote,1783170560409,2026-07-04,Sat
cerebralx1,189,AI Art word: reshuffle,art,1783170691857,2026-07-04,Sat
thanossoul,91,AI Art word: ridiculous,art,1783170703924,2026-07-04,Sat
thanossoul,41,vote +3🔥,vodVote,1783170713819,2026-07-04,Sat
alphonsoe,45,Phase 1: GPU,bootLoop,1783170811669,2026-07-04,Sat
pika_gamy,45,Phase 1: GPU,bootLoop,1783170811682,2026-07-04,Sat
avin_novor,45,Phase 1: GPU,bootLoop,1783170811691,2026-07-04,Sat
xiaoxiao9313,45,Phase 1: GPU,bootLoop,1783170811695,2026-07-04,Sat
shadowladyex,45,Phase 1: GPU,bootLoop,1783170811701,2026-07-04,Sat
cerebralx1,45,Phase 1: GPU,bootLoop,1783170811703,2026-07-04,Sat
snoopys030,45,Phase 1: GPU,bootLoop,1783170811709,2026-07-04,Sat
operacional_cae,38,vote ,vodVote,1783170883661,2026-07-04,Sat
operacional_cae,132,Gauntlet vote: Batman: Arkham Asylum GOTY Edition [v:4],gauntlet,1783170893396,2026-07-04,Sat
xiaoxiao9313,119,AI Art word: imaginative,art,1783171016696,2026-07-04,Sat
cerebralx1,44,overtimeOverdose (1),vodVote,1783171017576,2026-07-04,Sat
alphonsoe,41,overtimeOverdose (2),vodVote,1783171020776,2026-07-04,Sat
xiaoxiao9313,38,overtimeOverdose (3),vodVote,1783171021977,2026-07-04,Sat
thanossoul,35,overtimeOverdose (4),vodVote,1783171027367,2026-07-04,Sat
shadowladyex,32,overtimeOverdose (5),vodVote,1783171163496,2026-07-04,Sat
zoskycube,1,Ending round with !v###,vodVote,1783171200595,2026-07-04,Sat
cerebralx1,65,Phase 2: CPU,bootLoop,1783171425196,2026-07-04,Sat
xiaoxiao9313,65,Phase 2: CPU,bootLoop,1783171425202,2026-07-04,Sat
operacional_cae,65,Phase 2: CPU,bootLoop,1783171425204,2026-07-04,Sat
shadowladyex,65,Phase 2: CPU,bootLoop,1783171425211,2026-07-04,Sat
snoopys030,65,Phase 2: CPU,bootLoop,1783171425225,2026-07-04,Sat
thanossoul,65,Phase 2: CPU,bootLoop,1783171425231,2026-07-04,Sat
alphonsoe,65,Phase 2: CPU,bootLoop,1783171425272,2026-07-04,Sat
alexwifi42,138,AI Art word: lemming,art,1783171468909,2026-07-04,Sat
alexwifi42,38,vote ,vodVote,1783171475008,2026-07-04,Sat
alexwifi42,33,"Gauntlet vote: Warhammer 40,000: Mechanicus [v:1]",gauntlet,1783171482161,2026-07-04,Sat
snoopys030,74,vote +36🔥,vodVote,1783171682469,2026-07-04,Sat
snoopys030,132,Gauntlet vote: Karate Survivor [v:4],gauntlet,1783171719176,2026-07-04,Sat
thanossoul,42,vote +4🔥,vodVote,1783171817037,2026-07-04,Sat
thanossoul,33,Gauntlet vote: F.E.A.R. [v:1],gauntlet,1783171826818,2026-07-04,Sat
pika_gamy,40,vote +2🔥,vodVote,1783171976321,2026-07-04,Sat
operacional_cae,39,vote +1🔥,vodVote,1783171990828,2026-07-04,Sat
operacional_cae,132,Gauntlet vote: Destiny 2 [v:4],gauntlet,1783172019447,2026-07-04,Sat
cerebralx1,45,vote +7🔥,vodVote,1783172030468,2026-07-04,Sat
operacional_cae,73,AI Art word: entries,art,1783172035109,2026-07-04,Sat
silent_luc,38,vote ,vodVote,1783172106098,2026-07-04,Sat
shadowladyex,84,vote +46🔥,vodVote,1783172116698,2026-07-04,Sat
cerebralx1,136,AI Art word: nowhere,art,1783172205335,2026-07-04,Sat
silent_luc,147,AI Art word: nephew,art,1783172232233,2026-07-04,Sat
alphonsoe,42,vote +4🔥,vodVote,1783172240455,2026-07-04,Sat
silent_luc,132,Gauntlet vote: Remnant: From the Ashes [v:4],gauntlet,1783172248965,2026-07-04,Sat
alphonsoe,44,overtimeOverdose (1),vodVote,1783172398737,2026-07-04,Sat
silent_luc,41,overtimeOverdose (2),vodVote,1783172399625,2026-07-04,Sat
cerebralx1,38,overtimeOverdose (3),vodVote,1783172420647,2026-07-04,Sat
shadowladyex,35,overtimeOverdose (4),vodVote,1783172425093,2026-07-04,Sat
alphonsoe,99,Gauntlet vote: LEGO Batman: The Videogame [v:3],gauntlet,1783172438595,2026-07-04,Sat
thanossoul,32,overtimeOverdose (5),vodVote,1783172498030,2026-07-04,Sat
thanossoul,33,Gauntlet vote: Fight'N Rage [v:1],gauntlet,1783172509712,2026-07-04,Sat
operacional_cae,29,overtimeOverdose (6),vodVote,1783172519028,2026-07-04,Sat
operacional_cae,132,Gauntlet vote: DOOM 64 [v:4],gauntlet,1783172535898,2026-07-04,Sat
operacional_cae,45,Phase 1: CPU,bootLoop,1783172591692,2026-07-04,Sat
cerebralx1,45,Phase 1: CPU,bootLoop,1783172591700,2026-07-04,Sat
shadowladyex,45,Phase 1: CPU,bootLoop,1783172591716,2026-07-04,Sat
silent_luc,45,Phase 1: CPU,bootLoop,1783172591723,2026-07-04,Sat
alphonsoe,45,Phase 1: CPU,bootLoop,1783172591729,2026-07-04,Sat
zoskycube,1,Ending round with !v###,vodVote,1783172721295,2026-07-04,Sat
alphonsoe,43,vote +5🔥,vodVote,1783172823492,2026-07-04,Sat
shadowladyex,85,vote +47🔥,vodVote,1783172852644,2026-07-04,Sat
cerebralx1,46,vote +8🔥,vodVote,1783172922072,2026-07-04,Sat
shadowladyex,132,Gauntlet vote: Deep Rock Galactic [v:4],gauntlet,1783172987086,2026-07-04,Sat
silent_luc,39,vote +1🔥,vodVote,1783173035797,2026-07-04,Sat
thanossoul,43,vote +5🔥,vodVote,1783173053309,2026-07-04,Sat
yurigiu,38,vote ,vodVote,1783173112833,2026-07-04,Sat
yurigiu,132,Gauntlet vote: SUPERHOT [v:4],gauntlet,1783173119650,2026-07-04,Sat
lillakra,38,vote ,vodVote,1783173296778,2026-07-04,Sat
lillakra,132,Gauntlet vote: West of Dead [v:4],gauntlet,1783173301239,2026-07-04,Sat
xiaoxiao9313,38,vote ,vodVote,1783173429040,2026-07-04,Sat
operacional_cae,40,vote +2🔥,vodVote,1783173451233,2026-07-04,Sat
operacional_cae,132,Gauntlet vote: Duke Nukem Forever [v:4],gauntlet,1783173462800,2026-07-04,Sat
pika_gamy,41,vote +3🔥,vodVote,1783173467292,2026-07-04,Sat
snoopys030,75,vote +37🔥,vodVote,1783173511679,2026-07-04,Sat
pika_gamy,132,Gauntlet vote: Steelrising [v:4],gauntlet,1783173518707,2026-07-04,Sat
operacional_cae,31,AI Art word: crafting,art,1783173531747,2026-07-04,Sat
cerebralx1,146,AI Art word: cornflakes,art,1783173558476,2026-07-04,Sat
operacional_cae,1000,Voucher: dailyDose,voucher,1783173585591,2026-07-04,Sat
alphonsoe,44,overtimeOverdose (1),vodVote,1783173762152,2026-07-04,Sat
xiaoxiao9313,41,overtimeOverdose (2),vodVote,1783173769067,2026-07-04,Sat
cerebralx1,38,overtimeOverdose (3),vodVote,1783173779791,2026-07-04,Sat
silent_luc,35,overtimeOverdose (4),vodVote,1783173784080,2026-07-04,Sat
xiaoxiao9313,70,AI Art word: bulletin,art,1783173797752,2026-07-04,Sat
snoopys030,32,overtimeOverdose (5),vodVote,1783173880030,2026-07-04,Sat
operacional_cae,29,overtimeOverdose (6),vodVote,1783173959816,2026-07-04,Sat
thanossoul,26,overtimeOverdose (7),vodVote,1783174002626,2026-07-04,Sat
zoskycube,1,Ending round with !v###,vodVote,1783174005637,2026-07-04,Sat
snoopys030,361,647500+361 winning @ vodVote,vodVote,1783174005986,2026-07-04,Sat
thanossoul,33,Gauntlet vote: The Room 4: Old Sins [v:1],gauntlet,1783174019601,2026-07-04,Sat
thanossoul,67,AI Art word: unkillable,art,1783174032289,2026-07-04,Sat
alphonsoe,45,Phase 1: RAM,bootLoop,1783174182977,2026-07-04,Sat
thanossoul,45,Phase 1: RAM,bootLoop,1783174182995,2026-07-04,Sat
operacional_cae,45,Phase 1: RAM,bootLoop,1783174183008,2026-07-04,Sat
xiaoxiao9313,45,Phase 1: RAM,bootLoop,1783174183016,2026-07-04,Sat
silent_luc,45,Phase 1: RAM,bootLoop,1783174183019,2026-07-04,Sat
cerebralx1,45,Phase 1: RAM,bootLoop,1783174183024,2026-07-04,Sat
snoopys030,45,Phase 1: RAM,bootLoop,1783174183042,2026-07-04,Sat
alphonsoe,44,vote +6🔥,vodVote,1783174207533,2026-07-04,Sat
alexwifi42,63,AI Art word: grill,art,1783174319748,2026-07-04,Sat
alexwifi42,38,vote ,vodVote,1783174339455,2026-07-04,Sat
xiaoxiao9313,39,vote +1🔥,vodVote,1783174342256,2026-07-04,Sat
alexwifi42,33,Gauntlet vote: Portal: Revolution [v:1],gauntlet,1783174350146,2026-07-04,Sat
slay_da_b,38,vote ,vodVote,1783174509978,2026-07-04,Sat
slay_da_b,132,Gauntlet vote: Ghostrunner [v:4],gauntlet,1783174537240,2026-07-04,Sat
snoopys030,76,vote +38🔥,vodVote,1783174567490,2026-07-04,Sat
silent_luc,40,vote +2🔥,vodVote,1783174684328,2026-07-04,Sat
pika_gamy,42,vote +4🔥,vodVote,1783174828867,2026-07-04,Sat
pika_gamy,66,Gauntlet vote: There Is No Light [v:2],gauntlet,1783174839528,2026-07-04,Sat
snoopys030,44,overtimeOverdose (1),vodVote,1783175010795,2026-07-04,Sat
pika_gamy,41,overtimeOverdose (2),vodVote,1783175016096,2026-07-04,Sat
zoskycube,1,Ending round with !v###,vodVote,1783175209595,2026-07-04,Sat
ragnar175,38,vote ,vodVote,1783175330112,2026-07-04,Sat
ragnar175,115,AI Art word: jetpack,art,1783175343505,2026-07-04,Sat
ragnar175,33,Gauntlet vote: Tomb Raider [v:1],gauntlet,1783175370330,2026-07-04,Sat
silent_luc,41,vote +3🔥,vodVote,1783175482790,2026-07-04,Sat
thanossoul,38,vote ,vodVote,1783175492614,2026-07-04,Sat
thanossoul,33,Gauntlet vote: Deep Dungeons of Doom [v:1],gauntlet,1783175507008,2026-07-04,Sat
alphonsoe,45,vote +7🔥,vodVote,1783175603528,2026-07-04,Sat
ikaliayev,38,vote ,vodVote,1783175742737,2026-07-04,Sat
madagascaradam,132,Gauntlet vote: Arise: A Simple Story [v:4],gauntlet,1783175756259,2026-07-04,Sat
madagascaradam,38,vote ,vodVote,1783175759034,2026-07-04,Sat
ragnar175,132,Gauntlet vote: Garfield Kart - Furious Racing [v:4],gauntlet,1783175921602,2026-07-04,Sat
ikaliayev,132,Gauntlet vote: Indivisible [v:4],gauntlet,1783175956370,2026-07-04,Sat
alphonsoe,44,overtimeOverdose (1),vodVote,1783176145535,2026-07-04,Sat
silent_luc,41,overtimeOverdose (2),vodVote,1783176154918,2026-07-04,Sat
ikaliayev,38,overtimeOverdose (3),vodVote,1783176159408,2026-07-04,Sat
madagascaradam,35,overtimeOverdose (4),vodVote,1783176163758,2026-07-04,Sat
yurigiu,32,overtimeOverdose (5),vodVote,1783176207441,2026-07-04,Sat
yurigiu,38,vote ,vodVote,1783176210162,2026-07-04,Sat
yurigiu,33,Gauntlet vote: This War of Mine [v:1],gauntlet,1783176222408,2026-07-04,Sat
ragnar175,29,overtimeOverdose (6),vodVote,1783176308982,2026-07-04,Sat
zoskycube,1,Ending round with !v###,vodVote,1783176370208,2026-07-04,Sat
ikaliayev,39,vote +1🔥,vodVote,1783176503884,2026-07-04,Sat
ragnar175,39,vote +1🔥,vodVote,1783176613217,2026-07-04,Sat
ragnar175,53,AI Art word: incision,art,1783176671269,2026-07-04,Sat
ragnar175,132,Gauntlet vote: Moros Protocol [v:4],gauntlet,1783176684863,2026-07-04,Sat
xiaoxiao9313,38,vote ,vodVote,1783176717312,2026-07-04,Sat
silent_luc,42,vote +4🔥,vodVote,1783176728545,2026-07-04,Sat
xiaoxiao9313,126,AI Art word: drawing,art,1783176817548,2026-07-04,Sat
ikaliayev,44,overtimeOverdose (1),vodVote,1783177055612,2026-07-04,Sat
xiaoxiao9313,41,overtimeOverdose (2),vodVote,1783177113732,2026-07-04,Sat
thanossoul,38,overtimeOverdose (3),vodVote,1783177192354,2026-07-04,Sat
thanossoul,33,Gauntlet vote: Children of Silentown [v:1],gauntlet,1783177199181,2026-07-04,Sat
silent_luc,35,overtimeOverdose (4),vodVote,1783177225392,2026-07-04,Sat
ragnar175,32,overtimeOverdose (5),vodVote,1783177227586,2026-07-04,Sat
madagascaradam,29,overtimeOverdose (6),vodVote,1783177229502,2026-07-04,Sat
madagascaradam,39,vote +1🔥,vodVote,1783177239512,2026-07-04,Sat
dahhel,38,vote ,vodVote,1783177248349,2026-07-04,Sat
dahhel,26,overtimeOverdose (7),vodVote,1783177258392,2026-07-04,Sat
ragnar175,132,Gauntlet vote: Banishers: Ghosts of New Eden [v:4],gauntlet,1783177272043,2026-07-04,Sat
alphonsoe,23,overtimeOverdose (8),vodVote,1783177305954,2026-07-04,Sat
alphonsoe,46,vote +8🔥,vodVote,1783177313966,2026-07-04,Sat
zoskycube,1,Ending round with !v###,vodVote,1783177329198,2026-07-04,Sat
dahhel,132,Gauntlet vote: Fallout: New Vegas [v:4],gauntlet,1783177408009,2026-07-04,Sat
ikaliayev,40,vote +2🔥,vodVote,1783177485809,2026-07-04,Sat
ragnar175,40,vote +2🔥,vodVote,1783177516912,2026-07-04,Sat
dahhel,39,vote +1🔥,vodVote,1783177667477,2026-07-04,Sat
thanossoul,38,vote ,vodVote,1783177718757,2026-07-04,Sat
alphonsoe,45,Phase 1: HDD,bootLoop,1783177775960,2026-07-04,Sat
ragnar175,45,Phase 1: HDD,bootLoop,1783177775997,2026-07-04,Sat
madagascaradam,45,Phase 1: HDD,bootLoop,1783177776001,2026-07-04,Sat
dahhel,45,Phase 1: HDD,bootLoop,1783177776004,2026-07-04,Sat
ikaliayev,45,Phase 1: HDD,bootLoop,1783177776007,2026-07-04,Sat
thanossoul,45,Phase 1: HDD,bootLoop,1783177776016,2026-07-04,Sat
xiaoxiao9313,45,Phase 1: HDD,bootLoop,1783177776021,2026-07-04,Sat
silent_luc,45,Phase 1: HDD,bootLoop,1783177776029,2026-07-04,Sat
puphik,38,vote ,vodVote,1783177958689,2026-07-04,Sat
puphik,33,Gauntlet vote: Turba [v:1],gauntlet,1783177964852,2026-07-04,Sat
xiaoxiao9313,39,vote +1🔥,vodVote,1783177973938,2026-07-04,Sat
alfims,38,vote ,vodVote,1783178000555,2026-07-04,Sat
puphik,84,AI Art word: never,art,1783178008294,2026-07-04,Sat
ragnar175,112,AI Art word: nitwit,art,1783178072012,2026-07-04,Sat
ragnar175,132,Gauntlet vote: Marvel's Guardians of the Galaxy [v:4],gauntlet,1783178092292,2026-07-04,Sat
calypso_ba,38,vote ,vodVote,1783178114647,2026-07-04,Sat
calypso_ba,132,Gauntlet vote: Autonauts [v:4],gauntlet,1783178121378,2026-07-04,Sat
operacional_cae,38,vote ,vodVote,1783178137100,2026-07-04,Sat
silent_luc,43,vote +5🔥,vodVote,1783178137271,2026-07-04,Sat
operacional_cae,132,Gauntlet vote: The Cave [v:4],gauntlet,1783178149952,2026-07-04,Sat
thanossoul,1000,Voucher: dailyDose,voucher,1783178218728,2026-07-04,Sat
alphonsoe,47,vote +9🔥,vodVote,1783178230522,2026-07-04,Sat
puphik,65,Phase 2: GPU,bootLoop,1783178458057,2026-07-04,Sat
dahhel,65,Phase 2: GPU,bootLoop,1783178458072,2026-07-04,Sat
thanossoul,65,Phase 2: GPU,bootLoop,1783178458086,2026-07-04,Sat
ragnar175,65,Phase 2: GPU,bootLoop,1783178458098,2026-07-04,Sat
xiaoxiao9313,65,Phase 2: GPU,bootLoop,1783178458105,2026-07-04,Sat
ikaliayev,65,Phase 2: GPU,bootLoop,1783178458107,2026-07-04,Sat
silent_luc,65,Phase 2: GPU,bootLoop,1783178458113,2026-07-04,Sat
alphonsoe,65,Phase 2: GPU,bootLoop,1783178458119,2026-07-04,Sat
alfims,65,Phase 2: GPU,bootLoop,1783178458122,2026-07-04,Sat
dahhel,44,overtimeOverdose (1),vodVote,1783178511893,2026-07-04,Sat
ikaliayev,41,overtimeOverdose (2),vodVote,1783178610325,2026-07-04,Sat
silent_luc,38,overtimeOverdose (3),vodVote,1783178658812,2026-07-04,Sat
alexwifi42,35,overtimeOverdose (4),vodVote,1783178673840,2026-07-04,Sat
ragnar175,32,overtimeOverdose (5),vodVote,1783178687481,2026-07-04,Sat
alexwifi42,38,vote ,vodVote,1783178687633,2026-07-04,Sat
alexwifi42,132,Gauntlet vote: The Invincible [v:4],gauntlet,1783178692927,2026-07-04,Sat
alexwifi42,94,AI Art word: travel,art,1783178699223,2026-07-04,Sat
thanossoul,29,overtimeOverdose (6),vodVote,1783178726651,2026-07-04,Sat
zoskycube,1,Ending round with !v###,vodVote,1783178729393,2026-07-04,Sat
silent_luc,73,AI Art word: tepee,art,1783178743467,2026-07-04,Sat
thanossoul,52,AI Art word: twister,art,1783178757681,2026-07-04,Sat
thanossoul,39,vote +1🔥,vodVote,1783178840124,2026-07-04,Sat
ikaliayev,41,vote +3🔥,vodVote,1783178892147,2026-07-04,Sat
dahhel,90,Phase 3: RAM,bootLoop,1783178937960,2026-07-04,Sat
ikaliayev,90,Phase 3: RAM,bootLoop,1783178937971,2026-07-04,Sat
ragnar175,90,Phase 3: RAM,bootLoop,1783178937982,2026-07-04,Sat
silent_luc,90,Phase 3: RAM,bootLoop,1783178937992,2026-07-04,Sat
alfims,90,Phase 3: RAM,bootLoop,1783178937998,2026-07-04,Sat
alexwifi42,90,Phase 3: RAM,bootLoop,1783178938001,2026-07-04,Sat
thanossoul,90,Phase 3: RAM,bootLoop,1783178938006,2026-07-04,Sat
alfims,39,vote +1🔥,vodVote,1783178938223,2026-07-04,Sat
ragnar175,41,vote +3🔥,vodVote,1783178964226,2026-07-04,Sat
dahhel,40,vote +2🔥,vodVote,1783179014925,2026-07-04,Sat
operacional_cae,39,vote +1🔥,vodVote,1783179032223,2026-07-04,Sat
operacional_cae,132,Gauntlet vote: Conarium [v:4],gauntlet,1783179037183,2026-07-04,Sat
ragnar175,132,Gauntlet vote: Planet TD [v:4],gauntlet,1783179056682,2026-07-04,Sat
operacional_cae,133,AI Art word: pharmacist,art,1783179066411,2026-07-04,Sat
avin_novor,38,vote ,vodVote,1783179189374,2026-07-04,Sat
silent_luc,44,vote +6🔥,vodVote,1783179243118,2026-07-04,Sat
alphonsoe,48,vote +10🔥,vodVote,1783179264096,2026-07-04,Sat
slay_da_b,38,vote ,vodVote,1783179277439,2026-07-04,Sat
slay_da_b,189,AI Art word: chalky,art,1783179338029,2026-07-04,Sat
llucholba,126,AI Art word: copper,art,1783179367846,2026-07-04,Sat
llucholba,38,vote ,vodVote,1783179372175,2026-07-04,Sat
llucholba,132,Gauntlet vote: Beacon Pines [v:4],gauntlet,1783179378674,2026-07-04,Sat
xiaoxiao9313,1000,Voucher: dailyDose,voucher,1783179539928,2026-07-04,Sat
xiaoxiao9313,40,vote +2🔥,vodVote,1783179552435,2026-07-04,Sat
xiaoxiao9313,105,AI Art word: bottom,art,1783179586224,2026-07-04,Sat
xiaoxiao9313,33,Gauntlet vote: Splat Arena [v:1],gauntlet,1783179595140,2026-07-04,Sat
ragnar175,109,AI Art word: brood,art,1783179608731,2026-07-04,Sat
ragnar175,132,Gauntlet vote: The Elder Scrolls IV: Oblivion [v:4],gauntlet,1783179628906,2026-07-04,Sat
robin3one,38,vote ,vodVote,1783179795892,2026-07-04,Sat
dahhel,44,overtimeOverdose (1),vodVote,1783179883813,2026-07-04,Sat
ikaliayev,41,overtimeOverdose (2),vodVote,1783179890089,2026-07-04,Sat
silent_luc,38,overtimeOverdose (3),vodVote,1783179893538,2026-07-04,Sat
thanossoul,35,overtimeOverdose (4),vodVote,1783179954956,2026-07-04,Sat
ragnar175,32,overtimeOverdose (5),vodVote,1783179962778,2026-07-04,Sat
thanossoul,33,Gauntlet vote: A New Beginning - Final Cut [v:1],gauntlet,1783180005191,2026-07-04,Sat
zoskycube,1,Ending round with !v###,vodVote,1783180044614,2026-07-04,Sat
llucholba,132,Gauntlet vote: Red Faction: Guerrilla Steam Edition [v:4],gauntlet,1783180060315,2026-07-04,Sat
avin_novor,84,AI Art word: gorget,art,1783180141884,2026-07-04,Sat
thanossoul,40,vote +2🔥,vodVote,1783180146909,2026-07-04,Sat
llucholba,39,vote +1🔥,vodVote,1783180151509,2026-07-04,Sat
alyssrentori,1000,Voucher: dailyDose,voucher,1783180225047,2026-07-04,Sat
alyssrentori,38,vote ,vodVote,1783180235024,2026-07-04,Sat
alyssrentori,132,Gauntlet vote: Lil Gator Game [v:4],gauntlet,1783180245446,2026-07-04,Sat
alyssrentori,98,AI Art word: wasteful,art,1783180262011,2026-07-04,Sat
slay_da_b,39,vote +1🔥,vodVote,1783180265483,2026-07-04,Sat
dahhel,41,vote +3🔥,vodVote,1783180285519,2026-07-04,Sat
dahhel,45,Phase 1: GPU,bootLoop,1783180296487,2026-07-04,Sat
llucholba,45,Phase 1: GPU,bootLoop,1783180296494,2026-07-04,Sat
ikaliayev,45,Phase 1: GPU,bootLoop,1783180296502,2026-07-04,Sat
robin3one,45,Phase 1: GPU,bootLoop,1783180296510,2026-07-04,Sat
ragnar175,45,Phase 1: GPU,bootLoop,1783180296513,2026-07-04,Sat
silent_luc,45,Phase 1: GPU,bootLoop,1783180296519,2026-07-04,Sat
thanossoul,45,Phase 1: GPU,bootLoop,1783180296540,2026-07-04,Sat
avin_novor,45,Phase 1: GPU,bootLoop,1783180296587,2026-07-04,Sat
ragnar175,42,vote +4🔥,vodVote,1783180349852,2026-07-04,Sat
xiaoxiao9313,41,vote +3🔥,vodVote,1783180389006,2026-07-04,Sat
silent_luc,45,vote +7🔥,vodVote,1783180404692,2026-07-04,Sat
ikaliayev,42,vote +4🔥,vodVote,1783180455547,2026-07-04,Sat
silent_luc,65,Phase 2: HDD,bootLoop,1783180802506,2026-07-04,Sat
avin_novor,65,Phase 2: HDD,bootLoop,1783180802509,2026-07-04,Sat
ikaliayev,65,Phase 2: HDD,bootLoop,1783180802518,2026-07-04,Sat
dahhel,65,Phase 2: HDD,bootLoop,1783180802523,2026-07-04,Sat
xiaoxiao9313,65,Phase 2: HDD,bootLoop,1783180802588,2026-07-04,Sat
ragnar175,65,Phase 2: HDD,bootLoop,1783180802686,2026-07-04,Sat
madagascaradam,38,vote ,vodVote,1783180809452,2026-07-04,Sat
madagascaradam,78,AI Art word: mystery,art,1783180814905,2026-07-04,Sat
madagascaradam,132,Gauntlet vote: Gatekeeper [v:4],gauntlet,1783180823686,2026-07-04,Sat
dahhel,132,Gauntlet vote: Little Nightmares [v:4],gauntlet,1783180831652,2026-07-04,Sat
avin_novor,39,vote +1🔥,vodVote,1783180857222,2026-07-04,Sat
llucholba,123,AI Art word: movements,art,1783180862748,2026-07-04,Sat
llucholba,132,Gauntlet vote: Aquarist [v:4],gauntlet,1783180876198,2026-07-04,Sat
xiaoxiao9313,44,overtimeOverdose (1),vodVote,1783181220854,2026-07-04,Sat
slay_da_b,41,overtimeOverdose (2),vodVote,1783181235970,2026-07-04,Sat
madagascaradam,38,overtimeOverdose (3),vodVote,1783181237085,2026-07-04,Sat
avin_novor,35,overtimeOverdose (4),vodVote,1783181239878,2026-07-04,Sat
thanossoul,33,Gauntlet vote: Dark Deity [v:1],gauntlet,1783181251929,2026-07-04,Sat
xiaoxiao9313,85,AI Art word: observation,art,1783181362884,2026-07-04,Sat
alfims,40,vote +2🔥,vodVote,1783181380421,2026-07-04,Sat
alfims,32,overtimeOverdose (5),vodVote,1783181382426,2026-07-04,Sat
alfims,78,AI Art word: obscurity,art,1783181393702,2026-07-04,Sat
dahhel,29,overtimeOverdose (6),vodVote,1783181406042,2026-07-04,Sat
zoskycube,1,Ending round with !v###,vodVote,1783181487568,2026-07-04,Sat
sassdrake,33,Gauntlet vote: Deus Ex: Mankind Divided [v:1],gauntlet,1783181540638,2026-07-04,Sat
sassdrake,1000,Voucher: dailyDose,voucher,1783181565426,2026-07-04,Sat
ragnar175,190,AI Art word: hamper,art,1783181566959,2026-07-04,Sat
sassdrake,115,AI Art word: hover,art,1783181585966,2026-07-04,Sat
xiaoxiao9313,42,vote +4🔥,vodVote,1783181597257,2026-07-04,Sat
ragnar175,43,vote +5🔥,vodVote,1783181598057,2026-07-04,Sat
xiaoxiao9313,33,Gauntlet vote: Golden Light [v:1],gauntlet,1783181607444,2026-07-04,Sat
dahhel,42,vote +4🔥,vodVote,1783181618575,2026-07-04,Sat
madagascaradam,39,vote +1🔥,vodVote,1783181701591,2026-07-04,Sat
silent_luc,46,vote +8🔥,vodVote,1783181714622,2026-07-04,Sat
ikaliayev,43,vote +5🔥,vodVote,1783181743628,2026-07-04,Sat
thanossoul,38,vote ,vodVote,1783181782481,2026-07-04,Sat
thanossoul,105,AI Art word: systemic,art,1783181825694,2026-07-04,Sat
thanossoul,33,Gauntlet vote: Mortal Kombat 11 [v:1],gauntlet,1783181843548,2026-07-04,Sat
avin_novor,40,vote +2🔥,vodVote,1783181890997,2026-07-04,Sat
alfims,41,vote +3🔥,vodVote,1783181944340,2026-07-04,Sat
llucholba,40,vote +2🔥,vodVote,1783181945067,2026-07-04,Sat
llucholba,132,Gauntlet vote: KarmaZoo [v:4],gauntlet,1783181950322,2026-07-04,Sat
alfims,132,Gauntlet vote: Songbringer [v:4],gauntlet,1783181954964,2026-07-04,Sat
calypso_ba,38,vote ,vodVote,1783181969676,2026-07-04,Sat
calypso_ba,132,Gauntlet vote: Amnesia: The Bunker [v:4],gauntlet,1783181980815,2026-07-04,Sat
slay_da_b,40,vote +2🔥,vodVote,1783182096404,2026-07-04,Sat
slay_da_b,136,AI Art word: royalty,art,1783182121398,2026-07-04,Sat
player0451,47,AI Art word: rancid,art,1783182170870,2026-07-04,Sat
player0451,38,vote ,vodVote,1783182177421,2026-07-04,Sat
player0451,132,Gauntlet vote: PC Building Simulator [v:4],gauntlet,1783182181202,2026-07-04,Sat
silent_luc,45,Phase 1: RAM,bootLoop,1783182229207,2026-07-04,Sat
slay_da_b,45,Phase 1: RAM,bootLoop,1783182229228,2026-07-04,Sat
avin_novor,45,Phase 1: RAM,bootLoop,1783182229240,2026-07-04,Sat
thanossoul,45,Phase 1: RAM,bootLoop,1783182229243,2026-07-04,Sat
xiaoxiao9313,45,Phase 1: RAM,bootLoop,1783182229246,2026-07-04,Sat
dahhel,45,Phase 1: RAM,bootLoop,1783182229250,2026-07-04,Sat
ikaliayev,45,Phase 1: RAM,bootLoop,1783182229256,2026-07-04,Sat
madagascaradam,45,Phase 1: RAM,bootLoop,1783182229264,2026-07-04,Sat
ragnar175,45,Phase 1: RAM,bootLoop,1783182229267,2026-07-04,Sat
llucholba,45,Phase 1: RAM,bootLoop,1783182229315,2026-07-04,Sat
alburldador,38,vote ,vodVote,1783182229922,2026-07-04,Sat
dahhel,132,Gauntlet vote: Wolfenstein II: The New Colossus [v:4],gauntlet,1783182298247,2026-07-04,Sat
alburldador,115,AI Art word: inky,art,1783182394710,2026-07-04,Sat
dahhel,44,overtimeOverdose (1),vodVote,1783182534123,2026-07-04,Sat
avin_novor,41,overtimeOverdose (2),vodVote,1783182537916,2026-07-04,Sat
ikaliayev,38,overtimeOverdose (3),vodVote,1783182540562,2026-07-04,Sat
thanossoul,35,overtimeOverdose (4),vodVote,1783182602221,2026-07-04,Sat
ikaliayev,65,Phase 2: HDD,bootLoop,1783182703990,2026-07-04,Sat
thanossoul,65,Phase 2: HDD,bootLoop,1783182704001,2026-07-04,Sat
avin_novor,65,Phase 2: HDD,bootLoop,1783182704020,2026-07-04,Sat
dahhel,65,Phase 2: HDD,bootLoop,1783182704028,2026-07-04,Sat
silent_luc,65,Phase 2: HDD,bootLoop,1783182704041,2026-07-04,Sat
xiaoxiao9313,65,Phase 2: HDD,bootLoop,1783182704176,2026-07-04,Sat
alburldador,65,Phase 2: HDD,bootLoop,1783182704207,2026-07-04,Sat
silent_luc,32,overtimeOverdose (5),vodVote,1783182722933,2026-07-04,Sat
alfims,29,overtimeOverdose (6),vodVote,1783182724103,2026-07-04,Sat
alfims,103,AI Art word: dragons,art,1783182732194,2026-07-04,Sat
zoskycube,1,Ending round with !v###,vodVote,1783182794744,2026-07-04,Sat
xiaoxiao9313,43,vote +5🔥,vodVote,1783183021469,2026-07-04,Sat
xiaoxiao9313,33,Gauntlet vote: Starforged Legacy Playtest [v:1],gauntlet,1783183031076,2026-07-04,Sat
dahhel,43,vote +5🔥,vodVote,1783183041677,2026-07-04,Sat
silent_luc,47,vote +9🔥,vodVote,1783183056540,2026-07-04,Sat
ikaliayev,44,vote +6🔥,vodVote,1783183098734,2026-07-04,Sat
xiaoxiao9313,151,AI Art word: knockout,art,1783183113818,2026-07-04,Sat
alyssrentori,38,vote ,vodVote,1783183153109,2026-07-04,Sat
alyssrentori,132,Gauntlet vote: A StorY About My Uncle [v:4],gauntlet,1783183158770,2026-07-04,Sat
alyssrentori,178,AI Art word: kicked,art,1783183164803,2026-07-04,Sat
avin_novor,41,vote +3🔥,vodVote,1783183393832,2026-07-04,Sat
ragnar175,44,vote +6🔥,vodVote,1783183462142,2026-07-04,Sat
slay_da_b,41,vote +3🔥,vodVote,1783183488127,2026-07-04,Sat
calypso_ba,44,overtimeOverdose (1),vodVote,1783183727471,2026-07-04,Sat
calypso_ba,39,vote +1🔥,vodVote,1783183733221,2026-07-04,Sat
calypso_ba,132,Gauntlet vote: Monkey Island 2: Special Edition [v:4],gauntlet,1783183740432,2026-07-04,Sat
slay_da_b,132,Gauntlet vote: The Elder Scrolls IV: Oblivion [v:4],gauntlet,1783183752647,2026-07-04,Sat
slay_da_b,41,overtimeOverdose (2),vodVote,1783183766023,2026-07-04,Sat
dahhel,38,overtimeOverdose (3),vodVote,1783183797169,2026-07-04,Sat
avin_novor,35,overtimeOverdose (4),vodVote,1783183822493,2026-07-04,Sat
silent_luc,32,overtimeOverdose (5),vodVote,1783183828423,2026-07-04,Sat
xiaoxiao9313,29,overtimeOverdose (6),vodVote,1783183859664,2026-07-04,Sat
ikaliayev,26,overtimeOverdose (7),vodVote,1783183866491,2026-07-04,Sat
thanossoul,23,overtimeOverdose (8),vodVote,1783183867685,2026-07-04,Sat
thanossoul,33,Gauntlet vote: Monster Crown [v:1],gauntlet,1783183875532,2026-07-04,Sat
zoskycube,1,Ending round with !v###,vodVote,1783183891045,2026-07-04,Sat
ragnar175,36,AI Art word: full,art,1783183919512,2026-07-04,Sat
slay_da_b,184,AI Art word: freeway,art,1783183979203,2026-07-04,Sat
slay_da_b,42,vote +4🔥,vodVote,1783184003891,2026-07-04,Sat
slay_da_b,45,Phase 1: HDD,bootLoop,1783184035440,2026-07-04,Sat
thanossoul,45,Phase 1: HDD,bootLoop,1783184035453,2026-07-04,Sat
ragnar175,45,Phase 1: HDD,bootLoop,1783184035456,2026-07-04,Sat
xiaoxiao9313,45,Phase 1: HDD,bootLoop,1783184035461,2026-07-04,Sat
silent_luc,45,Phase 1: HDD,bootLoop,1783184035466,2026-07-04,Sat
dahhel,45,Phase 1: HDD,bootLoop,1783184035469,2026-07-04,Sat
ikaliayev,45,Phase 1: HDD,bootLoop,1783184035476,2026-07-04,Sat
avin_novor,45,Phase 1: HDD,bootLoop,1783184035538,2026-07-04,Sat
thanossoul,38,vote ,vodVote,1783184064019,2026-07-04,Sat
alburldador,38,vote ,vodVote,1783184104383,2026-07-04,Sat
alexwifi42,33,Gauntlet vote: Green Hell [v:1],gauntlet,1783184110342,2026-07-04,Sat
alfims,38,vote ,vodVote,1783184112783,2026-07-04,Sat
alexwifi42,38,vote ,vodVote,1783184113423,2026-07-04,Sat
avin_novor,42,vote +4🔥,vodVote,1783184122882,2026-07-04,Sat
alfims,126,AI Art word: afterlife,art,1783184148065,2026-07-04,Sat
alburldador,126,AI Art word: angrily,art,1783184184715,2026-07-04,Sat
dahhel,44,vote +6🔥,vodVote,1783184214879,2026-07-04,Sat
silent_luc,48,vote +10🔥,vodVote,1783184233567,2026-07-04,Sat
ikaliayev,45,vote +7🔥,vodVote,1783184320981,2026-07-04,Sat
xiaoxiao9313,44,vote +6🔥,vodVote,1783184368147,2026-07-04,Sat
xiaoxiao9313,33,Gauntlet vote: Buster's Tower Defense [v:1],gauntlet,1783184375300,2026-07-04,Sat
ragnar175,45,vote +7🔥,vodVote,1783184418753,2026-07-04,Sat
thanossoul,33,Gauntlet vote: Alan Wake's American Nightmare [v:1],gauntlet,1783184502636,2026-07-04,Sat
ikaliayev,65,Phase 2: CPU,bootLoop,1783184506478,2026-07-04,Sat
dahhel,65,Phase 2: CPU,bootLoop,1783184506488,2026-07-04,Sat
silent_luc,65,Phase 2: CPU,bootLoop,1783184506494,2026-07-04,Sat
ragnar175,65,Phase 2: CPU,bootLoop,1783184506509,2026-07-04,Sat
xiaoxiao9313,65,Phase 2: CPU,bootLoop,1783184506514,2026-07-04,Sat
thanossoul,65,Phase 2: CPU,bootLoop,1783184506519,2026-07-04,Sat
thanossoul,98,AI Art word: trampoline,art,1783184518909,2026-07-04,Sat
player0451,38,vote ,vodVote,1783184648750,2026-07-04,Sat
thanossoul,44,overtimeOverdose (1),vodVote,1783184649199,2026-07-04,Sat
player0451,132,Gauntlet vote: Starbound [v:4],gauntlet,1783184653315,2026-07-04,Sat
ikaliayev,41,overtimeOverdose (2),vodVote,1783184654815,2026-07-04,Sat
avin_novor,38,overtimeOverdose (3),vodVote,1783184661300,2026-07-04,Sat
xiaoxiao9313,35,overtimeOverdose (4),vodVote,1783184689508,2026-07-04,Sat
silent_luc,32,overtimeOverdose (5),vodVote,1783184750999,2026-07-04,Sat
zoskycube,1,Ending round with !v###,vodVote,1783184877031,2026-07-04,Sat
dahhel,45,vote +7🔥,vodVote,1783184993190,2026-07-04,Sat
xiaoxiao9313,45,vote +7🔥,vodVote,1783185009643,2026-07-04,Sat
alfims,39,vote +1🔥,vodVote,1783185011203,2026-07-04,Sat
alfims,33,Gauntlet vote: DOOM 3 [v:1],gauntlet,1783185025252,2026-07-04,Sat
xiaoxiao9313,109,AI Art word: casual,art,1783185045833,2026-07-04,Sat
avin_novor,43,vote +5🔥,vodVote,1783185078029,2026-07-04,Sat
ikaliayev,46,vote +8🔥,vodVote,1783185159083,2026-07-04,Sat
yurigiu,38,vote ,vodVote,1783185245920,2026-07-04,Sat
dahhel,132,Gauntlet vote: Control Ultimate Edition [v:4],gauntlet,1783185252068,2026-07-04,Sat
yurigiu,115,AI Art word: beaks,art,1783185259302,2026-07-04,Sat
yurigiu,33,Gauntlet vote: Moros Protocol [v:1],gauntlet,1783185291714,2026-07-04,Sat
avin_novor,84,AI Art word: granola,art,1783185294368,2026-07-04,Sat
ragnar175,46,vote +8🔥,vodVote,1783185321171,2026-07-04,Sat
silent_luc,49,vote +11🔥,vodVote,1783185321270,2026-07-04,Sat
avin_novor,132,Gauntlet vote: BIOMUTANT [v:4],gauntlet,1783185323309,2026-07-04,Sat
ragnar175,126,AI Art word: gallows,art,1783185359804,2026-07-04,Sat
alfims,163,AI Art word: entropy,art,1783185555857,2026-07-04,Sat
whitepai,38,vote ,vodVote,1783185587648,2026-07-04,Sat
whitepai,33,Gauntlet vote: Dragon's Dogma: Dark Arisen [v:1],gauntlet,1783185589668,2026-07-04,Sat
dahhel,45,Phase 1: CPU,bootLoop,1783185702964,2026-07-04,Sat
ragnar175,45,Phase 1: CPU,bootLoop,1783185702966,2026-07-04,Sat
xiaoxiao9313,45,Phase 1: CPU,bootLoop,1783185702974,2026-07-04,Sat
whitepai,45,Phase 1: CPU,bootLoop,1783185702992,2026-07-04,Sat
ikaliayev,45,Phase 1: CPU,bootLoop,1783185702994,2026-07-04,Sat
avin_novor,45,Phase 1: CPU,bootLoop,1783185703001,2026-07-04,Sat
yurigiu,45,Phase 1: CPU,bootLoop,1783185703008,2026-07-04,Sat
madagascaradam,38,vote ,vodVote,1783185727355,2026-07-04,Sat
alburldador,39,vote +1🔥,vodVote,1783185860471,2026-07-04,Sat
alburldador,84,AI Art word: mountain,art,1783185897869,2026-07-04,Sat
ragnar175,33,Gauntlet vote: DAEMON X MACHINA [v:1],gauntlet,1783185944367,2026-07-04,Sat
ikaliayev,44,overtimeOverdose (1),vodVote,1783186007881,2026-07-04,Sat
player0451,39,vote +1🔥,vodVote,1783186007888,2026-07-04,Sat
xiaoxiao9313,44,overtimeOverdose (1),vodVote,1783186008310,2026-07-04,Sat
player0451,132,Gauntlet vote: DOOM [v:4],gauntlet,1783186012327,2026-07-04,Sat
player0451,77,AI Art word: frittata,art,1783186027808,2026-07-04,Sat
dahhel,41,overtimeOverdose (2),vodVote,1783186053787,2026-07-04,Sat
silent_luc,38,overtimeOverdose (3),vodVote,1783186064647,2026-07-04,Sat
avin_novor,35,overtimeOverdose (4),vodVote,1783186079704,2026-07-04,Sat
ragnar175,65,Phase 2: RAM,bootLoop,1783186108974,2026-07-04,Sat
ikaliayev,65,Phase 2: RAM,bootLoop,1783186108985,2026-07-04,Sat
whitepai,65,Phase 2: RAM,bootLoop,1783186108990,2026-07-04,Sat
avin_novor,65,Phase 2: RAM,bootLoop,1783186108997,2026-07-04,Sat
dahhel,65,Phase 2: RAM,bootLoop,1783186109004,2026-07-04,Sat
xiaoxiao9313,65,Phase 2: RAM,bootLoop,1783186109020,2026-07-04,Sat
whitepai,33,Gauntlet vote: Divinum Demo [v:1],gauntlet,1783186112280,2026-07-04,Sat
whitepai,1000,Voucher: dailyDose,voucher,1783186123891,2026-07-04,Sat
alyssrentori,38,vote ,vodVote,1783186194213,2026-07-04,Sat
zoskycube,1,Ending round with !v###,vodVote,1783186214894,2026-07-04,Sat
alfims,361,9944+361 winning @ vodVote,vodVote,1783186215092,2026-07-04,Sat
alyssrentori,132,Gauntlet vote: Leisure Suit Larry - Magna Cum Laude Uncut and Uncensored [v:4],gauntlet,1783186230795,2026-07-04,Sat
louis_of_apshai,29,AI Art word: austerity,art,1783186306281,2026-07-04,Sat
louis_of_apshai,33,Gauntlet vote: The Land of the Magnates [v:1],gauntlet,1783186313098,2026-07-04,Sat
louis_of_apshai,38,vote ,vodVote,1783186317467,2026-07-04,Sat
dahhel,46,vote +8🔥,vodVote,1783186339862,2026-07-04,Sat
ragnar175,47,vote +9🔥,vodVote,1783186414925,2026-07-04,Sat
ikaliayev,47,vote +9🔥,vodVote,1783186422503,2026-07-04,Sat
xiaoxiao9313,46,vote +8🔥,vodVote,1783186456366,2026-07-04,Sat
avin_novor,44,vote +6🔥,vodVote,1783186498620,2026-07-04,Sat
xiaoxiao9313,147,AI Art word: nervous,art,1783186554644,2026-07-04,Sat
whitepai,39,vote +1🔥,vodVote,1783186640352,2026-07-04,Sat
whitepai,33,Gauntlet vote: LEGO The Incredibles [v:1],gauntlet,1783186642587,2026-07-04,Sat
lillakra,38,vote ,vodVote,1783186688208,2026-07-04,Sat
lillakra,132,Gauntlet vote: Fort Solis [v:4],gauntlet,1783186693456,2026-07-04,Sat
ragnar175,109,AI Art word: unbelief,art,1783186845890,2026-07-04,Sat
ragnar175,66,Gauntlet vote: Marvel's Guardians of the Galaxy [v:2],gauntlet,1783186870594,2026-07-04,Sat
ikaliayev,44,overtimeOverdose (1),vodVote,1783187014444,2026-07-04,Sat
dahhel,41,overtimeOverdose (2),vodVote,1783187044070,2026-07-04,Sat
lillakra,38,overtimeOverdose (3),vodVote,1783187138819,2026-07-04,Sat
zoskycube,1,Ending round with !v###,vodVote,1783187184050,2026-07-04,Sat
dahhel,361,129442+361 winning @ vodVote,vodVote,1783187184234,2026-07-04,Sat
lillakra,45,Phase 1: CPU,bootLoop,1783187190426,2026-07-04,Sat
dahhel,45,Phase 1: CPU,bootLoop,1783187190432,2026-07-04,Sat
ikaliayev,45,Phase 1: CPU,bootLoop,1783187190437,2026-07-04,Sat
ragnar175,45,Phase 1: CPU,bootLoop,1783187190461,2026-07-04,Sat
player0451,38,vote ,vodVote,1783187289897,2026-07-04,Sat
player0451,66,Gauntlet vote: Call of Juarez: Bound in Blood [v:2],gauntlet,1783187304822,2026-07-04,Sat
dahhel,47,vote +9🔥,vodVote,1783187319244,2026-07-04,Sat
avin_novor,45,vote +7🔥,vodVote,1783187351638,2026-07-04,Sat
ikaliayev,48,vote +10🔥,vodVote,1783187393002,2026-07-04,Sat
xiaoxiao9313,47,vote +9🔥,vodVote,1783187410007,2026-07-04,Sat
xiaoxiao9313,33,Gauntlet vote: Adventures of Chris [v:1],gauntlet,1783187425388,2026-07-04,Sat
alburldador,38,vote ,vodVote,1783187584025,2026-07-04,Sat
alburldador,149,AI Art word: verdant,art,1783187610085,2026-07-04,Sat
louis_of_apshai,39,vote +1🔥,vodVote,1783187959012,2026-07-04,Sat
louis_of_apshai,132,Gauntlet vote: Silence [v:4],gauntlet,1783187968058,2026-07-04,Sat
louis_of_apshai,92,AI Art word: tedious,art,1783187972880,2026-07-04,Sat
xiaoxiao9313,189,AI Art word: teacher,art,1783187978198,2026-07-04,Sat
dahhel,44,overtimeOverdose (1),vodVote,1783188042014,2026-07-04,Sat
ikaliayev,41,overtimeOverdose (2),vodVote,1783188092032,2026-07-04,Sat
yurigiu,38,overtimeOverdose (3),vodVote,1783188104459,2026-07-04,Sat
yurigiu,38,vote ,vodVote,1783188106925,2026-07-04,Sat
yurigiu,132,Gauntlet vote: Soulstice [v:4],gauntlet,1783188114764,2026-07-04,Sat
yurigiu,168,AI Art word: hackers,art,1783188127410,2026-07-04,Sat
xiaoxiao9313,35,overtimeOverdose (4),vodVote,1783188271962,2026-07-04,Sat
zoskycube,1,Ending round with !v###,vodVote,1783188371694,2026-07-04,Sat
xiaoxiao9313,38,vote ,vodVote,1783188599903,2026-07-04,Sat
ikaliayev,49,vote +11🔥,vodVote,1783188617458,2026-07-04,Sat
alfims,38,vote ,vodVote,1783188617515,2026-07-04,Sat
alfims,115,AI Art word: white,art,1783188626214,2026-07-04,Sat
dahhel,48,vote +10🔥,vodVote,1783188769457,2026-07-04,Sat
avin_novor,46,vote +8🔥,vodVote,1783188817380,2026-07-04,Sat
player0451,63,AI Art word: outers,art,1783188919898,2026-07-04,Sat
player0451,39,vote +1🔥,vodVote,1783188924424,2026-07-04,Sat
avin_novor,115,AI Art word: opossum,art,1783188973270,2026-07-04,Sat
ikaliayev,44,overtimeOverdose (1),vodVote,1783189121611,2026-07-04,Sat
avin_novor,45,Phase 1: CPU,bootLoop,1783189134582,2026-07-04,Sat
ikaliayev,45,Phase 1: CPU,bootLoop,1783189134589,2026-07-04,Sat
dahhel,45,Phase 1: CPU,bootLoop,1783189134609,2026-07-04,Sat
xiaoxiao9313,45,Phase 1: CPU,bootLoop,1783189134634,2026-07-04,Sat
alburldador,41,overtimeOverdose (2),vodVote,1783189177488,2026-07-04,Sat
alburldador,39,vote +1🔥,vodVote,1783189183322,2026-07-04,Sat
avin_novor,38,overtimeOverdose (3),vodVote,1783189209484,2026-07-04,Sat
alburldador,190,AI Art word: jailor,art,1783189219525,2026-07-04,Sat
dahhel,35,overtimeOverdose (4),vodVote,1783189236296,2026-07-04,Sat
zoskycube,1,Ending round with !v###,vodVote,1783189306356,2026-07-04,Sat
ikaliayev,50,vote +12🔥,vodVote,1783189509731,2026-07-04,Sat
operacional_cae,38,vote ,vodVote,1783189524779,2026-07-04,Sat
dahhel,49,vote +11🔥,vodVote,1783189529148,2026-07-04,Sat
operacional_cae,132,Gauntlet vote: V-Rally 4 [v:4],gauntlet,1783189530024,2026-07-04,Sat
avin_novor,47,vote +9🔥,vodVote,1783189566820,2026-07-04,Sat
xiaoxiao9313,65,Phase 2: GPU,bootLoop,1783189588638,2026-07-04,Sat
ikaliayev,65,Phase 2: GPU,bootLoop,1783189588644,2026-07-04,Sat
avin_novor,65,Phase 2: GPU,bootLoop,1783189588659,2026-07-04,Sat
dahhel,65,Phase 2: GPU,bootLoop,1783189588670,2026-07-04,Sat
operacional_cae,65,Phase 2: GPU,bootLoop,1783189588910,2026-07-04,Sat
lillakra,38,vote ,vodVote,1783189643044,2026-07-04,Sat
lillakra,132,Gauntlet vote: Blue Fire [v:4],gauntlet,1783189652227,2026-07-04,Sat
operacional_cae,112,AI Art word: brownish,art,1783189687327,2026-07-04,Sat
alfims,39,vote +1🔥,vodVote,1783189967602,2026-07-04,Sat
alfims,138,AI Art word: racket,art,1783189977556,2026-07-04,Sat
madagascaradam,38,vote ,vodVote,1783190282099,2026-07-04,Sat
madagascaradam,29,AI Art word: kingly,art,1783190293892,2026-07-04,Sat
whitepai,38,vote ,vodVote,1783190365568,2026-07-04,Sat
whitepai,33,Gauntlet vote: Popup Dungeon [v:1],gauntlet,1783190368686,2026-07-04,Sat
lillakra,132,Gauntlet vote: Soul Axiom Rebooted [v:4],gauntlet,1783190395526,2026-07-04,Sat
dahhel,44,overtimeOverdose (1),vodVote,1783190440009,2026-07-04,Sat
ikaliayev,41,overtimeOverdose (2),vodVote,1783190553819,2026-07-04,Sat
xiaoxiao9313,38,overtimeOverdose (3),vodVote,1783190575155,2026-07-04,Sat
xiaoxiao9313,39,vote +1🔥,vodVote,1783190606925,2026-07-04,Sat
zoskycube,1,Ending round with !v###,vodVote,1783190612760,2026-07-04,Sat
alburldador,38,vote ,vodVote,1783190777566,2026-07-04,Sat
dahhel,45,Phase 1: RAM,bootLoop,1783190790129,2026-07-04,Sat
whitepai,45,Phase 1: RAM,bootLoop,1783190790132,2026-07-04,Sat
lillakra,45,Phase 1: RAM,bootLoop,1783190790135,2026-07-04,Sat
madagascaradam,45,Phase 1: RAM,bootLoop,1783190790141,2026-07-04,Sat
ikaliayev,45,Phase 1: RAM,bootLoop,1783190790144,2026-07-04,Sat
xiaoxiao9313,45,Phase 1: RAM,bootLoop,1783190790154,2026-07-04,Sat
avin_novor,48,vote +10🔥,vodVote,1783190791846,2026-07-04,Sat
alburldador,141,AI Art word: pursuer,art,1783190806886,2026-07-04,Sat
ikaliayev,51,vote +13🔥,vodVote,1783190825927,2026-07-04,Sat
dahhel,50,vote +12🔥,vodVote,1783190829571,2026-07-04,Sat
alburldador,132,Gauntlet vote: Going Under [v:4],gauntlet,1783190857783,2026-07-04,Sat
cerebralx1,38,vote ,vodVote,1783190936215,2026-07-04,Sat
whitepai,39,vote +1🔥,vodVote,1783191010559,2026-07-04,Sat
whitepai,33,Gauntlet vote: Quantum Conundrum [v:1],gauntlet,1783191013870,2026-07-04,Sat
cerebralx1,112,AI Art word: goosebump,art,1783191061094,2026-07-04,Sat
silent_luc,38,vote ,vodVote,1783191327587,2026-07-04,Sat
alfims,40,vote +2🔥,vodVote,1783191330969,2026-07-04,Sat
xiaoxiao9313,40,vote +2🔥,vodVote,1783191335165,2026-07-04,Sat
alfims,100,AI Art word: exhale,art,1783191337094,2026-07-04,Sat
silent_luc,84,AI Art word: mirror,art,1783191524083,2026-07-04,Sat
avin_novor,91,AI Art word: mediocre,art,1783191574986,2026-07-04,Sat
avin_novor,132,Gauntlet vote: Eets [v:4],gauntlet,1783191585756,2026-07-04,Sat
xiaoxiao9313,44,overtimeOverdose (1),vodVote,1783191677946,2026-07-04,Sat
dahhel,41,overtimeOverdose (2),vodVote,1783191711394,2026-07-04,Sat
cerebralx1,38,overtimeOverdose (3),vodVote,1783191721306,2026-07-04,Sat
ikaliayev,35,overtimeOverdose (4),vodVote,1783191806741,2026-07-04,Sat
ikaliayev,132,Gauntlet vote: Ni no Kuni Wrath of the White Witch Remastered [v:4],gauntlet,1783191818824,2026-07-04,Sat
avin_novor,32,overtimeOverdose (5),vodVote,1783191823393,2026-07-04,Sat
avin_novor,1000,Voucher: dailyDose,voucher,1783191858721,2026-07-04,Sat
zoskycube,1,Ending round with !v###,vodVote,1783191885590,2026-07-04,Sat
lovegamesandthings00000,38,vote ,vodVote,1783191992481,2026-07-04,Sat
lovegamesandthings00000,33,Gauntlet vote: The Complex [v:1],gauntlet,1783191997417,2026-07-04,Sat
cerebralx1,39,vote +1🔥,vodVote,1783192005174,2026-07-04,Sat
lovegamesandthings00000,136,AI Art word: ambush,art,1783192010140,2026-07-04,Sat
ikaliayev,52,vote +14🔥,vodVote,1783192035214,2026-07-04,Sat
cerebralx1,132,Gauntlet vote: Street Fighter V [v:4],gauntlet,1783192066303,2026-07-04,Sat
ikaliayev,1000,Voucher: dailyDose,voucher,1783192082225,2026-07-04,Sat
dahhel,51,vote +13🔥,vodVote,1783192126160,2026-07-04,Sat
xiaoxiao9313,41,vote +3🔥,vodVote,1783192161633,2026-07-04,Sat
lillakra,38,vote ,vodVote,1783192167366,2026-07-04,Sat
xiaoxiao9313,33,Gauntlet vote: Bloodroots [v:1],gauntlet,1783192169051,2026-07-04,Sat
xiaoxiao9313,4340,Voucher: zB → zCubes,voucher,1783192191062,2026-07-04,Sat
lillakra,132,Gauntlet vote: Vampire Survivors [v:4],gauntlet,1783192202552,2026-07-04,Sat
lillakra,1000,Voucher: dailyDose,voucher,1783192213778,2026-07-04,Sat
ikaliayev,45,Phase 1: GPU,bootLoop,1783192312284,2026-07-04,Sat
lovegamesandthings00000,45,Phase 1: GPU,bootLoop,1783192312320,2026-07-04,Sat
xiaoxiao9313,45,Phase 1: GPU,bootLoop,1783192312324,2026-07-04,Sat
dahhel,45,Phase 1: GPU,bootLoop,1783192312328,2026-07-04,Sat
lillakra,45,Phase 1: GPU,bootLoop,1783192312338,2026-07-04,Sat
avin_novor,45,Phase 1: GPU,bootLoop,1783192312387,2026-07-04,Sat
cerebralx1,45,Phase 1: GPU,bootLoop,1783192312527,2026-07-04,Sat
silent_luc,39,vote +1🔥,vodVote,1783192369688,2026-07-04,Sat
avin_novor,49,vote +11🔥,vodVote,1783192396954,2026-07-04,Sat
alburldador,39,vote +1🔥,vodVote,1783192420373,2026-07-04,Sat
cerebralx1,138,AI Art word: unwraps,art,1783192607094,2026-07-04,Sat
alburldador,172,AI Art word: umbrous,art,1783192608208,2026-07-04,Sat
valase,44,overtimeOverdose (1),vodVote,1783192623248,2026-07-04,Sat
valase,38,vote ,vodVote,1783192629015,2026-07-04,Sat
avin_novor,41,overtimeOverdose (2),vodVote,1783192629832,2026-07-04,Sat
cerebralx1,38,overtimeOverdose (3),vodVote,1783192646522,2026-07-04,Sat
dahhel,35,overtimeOverdose (4),vodVote,1783192647379,2026-07-04,Sat
alburldador,32,overtimeOverdose (5),vodVote,1783192664795,2026-07-04,Sat
alfims,41,vote +3🔥,vodVote,1783192675504,2026-07-04,Sat
alfims,29,overtimeOverdose (6),vodVote,1783192677390,2026-07-04,Sat
alfims,127,AI Art word: crucifix,art,1783192785109,2026-07-04,Sat
ikaliayev,26,overtimeOverdose (7),vodVote,1783192803584,2026-07-04,Sat
lillakra,23,overtimeOverdose (8),vodVote,1783192850710,2026-07-04,Sat
xiaoxiao9313,20,overtimeOverdose (9),vodVote,1783192893474,2026-07-04,Sat
zoskycube,1,Ending round with !v###,vodVote,1783192918930,2026-07-04,Sat
silent_luc,65,Phase 2: CPU,bootLoop,1783192973591,2026-07-04,Sat
valase,65,Phase 2: CPU,bootLoop,1783192973609,2026-07-04,Sat
alburldador,65,Phase 2: CPU,bootLoop,1783192973619,2026-07-04,Sat
xiaoxiao9313,65,Phase 2: CPU,bootLoop,1783192973621,2026-07-04,Sat
dahhel,65,Phase 2: CPU,bootLoop,1783192973630,2026-07-04,Sat
cerebralx1,65,Phase 2: CPU,bootLoop,1783192973632,2026-07-04,Sat
ikaliayev,65,Phase 2: CPU,bootLoop,1783192973636,2026-07-04,Sat
avin_novor,65,Phase 2: CPU,bootLoop,1783192973680,2026-07-04,Sat
alyssrentori,132,Gauntlet vote: Karate Survivor [v:4],gauntlet,1783193018387,2026-07-04,Sat
alyssrentori,38,vote ,vodVote,1783193021897,2026-07-04,Sat
alyssrentori,42,AI Art word: iron,art,1783193029795,2026-07-04,Sat
dahhel,52,vote +14🔥,vodVote,1783193079535,2026-07-04,Sat
avin_novor,50,vote +12🔥,vodVote,1783193084631,2026-07-04,Sat
cerebralx1,40,vote +2🔥,vodVote,1783193095987,2026-07-04,Sat
ikaliayev,53,vote +15🔥,vodVote,1783193107503,2026-07-04,Sat
silent_luc,40,vote +2🔥,vodVote,1783193159381,2026-07-04,Sat
whitepai,38,vote ,vodVote,1783193208591,2026-07-04,Sat
whitepai,33,Gauntlet vote: Livelock [v:1],gauntlet,1783193210482,2026-07-04,Sat
silent_luc,126,AI Art word: vertigo,art,1783193393708,2026-07-04,Sat
valase,39,vote +1🔥,vodVote,1783193409671,2026-07-04,Sat
xiaoxiao9313,42,vote +4🔥,vodVote,1783193421903,2026-07-04,Sat
xiaoxiao9313,33,Gauntlet vote: Sherlock Holmes: The Devil's Daughter [v:1],gauntlet,1783193432664,2026-07-04,Sat
louis_of_apshai,38,vote ,vodVote,1783193574400,2026-07-04,Sat
louis_of_apshai,132,Gauntlet vote: Raji: An Ancient Epic [v:4],gauntlet,1783193582190,2026-07-04,Sat
louis_of_apshai,36,AI Art word: theoretically,art,1783193603366,2026-07-04,Sat
player0451,38,vote ,vodVote,1783193955007,2026-07-04,Sat
player0451,52,AI Art word: hopes,art,1783193958193,2026-07-04,Sat
player0451,66,Gauntlet vote: BioShock [v:2],gauntlet,1783193961227,2026-07-04,Sat
whitepai,33,Gauntlet vote: Wreckfest [v:1],gauntlet,1783193976560,2026-07-04,Sat
avin_novor,45,Phase 1: GPU,bootLoop,1783194052117,2026-07-04,Sat
dahhel,45,Phase 1: GPU,bootLoop,1783194052123,2026-07-04,Sat
cerebralx1,45,Phase 1: GPU,bootLoop,1783194052134,2026-07-04,Sat
ikaliayev,45,Phase 1: GPU,bootLoop,1783194052147,2026-07-04,Sat
silent_luc,45,Phase 1: GPU,bootLoop,1783194052163,2026-07-04,Sat
cerebralx1,44,overtimeOverdose (1),vodVote,1783194082943,2026-07-04,Sat
cerebralx1,159,AI Art word: subjects,art,1783194122813,2026-07-04,Sat
dahhel,41,overtimeOverdose (2),vodVote,1783194147793,2026-07-04,Sat
avin_novor,38,overtimeOverdose (3),vodVote,1783194251444,2026-07-04,Sat
alburldador,35,overtimeOverdose (4),vodVote,1783194258253,2026-07-04,Sat
alburldador,40,vote +2🔥,vodVote,1783194265457,2026-07-04,Sat
alburldador,132,Gauntlet vote: Dead Island Riptide Definitive Edition [v:4],gauntlet,1783194357311,2026-07-04,Sat
ikaliayev,32,overtimeOverdose (5),vodVote,1783194378953,2026-07-04,Sat
alburldador,172,AI Art word: willing,art,1783194391039,2026-07-04,Sat
zoskycube,1,Ending round with !v###,vodVote,1783194402815,2026-07-04,Sat
puphik,38,vote ,vodVote,1783194518615,2026-07-04,Sat
valase,40,vote +2🔥,vodVote,1783194523192,2026-07-04,Sat
puphik,33,Gauntlet vote: Black Future '88 [v:1],gauntlet,1783194528117,2026-07-04,Sat
xiaoxiao9313,43,vote +5🔥,vodVote,1783194563841,2026-07-04,Sat
silent_luc,41,vote +3🔥,vodVote,1783194572320,2026-07-04,Sat
dahhel,53,vote +15🔥,vodVote,1783194593359,2026-07-04,Sat
silent_luc,132,Gauntlet vote: DOOM [v:4],gauntlet,1783194597283,2026-07-04,Sat
ikaliayev,54,vote +16🔥,vodVote,1783194623593,2026-07-04,Sat
cerebralx1,41,vote +3🔥,vodVote,1783194633016,2026-07-04,Sat
lillakra,38,vote ,vodVote,1783194696489,2026-07-04,Sat
lillakra,132,Gauntlet vote: Pilgrims [v:4],gauntlet,1783194700850,2026-07-04,Sat
tyshalle,38,vote ,vodVote,1783194785047,2026-07-04,Sat
avin_novor,51,vote +13🔥,vodVote,1783195001824,2026-07-04,Sat
dahhel,132,Gauntlet vote: Wolfenstein II: The New Colossus [v:4],gauntlet,1783195133744,2026-07-04,Sat
alfims,38,vote ,vodVote,1783195409535,2026-07-04,Sat
alfims,94,AI Art word: balloon,art,1783195414096,2026-07-04,Sat
operacional_cae,38,vote ,vodVote,1783195421454,2026-07-04,Sat
operacional_cae,99,Gauntlet vote: CHUCHEL [v:3],gauntlet,1783195432534,2026-07-04,Sat
dahhel,45,Phase 1: HDD,bootLoop,1783195561711,2026-07-04,Sat
cerebralx1,45,Phase 1: HDD,bootLoop,1783195561729,2026-07-04,Sat
operacional_cae,45,Phase 1: HDD,bootLoop,1783195561738,2026-07-04,Sat
alfims,45,Phase 1: HDD,bootLoop,1783195561745,2026-07-04,Sat
avin_novor,45,Phase 1: HDD,bootLoop,1783195561764,2026-07-04,Sat
silent_luc,45,Phase 1: HDD,bootLoop,1783195561772,2026-07-04,Sat
ikaliayev,45,Phase 1: HDD,bootLoop,1783195561832,2026-07-04,Sat
player0451,39,vote +1🔥,vodVote,1783195567875,2026-07-04,Sat
player0451,39,AI Art word: roughness,art,1783195572186,2026-07-04,Sat
silent_luc,44,overtimeOverdose (1),vodVote,1783195577547,2026-07-04,Sat
avin_novor,41,overtimeOverdose (2),vodVote,1783195625490,2026-07-04,Sat
ikaliayev,38,overtimeOverdose (3),vodVote,1783195627433,2026-07-04,Sat
cerebralx1,35,overtimeOverdose (4),vodVote,1783195648418,2026-07-04,Sat
alfims,32,overtimeOverdose (5),vodVote,1783195665180,2026-07-04,Sat
dahhel,29,overtimeOverdose (6),vodVote,1783195682564,2026-07-04,Sat
valase,26,overtimeOverdose (7),vodVote,1783195701822,2026-07-04,Sat
zoskycube,1,Ending round with !v###,vodVote,1783195873174,2026-07-04,Sat
alburldador,38,vote ,vodVote,1783196008013,2026-07-04,Sat
avin_novor,52,vote +14🔥,vodVote,1783196130956,2026-07-04,Sat
alburldador,189,AI Art word: lively,art,1783196153771,2026-07-04,Sat
avin_novor,78,AI Art word: lackluster,art,1783196155268,2026-07-04,Sat
ikaliayev,55,vote +17🔥,vodVote,1783196455925,2026-07-04,Sat
dahhel,54,vote +16🔥,vodVote,1783196457771,2026-07-04,Sat
yurigiu,38,vote ,vodVote,1783196461881,2026-07-04,Sat
yurigiu,33,Gauntlet vote: Underland The Climb [v:1],gauntlet,1783196470230,2026-07-04,Sat
silent_luc,42,vote +4🔥,vodVote,1783196495304,2026-07-04,Sat
avin_novor,132,Gauntlet vote: System Shock 2 [v:4],gauntlet,1783196526567,2026-07-04,Sat
valase,41,vote +3🔥,vodVote,1783196529117,2026-07-04,Sat
alfims,39,vote +1🔥,vodVote,1783196758739,2026-07-04,Sat
alfims,33,Gauntlet vote: Kingdom Two Crowns [v:1],gauntlet,1783196769012,2026-07-04,Sat
alfims,58,AI Art word: eternity,art,1783196791102,2026-07-04,Sat
avin_novor,45,Phase 1: RAM,bootLoop,1783196844243,2026-07-04,Sat
alfims,45,Phase 1: RAM,bootLoop,1783196844252,2026-07-04,Sat
dahhel,45,Phase 1: RAM,bootLoop,1783196844258,2026-07-04,Sat
valase,45,Phase 1: RAM,bootLoop,1783196844264,2026-07-04,Sat
dahhel,44,overtimeOverdose (1),vodVote,1783196876405,2026-07-04,Sat
valase,41,overtimeOverdose (2),vodVote,1783196988772,2026-07-04,Sat
silent_luc,38,overtimeOverdose (3),vodVote,1783197035942,2026-07-04,Sat
ikaliayev,35,overtimeOverdose (4),vodVote,1783197042052,2026-07-04,Sat
zoskycube,1,Ending round with !v###,vodVote,1783197044003,2026-07-04,Sat
zoskycube,56,🏆 Unlocked: Lockpick Pro (44.2% rarity),steamChevos,1783197121962,2026-07-04,Sat
dahhel,55,vote +17🔥,vodVote,1783197145765,2026-07-04,Sat
ikaliayev,56,vote +18🔥,vodVote,1783197286285,2026-07-04,Sat
avin_novor,53,vote +15🔥,vodVote,1783197361125,2026-07-04,Sat
silent_luc,43,vote +5🔥,vodVote,1783197376609,2026-07-04,Sat
player0451,38,vote ,vodVote,1783197435965,2026-07-04,Sat
valase,42,vote +4🔥,vodVote,1783197446274,2026-07-04,Sat
alburldador,39,vote +1🔥,vodVote,1783197616199,2026-07-04,Sat
zoskycube,62,🏆 Unlocked: The Story Ends (37.9% rarity),steamChevos,1783197663348,2026-07-04,Sat
alburldador,283,AI Art word: archway,art,1783197664075,2026-07-04,Sat
louis_of_apshai,38,vote ,vodVote,1783197930850,2026-07-04,Sat
louis_of_apshai,33,Gauntlet vote: Grand Ages: Rome [v:1],gauntlet,1783197944037,2026-07-04,Sat
alfims,40,vote +2🔥,vodVote,1783198133117,2026-07-04,Sat
alfims,134,AI Art word: unchanged,art,1783198151407,2026-07-04,Sat
avin_novor,44,overtimeOverdose (1),vodVote,1783198163562,2026-07-04,Sat
silent_luc,41,overtimeOverdose (2),vodVote,1783198211786,2026-07-04,Sat
valase,45,Phase 1: CPU,bootLoop,1783198271852,2026-07-04,Sat
ikaliayev,45,Phase 1: CPU,bootLoop,1783198271877,2026-07-04,Sat
avin_novor,45,Phase 1: CPU,bootLoop,1783198271882,2026-07-04,Sat
louis_of_apshai,45,Phase 1: CPU,bootLoop,1783198271890,2026-07-04,Sat
alfims,45,Phase 1: CPU,bootLoop,1783198271901,2026-07-04,Sat
silent_luc,45,Phase 1: CPU,bootLoop,1783198271973,2026-07-04,Sat
ikaliayev,38,overtimeOverdose (3),vodVote,1783198293108,2026-07-04,Sat
zoskycube,1,Ending round with !v###,vodVote,1783198338163,2026-07-04,Sat
silent_luc,44,vote +6🔥,vodVote,1783198470210,2026-07-04,Sat
avin_novor,54,vote +16🔥,vodVote,1783198549218,2026-07-04,Sat
ikaliayev,57,vote +19🔥,vodVote,1783198589006,2026-07-04,Sat
player0451,39,vote +1🔥,vodVote,1783198676859,2026-07-04,Sat
valase,43,vote +5🔥,vodVote,1783199332612,2026-07-04,Sat
dahhel,56,vote +18🔥,vodVote,1783199476851,2026-07-04,Sat
alfims,41,vote +3🔥,vodVote,1783199524627,2026-07-04,Sat
dahhel,45,Phase 1: RAM,bootLoop,1783199525452,2026-07-04,Sat
ikaliayev,45,Phase 1: RAM,bootLoop,1783199525505,2026-07-04,Sat
valase,45,Phase 1: RAM,bootLoop,1783199525539,2026-07-04,Sat
alfims,44,overtimeOverdose (1),vodVote,1783199527394,2026-07-04,Sat
alfims,94,AI Art word: strong,art,1783199533859,2026-07-04,Sat
dahhel,41,overtimeOverdose (2),vodVote,1783199540840,2026-07-04,Sat
ikaliayev,38,overtimeOverdose (3),vodVote,1783199549093,2026-07-04,Sat
zoskycube,1,Ending round with !v###,vodVote,1783199701477,2026-07-04,Sat
player0451,105,AI Art word: wanted,art,1783199800632,2026-07-04,Sat
puphik,33,Gauntlet vote: Gods Wars : infinity Epic [v:1],gauntlet,1783199805570,2026-07-04,Sat
player0451,40,vote +2🔥,vodVote,1783199805741,2026-07-04,Sat
puphik,38,vote ,vodVote,1783199818113,2026-07-04,Sat
avin_novor,55,vote +17🔥,vodVote,1783199917943,2026-07-04,Sat
valase,1000,Voucher: dailyDose,voucher,1783199968865,2026-07-04,Sat
valase,44,vote +6🔥,vodVote,1783199976683,2026-07-04,Sat
dahhel,57,vote +19🔥,vodVote,1783200073232,2026-07-04,Sat
avin_novor,65,Phase 2: HDD,bootLoop,1783200112439,2026-07-04,Sat
valase,65,Phase 2: HDD,bootLoop,1783200112451,2026-07-04,Sat
puphik,65,Phase 2: HDD,bootLoop,1783200112463,2026-07-04,Sat
dahhel,65,Phase 2: HDD,bootLoop,1783200112473,2026-07-04,Sat
ikaliayev,65,Phase 2: HDD,bootLoop,1783200112533,2026-07-04,Sat
thanossoul,65,Phase 2: HDD,bootLoop,1783200112620,2026-07-04,Sat
ikaliayev,58,vote +20🔥,vodVote,1783200297296,2026-07-04,Sat
madagascaradam,38,vote ,vodVote,1783200440218,2026-07-04,Sat
madagascaradam,1000,Voucher: dailyDose,voucher,1783200457331,2026-07-04,Sat
whitepai,38,vote ,vodVote,1783200643112,2026-07-04,Sat
whitepai,33,Gauntlet vote: Moonlighter [v:1],gauntlet,1783200645665,2026-07-04,Sat
alfims,42,vote +4🔥,vodVote,1783200682745,2026-07-04,Sat
dahhel,44,overtimeOverdose (1),vodVote,1783200800949,2026-07-04,Sat
avin_novor,41,overtimeOverdose (2),vodVote,1783200812116,2026-07-04,Sat
puphik,38,overtimeOverdose (3),vodVote,1783200817240,2026-07-04,Sat
shadowladyex,35,overtimeOverdose (4),vodVote,1783200828658,2026-07-04,Sat
shadowladyex,38,vote ,vodVote,1783200833029,2026-07-04,Sat
lovegamesandthings00000,94,AI Art word: boiled,art,1783200839745,2026-07-04,Sat
lovegamesandthings00000,38,vote ,vodVote,1783200844880,2026-07-04,Sat
valase,32,overtimeOverdose (5),vodVote,1783200846382,2026-07-04,Sat
lovegamesandthings00000,33,Gauntlet vote: Death's Door [v:1],gauntlet,1783200852845,2026-07-04,Sat
thanossoul,29,overtimeOverdose (6),vodVote,1783200864138,2026-07-04,Sat
shadowladyex,178,AI Art word: blotchy,art,1783200883570,2026-07-04,Sat
thanossoul,33,Gauntlet vote: Stygian: Reign of the Old Ones [v:1],gauntlet,1783200897397,2026-07-04,Sat
thanossoul,94,AI Art word: border,art,1783200933622,2026-07-04,Sat
ikaliayev,26,overtimeOverdose (7),vodVote,1783200950816,2026-07-04,Sat
alyssrentori,38,vote ,vodVote,1783200962505,2026-07-04,Sat
alyssrentori,132,Gauntlet vote: Imperium Romanum: Gold Edition [v:4],gauntlet,1783200973121,2026-07-04,Sat
zoskycube,1,Ending round with !v###,vodVote,1783201121749,2026-07-04,Sat
shadowladyex,39,vote +1🔥,vodVote,1783201229428,2026-07-04,Sat
lillakra,38,vote ,vodVote,1783201325525,2026-07-04,Sat
ikaliayev,59,vote +21🔥,vodVote,1783201348842,2026-07-04,Sat
valase,45,vote +7🔥,vodVote,1783201370214,2026-07-04,Sat
dahhel,45,Phase 1: CPU,bootLoop,1783201489231,2026-07-04,Sat
thanossoul,45,Phase 1: CPU,bootLoop,1783201489238,2026-07-04,Sat
avin_novor,45,Phase 1: CPU,bootLoop,1783201489242,2026-07-04,Sat
ikaliayev,45,Phase 1: CPU,bootLoop,1783201489249,2026-07-04,Sat
lillakra,45,Phase 1: CPU,bootLoop,1783201489252,2026-07-04,Sat
lovegamesandthings00000,45,Phase 1: CPU,bootLoop,1783201489259,2026-07-04,Sat
valase,45,Phase 1: CPU,bootLoop,1783201489264,2026-07-04,Sat
shadowladyex,45,Phase 1: CPU,bootLoop,1783201489297,2026-07-04,Sat
avin_novor,56,vote +18🔥,vodVote,1783201493725,2026-07-04,Sat
valase,132,Gauntlet vote: Noita [v:4],gauntlet,1783201603935,2026-07-04,Sat
madagascaradam,39,vote +1🔥,vodVote,1783201620465,2026-07-04,Sat
madagascaradam,73,AI Art word: lucky,art,1783201628613,2026-07-04,Sat
dahhel,58,vote +20🔥,vodVote,1783201726524,2026-07-04,Sat
valase,65,Phase 2: RAM,bootLoop,1783201995230,2026-07-04,Sat
ikaliayev,65,Phase 2: RAM,bootLoop,1783201995233,2026-07-04,Sat
dahhel,65,Phase 2: RAM,bootLoop,1783201995237,2026-07-04,Sat
shadowladyex,65,Phase 2: RAM,bootLoop,1783201995244,2026-07-04,Sat
avin_novor,65,Phase 2: RAM,bootLoop,1783201995339,2026-07-04,Sat
alfims,43,vote +5🔥,vodVote,1783202091669,2026-07-04,Sat
alfims,132,Gauntlet vote: Encased [v:4],gauntlet,1783202095446,2026-07-04,Sat
dahhel,1000,Voucher: dailyDose,voucher,1783202108320,2026-07-04,Sat
shadowladyex,44,overtimeOverdose (1),vodVote,1783202211555,2026-07-04,Sat
llucholba,38,vote ,vodVote,1783202273333,2026-07-04,Sat
llucholba,41,overtimeOverdose (2),vodVote,1783202279067,2026-07-04,Sat
avin_novor,38,overtimeOverdose (3),vodVote,1783202297428,2026-07-04,Sat
llucholba,132,Gauntlet vote: Heretic's Fork [v:4],gauntlet,1783202300062,2026-07-04,Sat
ikaliayev,35,overtimeOverdose (4),vodVote,1783202312624,2026-07-04,Sat
shadowladyex,132,Gauntlet vote: The Gunk [v:4],gauntlet,1783202313408,2026-07-04,Sat
llucholba,1000,Voucher: dailyDose,voucher,1783202316326,2026-07-04,Sat
dahhel,32,overtimeOverdose (5),vodVote,1783202323807,2026-07-04,Sat
shadowladyex,57,AI Art word: equally,art,1783202343517,2026-07-04,Sat
llucholba,91,AI Art word: elephant,art,1783202349297,2026-07-04,Sat
valase,29,overtimeOverdose (6),vodVote,1783202418722,2026-07-04,Sat
valase,132,Gauntlet vote: Starbound [v:4],gauntlet,1783202454587,2026-07-04,Sat
zoskycube,1,Ending round with !v###,vodVote,1783202522244,2026-07-04,Sat
dahhel,59,vote +21🔥,vodVote,1783202721060,2026-07-04,Sat
ikaliayev,60,vote +22🔥,vodVote,1783202746748,2026-07-04,Sat
ura3535,38,vote ,vodVote,1783202863964,2026-07-04,Sat
valase,46,vote +8🔥,vodVote,1783202892244,2026-07-04,Sat
sassdrake,38,vote ,vodVote,1783203019822,2026-07-04,Sat
sassdrake,33,Gauntlet vote: Halo: The Master Chief Collection [v:1],gauntlet,1783203025494,2026-07-04,Sat
avin_novor,57,vote +19🔥,vodVote,1783203092665,2026-07-04,Sat
thanossoul,38,vote ,vodVote,1783203183263,2026-07-04,Sat
thanossoul,33,Gauntlet vote: Hearts of Iron II: Complete [v:1],gauntlet,1783203191713,2026-07-04,Sat
thanossoul,44,overtimeOverdose (1),vodVote,1783203320581,2026-07-04,Sat
shadowladyex,41,overtimeOverdose (2),vodVote,1783203324260,2026-07-04,Sat
ikaliayev,41,overtimeOverdose (2),vodVote,1783203324744,2026-07-04,Sat
dahhel,35,overtimeOverdose (4),vodVote,1783203330769,2026-07-04,Sat
avin_novor,32,overtimeOverdose (5),vodVote,1783203337897,2026-07-04,Sat
valase,29,overtimeOverdose (6),vodVote,1783203407862,2026-07-04,Sat
shadowladyex,40,vote +2🔥,vodVote,1783203487756,2026-07-04,Sat
zoskycube,1,Ending round with !v###,vodVote,1783203616299,2026-07-04,Sat
llucholba,132,Gauntlet vote: VOID/BREAKER [v:4],gauntlet,1783203651243,2026-07-04,Sat
llucholba,80,AI Art word: urban,art,1783203694939,2026-07-04,Sat
sassdrake,47,AI Art word: unification,art,1783203703020,2026-07-04,Sat
shadowladyex,75,AI Art word: unhitched,art,1783203713234,2026-07-04,Sat
shadowladyex,41,vote +3🔥,vodVote,1783203746812,2026-07-04,Sat
dahhel,45,Phase 1: GPU,bootLoop,1783203759373,2026-07-04,Sat
llucholba,45,Phase 1: GPU,bootLoop,1783203759378,2026-07-04,Sat
shadowladyex,45,Phase 1: GPU,bootLoop,1783203759389,2026-07-04,Sat
valase,45,Phase 1: GPU,bootLoop,1783203759393,2026-07-04,Sat
ikaliayev,45,Phase 1: GPU,bootLoop,1783203759499,2026-07-04,Sat
ikaliayev,61,vote +23🔥,vodVote,1783203766484,2026-07-04,Sat
dahhel,60,vote +22🔥,vodVote,1783203790172,2026-07-04,Sat
llucholba,38,vote ,vodVote,1783203873076,2026-07-04,Sat
avin_novor,58,vote +20🔥,vodVote,1783204002615,2026-07-04,Sat
valase,47,vote +9🔥,vodVote,1783204077363,2026-07-04,Sat
dahhel,132,Gauntlet vote: Wolfenstein II: The New Colossus [v:4],gauntlet,1783204143522,2026-07-04,Sat
alexwifi42,38,vote ,vodVote,1783204521741,2026-07-04,Sat
alexwifi42,33,Gauntlet vote: X-Morph: Defense [v:1],gauntlet,1783204540337,2026-07-04,Sat
shadowladyex,132,Gauntlet vote: Afterimage [v:4],gauntlet,1783204574634,2026-07-04,Sat
avin_novor,91,AI Art word: theatric,art,1783204741818,2026-07-04,Sat
shadowladyex,44,overtimeOverdose (1),vodVote,1783204764602,2026-07-04,Sat
avin_novor,41,overtimeOverdose (2),vodVote,1783204768578,2026-07-04,Sat
ikaliayev,38,overtimeOverdose (3),vodVote,1783204795673,2026-07-04,Sat
valase,35,overtimeOverdose (4),vodVote,1783204800416,2026-07-04,Sat
alexwifi42,32,overtimeOverdose (5),vodVote,1783204980192,2026-07-04,Sat
alexwifi42,210,AI Art word: highway,art,1783204995282,2026-07-04,Sat
shadowladyex,176,AI Art word: hateful,art,1783205067809,2026-07-04,Sat
zoskycube,1,Ending round with !v###,vodVote,1783205091224,2026-07-04,Sat
avin_novor,45,Phase 1: HDD,bootLoop,1783205166788,2026-07-04,Sat
ikaliayev,45,Phase 1: HDD,bootLoop,1783205166800,2026-07-04,Sat
shadowladyex,45,Phase 1: HDD,bootLoop,1783205166804,2026-07-04,Sat
valase,45,Phase 1: HDD,bootLoop,1783205166815,2026-07-04,Sat
alexwifi42,45,Phase 1: HDD,bootLoop,1783205166820,2026-07-04,Sat
shadowladyex,42,vote +4🔥,vodVote,1783205196408,2026-07-04,Sat
dahhel,61,vote +23🔥,vodVote,1783205301529,2026-07-04,Sat
ura3535,38,vote ,vodVote,1783205313733,2026-07-04,Sat
valase,48,vote +10🔥,vodVote,1783205338035,2026-07-04,Sat
ikaliayev,62,vote +24🔥,vodVote,1783205355270,2026-07-04,Sat
avin_novor,59,vote +21🔥,vodVote,1783205425378,2026-07-04,Sat
valase,65,Phase 2: CPU,bootLoop,1783205660085,2026-07-04,Sat
dahhel,65,Phase 2: CPU,bootLoop,1783205660097,2026-07-04,Sat
ikaliayev,65,Phase 2: CPU,bootLoop,1783205660109,2026-07-04,Sat
shadowladyex,65,Phase 2: CPU,bootLoop,1783205660112,2026-07-04,Sat
avin_novor,65,Phase 2: CPU,bootLoop,1783205660116,2026-07-04,Sat
snoopys030,38,vote ,vodVote,1783205862093,2026-07-04,Sat
shadowladyex,44,overtimeOverdose (1),vodVote,1783206334016,2026-07-04,Sat
avin_novor,41,overtimeOverdose (2),vodVote,1783206351318,2026-07-04,Sat
shadowladyex,294,AI Art word: blackjack,art,1783206488767,2026-07-04,Sat
ikaliayev,38,overtimeOverdose (3),vodVote,1783206488975,2026-07-04,Sat
dahhel,35,overtimeOverdose (4),vodVote,1783206559275,2026-07-04,Sat
zoskycube,1,Ending round with !v###,vodVote,1783206621675,2026-07-04,Sat
shadowladyex,43,vote +5🔥,vodVote,1783206762203,2026-07-04,Sat
ikaliayev,45,Phase 1: RAM,bootLoop,1783206800724,2026-07-04,Sat
valase,45,Phase 1: RAM,bootLoop,1783206800730,2026-07-04,Sat
dahhel,45,Phase 1: RAM,bootLoop,1783206800748,2026-07-04,Sat
avin_novor,45,Phase 1: RAM,bootLoop,1783206800750,2026-07-04,Sat
shadowladyex,45,Phase 1: RAM,bootLoop,1783206800789,2026-07-04,Sat
yurigiu,84,AI Art word: regular,art,1783206850375,2026-07-04,Sat
yurigiu,132,"Gauntlet vote: Warhammer 40,000: Rogue Trader [v:4]",gauntlet,1783206860211,2026-07-04,Sat
yurigiu,38,vote ,vodVote,1783206866778,2026-07-04,Sat
snoopys030,39,vote +1🔥,vodVote,1783206873315,2026-07-04,Sat
snoopys030,132,Gauntlet vote: Spirit Of The Island [v:4],gauntlet,1783206892297,2026-07-04,Sat
dahhel,62,vote +24🔥,vodVote,1783206993665,2026-07-04,Sat
avin_novor,60,vote +22🔥,vodVote,1783207080354,2026-07-04,Sat
ikaliayev,63,vote +25🔥,vodVote,1783207114891,2026-07-04,Sat
lovegamesandthings00000,63,AI Art word: loop,art,1783207312648,2026-07-04,Sat
lovegamesandthings00000,38,vote ,vodVote,1783207318342,2026-07-04,Sat
valase,49,vote +11🔥,vodVote,1783207326933,2026-07-04,Sat
lovegamesandthings00000,33,Gauntlet vote: The Void [v:1],gauntlet,1783207327859,2026-07-04,Sat
dahhel,65,Phase 2: CPU,bootLoop,1783207468806,2026-07-04,Sat
lovegamesandthings00000,65,Phase 2: CPU,bootLoop,1783207468810,2026-07-04,Sat
avin_novor,65,Phase 2: CPU,bootLoop,1783207468813,2026-07-04,Sat
snoopys030,65,Phase 2: CPU,bootLoop,1783207468883,2026-07-04,Sat
ikaliayev,65,Phase 2: CPU,bootLoop,1783207468885,2026-07-04,Sat
shadowladyex,65,Phase 2: CPU,bootLoop,1783207468891,2026-07-04,Sat
valase,65,Phase 2: CPU,bootLoop,1783207468900,2026-07-04,Sat
valase,44,overtimeOverdose (1),vodVote,1783207610888,2026-07-04,Sat
shadowladyex,41,overtimeOverdose (2),vodVote,1783207619327,2026-07-04,Sat
dahhel,38,overtimeOverdose (3),vodVote,1783207622657,2026-07-04,Sat
avin_novor,35,overtimeOverdose (4),vodVote,1783207629046,2026-07-04,Sat
madagascaradam,32,overtimeOverdose (5),vodVote,1783207760173,2026-07-04,Sat
madagascaradam,38,vote ,vodVote,1783207763720,2026-07-04,Sat
zoskycube,1,Ending round with !v###,vodVote,1783207768437,2026-07-04,Sat
louis_of_apshai,33,Gauntlet vote: KarmaZoo [v:1],gauntlet,1783207823471,2026-07-04,Sat
dahhel,90,Phase 3: HDD,bootLoop,1783207877716,2026-07-04,Sat
shadowladyex,90,Phase 3: HDD,bootLoop,1783207877727,2026-07-04,Sat
louis_of_apshai,90,Phase 3: HDD,bootLoop,1783207877729,2026-07-04,Sat
valase,90,Phase 3: HDD,bootLoop,1783207877741,2026-07-04,Sat
madagascaradam,90,Phase 3: HDD,bootLoop,1783207877760,2026-07-04,Sat
avin_novor,90,Phase 3: HDD,bootLoop,1783207877805,2026-07-04,Sat
shadowladyex,44,vote +6🔥,vodVote,1783207886652,2026-07-04,Sat
ikaliayev,64,vote +26🔥,vodVote,1783207905974,2026-07-04,Sat
shadowladyex,112,AI Art word: encrypting,art,1783207984446,2026-07-04,Sat
valase,50,vote +12🔥,vodVote,1783208010280,2026-07-04,Sat
avin_novor,61,vote +23🔥,vodVote,1783208154726,2026-07-04,Sat
dahhel,63,vote +25🔥,vodVote,1783208186624,2026-07-04,Sat
louis_of_apshai,38,vote ,vodVote,1783208300543,2026-07-04,Sat
louis_of_apshai,49,AI Art word: munition,art,1783208317543,2026-07-04,Sat
snoopys030,40,vote +2🔥,vodVote,1783208490120,2026-07-04,Sat
whitepai,38,vote ,vodVote,1783208599261,2026-07-04,Sat
whitepai,33,Gauntlet vote: Ink Inside [v:1],gauntlet,1783208600786,2026-07-04,Sat
dahhel,44,overtimeOverdose (1),vodVote,1783208680032,2026-07-04,Sat
shadowladyex,41,overtimeOverdose (2),vodVote,1783208686846,2026-07-04,Sat
avin_novor,38,overtimeOverdose (3),vodVote,1783208690535,2026-07-04,Sat
pika_gamy,35,overtimeOverdose (4),vodVote,1783208851671,2026-07-04,Sat
ikaliayev,35,overtimeOverdose (4),vodVote,1783208851893,2026-07-04,Sat
pika_gamy,38,vote ,vodVote,1783208853356,2026-07-04,Sat
zoskycube,1,Ending round with !v###,vodVote,1783208873737,2026-07-04,Sat
shadowladyex,45,Phase 1: HDD,bootLoop,1783208941264,2026-07-04,Sat
dahhel,45,Phase 1: HDD,bootLoop,1783208941293,2026-07-04,Sat
ikaliayev,45,Phase 1: HDD,bootLoop,1783208941395,2026-07-04,Sat
whitepai,45,Phase 1: HDD,bootLoop,1783208941398,2026-07-04,Sat
dahhel,64,vote +26🔥,vodVote,1783209009551,2026-07-04,Sat
ikaliayev,65,vote +27🔥,vodVote,1783209105564,2026-07-04,Sat
avin_novor,62,vote +24🔥,vodVote,1783209107396,2026-07-04,Sat
valase,51,vote +13🔥,vodVote,1783209130057,2026-07-04,Sat
shadowladyex,45,vote +7🔥,vodVote,1783209237026,2026-07-04,Sat
shadowladyex,235,AI Art word: unkempt,art,1783209326186,2026-07-04,Sat
shadowladyex,65,Phase 2: CPU,bootLoop,1783209405304,2026-07-04,Sat
valase,65,Phase 2: CPU,bootLoop,1783209405311,2026-07-04,Sat
avin_novor,65,Phase 2: CPU,bootLoop,1783209405313,2026-07-04,Sat
dahhel,65,Phase 2: CPU,bootLoop,1783209405320,2026-07-04,Sat
ikaliayev,65,Phase 2: CPU,bootLoop,1783209405323,2026-07-04,Sat
madagascaradam,38,vote ,vodVote,1783209433682,2026-07-04,Sat
player0451,38,vote ,vodVote,1783209447055,2026-07-04,Sat
player0451,33,Gauntlet vote: Aces and Adventures [v:1],gauntlet,1783209461314,2026-07-04,Sat
player0451,105,AI Art word: candid,art,1783209471211,2026-07-04,Sat
snoopys030,41,vote +3🔥,vodVote,1783209490504,2026-07-04,Sat
ikaliayev,44,overtimeOverdose (1),vodVote,1783209670478,2026-07-05,Sat
dahhel,41,overtimeOverdose (2),vodVote,1783209689925,2026-07-05,Sat
avin_novor,38,overtimeOverdose (3),vodVote,1783209702561,2026-07-05,Sat
valase,35,overtimeOverdose (4),vodVote,1783209739399,2026-07-05,Sat
pika_gamy,32,overtimeOverdose (5),vodVote,1783209743036,2026-07-05,Sat
pika_gamy,39,vote +1🔥,vodVote,1783209745995,2026-07-05,Sat
louis_of_apshai,39,vote +1🔥,vodVote,1783209795638,2026-07-05,Sat
louis_of_apshai,77,AI Art word: intimate,art,1783209806717,2026-07-05,Sat
shadowladyex,29,overtimeOverdose (6),vodVote,1783209809856,2026-07-05,Sat
louis_of_apshai,132,Gauntlet vote: The Isle Tide Hotel [v:4],gauntlet,1783209819278,2026-07-05,Sat
zoskycube,1,Ending round with !v###,vodVote,1783209826034,2026-07-05,Sat
dahhel,65,vote +27🔥,vodVote,1783209928324,2026-07-05,Sat
avin_novor,90,Phase 3: RAM,bootLoop,1783209956354,2026-07-05,Sat
dahhel,90,Phase 3: RAM,bootLoop,1783209956359,2026-07-05,Sat
shadowladyex,90,Phase 3: RAM,bootLoop,1783209956363,2026-07-05,Sat
louis_of_apshai,90,Phase 3: RAM,bootLoop,1783209956380,2026-07-05,Sat
snoopys030,90,Phase 3: RAM,bootLoop,1783209956387,2026-07-05,Sat
pika_gamy,90,Phase 3: RAM,bootLoop,1783209956401,2026-07-05,Sat
ikaliayev,90,Phase 3: RAM,bootLoop,1783209956409,2026-07-05,Sat
valase,90,Phase 3: RAM,bootLoop,1783209956429,2026-07-05,Sat
shadowladyex,46,vote +8🔥,vodVote,1783209963841,2026-07-05,Sat
avin_novor,63,vote +25🔥,vodVote,1783210175944,2026-07-05,Sat
valase,52,vote +14🔥,vodVote,1783210186594,2026-07-05,Sat
ikaliayev,66,vote +28🔥,vodVote,1783210200549,2026-07-05,Sat
snoopys030,42,vote +4🔥,vodVote,1783210210801,2026-07-05,Sat
snoopys030,132,Gauntlet vote: King Of The Castle [v:4],gauntlet,1783210234641,2026-07-05,Sat
valase,132,Gauntlet vote: Starbound [v:4],gauntlet,1783210377340,2026-07-05,Sat
avin_novor,42,AI Art word: hollered,art,1783210607852,2026-07-05,Sat
thanossoul,38,vote ,vodVote,1783210659899,2026-07-05,Sat
thanossoul,33,Gauntlet vote: Sherlock Holmes: The Devil's Daughter [v:1],gauntlet,1783210672069,2026-07-05,Sat
shadowladyex,44,overtimeOverdose (1),vodVote,1783210748443,2026-07-05,Sat
ikaliayev,41,overtimeOverdose (2),vodVote,1783210777262,2026-07-05,Sat
avin_novor,38,overtimeOverdose (3),vodVote,1783210780315,2026-07-05,Sat
alexwifi42,35,overtimeOverdose (4),vodVote,1783210787057,2026-07-05,Sat
dahhel,32,overtimeOverdose (5),vodVote,1783210791084,2026-07-05,Sat
shadowladyex,195,AI Art word: skyjacking,art,1783210792445,2026-07-05,Sat
alexwifi42,33,Gauntlet vote: DmC Devil May Cry [v:1],gauntlet,1783210800225,2026-07-05,Sat
alexwifi42,38,vote ,vodVote,1783210804996,2026-07-05,Sat
alexwifi42,115,AI Art word: slick,art,1783210820088,2026-07-05,Sat
valase,29,overtimeOverdose (6),vodVote,1783210838777,2026-07-05,Sat
zoskycube,1,Ending round with !v###,vodVote,1783210994155,2026-07-05,Sat
dahhel,66,Gauntlet vote: Control Ultimate Edition [v:2],gauntlet,1783211019910,2026-07-05,Sat
avin_novor,64,vote +26🔥,vodVote,1783211108276,2026-07-05,Sat
avin_novor,132,Gauntlet vote: Portal 2 [v:4],gauntlet,1783211114634,2026-07-05,Sat
pika_gamy,38,vote ,vodVote,1783211183977,2026-07-05,Sat
dahhel,66,vote +28🔥,vodVote,1783211189392,2026-07-05,Sat
alexwifi42,39,vote +1🔥,vodVote,1783211194036,2026-07-05,Sat
pika_gamy,66,Gauntlet vote: Dead by Daylight [v:2],gauntlet,1783211208914,2026-07-05,Sat
shadowladyex,47,vote +9🔥,vodVote,1783211227956,2026-07-05,Sat
ikaliayev,67,vote +29🔥,vodVote,1783211236769,2026-07-05,Sat
valase,53,vote +15🔥,vodVote,1783211273057,2026-07-05,Sat
alexwifi42,45,Phase 1: RAM,bootLoop,1783211283897,2026-07-05,Sat
ikaliayev,45,Phase 1: RAM,bootLoop,1783211283911,2026-07-05,Sat
avin_novor,45,Phase 1: RAM,bootLoop,1783211283915,2026-07-05,Sat
dahhel,45,Phase 1: RAM,bootLoop,1783211283921,2026-07-05,Sat
shadowladyex,45,Phase 1: RAM,bootLoop,1783211283955,2026-07-05,Sat
pika_gamy,45,Phase 1: RAM,bootLoop,1783211283987,2026-07-05,Sat
valase,45,Phase 1: RAM,bootLoop,1783211283989,2026-07-05,Sat
valase,33,Gauntlet vote: Deep Rock Galactic [v:1],gauntlet,1783211524402,2026-07-05,Sat
snoopys030,43,vote +5🔥,vodVote,1783211643400,2026-07-05,Sat
snoopys030,65,Phase 2: HDD,bootLoop,1783211799980,2026-07-05,Sat
shadowladyex,65,Phase 2: HDD,bootLoop,1783211799989,2026-07-05,Sat
dahhel,65,Phase 2: HDD,bootLoop,1783211799992,2026-07-05,Sat
ikaliayev,65,Phase 2: HDD,bootLoop,1783211799994,2026-07-05,Sat
pika_gamy,65,Phase 2: HDD,bootLoop,1783211800001,2026-07-05,Sat
valase,65,Phase 2: HDD,bootLoop,1783211800005,2026-07-05,Sat
shadowladyex,44,overtimeOverdose (1),vodVote,1783212109504,2026-07-05,Sat
valase,33,Gauntlet vote: PC Building Simulator [v:1],gauntlet,1783212119560,2026-07-05,Sat
valase,41,overtimeOverdose (2),vodVote,1783212131351,2026-07-05,Sat
thanossoul,38,overtimeOverdose (3),vodVote,1783212133766,2026-07-05,Sat
avin_novor,35,overtimeOverdose (4),vodVote,1783212138260,2026-07-05,Sat
shadowladyex,204,AI Art word: bonkers,art,1783212160148,2026-07-05,Sat
pika_gamy,32,overtimeOverdose (5),vodVote,1783212173972,2026-07-05,Sat
dahhel,29,overtimeOverdose (6),vodVote,1783212192106,2026-07-05,Sat
alexwifi42,26,overtimeOverdose (7),vodVote,1783212218083,2026-07-05,Sat
alexwifi42,132,Gauntlet vote: Wolfenstein II: The New Colossus [v:4],gauntlet,1783212228957,2026-07-05,Sat
alyssrentori,38,vote ,vodVote,1783212295245,2026-07-05,Sat
alyssrentori,132,Gauntlet vote: Beyond a Steel Sky [v:4],gauntlet,1783212304023,2026-07-05,Sat
thanossoul,90,Phase 3: CPU,bootLoop,1783212361969,2026-07-05,Sat
ikaliayev,90,Phase 3: CPU,bootLoop,1783212361977,2026-07-05,Sat
pika_gamy,90,Phase 3: CPU,bootLoop,1783212362019,2026-07-05,Sat
alexwifi42,90,Phase 3: CPU,bootLoop,1783212362022,2026-07-05,Sat
valase,90,Phase 3: CPU,bootLoop,1783212362029,2026-07-05,Sat
dahhel,90,Phase 3: CPU,bootLoop,1783212362033,2026-07-05,Sat
shadowladyex,90,Phase 3: CPU,bootLoop,1783212362035,2026-07-05,Sat
avin_novor,90,Phase 3: CPU,bootLoop,1783212362123,2026-07-05,Sat
thanossoul,33,Gauntlet vote: The Walking Dead: Michonne [v:1],gauntlet,1783212398522,2026-07-05,Sat
zoskycube,1,Ending round with !v###,vodVote,1783212413170,2026-07-05,Sat
avin_novor,172,AI Art word: revoked,art,1783212418266,2026-07-05,Sat
dahhel,67,vote +29🔥,vodVote,1783212519084,2026-07-05,Sat
shadowladyex,48,vote +10🔥,vodVote,1783212520789,2026-07-05,Sat
thanossoul,38,vote ,vodVote,1783212537868,2026-07-05,Sat
avin_novor,65,vote +27🔥,vodVote,1783212559029,2026-07-05,Sat
valase,54,vote +16🔥,vodVote,1783212585123,2026-07-05,Sat
ikaliayev,38,vote ,vodVote,1783212598663,2026-07-05,Sat
pika_gamy,39,vote +1🔥,vodVote,1783212698594,2026-07-05,Sat
thanossoul,33,Gauntlet vote: Returnal™ [v:1],gauntlet,1783212890065,2026-07-05,Sat
snoopys030,44,vote +6🔥,vodVote,1783213336632,2026-07-05,Sat
shadowladyex,44,overtimeOverdose (1),vodVote,1783213417839,2026-07-05,Sat
snoopys030,41,overtimeOverdose (2),vodVote,1783213442946,2026-07-05,Sat
thanossoul,38,overtimeOverdose (3),vodVote,1783213483363,2026-07-05,Sat
dahhel,35,overtimeOverdose (4),vodVote,1783213544013,2026-07-05,Sat
pika_gamy,32,overtimeOverdose (5),vodVote,1783213545233,2026-07-05,Sat
player0451,56,AI Art word: entrails,art,1783213565874,2026-07-05,Sat
player0451,38,vote ,vodVote,1783213571299,2026-07-05,Sat
shadowladyex,115,AI Art word: explicit,art,1783213577361,2026-07-05,Sat
zoskycube,1,Ending round with !v###,vodVote,1783213594489,2026-07-05,Sat
valase,132,Gauntlet vote: Noita [v:4],gauntlet,1783213670757,2026-07-05,Sat
pika_gamy,45,Phase 1: CPU,bootLoop,1783213674637,2026-07-05,Sat
valase,45,Phase 1: CPU,bootLoop,1783213674658,2026-07-05,Sat
dahhel,45,Phase 1: CPU,bootLoop,1783213674660,2026-07-05,Sat
thanossoul,45,Phase 1: CPU,bootLoop,1783213674678,2026-07-05,Sat
snoopys030,45,Phase 1: CPU,bootLoop,1783213674721,2026-07-05,Sat
shadowladyex,45,Phase 1: CPU,bootLoop,1783213674730,2026-07-05,Sat
ikaliayev,45,Phase 1: CPU,bootLoop,1783213674743,2026-07-05,Sat
dahhel,68,vote +30🔥,vodVote,1783213720236,2026-07-05,Sat
shadowladyex,49,vote +11🔥,vodVote,1783213755863,2026-07-05,Sat
valase,55,vote +17🔥,vodVote,1783213900339,2026-07-05,Sat
avin_novor,66,vote +28🔥,vodVote,1783214062830,2026-07-05,Sat
snoopys030,45,vote +7🔥,vodVote,1783214152263,2026-07-05,Sat
valase,65,Phase 2: GPU,bootLoop,1783214163683,2026-07-05,Sat
snoopys030,65,Phase 2: GPU,bootLoop,1783214163688,2026-07-05,Sat
dahhel,65,Phase 2: GPU,bootLoop,1783214163699,2026-07-05,Sat
avin_novor,65,Phase 2: GPU,bootLoop,1783214163703,2026-07-05,Sat
shadowladyex,65,Phase 2: GPU,bootLoop,1783214163706,2026-07-05,Sat
ikaliayev,39,vote +1🔥,vodVote,1783214219528,2026-07-05,Sat
avin_novor,112,AI Art word: abated,art,1783214398976,2026-07-05,Sat
shadowladyex,44,overtimeOverdose (1),vodVote,1783214513094,2026-07-05,Sat
avin_novor,41,overtimeOverdose (2),vodVote,1783214595722,2026-07-05,Sat
dahhel,38,overtimeOverdose (3),vodVote,1783214709134,2026-07-05,Sat
zoskycube,1,Ending round with !v###,vodVote,1783214849716,2026-07-05,Sat
shadowladyex,189,AI Art word: upheld,art,1783214929611,2026-07-05,Sat
shadowladyex,50,vote +12🔥,vodVote,1783214960605,2026-07-05,Sat
avin_novor,67,vote +29🔥,vodVote,1783214979920,2026-07-05,Sat
snoopys030,46,vote +8🔥,vodVote,1783214984045,2026-07-05,Sat
snoopys030,1000,Voucher: dailyDose,voucher,1783214998347,2026-07-05,Sat
dahhel,69,vote +31🔥,vodVote,1783215069258,2026-07-05,Sat
ikaliayev,40,vote +2🔥,vodVote,1783215077275,2026-07-05,Sat
llucholba,38,vote ,vodVote,1783215127026,2026-07-05,Sat
llucholba,132,Gauntlet vote: Super Block Crush [v:4],gauntlet,1783215135237,2026-07-05,Sat
llucholba,84,AI Art word: caps,art,1783215152437,2026-07-05,Sat
slay_da_b,38,vote ,vodVote,1783215340073,2026-07-05,Sat
slay_da_b,33,Gauntlet vote: Bless Unleashed [v:1],gauntlet,1783215404722,2026-07-05,Sat
avin_novor,45,Phase 1: GPU,bootLoop,1783215414400,2026-07-05,Sat
shadowladyex,45,Phase 1: GPU,bootLoop,1783215414408,2026-07-05,Sat
dahhel,45,Phase 1: GPU,bootLoop,1783215414418,2026-07-05,Sat
ikaliayev,45,Phase 1: GPU,bootLoop,1783215414422,2026-07-05,Sat
llucholba,45,Phase 1: GPU,bootLoop,1783215414426,2026-07-05,Sat
snoopys030,45,Phase 1: GPU,bootLoop,1783215414467,2026-07-05,Sat
ikaliayev,44,overtimeOverdose (1),vodVote,1783215612384,2026-07-05,Sat
avin_novor,41,overtimeOverdose (2),vodVote,1783215652443,2026-07-05,Sat
dahhel,38,overtimeOverdose (3),vodVote,1783215653943,2026-07-05,Sat
shadowladyex,35,overtimeOverdose (4),vodVote,1783215665985,2026-07-05,Sat
snoopys030,32,overtimeOverdose (5),vodVote,1783215728321,2026-07-05,Sat
zoskycube,1,Ending round with !v###,vodVote,1783215798051,2026-07-05,Sat
ikaliayev,65,Phase 2: HDD,bootLoop,1783215894319,2026-07-05,Sat
dahhel,65,Phase 2: HDD,bootLoop,1783215894326,2026-07-05,Sat
shadowladyex,65,Phase 2: HDD,bootLoop,1783215894336,2026-07-05,Sat
snoopys030,65,Phase 2: HDD,bootLoop,1783215894340,2026-07-05,Sat
avin_novor,65,Phase 2: HDD,bootLoop,1783215894373,2026-07-05,Sat
dahhel,70,vote +32🔥,vodVote,1783215926389,2026-07-05,Sat
avin_novor,68,vote +30🔥,vodVote,1783216120027,2026-07-05,Sat
shadowladyex,51,vote +13🔥,vodVote,1783216221023,2026-07-05,Sat
snoopys030,47,vote +9🔥,vodVote,1783216254899,2026-07-05,Sat
ikaliayev,41,vote +3🔥,vodVote,1783216557262,2026-07-05,Sat
shadowladyex,235,AI Art word: walkup,art,1783216640756,2026-07-05,Sat
shadowladyex,44,overtimeOverdose (1),vodVote,1783216775789,2026-07-05,Sat
snoopys030,41,overtimeOverdose (2),vodVote,1783216804814,2026-07-05,Sat
avin_novor,38,overtimeOverdose (3),vodVote,1783216838254,2026-07-05,Sat
dahhel,35,overtimeOverdose (4),vodVote,1783216912259,2026-07-05,Sat
ikaliayev,32,overtimeOverdose (5),vodVote,1783216998836,2026-07-05,Sat
dahhel,45,Phase 1: HDD,bootLoop,1783217083877,2026-07-05,Sat
snoopys030,45,Phase 1: HDD,bootLoop,1783217083880,2026-07-05,Sat
shadowladyex,45,Phase 1: HDD,bootLoop,1783217083882,2026-07-05,Sat
avin_novor,45,Phase 1: HDD,bootLoop,1783217083889,2026-07-05,Sat
ikaliayev,45,Phase 1: HDD,bootLoop,1783217083892,2026-07-05,Sat
zoskycube,1,Ending round with !v###,vodVote,1783217110502,2026-07-05,Sat
dahhel,71,vote +33🔥,vodVote,1783217274727,2026-07-05,Sat
shadowladyex,52,vote +14🔥,vodVote,1783217283074,2026-07-05,Sat
avin_novor,69,vote +31🔥,vodVote,1783217321372,2026-07-05,Sat
ikaliayev,42,vote +4🔥,vodVote,1783217389531,2026-07-05,Sat
ikaliayev,65,Phase 2: GPU,bootLoop,1783217517770,2026-07-05,Sat
dahhel,65,Phase 2: GPU,bootLoop,1783217517778,2026-07-05,Sat
shadowladyex,65,Phase 2: GPU,bootLoop,1783217517786,2026-07-05,Sat
avin_novor,65,Phase 2: GPU,bootLoop,1783217517788,2026-07-05,Sat
slay_da_b,38,vote ,vodVote,1783217672734,2026-07-05,Sat
player0451,38,vote ,vodVote,1783217767228,2026-07-05,Sat
player0451,66,Gauntlet vote: Streets of Rogue [v:2],gauntlet,1783217773360,2026-07-05,Sat
snoopys030,48,vote +10🔥,vodVote,1783217828183,2026-07-05,Sat
snoopys030,44,overtimeOverdose (1),vodVote,1783217870188,2026-07-05,Sat
avin_novor,41,overtimeOverdose (2),vodVote,1783217911010,2026-07-05,Sat
thanossoul,38,overtimeOverdose (3),vodVote,1783217927912,2026-07-05,Sat
thanossoul,33,Gauntlet vote: Vault Cracker [v:1],gauntlet,1783217942871,2026-07-05,Sat
ikaliayev,35,overtimeOverdose (4),vodVote,1783217958639,2026-07-05,Sat
shadowladyex,32,overtimeOverdose (5),vodVote,1783217980395,2026-07-05,Sat
snoopys030,90,Phase 3: RAM,bootLoop,1783217984861,2026-07-05,Sat
avin_novor,90,Phase 3: RAM,bootLoop,1783217984866,2026-07-05,Sat
thanossoul,90,Phase 3: RAM,bootLoop,1783217984877,2026-07-05,Sat
dahhel,90,Phase 3: RAM,bootLoop,1783217984881,2026-07-05,Sat
slay_da_b,90,Phase 3: RAM,bootLoop,1783217984901,2026-07-05,Sat
shadowladyex,90,Phase 3: RAM,bootLoop,1783217984967,2026-07-05,Sat
dahhel,29,overtimeOverdose (6),vodVote,1783218001618,2026-07-05,Sat
zoskycube,1,Ending round with !v###,vodVote,1783218033897,2026-07-05,Sat
ikaliayev,43,vote +5🔥,vodVote,1783218169553,2026-07-05,Sat
snoopys030,49,vote +11🔥,vodVote,1783218236085,2026-07-05,Sat
dahhel,72,vote +34🔥,vodVote,1783218364518,2026-07-05,Sat
shadowladyex,53,vote +15🔥,vodVote,1783218440146,2026-07-05,Sat
avin_novor,70,vote +32🔥,vodVote,1783218672649,2026-07-05,Sat
alyssrentori,38,vote ,vodVote,1783219000641,2026-07-05,Sat
alyssrentori,132,Gauntlet vote: Grand Ages: Rome [v:4],gauntlet,1783219016435,2026-07-05,Sat
avin_novor,45,Phase 1: CPU,bootLoop,1783219147363,2026-07-05,Sat
ikaliayev,45,Phase 1: CPU,bootLoop,1783219147370,2026-07-05,Sat
dahhel,45,Phase 1: CPU,bootLoop,1783219147374,2026-07-05,Sat
shadowladyex,45,Phase 1: CPU,bootLoop,1783219147380,2026-07-05,Sat
snoopys030,45,Phase 1: CPU,bootLoop,1783219147422,2026-07-05,Sat
dahhel,44,overtimeOverdose (1),vodVote,1783219241603,2026-07-05,Sat
shadowladyex,41,overtimeOverdose (2),vodVote,1783219274549,2026-07-05,Sat
avin_novor,38,overtimeOverdose (3),vodVote,1783219313099,2026-07-05,Sat
ikaliayev,35,overtimeOverdose (4),vodVote,1783219447211,2026-07-05,Sat
zoskycube,1,Ending round with !v###,vodVote,1783219537234,2026-07-05,Sat
dahhel,73,vote +35🔥,vodVote,1783219659947,2026-07-05,Sat
thanossoul,38,vote ,vodVote,1783219674524,2026-07-05,Sat
thanossoul,33,Gauntlet vote: Hollow Knight: Silksong [v:1],gauntlet,1783219686764,2026-07-05,Sat
thanossoul,65,Phase 2: RAM,bootLoop,1783219760329,2026-07-05,Sat
ikaliayev,65,Phase 2: RAM,bootLoop,1783219760340,2026-07-05,Sat
dahhel,65,Phase 2: RAM,bootLoop,1783219760343,2026-07-05,Sat
shadowladyex,65,Phase 2: RAM,bootLoop,1783219760350,2026-07-05,Sat
avin_novor,65,Phase 2: RAM,bootLoop,1783219760358,2026-07-05,Sat
ikaliayev,44,vote +6🔥,vodVote,1783219813993,2026-07-05,Sat
avin_novor,71,vote +33🔥,vodVote,1783219899630,2026-07-05,Sat
slay_da_b,38,vote ,vodVote,1783219906587,2026-07-05,Sat
slay_da_b,132,Gauntlet vote: Dead by Daylight [v:4],gauntlet,1783219939776,2026-07-05,Sat
shadowladyex,54,vote +16🔥,vodVote,1783220204805,2026-07-05,Sat
snoopys030,50,vote +12🔥,vodVote,1783220301822,2026-07-05,Sat
thanossoul,84,AI Art word: undermine,art,1783220387067,2026-07-05,Sat
thanossoul,33,Gauntlet vote: Half-Life [v:1],gauntlet,1783220402149,2026-07-05,Sat
pika_gamy,38,vote ,vodVote,1783220441383,2026-07-05,Sat
dahhel,90,Phase 3: HDD,bootLoop,1783220458287,2026-07-05,Sat
ikaliayev,90,Phase 3: HDD,bootLoop,1783220458290,2026-07-05,Sat
pika_gamy,90,Phase 3: HDD,bootLoop,1783220458293,2026-07-05,Sat
slay_da_b,90,Phase 3: HDD,bootLoop,1783220458301,2026-07-05,Sat
thanossoul,90,Phase 3: HDD,bootLoop,1783220458304,2026-07-05,Sat
snoopys030,90,Phase 3: HDD,bootLoop,1783220458308,2026-07-05,Sat
avin_novor,90,Phase 3: HDD,bootLoop,1783220458314,2026-07-05,Sat
shadowladyex,90,Phase 3: HDD,bootLoop,1783220458316,2026-07-05,Sat
shadowladyex,132,Gauntlet vote: Banishers: Ghosts of New Eden [v:4],gauntlet,1783220556032,2026-07-05,Sat
shadowladyex,44,overtimeOverdose (1),vodVote,1783220702251,2026-07-05,Sat
snoopys030,41,overtimeOverdose (2),vodVote,1783220705814,2026-07-05,Sat
dahhel,38,overtimeOverdose (3),vodVote,1783220711029,2026-07-05,Sat
avin_novor,35,overtimeOverdose (4),vodVote,1783220716121,2026-07-05,Sat
ikaliayev,32,overtimeOverdose (5),vodVote,1783220746568,2026-07-05,Sat
pika_gamy,29,overtimeOverdose (6),vodVote,1783220777489,2026-07-05,Sat
thanossoul,26,overtimeOverdose (7),vodVote,1783220794592,2026-07-05,Sat
pika_gamy,1000,Voucher: dailyDose,voucher,1783220920577,2026-07-05,Sat
zoskycube,1,Ending round with !v###,vodVote,1783220966138,2026-07-05,Sat
shadowladyex,120,Phase 4: GPU,bootLoop,1783221007358,2026-07-05,Sat
thanossoul,120,Phase 4: GPU,bootLoop,1783221007364,2026-07-05,Sat
avin_novor,120,Phase 4: GPU,bootLoop,1783221007382,2026-07-05,Sat
ikaliayev,120,Phase 4: GPU,bootLoop,1783221007390,2026-07-05,Sat
dahhel,120,Phase 4: GPU,bootLoop,1783221007392,2026-07-05,Sat
pika_gamy,120,Phase 4: GPU,bootLoop,1783221007395,2026-07-05,Sat
snoopys030,120,Phase 4: GPU,bootLoop,1783221007402,2026-07-05,Sat
dahhel,125,proStar bonus: all 4 phases,bootLoop,1783221007852,2026-07-05,Sat
ikaliayev,125,proStar bonus: all 4 phases,bootLoop,1783221007855,2026-07-05,Sat
avin_novor,125,proStar bonus: all 4 phases,bootLoop,1783221007859,2026-07-05,Sat
shadowladyex,125,proStar bonus: all 4 phases,bootLoop,1783221007866,2026-07-05,Sat
dahhel,74,vote +36🔥,vodVote,1783221071467,2026-07-05,Sat
dahhel,33,Gauntlet vote: Wolfenstein II: The New Colossus [v:1],gauntlet,1783221118764,2026-07-05,Sat
shadowladyex,55,vote +17🔥,vodVote,1783221123804,2026-07-05,Sat
pika_gamy,39,vote +1🔥,vodVote,1783221163536,2026-07-05,Sat
avin_novor,72,vote +34🔥,vodVote,1783221179801,2026-07-05,Sat
ikaliayev,45,vote +7🔥,vodVote,1783221182987,2026-07-05,Sat
thanossoul,39,vote +1🔥,vodVote,1783221248074,2026-07-05,Sat
thanossoul,33,Gauntlet vote: RoboCop: Rogue City [v:1],gauntlet,1783221259335,2026-07-05,Sat
slay_da_b,39,vote +1🔥,vodVote,1783221432511,2026-07-05,Sat
slay_da_b,132,Gauntlet vote: Marvel's Guardians of the Galaxy [v:4],gauntlet,1783221493463,2026-07-05,Sat
snoopys030,51,vote +13🔥,vodVote,1783221527442,2026-07-05,Sat
shadowladyex,44,overtimeOverdose (1),vodVote,1783221854060,2026-07-05,Sat
thanossoul,41,overtimeOverdose (2),vodVote,1783221886953,2026-07-05,Sat
dahhel,38,overtimeOverdose (3),vodVote,1783221900230,2026-07-05,Sat
shadowladyex,45,Phase 1: RAM,bootLoop,1783221908089,2026-07-05,Sat
dahhel,45,Phase 1: RAM,bootLoop,1783221908095,2026-07-05,Sat
avin_novor,45,Phase 1: RAM,bootLoop,1783221908102,2026-07-05,Sat
slay_da_b,45,Phase 1: RAM,bootLoop,1783221908111,2026-07-05,Sat
snoopys030,45,Phase 1: RAM,bootLoop,1783221908116,2026-07-05,Sat
ikaliayev,45,Phase 1: RAM,bootLoop,1783221908122,2026-07-05,Sat
thanossoul,45,Phase 1: RAM,bootLoop,1783221908125,2026-07-05,Sat
ikaliayev,35,overtimeOverdose (4),vodVote,1783222003427,2026-07-05,Sat
snoopys030,32,overtimeOverdose (5),vodVote,1783222057059,2026-07-05,Sat
player0451,33,AI Art word: wuthering,art,1783222108137,2026-07-05,Sat
player0451,38,vote ,vodVote,1783222111165,2026-07-05,Sat
player0451,99,Gauntlet vote: Try to survive Today [v:3],gauntlet,1783222115967,2026-07-05,Sat
zoskycube,1,Ending round with !v###,vodVote,1783222155764,2026-07-05,Sat
thanossoul,40,vote +2🔥,vodVote,1783222278117,2026-07-05,Sat
thanossoul,33,Gauntlet vote: The Witcher 3: Wild Hunt [v:1],gauntlet,1783222306176,2026-07-05,Sat
shadowladyex,56,vote +18🔥,vodVote,1783222326224,2026-07-05,Sat
dahhel,75,vote +37🔥,vodVote,1783222406834,2026-07-05,Sat
llucholba,38,vote ,vodVote,1783222447766,2026-07-05,Sat
llucholba,132,Gauntlet vote: MudRunner [v:4],gauntlet,1783222455700,2026-07-05,Sat
llucholba,4340,Voucher: zB → zCubes,voucher,1783222469209,2026-07-05,Sat
shadowladyex,65,Phase 2: GPU,bootLoop,1783222637089,2026-07-05,Sat
llucholba,65,Phase 2: GPU,bootLoop,1783222637092,2026-07-05,Sat
snoopys030,65,Phase 2: GPU,bootLoop,1783222637098,2026-07-05,Sat
avin_novor,65,Phase 2: GPU,bootLoop,1783222637100,2026-07-05,Sat
thanossoul,65,Phase 2: GPU,bootLoop,1783222637107,2026-07-05,Sat
dahhel,65,Phase 2: GPU,bootLoop,1783222637109,2026-07-05,Sat
player0451,65,Phase 2: GPU,bootLoop,1783222637120,2026-07-05,Sat
ikaliayev,65,Phase 2: GPU,bootLoop,1783222637138,2026-07-05,Sat
ikaliayev,46,vote +8🔥,vodVote,1783222650325,2026-07-05,Sat
avin_novor,73,vote +35🔥,vodVote,1783222674799,2026-07-05,Sat
thanossoul,105,AI Art word: downtown,art,1783222856258,2026-07-05,Sat
xiaoxiao9313,38,vote ,vodVote,1783223112971,2026-07-05,Sat
ragnar175,136,AI Art word: block,art,1783223119867,2026-07-05,Sat
ragnar175,38,vote ,vodVote,1783223129082,2026-07-05,Sat
ragnar175,132,Gauntlet vote: Shotgun King: The Final Checkmate [v:4],gauntlet,1783223139578,2026-07-05,Sat
snoopys030,52,vote +14🔥,vodVote,1783223145193,2026-07-05,Sat
shadowladyex,44,overtimeOverdose (1),vodVote,1783223195646,2026-07-05,Sat
ragnar175,41,overtimeOverdose (2),vodVote,1783223201383,2026-07-05,Sat
dahhel,38,overtimeOverdose (3),vodVote,1783223220511,2026-07-05,Sat
avin_novor,35,overtimeOverdose (4),vodVote,1783223313726,2026-07-05,Sat
zoskycube,1,Ending round with !v###,vodVote,1783223393353,2026-07-05,Sat
dahhel,76,vote +38🔥,vodVote,1783223524233,2026-07-05,Sat
shadowladyex,57,vote +19🔥,vodVote,1783223527633,2026-07-05,Sat
avin_novor,45,Phase 1: HDD,bootLoop,1783223655735,2026-07-05,Sat
dahhel,45,Phase 1: HDD,bootLoop,1783223655738,2026-07-05,Sat
shadowladyex,45,Phase 1: HDD,bootLoop,1783223655747,2026-07-05,Sat
avin_novor,74,vote +36🔥,vodVote,1783223670584,2026-07-05,Sat
ikaliayev,47,vote +9🔥,vodVote,1783223707426,2026-07-05,Sat
snoopys030,53,vote +15🔥,vodVote,1783223732229,2026-07-05,Sat
ragnar175,39,vote +1🔥,vodVote,1783223800572,2026-07-05,Sat
ragnar175,132,Gauntlet vote: Red Faction: Armageddon [v:4],gauntlet,1783223812998,2026-07-05,Sat
ikaliayev,65,Phase 2: CPU,bootLoop,1783224116729,2026-07-05,Sun
dahhel,65,Phase 2: CPU,bootLoop,1783224116735,2026-07-05,Sun
ragnar175,65,Phase 2: CPU,bootLoop,1783224116741,2026-07-05,Sun
avin_novor,65,Phase 2: CPU,bootLoop,1783224116745,2026-07-05,Sun
snoopys030,65,Phase 2: CPU,bootLoop,1783224116793,2026-07-05,Sun
player0451,38,vote ,vodVote,1783224209982,2026-07-05,Sun
llucholba,39,vote +1🔥,vodVote,1783224263434,2026-07-05,Sun
llucholba,132,Gauntlet vote: Deadly 30 [v:4],gauntlet,1783224276428,2026-07-05,Sun
llucholba,63,AI Art word: great,art,1783224285563,2026-07-05,Sun
dahhel,66,Gauntlet vote: Control Ultimate Edition [v:2],gauntlet,1783224431032,2026-07-05,Sun
snoopys030,90,Phase 3: RAM,bootLoop,1783224596795,2026-07-05,Sun
ragnar175,90,Phase 3: RAM,bootLoop,1783224596809,2026-07-05,Sun
llucholba,90,Phase 3: RAM,bootLoop,1783224596812,2026-07-05,Sun
shadowladyex,90,Phase 3: RAM,bootLoop,1783224596815,2026-07-05,Sun
avin_novor,90,Phase 3: RAM,bootLoop,1783224596822,2026-07-05,Sun
dahhel,90,Phase 3: RAM,bootLoop,1783224596825,2026-07-05,Sun
player0451,90,Phase 3: RAM,bootLoop,1783224596856,2026-07-05,Sun
xiaoxiao9313,44,overtimeOverdose (1),vodVote,1783224611572,2026-07-05,Sun
dahhel,41,overtimeOverdose (2),vodVote,1783224612743,2026-07-05,Sun
avin_novor,38,overtimeOverdose (3),vodVote,1783224620113,2026-07-05,Sun
xiaoxiao9313,39,vote +1🔥,vodVote,1783224621115,2026-07-05,Sun
xiaoxiao9313,33,Gauntlet vote: Dead by Daylight [v:1],gauntlet,1783224626845,2026-07-05,Sun
llucholba,35,overtimeOverdose (4),vodVote,1783224639257,2026-07-05,Sun
ikaliayev,32,overtimeOverdose (5),vodVote,1783224776055,2026-07-05,Sun
zoskycube,1,Ending round with !v###,vodVote,1783224811233,2026-07-05,Sun
dahhel,77,vote +39🔥,vodVote,1783224923226,2026-07-05,Sun
snoopys030,132,Gauntlet vote: Deep Rock Galactic [v:4],gauntlet,1783224927232,2026-07-05,Sun
alphonsoe,38,vote ,vodVote,1783224953791,2026-07-05,Sun
llucholba,40,vote +2🔥,vodVote,1783224998749,2026-07-05,Sun
shadowladyex,58,vote +20🔥,vodVote,1783225032688,2026-07-05,Sun
player0451,105,AI Art word: facilities,art,1783225095136,2026-07-05,Sun
player0451,39,vote +1🔥,vodVote,1783225099239,2026-07-05,Sun
slay_da_b,38,vote ,vodVote,1783225212463,2026-07-05,Sun
slay_da_b,147,AI Art word: nudnick,art,1783225243752,2026-07-05,Sun
madagascaradam,38,vote ,vodVote,1783225433825,2026-07-05,Sun
avin_novor,75,vote +37🔥,vodVote,1783225469800,2026-07-05,Sun
madagascaradam,168,AI Art word: hunched,art,1783225475543,2026-07-05,Sun
xiaoxiao9313,40,vote +2🔥,vodVote,1783225587137,2026-07-05,Sun
xiaoxiao9313,33,Gauntlet vote: Tacoma [v:1],gauntlet,1783225592395,2026-07-05,Sun
snoopys030,54,vote +16🔥,vodVote,1783225609845,2026-07-05,Sun
ikaliayev,48,vote +10🔥,vodVote,1783225711531,2026-07-05,Sun
slay_da_b,132,Gauntlet vote: Shadow Warrior 2 [v:4],gauntlet,1783225882175,2026-07-05,Sun
slay_da_b,1000,Voucher: dailyDose,voucher,1783225899585,2026-07-05,Sun
shadowladyex,44,overtimeOverdose (1),vodVote,1783225919602,2026-07-05,Sun
dahhel,41,overtimeOverdose (2),vodVote,1783225922033,2026-07-05,Sun
alphonsoe,38,overtimeOverdose (3),vodVote,1783225922937,2026-07-05,Sun
madagascaradam,35,overtimeOverdose (4),vodVote,1783225969043,2026-07-05,Sun
avin_novor,32,overtimeOverdose (5),vodVote,1783225988825,2026-07-05,Sun
ikaliayev,45,Phase 1: HDD,bootLoop,1783226030654,2026-07-05,Sun
dahhel,45,Phase 1: HDD,bootLoop,1783226030676,2026-07-05,Sun
madagascaradam,45,Phase 1: HDD,bootLoop,1783226030680,2026-07-05,Sun
shadowladyex,45,Phase 1: HDD,bootLoop,1783226030686,2026-07-05,Sun
slay_da_b,45,Phase 1: HDD,bootLoop,1783226030700,2026-07-05,Sun
avin_novor,45,Phase 1: HDD,bootLoop,1783226030705,2026-07-05,Sun
snoopys030,45,Phase 1: HDD,bootLoop,1783226030710,2026-07-05,Sun
alphonsoe,45,Phase 1: HDD,bootLoop,1783226030713,2026-07-05,Sun
xiaoxiao9313,45,Phase 1: HDD,bootLoop,1783226030733,2026-07-05,Sun
madagascaradam,3154,Referral bonus (6 referrals),referral,1783226071454,2026-07-05,Sun
zoskycube,1,Ending round with !v###,vodVote,1783226088233,2026-07-05,Sun
ikaliayev,49,vote +11🔥,vodVote,1783226233815,2026-07-05,Sun
dahhel,78,vote +40🔥,vodVote,1783226294474,2026-07-05,Sun
ivanpetrov32,38,vote ,vodVote,1783226305296,2026-07-05,Sun
alphonsoe,39,vote +1🔥,vodVote,1783226438138,2026-07-05,Sun
ivanpetrov32,132,Gauntlet vote: Survivalist: Invisible Strain [v:4],gauntlet,1783226499209,2026-07-05,Sun
madagascaradam,39,vote +1🔥,vodVote,1783226513028,2026-07-05,Sun
dahhel,65,Phase 2: CPU,bootLoop,1783226565365,2026-07-05,Sun
ivanpetrov32,65,Phase 2: CPU,bootLoop,1783226565387,2026-07-05,Sun
ikaliayev,65,Phase 2: CPU,bootLoop,1783226565390,2026-07-05,Sun
shadowladyex,65,Phase 2: CPU,bootLoop,1783226565403,2026-07-05,Sun
snoopys030,65,Phase 2: CPU,bootLoop,1783226565408,2026-07-05,Sun
alphonsoe,65,Phase 2: CPU,bootLoop,1783226565412,2026-07-05,Sun
avin_novor,76,vote +38🔥,vodVote,1783226746089,2026-07-05,Sun
llucholba,41,vote +3🔥,vodVote,1783226777469,2026-07-05,Sun
llucholba,98,AI Art word: obelisks,art,1783226788429,2026-07-05,Sun
shadowladyex,59,vote +21🔥,vodVote,1783226831528,2026-07-05,Sun
alphonsoe,44,overtimeOverdose (1),vodVote,1783226957935,2026-07-05,Sun
snoopys030,55,vote +17🔥,vodVote,1783226976233,2026-07-05,Sun
snoopys030,41,overtimeOverdose (2),vodVote,1783226981304,2026-07-05,Sun
shadowladyex,38,overtimeOverdose (3),vodVote,1783226989412,2026-07-05,Sun
dahhel,35,overtimeOverdose (4),vodVote,1783227015874,2026-07-05,Sun
alphonsoe,90,Phase 3: RAM,bootLoop,1783227060776,2026-07-05,Sun
avin_novor,90,Phase 3: RAM,bootLoop,1783227060796,2026-07-05,Sun
llucholba,90,Phase 3: RAM,bootLoop,1783227060800,2026-07-05,Sun
dahhel,90,Phase 3: RAM,bootLoop,1783227060806,2026-07-05,Sun
shadowladyex,90,Phase 3: RAM,bootLoop,1783227060813,2026-07-05,Sun
madagascaradam,90,Phase 3: RAM,bootLoop,1783227060827,2026-07-05,Sun
snoopys030,90,Phase 3: RAM,bootLoop,1783227060878,2026-07-05,Sun
avin_novor,32,overtimeOverdose (5),vodVote,1783227105417,2026-07-05,Sun
slay_da_b,29,overtimeOverdose (6),vodVote,1783227148744,2026-07-05,Sun
zoskycube,1,Ending round with !v###,vodVote,1783227249587,2026-07-05,Sun
ivanpetrov32,42,AI Art word: toll,art,1783227264276,2026-07-05,Sun
alfims,1000,Voucher: dailyDose,voucher,1783227339444,2026-07-05,Sun
shadowladyex,60,vote +22🔥,vodVote,1783227355330,2026-07-05,Sun
dahhel,79,vote +41🔥,vodVote,1783227394530,2026-07-05,Sun
alphonsoe,40,vote +2🔥,vodVote,1783227416645,2026-07-05,Sun
alfims,38,vote ,vodVote,1783227521456,2026-07-05,Sun
avin_novor,77,vote +39🔥,vodVote,1783227523323,2026-07-05,Sun
madagascaradam,40,vote +2🔥,vodVote,1783227572869,2026-07-05,Sun
madagascaradam,132,Gauntlet vote: Legacy of Kain Soul Reaver 1 [v:4],gauntlet,1783227585405,2026-07-05,Sun
snoopys030,56,vote +18🔥,vodVote,1783227709410,2026-07-05,Sun
slay_da_b,38,vote ,vodVote,1783227818313,2026-07-05,Sun
ikaliayev,50,vote +12🔥,vodVote,1783227846875,2026-07-05,Sun
puphik,38,vote ,vodVote,1783227978687,2026-07-05,Sun
puphik,33,Gauntlet vote: The Beginner's Guide [v:1],gauntlet,1783227996393,2026-07-05,Sun
alphonsoe,44,overtimeOverdose (1),vodVote,1783227996750,2026-07-05,Sun
slay_da_b,41,overtimeOverdose (2),vodVote,1783228002440,2026-07-05,Sun
puphik,38,overtimeOverdose (3),vodVote,1783228006838,2026-07-05,Sun
shadowladyex,35,overtimeOverdose (4),vodVote,1783228015621,2026-07-05,Sun
avin_novor,32,overtimeOverdose (5),vodVote,1783228019703,2026-07-05,Sun
dahhel,29,overtimeOverdose (6),vodVote,1783228023427,2026-07-05,Sun
ivanpetrov32,26,overtimeOverdose (7),vodVote,1783228081889,2026-07-05,Sun
ivanpetrov32,39,vote +1🔥,vodVote,1783228095283,2026-07-05,Sun
ivanpetrov32,132,Gauntlet vote: UFO: Afterlight [v:4],gauntlet,1783228117589,2026-07-05,Sun
madagascaradam,23,overtimeOverdose (8),vodVote,1783228183210,2026-07-05,Sun
xiaoxiao9313,20,overtimeOverdose (9),vodVote,1783228199443,2026-07-05,Sun
xiaoxiao9313,38,vote ,vodVote,1783228205636,2026-07-05,Sun
xiaoxiao9313,33,Gauntlet vote: Batman - The Telltale Series [v:1],gauntlet,1783228209984,2026-07-05,Sun
zoskycube,1,Ending round with !v###,vodVote,1783228247280,2026-07-05,Sun
alphonsoe,41,vote +3🔥,vodVote,1783228381753,2026-07-05,Sun
snoopys030,57,vote +19🔥,vodVote,1783228381766,2026-07-05,Sun
shadowladyex,61,vote +23🔥,vodVote,1783228523343,2026-07-05,Sun
ikaliayev,51,vote +13🔥,vodVote,1783228549992,2026-07-05,Sun
puphik,45,Phase 1: CPU,bootLoop,1783228604596,2026-07-05,Sun
ikaliayev,45,Phase 1: CPU,bootLoop,1783228604619,2026-07-05,Sun
dahhel,45,Phase 1: CPU,bootLoop,1783228604622,2026-07-05,Sun
ivanpetrov32,45,Phase 1: CPU,bootLoop,1783228604628,2026-07-05,Sun
madagascaradam,45,Phase 1: CPU,bootLoop,1783228604638,2026-07-05,Sun
shadowladyex,45,Phase 1: CPU,bootLoop,1783228604649,2026-07-05,Sun
avin_novor,45,Phase 1: CPU,bootLoop,1783228604652,2026-07-05,Sun
xiaoxiao9313,45,Phase 1: CPU,bootLoop,1783228604655,2026-07-05,Sun
slay_da_b,45,Phase 1: CPU,bootLoop,1783228604661,2026-07-05,Sun
snoopys030,45,Phase 1: CPU,bootLoop,1783228604667,2026-07-05,Sun
alphonsoe,45,Phase 1: CPU,bootLoop,1783228604678,2026-07-05,Sun
avin_novor,78,vote +40🔥,vodVote,1783228719529,2026-07-05,Sun
alphonsoe,132,Gauntlet vote: LEGO Batman: The Videogame [v:4],gauntlet,1783228737380,2026-07-05,Sun
alfims,39,vote +1🔥,vodVote,1783228752629,2026-07-05,Sun
alfims,132,Gauntlet vote: RAGE [v:4],gauntlet,1783228763558,2026-07-05,Sun
dahhel,80,vote +42🔥,vodVote,1783228799833,2026-07-05,Sun
madagascaradam,41,vote +3🔥,vodVote,1783228827878,2026-07-05,Sun
madagascaradam,132,Gauntlet vote: Monaco [v:4],gauntlet,1783228961701,2026-07-05,Sun
madagascaradam,77,AI Art word: intrinsic,art,1783229053998,2026-07-05,Sun
shadowladyex,44,overtimeOverdose (1),vodVote,1783229070585,2026-07-05,Sun
avin_novor,41,overtimeOverdose (2),vodVote,1783229081416,2026-07-05,Sun
dahhel,38,overtimeOverdose (3),vodVote,1783229115847,2026-07-05,Sun
alphonsoe,35,overtimeOverdose (4),vodVote,1783229123741,2026-07-05,Sun
madagascaradam,65,Phase 2: RAM,bootLoop,1783229151369,2026-07-05,Sun
ikaliayev,65,Phase 2: RAM,bootLoop,1783229151375,2026-07-05,Sun
alfims,65,Phase 2: RAM,bootLoop,1783229151387,2026-07-05,Sun
avin_novor,65,Phase 2: RAM,bootLoop,1783229151399,2026-07-05,Sun
alphonsoe,65,Phase 2: RAM,bootLoop,1783229151402,2026-07-05,Sun
dahhel,65,Phase 2: RAM,bootLoop,1783229151405,2026-07-05,Sun
shadowladyex,65,Phase 2: RAM,bootLoop,1783229151413,2026-07-05,Sun
ikaliayev,32,overtimeOverdose (5),vodVote,1783229169440,2026-07-05,Sun
zoskycube,1,Ending round with !v###,vodVote,1783229269198,2026-07-05,Sun
dahhel,81,vote +43🔥,vodVote,1783229406173,2026-07-05,Sun
ikaliayev,52,vote +14🔥,vodVote,1783229412969,2026-07-05,Sun
xiaoxiao9313,38,vote ,vodVote,1783229560283,2026-07-05,Sun
xiaoxiao9313,33,Gauntlet vote: Fallout: New Vegas [v:1],gauntlet,1783229573034,2026-07-05,Sun
shadowladyex,62,vote +24🔥,vodVote,1783229603735,2026-07-05,Sun
madagascaradam,42,vote +4🔥,vodVote,1783229740775,2026-07-05,Sun
madagascaradam,132,Gauntlet vote: No Straight Roads: Encore Edition [v:4],gauntlet,1783229751978,2026-07-05,Sun
ikaliayev,115,AI Art word: emerged,art,1783229892315,2026-07-05,Sun
player0451,38,vote ,vodVote,1783230004677,2026-07-05,Sun
alphonsoe,44,overtimeOverdose (1),vodVote,1783230017654,2026-07-05,Sun
madagascaradam,41,overtimeOverdose (2),vodVote,1783230070677,2026-07-05,Sun
ikaliayev,38,overtimeOverdose (3),vodVote,1783230071812,2026-07-05,Sun
snoopys030,58,vote +20🔥,vodVote,1783230113613,2026-07-05,Sun
snoopys030,35,overtimeOverdose (4),vodVote,1783230118568,2026-07-05,Sun
avin_novor,32,overtimeOverdose (5),vodVote,1783230136462,2026-07-05,Sun
avin_novor,79,vote +41🔥,vodVote,1783230142135,2026-07-05,Sun
puphik,29,overtimeOverdose (6),vodVote,1783230197873,2026-07-05,Sun
xiaoxiao9313,26,overtimeOverdose (7),vodVote,1783230237982,2026-07-05,Sun
zoskycube,1,Ending round with !v###,vodVote,1783230254376,2026-07-05,Sun
avin_novor,80,vote +42🔥,vodVote,1783230387779,2026-07-05,Sun
ikaliayev,53,vote +15🔥,vodVote,1783230397449,2026-07-05,Sun
avin_novor,45,Phase 1: CPU,bootLoop,1783230435940,2026-07-05,Sun
snoopys030,45,Phase 1: CPU,bootLoop,1783230435948,2026-07-05,Sun
ikaliayev,45,Phase 1: CPU,bootLoop,1783230435956,2026-07-05,Sun
alphonsoe,45,Phase 1: CPU,bootLoop,1783230435959,2026-07-05,Sun
shadowladyex,45,Phase 1: CPU,bootLoop,1783230435968,2026-07-05,Sun
madagascaradam,45,Phase 1: CPU,bootLoop,1783230435972,2026-07-05,Sun
shadowladyex,63,vote +25🔥,vodVote,1783230476035,2026-07-05,Sun
alphonsoe,38,vote ,vodVote,1783230528864,2026-07-05,Sun
ikaliayev,132,Gauntlet vote: Ghostrunner [v:4],gauntlet,1783230734760,2026-07-05,Sun
alphonsoe,1000,Voucher: dailyDose,voucher,1783230893830,2026-07-05,Sun
snoopys030,59,vote +21🔥,vodVote,1783230913290,2026-07-05,Sun
alphonsoe,44,overtimeOverdose (1),vodVote,1783230953527,2026-07-05,Sun
snoopys030,41,overtimeOverdose (2),vodVote,1783230973252,2026-07-05,Sun
xiaoxiao9313,38,overtimeOverdose (3),vodVote,1783230987158,2026-07-05,Sun
xiaoxiao9313,39,vote +1🔥,vodVote,1783230995545,2026-07-05,Sun
xiaoxiao9313,33,Gauntlet vote: Neversong [v:1],gauntlet,1783230998839,2026-07-05,Sun
puphik,35,overtimeOverdose (4),vodVote,1783231007660,2026-07-05,Sun
ikaliayev,32,overtimeOverdose (5),vodVote,1783231068162,2026-07-05,Sun
zoskycube,1,Ending round with !v###,vodVote,1783231198110,2026-07-05,Sun