appID,name,reviewScore,reviewScoreDesc,totalPositive,totalNegative,totalReviews,positiveRatio,weightedScore,fetchedAt
105600,Terraria,9,Overwhelmingly Positive,1517374,40933,1558307,0.9737,0.9737,2026-09-29T08:30:02.471Z
400,Portal,9,Overwhelmingly Positive,196600,2948,199548,0.9852,0.9848,2026-09-29T08:30:03.953Z
286080,Thinking with Time Machine,8,Very Positive,3750,879,4629,0.8101,0.8095,2026-09-29T08:30:05.442Z
317400,Portal Stories: Mel,9,Overwhelmingly Positive,22849,956,23805,0.9598,0.9566,2026-09-29T08:30:06.941Z
620,Portal 2,9,Overwhelmingly Positive,461275,6053,467328,0.9870,0.9869,2026-09-29T08:30:08.430Z
1255980,Portal Reloaded,9,Overwhelmingly Positive,21215,900,22115,0.9593,0.9559,2026-09-29T08:30:09.922Z
795100,Friday the 13th: Killer Puzzle,8,Very Positive,5697,376,6073,0.9381,0.9278,2026-09-29T08:30:11.412Z
1213550,Devil's Kiss,6,Mostly Positive,77,32,109,0.7064,0.7860,2026-09-29T08:30:12.919Z
1184140,KartRider: Drift,6,Mostly Positive,3809,1336,5145,0.7403,0.7459,2026-09-29T08:30:14.405Z
401360,The Aquatic Adventure of the Last Human,6,Mostly Positive,393,134,527,0.7457,0.7738,2026-09-29T08:30:15.906Z
763970,Leisure Suit Larry 1 - In the Land of the Lounge Lizards,6,Mostly Positive,241,85,326,0.7393,0.7781,2026-09-29T08:30:17.403Z
765840,Leisure Suit Larry 2 - Looking For Love (In Several Wrong Places),5,Mixed,84,49,133,0.6316,0.7673,2026-09-29T08:30:18.888Z
765850,Leisure Suit Larry 3 - Passionate Patti in Pursuit of the Pulsating Pectorals,5,Mixed,69,30,99,0.6970,0.7858,2026-09-29T08:30:20.384Z
765860,Leisure Suit Larry 5 - Passionate Patti Does a Little Undercover Work,5,Mixed,52,35,87,0.5977,0.7729,2026-09-29T08:30:21.876Z
765910,Leisure Suit Larry 6 - Shape Up Or Slip Out,6,Mostly Positive,95,24,119,0.7983,0.8024,2026-09-29T08:30:23.376Z
765890,Leisure Suit Larry 7 - Love for Sail,8,Very Positive,220,35,255,0.8627,0.8234,2026-09-29T08:30:24.865Z
765900,Leisure Suit Larry - Magna Cum Laude Uncut and Uncensored,6,Mostly Positive,598,168,766,0.7807,0.7896,2026-09-29T08:30:26.359Z
9200,RAGE,6,Mostly Positive,14268,4057,18325,0.7786,0.7793,2026-09-29T08:30:27.867Z
497700,Safety First!,8,Very Positive,366,81,447,0.8188,0.8106,2026-09-29T08:30:29.394Z
463150,BARRIER X,8,Very Positive,2009,350,2359,0.8516,0.8432,2026-09-29T08:30:30.897Z
252170,Anomaly Warzone Earth Mobile Campaign,6,Mostly Positive,442,115,557,0.7935,0.7982,2026-09-29T08:30:32.412Z
232750,Mars: War Logs,6,Mostly Positive,2301,752,3053,0.7537,0.7607,2026-09-29T08:30:33.916Z
377160,Fallout 4,8,Very Positive,348648,80827,429475,0.8118,0.8118,2026-09-29T08:30:35.512Z
9050,DOOM 3,8,Very Positive,7536,915,8451,0.8917,0.8868,2026-09-29T08:30:37.010Z
208200,DOOM 3: BFG Edition,8,Very Positive,10829,1737,12566,0.8618,0.8595,2026-09-29T08:30:38.518Z
782330,DOOM Eternal,8,Very Positive,198842,18752,217594,0.9138,0.9136,2026-09-29T08:30:40.008Z
1123770,Curse of the Dead Gods,8,Very Positive,7705,1536,9241,0.8338,0.8322,2026-09-29T08:30:41.504Z
612880,Wolfenstein II: The New Colossus,8,Very Positive,40406,9263,49669,0.8135,0.8134,2026-09-29T08:30:43.002Z
40720,Samorost 2,8,Very Positive,2571,379,2950,0.8715,0.8616,2026-09-29T08:30:44.498Z
710920,Darksiders Genesis,8,Very Positive,11237,2511,13748,0.8174,0.8169,2026-09-29T08:30:45.993Z
1025410,Metamorphosis,8,Very Positive,557,95,652,0.8543,0.8322,2026-09-29T08:30:47.486Z
320140,Absolute Drift,8,Very Positive,2797,399,3196,0.8752,0.8654,2026-09-29T08:30:49.022Z
1148590,DOOM 64,8,Very Positive,8203,652,8855,0.9264,0.9198,2026-09-29T08:30:50.540Z
22370,Fallout 3 - Game of the Year Edition,8,Very Positive,45948,10316,56264,0.8167,0.8165,2026-09-29T08:30:52.048Z
953870,Space Robinson,5,Mixed,156,72,228,0.6842,0.7660,2026-09-29T08:30:53.557Z
677120,Heroes of Hammerwatch,8,Very Positive,8341,1198,9539,0.8744,0.8709,2026-09-29T08:30:55.047Z
1902490,Aperture Desk Job,8,Very Positive,23750,1274,25024,0.9491,0.9462,2026-09-29T08:30:56.541Z
366640,Shiness: The Lightning Kingdom,5,Mixed,294,214,508,0.5787,0.6902,2026-09-29T08:30:58.038Z
9070,DOOM 3: Resurrection of Evil,8,Very Positive,1209,217,1426,0.8478,0.8363,2026-09-29T08:30:59.525Z
218620,PAYDAY 2,8,Very Positive,603104,71845,674949,0.8936,0.8935,2026-09-29T08:31:01.066Z
1049710,Minute of Islands,6,Mostly Positive,781,231,1012,0.7717,0.7822,2026-09-29T08:31:02.559Z
1476170,Godstrike,5,Mixed,157,90,247,0.6356,0.7479,2026-09-29T08:31:04.075Z
966720,Pumped BMX Pro,5,Mixed,114,53,167,0.6826,0.7731,2026-09-29T08:31:05.575Z
711660,CHUCHEL,8,Very Positive,4282,699,4981,0.8597,0.8545,2026-09-29T08:31:07.097Z
388420,In Between,8,Very Positive,411,72,483,0.8509,0.8267,2026-09-29T08:31:08.606Z
1151050,Golf Gang,8,Very Positive,1195,233,1428,0.8368,0.8282,2026-09-29T08:31:10.115Z
690040,SUPERHOT: MIND CONTROL DELETE,8,Very Positive,10734,2070,12804,0.8383,0.8370,2026-09-29T08:31:11.626Z
638000,When Ski Lifts Go Wrong,8,Very Positive,767,121,888,0.8637,0.8420,2026-09-29T08:31:13.141Z
762220,Afterparty,5,Mixed,656,311,967,0.6784,0.7210,2026-09-29T08:31:14.767Z
979070,Just Die Already,8,Very Positive,3235,689,3924,0.8244,0.8220,2026-09-29T08:31:16.272Z
341170,Adventures of Chris,8,Very Positive,177,30,207,0.8551,0.8185,2026-09-29T08:31:17.788Z
397950,Clustertruck,8,Very Positive,17386,1200,18586,0.9354,0.9320,2026-09-29T08:31:19.282Z
256460,Cosmic Star Heroine,8,Very Positive,937,118,1055,0.8882,0.8609,2026-09-29T08:31:20.775Z
1166290,Death and Taxes,8,Very Positive,7363,1215,8578,0.8584,0.8553,2026-09-29T08:31:22.342Z
228280,Baldur's Gate: Enhanced Edition,8,Very Positive,16719,1368,18087,0.9244,0.9211,2026-09-29T08:31:23.840Z
1430760,Aquarist,8,Very Positive,965,193,1158,0.8333,0.8243,2026-09-29T08:31:25.362Z
1060600,Lair of the Clockwork God,8,Very Positive,697,62,759,0.9183,0.8727,2026-09-29T08:31:26.859Z
1455630,THE GAME OF LIFE 2,6,Mostly Positive,3618,1027,4645,0.7789,0.7813,2026-09-29T08:31:28.376Z
395620,Ittle Dew 2,8,Very Positive,379,62,441,0.8594,0.8296,2026-09-29T08:31:29.875Z
241320,Ittle Dew,8,Very Positive,1235,111,1346,0.9175,0.8866,2026-09-29T08:31:31.358Z
765870,Leisure Suit Larry - Wet Dreams Don't Dry,8,Very Positive,1639,268,1907,0.8595,0.8478,2026-09-29T08:31:32.874Z
768450,NUTS,8,Very Positive,963,128,1091,0.8827,0.8578,2026-09-29T08:31:34.362Z
609320,FAR: Lone Sails,9,Overwhelmingly Positive,25245,1254,26499,0.9527,0.9499,2026-09-29T08:31:35.853Z
727850,ELDERBORN,8,Very Positive,2662,448,3110,0.8559,0.8487,2026-09-29T08:31:37.342Z
866140,Arise: A Simple Story,8,Very Positive,2936,273,3209,0.9149,0.8999,2026-09-29T08:31:38.839Z
741510,The Hong Kong Massacre,6,Mostly Positive,1475,570,2045,0.7213,0.7374,2026-09-29T08:31:40.328Z
1502190,From Space,5,Mixed,1328,624,1952,0.6803,0.7054,2026-09-29T08:31:41.833Z
1112890,Calico,8,Very Positive,4355,674,5029,0.8660,0.8603,2026-09-29T08:31:43.336Z
738520,Breathedge,8,Very Positive,14979,3531,18510,0.8092,0.8091,2026-09-29T08:31:44.829Z
671510,Desolate,5,Mixed,5360,2705,8065,0.6646,0.6727,2026-09-29T08:31:46.318Z
257350,Baldur's Gate II: Enhanced Edition,8,Very Positive,10117,849,10966,0.9226,0.9174,2026-09-29T08:31:47.807Z
673880,"Warhammer 40,000: Mechanicus",8,Very Positive,13331,1315,14646,0.9102,0.9067,2026-09-29T08:31:49.307Z
518060,Chess Ultra,6,Mostly Positive,1731,588,2319,0.7464,0.7565,2026-09-29T08:31:50.805Z
539470,Police Stories,8,Very Positive,8258,1488,9746,0.8473,0.8452,2026-09-29T08:31:52.312Z
205100,Dishonored,9,Overwhelmingly Positive,86384,2091,88475,0.9764,0.9754,2026-09-29T08:31:53.799Z
1538570,Patron,6,Mostly Positive,2308,887,3195,0.7224,0.7333,2026-09-29T08:31:55.301Z
1472560,I Am Fish,6,Mostly Positive,2916,1075,3991,0.7306,0.7387,2026-09-29T08:31:56.795Z
1373430,Leisure Suit Larry - Wet Dreams Dry Twice,8,Very Positive,842,144,986,0.8540,0.8369,2026-09-29T08:31:58.285Z
1929870,Nomad Survival,8,Very Positive,1838,354,2192,0.8385,0.8320,2026-09-29T08:31:59.772Z
405820,Turok,8,Very Positive,3932,310,4242,0.9269,0.9139,2026-09-29T08:32:01.278Z
673130,AMID EVIL,8,Very Positive,7195,547,7742,0.9293,0.9217,2026-09-29T08:32:02.770Z
1374840,Dark Deity,6,Mostly Positive,2251,865,3116,0.7224,0.7336,2026-09-29T08:32:04.264Z
926140,CHANGE: A Homeless Survival Experience,8,Very Positive,2597,264,2861,0.9077,0.8922,2026-09-29T08:32:05.771Z
405830,Turok 2: Seeds of Evil,8,Very Positive,2555,294,2849,0.8968,0.8829,2026-09-29T08:32:07.288Z
844590,Hypnospace Outlaw,9,Overwhelmingly Positive,5389,189,5578,0.9661,0.9527,2026-09-29T08:32:08.792Z
1907720,Autonauts vs Piratebots,6,Mostly Positive,408,118,526,0.7757,0.7892,2026-09-29T08:32:10.279Z
519860,DUSK,9,Overwhelmingly Positive,24763,779,25542,0.9695,0.9663,2026-09-29T08:32:11.792Z
1049320,River City Girls,8,Very Positive,3196,611,3807,0.8395,0.8353,2026-09-29T08:32:13.295Z
379720,DOOM,9,Overwhelmingly Positive,211942,9947,221889,0.9552,0.9548,2026-09-29T08:32:14.795Z
22330,The Elder Scrolls IV: Oblivion,9,Overwhelmingly Positive,50438,2652,53090,0.9500,0.9487,2026-09-29T08:32:16.323Z
201810,Wolfenstein: The New Order,8,Very Positive,57246,5162,62408,0.9173,0.9164,2026-09-29T08:32:17.835Z
1592110,Spirit Of The Island,5,Mixed,1253,654,1907,0.6571,0.6874,2026-09-29T08:32:19.327Z
410110,12 is Better Than 6,8,Very Positive,8632,1701,10333,0.8354,0.8339,2026-09-29T08:32:20.838Z
598700,The Vagrant,8,Very Positive,7783,906,8689,0.8957,0.8907,2026-09-29T08:32:22.365Z
378540,The Surge,6,Mostly Positive,9166,3131,12297,0.7454,0.7477,2026-09-29T08:32:23.853Z
526160,The Wild Eight,5,Mixed,5547,2584,8131,0.6822,0.6892,2026-09-29T08:32:25.343Z
1592340,Underland The Climb,8,Very Positive,77,8,85,0.9059,0.8183,2026-09-29T08:32:26.837Z
1528050,Underland,8,Very Positive,146,27,173,0.8439,0.8138,2026-09-29T08:32:28.322Z
1171660,The Ambassador: Fractured Timelines,5,Mixed,166,80,246,0.6748,0.7610,2026-09-29T08:32:29.809Z
433340,Slime Rancher,9,Overwhelmingly Positive,154531,3141,157672,0.9801,0.9795,2026-09-29T08:32:31.302Z
258890,Type:Rider,6,Mostly Positive,1350,351,1701,0.7937,0.7959,2026-09-29T08:32:32.801Z
278360,A StorY About My Uncle,8,Very Positive,26763,2481,29244,0.9152,0.9133,2026-09-29T08:32:34.296Z
1662570,Rescue Party: Live!,6,Mostly Positive,154,63,217,0.7097,0.7750,2026-09-29T08:32:35.838Z
619700,Steel Rats,5,Mixed,796,613,1409,0.5649,0.6274,2026-09-29T08:32:37.340Z
383270,Hue,8,Very Positive,10534,851,11385,0.9253,0.9201,2026-09-29T08:32:38.845Z
990630,The Last Campfire,9,Overwhelmingly Positive,20241,525,20766,0.9747,0.9707,2026-09-29T08:32:40.362Z
466130,White Day: A Labyrinth Named School,8,Very Positive,3691,866,4557,0.8100,0.8093,2026-09-29T08:32:41.853Z
1206620,Soul Axiom Rebooted,6,Mostly Positive,69,22,91,0.7582,0.7964,2026-09-29T08:32:43.363Z
540740,Perfect,5,Mixed,40,43,83,0.4819,0.7576,2026-09-29T08:32:44.857Z
312670,Strange Brigade,8,Very Positive,9568,1776,11344,0.8434,0.8417,2026-09-29T08:32:46.350Z
907770,STONE,5,Mixed,73,38,111,0.6577,0.7769,2026-09-29T08:32:47.849Z
219640,Chivalry: Medieval Warfare,8,Very Positive,53694,11329,65023,0.8258,0.8256,2026-09-29T08:32:49.344Z
1444300,Teacup,9,Overwhelmingly Positive,1150,52,1202,0.9567,0.9117,2026-09-29T08:32:50.835Z
1324350,Turbo Golf Racing,8,Very Positive,859,187,1046,0.8212,0.8154,2026-09-29T08:32:52.326Z
1046790,Eternal Threads,8,Very Positive,786,124,910,0.8637,0.8423,2026-09-29T08:32:53.822Z
1140290,Murder by Numbers,8,Very Positive,1420,272,1692,0.8392,0.8311,2026-09-29T08:32:55.314Z
367080,Songbringer,6,Mostly Positive,205,56,261,0.7854,0.7972,2026-09-29T08:32:56.810Z
489630,"Warhammer 40,000: Gladius - Relics of War",8,Very Positive,15366,3441,18807,0.8170,0.8167,2026-09-29T08:32:58.302Z
1232150,A Little Golf Journey,8,Very Positive,131,25,156,0.8397,0.8120,2026-09-29T08:32:59.792Z
421170,Indivisible,6,Mostly Positive,2665,1081,3746,0.7114,0.7223,2026-09-29T08:33:01.291Z
972660,Spiritfarer: Farewell Edition,8,Very Positive,50706,2724,53430,0.9490,0.9477,2026-09-29T08:33:02.790Z
701160,Kingdom Two Crowns,8,Very Positive,35959,3919,39878,0.9017,0.9005,2026-09-29T08:33:04.291Z
1599600,PlateUp!,8,Very Positive,25796,1426,27222,0.9476,0.9450,2026-09-29T08:33:05.823Z
751060,Ice Age: Scrat's Nutty Adventure,5,Mixed,197,129,326,0.6043,0.7248,2026-09-29T08:33:07.334Z
1973530,Limbus Company,8,Very Positive,105759,14054,119813,0.8827,0.8824,2026-09-29T08:33:08.828Z
230410,Warframe,8,Very Positive,595873,82761,678634,0.8780,0.8780,2026-09-29T08:33:10.311Z
1284210,Guild Wars 2,8,Very Positive,26292,3507,29799,0.8823,0.8810,2026-09-29T08:33:11.807Z
2272070,Death Gunfire - Kill the Zombie,5,Mixed,7,5,12,0.5833,0.7982,2026-09-29T08:33:13.309Z
332580,Mimpi,8,Very Positive,291,58,349,0.8338,0.8159,2026-09-29T08:33:14.858Z
418270,Draw Slasher,5,Mixed,501,478,979,0.5117,0.6103,2026-09-29T08:33:16.355Z
444770,Mimpi Dreams,8,Very Positive,1267,80,1347,0.9406,0.9035,2026-09-29T08:33:17.850Z
636070,Corridor Z,6,Mostly Positive,354,129,483,0.7329,0.7688,2026-09-29T08:33:19.339Z
269650,Dex,8,Very Positive,3088,469,3557,0.8681,0.8602,2026-09-29T08:33:20.841Z
658700,V-Rally 4,5,Mixed,955,448,1403,0.6807,0.7129,2026-09-29T08:33:22.352Z
1103730,Shing!,6,Mostly Positive,377,107,484,0.7789,0.7913,2026-09-29T08:33:23.875Z
458770,WRC 6,6,Mostly Positive,1253,468,1721,0.7281,0.7450,2026-09-29T08:33:25.373Z
542310,Escape the Game,8,Very Positive,1581,311,1892,0.8356,0.8289,2026-09-29T08:33:26.869Z
493540,Figment,8,Very Positive,4986,726,5712,0.8729,0.8673,2026-09-29T08:33:28.363Z
2225070,Trackmania,6,Mostly Positive,16961,4783,21744,0.7800,0.7806,2026-09-29T08:33:29.870Z
582660,Black Desert,6,Mostly Positive,69439,25048,94487,0.7349,0.7353,2026-09-29T08:33:31.367Z
2087940,Non-Stop Raiders,5,Mixed,60,30,90,0.6667,0.7825,2026-09-29T08:33:32.881Z
1580970,Samorost 1,9,Overwhelmingly Positive,5262,234,5496,0.9574,0.9446,2026-09-29T08:33:34.367Z
205910,Tiny and Big: Grandpa's Leftovers,8,Very Positive,3808,350,4158,0.9158,0.9038,2026-09-29T08:33:35.870Z
915200,Republique VR,6,Mostly Positive,101,43,144,0.7014,0.7806,2026-09-29T08:33:37.435Z
1781170,The Flow Experience,7,Positive,13,3,16,0.8125,0.8037,2026-09-29T08:33:38.920Z
1833380,Izmir: An Independence Simulator,5,Mixed,42,41,83,0.5060,0.7610,2026-09-29T08:33:40.419Z
952200,stikir,8,Very Positive,256,51,307,0.8339,0.8150,2026-09-29T08:33:41.920Z
1851730,Meow Express,8,Very Positive,238,46,284,0.8380,0.8159,2026-09-29T08:33:43.410Z
410700,System Shock: Classic,0,No user reviews,0,0,0,0.0000,0.0000,2026-09-29T08:33:44.933Z
108200,Ticket to Ride,8,Very Positive,4672,795,5467,0.8546,0.8503,2026-09-29T08:33:46.460Z
726340,Alchemist's Castle,6,Mostly Positive,113,32,145,0.7793,0.7980,2026-09-29T08:33:47.958Z
503560,911 Operator,8,Very Positive,17562,2289,19851,0.8847,0.8827,2026-09-29T08:33:49.446Z
1859490,Planet TD,5,Mixed,171,106,277,0.6173,0.7370,2026-09-29T08:33:50.940Z
1822900,Soulflow,5,Mixed,49,43,92,0.5326,0.7613,2026-09-29T08:33:52.452Z
537520,SYMMETRY,5,Mixed,170,141,311,0.5466,0.7049,2026-09-29T08:33:53.950Z
314030,Guilty Gear X2 #Reload,8,Very Positive,787,122,909,0.8658,0.8436,2026-09-29T08:33:55.449Z
220820,Zombie Driver HD,8,Very Positive,3405,666,4071,0.8364,0.8328,2026-09-29T08:33:56.946Z
1608550,Firegirl: Hack 'n Splash Rescue,5,Mixed,259,115,374,0.6925,0.7559,2026-09-29T08:33:58.433Z
1186040,Worms Rumble,5,Mixed,1405,1083,2488,0.5647,0.6046,2026-09-29T08:33:59.918Z
586240,Soul Searching,8,Very Positive,272,43,315,0.8635,0.8266,2026-09-29T08:34:01.417Z
246090,Spacebase DF-9,1,Overwhelmingly Negative,777,3565,4342,0.1789,0.2434,2026-09-29T08:34:02.908Z
115110,Stacking,8,Very Positive,1653,201,1854,0.8916,0.8728,2026-09-29T08:34:04.401Z
410710,System Shock: Enhanced Edition,8,Very Positive,2111,258,2369,0.8911,0.8758,2026-09-29T08:34:05.887Z
1049280,Pilgrims,9,Overwhelmingly Positive,6107,228,6335,0.9640,0.9523,2026-09-29T08:34:07.384Z
723100,Orbital Racer,5,Mixed,49,66,115,0.4261,0.7328,2026-09-29T08:34:08.870Z
530930,Soulblight,4,Mostly Negative,71,124,195,0.3641,0.6801,2026-09-29T08:34:10.364Z
238210,System Shock 2,8,Very Positive,7361,482,7843,0.9385,0.9304,2026-09-29T08:34:11.849Z
251430,The Inner World,8,Very Positive,1352,173,1525,0.8866,0.8660,2026-09-29T08:34:13.345Z
910630,Arcade Spirits,8,Very Positive,578,58,636,0.9088,0.8624,2026-09-29T08:34:14.847Z
957680,Doughlings Invasion,5,Mixed,39,22,61,0.6393,0.7855,2026-09-29T08:34:16.352Z
1139900,Ghostrunner,8,Very Positive,61033,5900,66933,0.9119,0.9110,2026-09-29T08:34:17.852Z
2243140,Guns,5,Mixed,100,79,179,0.5587,0.7389,2026-09-29T08:34:19.361Z
2066950,Quadrata,8,Very Positive,204,15,219,0.9315,0.8424,2026-09-29T08:34:20.868Z
590590,Remnants of Naezith,8,Very Positive,574,83,657,0.8737,0.8433,2026-09-29T08:34:22.359Z
317100,Republique,6,Mostly Positive,696,202,898,0.7751,0.7852,2026-09-29T08:34:23.850Z
779290,Stygian: Reign of the Old Ones,5,Mixed,1678,850,2528,0.6638,0.6868,2026-09-29T08:34:25.346Z
408410,X-Morph: Defense,8,Very Positive,3873,371,4244,0.9126,0.9011,2026-09-29T08:34:26.839Z
747470,Doughlings: Arcade,8,Very Positive,134,16,150,0.8933,0.8241,2026-09-29T08:34:28.347Z
774561,Rym 9000,6,Mostly Positive,104,43,147,0.7075,0.7816,2026-09-29T08:34:29.842Z
48700,Mount,9,Overwhelmingly Positive,168308,3937,172245,0.9771,0.9766,2026-09-29T08:34:31.335Z
246070,Hack 'n' Slash,5,Mixed,492,442,934,0.5268,0.6232,2026-09-29T08:34:32.836Z
231310,MirrorMoon EP,5,Mixed,355,252,607,0.5848,0.6835,2026-09-29T08:34:34.341Z
2096080,Agent in Depth,8,Very Positive,154,32,186,0.8280,0.8100,2026-09-29T08:34:35.836Z
1674640,XEL,5,Mixed,144,157,301,0.4784,0.6813,2026-09-29T08:34:37.328Z
583270,Cosmic Express,8,Very Positive,569,60,629,0.9046,0.8598,2026-09-29T08:34:38.822Z
674940,Stick Fight: The Game,8,Very Positive,117284,8179,125463,0.9348,0.9343,2026-09-29T08:34:40.337Z
113020,Monaco,8,Very Positive,7712,802,8514,0.9058,0.9001,2026-09-29T08:34:41.831Z
471810,Death Squared,8,Very Positive,637,87,724,0.8798,0.8486,2026-09-29T08:34:43.317Z
1433860,The Amazing American Circus,5,Mixed,230,203,433,0.5312,0.6770,2026-09-29T08:34:44.809Z
2023050,Lighthouse Keeper,6,Mostly Positive,367,110,477,0.7694,0.7868,2026-09-29T08:34:46.298Z
1641890,Lust from Beyond: M Edition,5,Mixed,241,128,369,0.6531,0.7396,2026-09-29T08:34:47.795Z
1531490,Harmony's Odyssey,8,Very Positive,575,43,618,0.9304,0.8736,2026-09-29T08:34:49.276Z
1451120,Sunlight,6,Mostly Positive,352,116,468,0.7521,0.7786,2026-09-29T08:34:50.782Z
1176710,Space Crew: Legendary Edition,6,Mostly Positive,2373,821,3194,0.7430,0.7511,2026-09-29T08:34:52.267Z
1491720,"Frick, Inc.",6,Mostly Positive,67,19,86,0.7791,0.7998,2026-09-29T08:34:53.766Z
1489680,Pixross,8,Very Positive,291,31,322,0.9037,0.8427,2026-09-29T08:34:55.252Z
1079830,Cris Tales,5,Mixed,361,193,554,0.6516,0.7236,2026-09-29T08:34:56.754Z
227300,Euro Truck Simulator 2,9,Overwhelmingly Positive,921032,24176,945208,0.9744,0.9743,2026-09-29T08:34:58.242Z
268500,XCOM 2,8,Very Positive,92917,16792,109709,0.8469,0.8467,2026-09-29T08:34:59.731Z
1558930,Little Orpheus,5,Mixed,463,218,681,0.6799,0.7322,2026-09-29T08:35:01.222Z
793460,112 Operator,8,Very Positive,6540,836,7376,0.8867,0.8814,2026-09-29T08:35:02.721Z
640820,Pathfinder: Kingmaker,6,Mostly Positive,27335,7890,35225,0.7760,0.7764,2026-09-29T08:35:04.205Z
1765560,Pill Baby,8,Very Positive,119,15,134,0.8881,0.8213,2026-09-29T08:35:05.693Z
1270620,Project Chemistry,6,Mostly Positive,173,55,228,0.7588,0.7894,2026-09-29T08:35:07.198Z
848410,Detached: Non-VR Edition,4,Mostly Negative,19,33,52,0.3654,0.7621,2026-09-29T08:35:08.688Z
1663250,Hyper Gunsport,8,Very Positive,78,16,94,0.8298,0.8075,2026-09-29T08:35:10.189Z
1422410,Into the Pit,5,Mixed,174,96,270,0.6444,0.7476,2026-09-29T08:35:11.693Z
865610,Backbone,5,Mixed,2331,1157,3488,0.6683,0.6852,2026-09-29T08:35:13.188Z
290340,Armello,8,Very Positive,13150,2917,16067,0.8184,0.8180,2026-09-29T08:35:14.675Z
1360390,Cats and the Other Lives,8,Very Positive,1408,133,1541,0.9137,0.8867,2026-09-29T08:35:16.163Z
737520,Flynn: Son of Crimson,8,Very Positive,657,113,770,0.8532,0.8336,2026-09-29T08:35:17.660Z
447020,Farming Simulator 17,8,Very Positive,24267,1698,25965,0.9346,0.9321,2026-09-29T08:35:19.147Z
237870,Planet Explorers,5,Mixed,4239,2577,6816,0.6219,0.6343,2026-09-29T08:35:20.645Z
1496790,Gotham Knights,5,Mixed,17042,8269,25311,0.6733,0.6758,2026-09-29T08:35:22.135Z
689180,Trivia Vault: 1980's Trivia,5,Mixed,104,68,172,0.6047,0.7525,2026-09-29T08:35:23.633Z
656310,Draculas Library,5,Mixed,42,62,104,0.4038,0.7346,2026-09-29T08:35:25.131Z
414340,Hellblade: Senua's Sacrifice,8,Very Positive,68879,7776,76655,0.8986,0.8979,2026-09-29T08:35:26.624Z
1040420,Dreamscaper,8,Very Positive,2796,389,3185,0.8779,0.8678,2026-09-29T08:35:28.116Z
870780,Control Ultimate Edition,8,Very Positive,55993,9067,65060,0.8606,0.8602,2026-09-29T08:35:29.613Z
1506440,Batora: Lost Haven,5,Mixed,295,158,453,0.6512,0.7310,2026-09-29T08:35:31.106Z
1042490,Call of the Sea,8,Very Positive,5630,792,6422,0.8767,0.8714,2026-09-29T08:35:32.618Z
1410640,Syberia - The World Before,8,Very Positive,4530,530,5060,0.8953,0.8870,2026-09-29T08:35:34.154Z
757310,Sable,8,Very Positive,5591,904,6495,0.8608,0.8567,2026-09-29T08:35:35.650Z
494430,Praey for the Gods,8,Very Positive,2540,614,3154,0.8053,0.8051,2026-09-29T08:35:37.172Z
433550,DARQ,8,Very Positive,3946,249,4195,0.9406,0.9260,2026-09-29T08:35:38.688Z
1927740,Monument Valley 2,8,Very Positive,3975,278,4253,0.9346,0.9208,2026-09-29T08:35:40.190Z
1927720,Monument Valley,9,Overwhelmingly Positive,8733,169,8902,0.9810,0.9716,2026-09-29T08:35:41.691Z
956030,Creaks,9,Overwhelmingly Positive,5885,308,6193,0.9503,0.9393,2026-09-29T08:35:43.214Z
1455840,Dorfromantik,9,Overwhelmingly Positive,28559,1092,29651,0.9632,0.9605,2026-09-29T08:35:44.708Z
736260,Baba Is You,9,Overwhelmingly Positive,24079,567,24646,0.9770,0.9735,2026-09-29T08:35:46.215Z
921800,Encased,6,Mostly Positive,3714,1104,4818,0.7709,0.7739,2026-09-29T08:35:47.727Z
442070,Drawful 2,6,Mostly Positive,3116,1058,4174,0.7465,0.7526,2026-09-29T08:35:49.227Z
846870,Yooka-Laylee and the Impossible Lair,8,Very Positive,1157,280,1437,0.8051,0.8047,2026-09-29T08:35:50.739Z
204360,Castle Crashers,9,Overwhelmingly Positive,135529,5384,140913,0.9618,0.9612,2026-09-29T08:35:52.238Z
304430,INSIDE,9,Overwhelmingly Positive,73746,2289,76035,0.9699,0.9688,2026-09-29T08:35:53.741Z
48000,LIMBO,8,Very Positive,57303,4855,62158,0.9219,0.9209,2026-09-29T08:35:55.251Z
360830,Yooka-Laylee,6,Mostly Positive,4038,1361,5399,0.7479,0.7526,2026-09-29T08:35:56.769Z
238460,BattleBlock Theater,9,Overwhelmingly Positive,70855,2058,72913,0.9718,0.9706,2026-09-29T08:35:58.267Z
310950,Street Fighter V,5,Mixed,30120,14101,44221,0.6811,0.6825,2026-09-29T08:35:59.760Z
1556870,Golf Club Wasteland,8,Very Positive,1309,307,1616,0.8100,0.8085,2026-09-29T08:36:01.285Z
1428730,BRoS - Battle Royale of Survival,4,Mostly Negative,6,10,16,0.3750,0.7901,2026-09-29T08:36:02.804Z
1116260,SAMUDRA,5,Mixed,97,53,150,0.6467,0.7672,2026-09-29T08:36:04.319Z
1279920,Cobra Kai: The Karate Kid Saga Continues,8,Very Positive,505,118,623,0.8106,0.8074,2026-09-29T08:36:05.807Z
505230,Pathologic 2,8,Very Positive,11202,1022,12224,0.9164,0.9120,2026-09-29T08:36:07.329Z
305490,Heileen 3: New Horizons,5,Mixed,56,33,89,0.6292,0.7771,2026-09-29T08:36:08.831Z
248710,Iesabel,4,Mostly Negative,237,523,760,0.3118,0.5069,2026-09-29T08:36:10.324Z
1843750,Sphere Game Epic,6,Mostly Positive,19,6,25,0.7600,0.8013,2026-09-29T08:36:11.822Z
969760,Omno,8,Very Positive,2577,226,2803,0.9194,0.9018,2026-09-29T08:36:13.314Z
236730,Anomaly 2,6,Mostly Positive,848,223,1071,0.7918,0.7955,2026-09-29T08:36:14.802Z
46500,Syberia,8,Very Positive,6030,806,6836,0.8821,0.8767,2026-09-29T08:36:16.292Z
1454730,Chenso Club,6,Mostly Positive,243,82,325,0.7477,0.7814,2026-09-29T08:36:17.786Z
2234310,Tumble,6,Mostly Positive,9,3,12,0.7500,0.8021,2026-09-29T08:36:19.276Z
512430,Make America Great Again,5,Mixed,25,34,59,0.4237,0.7633,2026-09-29T08:36:20.761Z
57730,Patrician IV: Rise of a Dynasty,5,Mixed,429,184,613,0.6998,0.7463,2026-09-29T08:36:22.254Z
57620,Patrician IV: Steam Special Edition,5,Mixed,437,339,776,0.5631,0.6573,2026-09-29T08:36:23.754Z
23700,Puzzle Kingdoms,5,Mixed,185,143,328,0.5640,0.7086,2026-09-29T08:36:25.244Z
46270,Star Wolves,8,Very Positive,391,75,466,0.8391,0.8206,2026-09-29T08:36:26.743Z
1297660,Fragment's Moonrise,5,Mixed,31,16,47,0.6596,0.7910,2026-09-29T08:36:28.240Z
1712840,Tiny Tina's Assault on Dragon Keep: A Wonderlands One-shot Adventure,5,Mixed,2391,1297,3688,0.6483,0.6668,2026-09-29T08:36:29.732Z
46370,Rig 'n' Roll,5,Mixed,359,254,613,0.5856,0.6835,2026-09-29T08:36:31.259Z
685790,Ruthless Safari,5,Mixed,135,151,286,0.4720,0.6828,2026-09-29T08:36:32.748Z
916910,Infommi,5,Mixed,7,5,12,0.5833,0.7982,2026-09-29T08:36:34.239Z
336090,Sky Mercenaries,6,Mostly Positive,91,38,129,0.7054,0.7833,2026-09-29T08:36:35.747Z
465760,Scrap Garden,6,Mostly Positive,952,311,1263,0.7538,0.7678,2026-09-29T08:36:37.236Z
232790,Broken Age,8,Very Positive,6894,1344,8238,0.8369,0.8349,2026-09-29T08:36:38.728Z
46290,Theatre of War,5,Mixed,230,147,377,0.6101,0.7203,2026-09-29T08:36:40.219Z
520720,Dear Esther: Landmark Edition,6,Mostly Positive,5652,1926,7578,0.7458,0.7494,2026-09-29T08:36:41.707Z
25830,Knights of Honor,8,Very Positive,2215,214,2429,0.9119,0.8934,2026-09-29T08:36:43.189Z
348430,Quell Reflect,8,Very Positive,180,12,192,0.9375,0.8406,2026-09-29T08:36:44.671Z
207040,Sine Mora,8,Very Positive,768,174,942,0.8153,0.8112,2026-09-29T08:36:46.164Z
1325270,Escapeworld Dilemma,6,Mostly Positive,76,27,103,0.7379,0.7922,2026-09-29T08:36:47.656Z
606730,Sine Mora EX,5,Mixed,446,248,694,0.6427,0.7100,2026-09-29T08:36:49.142Z
884440,Professor Watts Word Search: Yummy Foods,5,Mixed,22,31,53,0.4151,0.7662,2026-09-29T08:36:50.642Z
311190,Super Panda Adventures,8,Very Positive,944,84,1028,0.9183,0.8807,2026-09-29T08:36:52.136Z
359100,Q.U.B.E. 2,8,Very Positive,1476,274,1750,0.8434,0.8345,2026-09-29T08:36:53.627Z
1075200,TOHU,8,Very Positive,606,122,728,0.8324,0.8206,2026-09-29T08:36:55.118Z
466420,Warriors' Wrath,5,Mixed,66,33,99,0.6667,0.7808,2026-09-29T08:36:56.613Z
1901810,Nearly Dead - Live and Let Die,6,Mostly Positive,172,49,221,0.7783,0.7957,2026-09-29T08:36:58.101Z
522130,LandTraveller,8,Very Positive,76,7,83,0.9157,0.8194,2026-09-29T08:36:59.610Z
1552620,Expedition Agartha,5,Mixed,1118,648,1766,0.6331,0.6706,2026-09-29T08:37:01.111Z
2128690,Super Block Crush,7,Positive,27,4,31,0.8710,0.8073,2026-09-29T08:37:02.604Z
1144770,SLUDGE LIFE,8,Very Positive,5059,495,5554,0.9109,0.9020,2026-09-29T08:37:04.094Z
1099790,PROTOCOL 11,7,Positive,25,5,30,0.8333,0.8051,2026-09-29T08:37:05.575Z
57900,Duke Nukem Forever,5,Mixed,8090,3568,11658,0.6939,0.6984,2026-09-29T08:37:07.067Z
219950,NiGHTS into Dreams...,8,Very Positive,1779,277,2056,0.8653,0.8532,2026-09-29T08:37:08.570Z
1195460,Last Year,5,Mixed,6021,3718,9739,0.6182,0.6273,2026-09-29T08:37:10.060Z
33680,Eversion,8,Very Positive,1238,117,1355,0.9137,0.8839,2026-09-29T08:37:11.552Z
220780,Thomas Was Alone,8,Very Positive,8800,594,9394,0.9368,0.9300,2026-09-29T08:37:13.040Z
285820,Action Henk,8,Very Positive,768,99,867,0.8858,0.8557,2026-09-29T08:37:14.531Z
200010,Quantum Conundrum,8,Very Positive,1829,326,2155,0.8487,0.8402,2026-09-29T08:37:16.023Z
269330,Chronology,8,Very Positive,876,129,1005,0.8716,0.8490,2026-09-29T08:37:17.513Z
210170,Spirits,5,Mixed,178,84,262,0.6794,0.7607,2026-09-29T08:37:19.005Z
994140,Lightmatter,8,Very Positive,2661,247,2908,0.9151,0.8987,2026-09-29T08:37:20.495Z
485030,PLANET ALPHA,5,Mixed,795,341,1136,0.6998,0.7315,2026-09-29T08:37:21.985Z
322450,FRAMED Collection,8,Very Positive,3229,227,3456,0.9343,0.9178,2026-09-29T08:37:23.470Z
289280,El Matador,6,Mostly Positive,426,167,593,0.7184,0.7573,2026-09-29T08:37:24.960Z
2344980,NOT the Hero,5,Mixed,18,9,27,0.6667,0.7964,2026-09-29T08:37:26.450Z
1067540,Rki,8,Very Positive,2873,356,3229,0.8897,0.8782,2026-09-29T08:37:27.939Z
941570,Relicta,5,Mixed,316,157,473,0.6681,0.7376,2026-09-29T08:37:29.438Z
1955440,Tick Tack Puppet,7,Positive,26,4,30,0.8667,0.8070,2026-09-29T08:37:30.924Z
274620,Skara - The Blade Remains,5,Mixed,363,271,634,0.5726,0.6743,2026-09-29T08:37:32.427Z
257510,The Talos Principle,9,Overwhelmingly Positive,31518,1556,33074,0.9530,0.9507,2026-09-29T08:37:33.919Z
363940,Solar Shifter EX,5,Mixed,54,61,115,0.4696,0.7409,2026-09-29T08:37:35.416Z
115100,Costume Quest,8,Very Positive,3863,252,4115,0.9388,0.9241,2026-09-29T08:37:36.903Z
830370,Monster Crown,5,Mixed,589,457,1046,0.5631,0.6408,2026-09-29T08:37:38.394Z
1069690,Rogue Lords,5,Mixed,1324,574,1898,0.6976,0.7196,2026-09-29T08:37:39.883Z
1244460,Jurassic World Evolution 2,8,Very Positive,42636,4549,47185,0.9036,0.9025,2026-09-29T08:37:41.375Z
269190,Edge Of Eternity,5,Mixed,2804,1248,4052,0.6920,0.7042,2026-09-29T08:37:42.863Z
1656780,Hero's Hour,6,Mostly Positive,4566,1186,5752,0.7938,0.7946,2026-09-29T08:37:44.357Z
1245430,Golden Light,8,Very Positive,3416,586,4002,0.8536,0.8480,2026-09-29T08:37:45.848Z
597820,BIOMUTANT,5,Mixed,13385,6831,20216,0.6621,0.6655,2026-09-29T08:37:47.338Z
1325900,Demon Turf,8,Very Positive,760,180,940,0.8085,0.8067,2026-09-29T08:37:48.828Z
523070,Black Forest,6,Mostly Positive,304,106,410,0.7415,0.7755,2026-09-29T08:37:50.319Z
25930,East India Company,5,Mixed,114,101,215,0.5302,0.7212,2026-09-29T08:37:51.820Z
331870,AER Memories of Old,8,Very Positive,6626,1116,7742,0.8559,0.8527,2026-09-29T08:37:53.323Z
7510,X-Blades,5,Mixed,1987,1240,3227,0.6157,0.6409,2026-09-29T08:37:54.817Z
1367300,Blade Assault,6,Mostly Positive,1691,605,2296,0.7365,0.7485,2026-09-29T08:37:56.310Z
450850,Cube Land Arena,5,Mixed,216,131,347,0.6225,0.7293,2026-09-29T08:37:57.800Z
105000,A New Beginning - Final Cut,6,Mostly Positive,1605,556,2161,0.7427,0.7541,2026-09-29T08:37:59.306Z
223470,POSTAL 2,9,Overwhelmingly Positive,134005,4225,138230,0.9694,0.9688,2026-09-29T08:38:00.798Z
735290,Genesis Noir,6,Mostly Positive,1802,481,2283,0.7893,0.7918,2026-09-29T08:38:02.290Z
385710,INK,8,Very Positive,1277,302,1579,0.8087,0.8074,2026-09-29T08:38:03.779Z
2024870,The Lobster Game,6,Mostly Positive,13,5,18,0.7222,0.8005,2026-09-29T08:38:05.259Z
609920,Hotshot Racing,6,Mostly Positive,1841,561,2402,0.7664,0.7728,2026-09-29T08:38:06.755Z
290300,Rebel Galaxy,8,Very Positive,7141,1256,8397,0.8504,0.8478,2026-09-29T08:38:08.249Z
501590,Bulletstorm: Full Clip Edition,8,Very Positive,8707,1026,9733,0.8946,0.8901,2026-09-29T08:38:09.745Z
277510,Shiny The Firefly,5,Mixed,86,49,135,0.6370,0.7680,2026-09-29T08:38:11.236Z
225080,Brothers - A Tale of Two Sons,8,Very Positive,38963,2322,41285,0.9438,0.9421,2026-09-29T08:38:12.734Z
1530,Multiwinia,8,Very Positive,494,108,602,0.8206,0.8128,2026-09-29T08:38:14.234Z
296070,MIND Path to Thalamus E.Edition,5,Mixed,934,492,1426,0.6550,0.6935,2026-09-29T08:38:15.737Z
311010,The Way,8,Very Positive,1088,230,1318,0.8255,0.8194,2026-09-29T08:38:17.230Z
263420,Probably Archery,5,Mixed,182,217,399,0.4561,0.6493,2026-09-29T08:38:18.720Z
42890,Sword of the Stars Complete Collection,8,Very Positive,623,87,710,0.8775,0.8468,2026-09-29T08:38:20.207Z
49600,Beat Hazard,8,Very Positive,7051,400,7451,0.9463,0.9373,2026-09-29T08:38:21.687Z
544610,Battlestar Galactica Deadlock,8,Very Positive,3499,738,4237,0.8258,0.8235,2026-09-29T08:38:23.173Z
813540,Scheming Through The Zombie Apocalypse: The Beginning,8,Very Positive,838,194,1032,0.8120,0.8092,2026-09-29T08:38:24.666Z
1169740,Danger Scavenger,6,Mostly Positive,369,136,505,0.7307,0.7668,2026-09-29T08:38:26.155Z
1621690,Core Keeper,8,Very Positive,62071,4710,66781,0.9295,0.9285,2026-09-29T08:38:27.654Z
767030,Trivia Vault: Technology Trivia Deluxe,5,Mixed,64,47,111,0.5766,0.7622,2026-09-29T08:38:29.141Z
497080,Construct: Escape the System,6,Mostly Positive,129,44,173,0.7457,0.7885,2026-09-29T08:38:30.635Z
730390,Raji: An Ancient Epic,8,Very Positive,2346,511,2857,0.8211,0.8185,2026-09-29T08:38:32.120Z
618140,Barro,6,Mostly Positive,4301,1163,5464,0.7872,0.7885,2026-09-29T08:38:33.611Z
485440,Call Of The Mighty Warriors,5,Mixed,213,142,355,0.6000,0.7189,2026-09-29T08:38:35.097Z
485450,Ninja Stealth,6,Mostly Positive,1317,557,1874,0.7028,0.7240,2026-09-29T08:38:36.591Z
754120,Ninja Stealth 3,8,Very Positive,475,114,589,0.8065,0.8050,2026-09-29T08:38:38.089Z
203630,Warlock - Master of the Arcane,8,Very Positive,2278,394,2672,0.8525,0.8448,2026-09-29T08:38:39.584Z
1249110,Skully,5,Mixed,159,123,282,0.5638,0.7170,2026-09-29T08:38:41.105Z
447780,LostWinds,8,Very Positive,610,143,753,0.8101,0.8074,2026-09-29T08:38:42.596Z
499520,The Turing Test,8,Very Positive,7043,1000,8043,0.8757,0.8714,2026-09-29T08:38:44.090Z
2214730,Math Ball,5,Mixed,5,5,10,0.5000,0.7974,2026-09-29T08:38:45.583Z
2259100,Ball vs Zombie,0,6 user reviews,4,2,6,0.6667,0.8017,2026-09-29T08:38:47.080Z
1679290,Fire,6,Mostly Positive,2119,648,2767,0.7658,0.7716,2026-09-29T08:38:48.579Z
585690,Minimalism,5,Mixed,3115,1525,4640,0.6713,0.6842,2026-09-29T08:38:50.071Z
46400,Greed: Black Border,5,Mixed,145,194,339,0.4277,0.6516,2026-09-29T08:38:51.571Z
255870,PixelJunk Shooter,8,Very Positive,566,61,627,0.9027,0.8586,2026-09-29T08:38:53.057Z
243780,PixelJunk Monsters Ultimate,8,Very Positive,1067,251,1318,0.8096,0.8079,2026-09-29T08:38:54.553Z
42920,The Kings' Crusade,5,Mixed,71,106,177,0.4011,0.6982,2026-09-29T08:38:56.045Z
658430,Professor Watts Word Search: Into The Ocean,5,Mixed,68,56,124,0.5484,0.7527,2026-09-29T08:38:57.542Z
1048350,Nigate Tale,5,Mixed,654,317,971,0.6735,0.7177,2026-09-29T08:38:59.041Z
1413350,Sokpop S09: Flipper Volcano,5,Mixed,43,31,74,0.5811,0.7747,2026-09-29T08:39:00.533Z
1013310,Peaky Blinders: Mastermind,6,Mostly Positive,761,233,994,0.7656,0.7782,2026-09-29T08:39:02.023Z
338320,Pixel Heroes: Byte,6,Mostly Positive,456,148,604,0.7550,0.7769,2026-09-29T08:39:03.513Z
312200,Chasm,6,Mostly Positive,2022,719,2741,0.7377,0.7478,2026-09-29T08:39:05.001Z
63900,Fantasy Wars,8,Very Positive,273,46,319,0.8558,0.8238,2026-09-29T08:39:06.501Z
33130,Zombie Shooter,8,Very Positive,1111,235,1346,0.8254,0.8194,2026-09-29T08:39:07.995Z
1492430,Rift World,7,Positive,22,4,26,0.8462,0.8055,2026-09-29T08:39:09.491Z
1625760,Dave Dave Dave,7,Positive,25,5,30,0.8333,0.8051,2026-09-29T08:39:10.987Z
465200,Fury Unleashed,8,Very Positive,2550,373,2923,0.8724,0.8623,2026-09-29T08:39:12.486Z
323320,Grow Home,8,Very Positive,5174,461,5635,0.9182,0.9088,2026-09-29T08:39:13.988Z
3830,Psychonauts,8,Very Positive,18375,983,19358,0.9492,0.9455,2026-09-29T08:39:15.480Z
263320,Saturday Morning RPG,6,Mostly Positive,424,132,556,0.7626,0.7819,2026-09-29T08:39:16.978Z
343860,Tacoma,8,Very Positive,4158,665,4823,0.8621,0.8566,2026-09-29T08:39:18.463Z
321260,Wickland,5,Mixed,437,407,844,0.5178,0.6240,2026-09-29T08:39:19.944Z
1144030,Pesterquest,8,Very Positive,1415,158,1573,0.8996,0.8764,2026-09-29T08:39:21.437Z
65560,Painkiller: Redemption,5,Mixed,346,413,759,0.4559,0.5939,2026-09-29T08:39:22.926Z
243120,Betrayer,8,Very Positive,3040,707,3747,0.8113,0.8104,2026-09-29T08:39:24.419Z
209330,A Valley Without Wind,5,Mixed,313,207,520,0.6019,0.7007,2026-09-29T08:39:25.908Z
228320,A Valley Without Wind 2,5,Mixed,104,124,228,0.4561,0.6946,2026-09-29T08:39:27.389Z
656970,MagiCat,8,Very Positive,638,70,708,0.9011,0.8607,2026-09-29T08:39:28.884Z
226620,Desktop Dungeons,8,Very Positive,1976,388,2364,0.8359,0.8302,2026-09-29T08:39:30.365Z
409720,BioShock 2 Remastered,6,Mostly Positive,21927,8462,30389,0.7215,0.7229,2026-09-29T08:39:31.856Z
8870,BioShock Infinite,8,Very Positive,136280,9531,145811,0.9346,0.9342,2026-09-29T08:39:33.349Z
409710,BioShock Remastered,8,Very Positive,54277,10964,65241,0.8319,0.8317,2026-09-29T08:39:34.855Z
2337000,Shuttle World,0,7 user reviews,4,3,7,0.5714,0.8002,2026-09-29T08:39:36.344Z
232770,POSTAL,8,Very Positive,13294,1220,14514,0.9159,0.9122,2026-09-29T08:39:37.833Z
1549970,Aliens: Fireteam Elite,6,Mostly Positive,21645,5526,27171,0.7966,0.7967,2026-09-29T08:39:39.317Z
532210,Life is Strange 2,8,Very Positive,36016,5134,41150,0.8752,0.8744,2026-09-29T08:39:40.807Z
1272160,The Life and Suffering of Sir Brante,8,Very Positive,11504,1614,13118,0.8770,0.8743,2026-09-29T08:39:42.306Z
1140270,Monster Prom 2: Monster Camp,9,Overwhelmingly Positive,5918,225,6143,0.9634,0.9513,2026-09-29T08:39:43.795Z
1304680,Voidigo,9,Overwhelmingly Positive,4757,172,4929,0.9651,0.9502,2026-09-29T08:39:45.290Z
1294420,Rollerdrome,8,Very Positive,2030,252,2282,0.8896,0.8741,2026-09-29T08:39:46.781Z
1850570,DEATH STRANDING DIRECTOR'S CUT,8,Very Positive,63635,5385,69020,0.9220,0.9211,2026-09-29T08:39:48.277Z
1054510,Survivalist: Invisible Strain,8,Very Positive,3954,611,4565,0.8662,0.8600,2026-09-29T08:39:49.777Z
227080,Papo,8,Very Positive,2688,189,2877,0.9343,0.9149,2026-09-29T08:39:51.267Z
489520,Minion Masters,8,Very Positive,58372,6932,65304,0.8939,0.8932,2026-09-29T08:39:52.760Z
41730,Ion Assault,5,Mixed,123,58,181,0.6796,0.7705,2026-09-29T08:39:54.253Z
6200,Ghost Master,8,Very Positive,1753,204,1957,0.8958,0.8770,2026-09-29T08:39:55.742Z
1873120,No Love Lost,5,Mixed,37,35,72,0.5139,0.7669,2026-09-29T08:39:57.231Z
311680,Flower Shop: Winter In Fairbrook,5,Mixed,69,40,109,0.6330,0.7729,2026-09-29T08:39:58.722Z
695100,Smoke and Sacrifice,6,Mostly Positive,389,125,514,0.7568,0.7798,2026-09-29T08:40:00.212Z
2252820,Locked In Mind,8,Very Positive,390,77,467,0.8351,0.8187,2026-09-29T08:40:01.707Z
1104330,Founders' Fortune,8,Very Positive,1753,434,2187,0.8016,0.8019,2026-09-29T08:40:03.195Z
1175460,Revita,8,Very Positive,1978,460,2438,0.8113,0.8100,2026-09-29T08:40:04.686Z
264120,Victory: The Age of Racing,5,Mixed,683,650,1333,0.5124,0.5918,2026-09-29T08:40:06.218Z
70120,Hacker Evolution Duality,4,Mostly Negative,188,366,554,0.3394,0.5595,2026-09-29T08:40:07.710Z
23450,Grand Ages: Rome,6,Mostly Positive,618,202,820,0.7537,0.7725,2026-09-29T08:40:09.200Z
931360,Land of Puzzles: Battles,4,Mostly Negative,29,49,78,0.3718,0.7451,2026-09-29T08:40:10.704Z
297350,The Old City: Leviathan,6,Mostly Positive,536,209,745,0.7195,0.7532,2026-09-29T08:40:12.203Z
791470,DYO,9,Overwhelmingly Positive,1913,74,1987,0.9628,0.9307,2026-09-29T08:40:13.697Z
312990,The Expendabros,9,Overwhelmingly Positive,17755,506,18261,0.9723,0.9678,2026-09-29T08:40:15.208Z
298180,The Desolate Hope,8,Very Positive,1703,136,1839,0.9260,0.8998,2026-09-29T08:40:16.711Z
560260,Super Blue Boy Planet,8,Very Positive,2474,241,2715,0.9112,0.8945,2026-09-29T08:40:18.208Z
409160,"Dr. Langeskov, The Tiger, and The Terribly Cursed Emerald: A Whirlwind Heist",8,Very Positive,9497,690,10187,0.9323,0.9262,2026-09-29T08:40:19.741Z
1338250,Nohra,8,Very Positive,314,12,326,0.9632,0.8664,2026-09-29T08:40:21.231Z
1072390,BirdGut,9,Overwhelmingly Positive,4964,244,5208,0.9531,0.9400,2026-09-29T08:40:22.754Z
529110,Awkward Dimensions Redux,8,Very Positive,2384,578,2962,0.8049,0.8046,2026-09-29T08:40:24.243Z
91900,Post Apocalyptic Mayhem,8,Very Positive,1277,246,1523,0.8385,0.8298,2026-09-29T08:40:25.735Z
1037910,Paw Paw Paw,5,Mixed,242,200,442,0.5475,0.6833,2026-09-29T08:40:27.249Z
394700,Karma. Incarnation 1,8,Very Positive,299,67,366,0.8169,0.8091,2026-09-29T08:40:28.732Z
1018850,Smile For Me,9,Overwhelmingly Positive,2880,108,2988,0.9639,0.9408,2026-09-29T08:40:30.225Z
1130410,Cyber Hook,8,Very Positive,3979,216,4195,0.9485,0.9331,2026-09-29T08:40:31.785Z
322330,Don't Starve Together,8,Very Positive,515917,27717,543634,0.9490,0.9489,2026-09-29T08:40:33.274Z
280740,Aperture Tag: The Paint Gun Testing Initiative,8,Very Positive,5870,1233,7103,0.8264,0.8249,2026-09-29T08:40:34.768Z
96000,The Tiny Bang Story,8,Very Positive,5799,853,6652,0.8718,0.8670,2026-09-29T08:40:36.290Z
324800,Shadow Warrior 2,8,Very Positive,24580,3659,28239,0.8704,0.8693,2026-09-29T08:40:37.790Z
239430,Q.U.B.E: Director's Cut,8,Very Positive,1582,345,1927,0.8210,0.8173,2026-09-29T08:40:39.287Z
203730,Q.U.B.E.,8,Very Positive,1005,72,1077,0.9331,0.8920,2026-09-29T08:40:40.773Z
855640,My Brother Rabbit,9,Overwhelmingly Positive,1996,78,2074,0.9624,0.9315,2026-09-29T08:40:42.266Z
324120,Verde Station,6,Mostly Positive,262,89,351,0.7464,0.7799,2026-09-29T08:40:43.774Z
264730,Deadly 30,6,Mostly Positive,1442,434,1876,0.7687,0.7760,2026-09-29T08:40:45.272Z
252570,Depths of Fear :: Knossos,5,Mixed,290,145,435,0.6667,0.7398,2026-09-29T08:40:46.767Z
297130,Titan Souls,6,Mostly Positive,10920,2953,13873,0.7871,0.7877,2026-09-29T08:40:48.264Z
237630,DuckTales Remastered,8,Very Positive,6995,964,7959,0.8789,0.8744,2026-09-29T08:40:49.759Z
19030,Rocket Knight,6,Mostly Positive,130,47,177,0.7345,0.7854,2026-09-29T08:40:51.276Z
228300,Remember Me,8,Very Positive,14210,2873,17083,0.8318,0.8310,2026-09-29T08:40:52.762Z
203750,Binary Domain,8,Very Positive,7146,1184,8330,0.8579,0.8548,2026-09-29T08:40:54.252Z
63960,Theatre of War 3: Korea,5,Mixed,95,113,208,0.4567,0.7015,2026-09-29T08:40:55.742Z
17710,Nuclear Dawn,6,Mostly Positive,1962,535,2497,0.7857,0.7887,2026-09-29T08:40:57.234Z
302260,Truffle Saga,5,Mixed,52,71,123,0.4228,0.7282,2026-09-29T08:40:58.737Z
356880,Eron,5,Mixed,214,144,358,0.5978,0.7176,2026-09-29T08:41:00.227Z
1073640,JetX Space Edition,5,Mixed,10,11,21,0.4762,0.7902,2026-09-29T08:41:01.727Z
822460,Trivia Vault: Auto Racing Trivia,5,Mixed,79,47,126,0.6270,0.7679,2026-09-29T08:41:03.223Z
418000,Demented,5,Mixed,96,42,138,0.6957,0.7801,2026-09-29T08:41:04.715Z
303610,Suicide Guy,8,Very Positive,3015,395,3410,0.8842,0.8738,2026-09-29T08:41:06.201Z
315320,Skilltree Saga,4,Mostly Negative,64,134,198,0.3232,0.6672,2026-09-29T08:41:07.697Z
272890,Vertiginous Golf,5,Mixed,636,471,1107,0.5745,0.6457,2026-09-29T08:41:09.193Z
351100,Niffelheim,6,Mostly Positive,1660,676,2336,0.7106,0.7270,2026-09-29T08:41:10.682Z
1042780,Pine,6,Mostly Positive,1362,483,1845,0.7382,0.7521,2026-09-29T08:41:12.180Z
603800,ReThink,8,Very Positive,240,53,293,0.8191,0.8092,2026-09-29T08:41:13.677Z
252550,Qbeh-1: The Atlas Cube,8,Very Positive,635,89,724,0.8771,0.8470,2026-09-29T08:41:15.187Z
1380220,Starsand,5,Mixed,833,435,1268,0.6569,0.6984,2026-09-29T08:41:16.698Z
412880,Drift Streets Japan,5,Mixed,2267,1288,3555,0.6377,0.6581,2026-09-29T08:41:18.183Z
813630,Supraland,9,Overwhelmingly Positive,14677,742,15419,0.9519,0.9472,2026-09-29T08:41:19.679Z
740080,Deadly Days,8,Very Positive,1639,278,1917,0.8550,0.8443,2026-09-29T08:41:21.169Z
2426330,Greed and Grind,6,Mostly Positive,20,8,28,0.7143,0.7986,2026-09-29T08:41:22.664Z
389140,Horizon Chase Turbo,8,Very Positive,5503,447,5950,0.9249,0.9155,2026-09-29T08:41:24.151Z
376520,Kelvin and the Infamous Machine,8,Very Positive,896,93,989,0.9060,0.8715,2026-09-29T08:41:25.659Z
712180,Mugsters,5,Mixed,71,32,103,0.6893,0.7839,2026-09-29T08:41:27.148Z
359840,Shift Happens,6,Mostly Positive,3400,988,4388,0.7748,0.7778,2026-09-29T08:41:28.639Z
346820,Crash Drive 3,8,Very Positive,413,41,454,0.9097,0.8540,2026-09-29T08:41:30.126Z
207190,Fireburst,5,Mixed,106,84,190,0.5579,0.7358,2026-09-29T08:41:31.611Z
1340180,Sherwood Extreme,6,Mostly Positive,389,116,505,0.7703,0.7868,2026-09-29T08:41:33.106Z
530320,Wandersong,8,Very Positive,3709,201,3910,0.9486,0.9321,2026-09-29T08:41:34.593Z
457760,The Signal From Tlva,5,Mixed,766,355,1121,0.6833,0.7203,2026-09-29T08:41:36.084Z
1154810,Going Under,8,Very Positive,3762,412,4174,0.9013,0.8908,2026-09-29T08:41:37.571Z
6800,Commandos: Behind Enemy Lines,8,Very Positive,3653,402,4055,0.9009,0.8902,2026-09-29T08:41:39.076Z
979120,Autonauts,8,Very Positive,4446,524,4970,0.8946,0.8862,2026-09-29T08:41:40.564Z
692890,Roboquest,9,Overwhelmingly Positive,23303,1154,24457,0.9528,0.9498,2026-09-29T08:41:42.054Z
341820,Plush,8,Very Positive,74,12,86,0.8605,0.8117,2026-09-29T08:41:43.539Z
1181400,Path of Giants,9,Overwhelmingly Positive,976,33,1009,0.9673,0.9130,2026-09-29T08:41:45.028Z
275390,Guacamelee! Super Turbo Championship Edition,8,Very Positive,6577,536,7113,0.9246,0.9167,2026-09-29T08:41:46.524Z
812550,The King's Bird,5,Mixed,416,187,603,0.6899,0.7413,2026-09-29T08:41:48.024Z
1380420,Grow: Song of the Evertree,8,Very Positive,2077,493,2570,0.8082,0.8074,2026-09-29T08:41:49.513Z
1228870,Bartlow's Dread Machine,8,Very Positive,79,13,92,0.8587,0.8120,2026-09-29T08:41:51.006Z
603030,Lamp Head,6,Mostly Positive,369,96,465,0.7935,0.7986,2026-09-29T08:41:52.496Z
231040,Beatbuddy: Tale of the Guardians,6,Mostly Positive,893,296,1189,0.7511,0.7665,2026-09-29T08:41:54.005Z
391730,Crashlands,8,Very Positive,6061,711,6772,0.8950,0.8887,2026-09-29T08:41:55.499Z
249050,Dungeon of the ENDLESS,8,Very Positive,11987,2076,14063,0.8524,0.8507,2026-09-29T08:41:56.989Z
15750,Oddworld: Stranger's Wrath HD,8,Very Positive,1597,232,1829,0.8732,0.8582,2026-09-29T08:41:58.481Z
314660,Oddworld: New 'n' Tasty,8,Very Positive,3140,531,3671,0.8554,0.8491,2026-09-29T08:41:59.975Z
860860,Suicide Guy: Sleepin' Deeply,6,Mostly Positive,466,133,599,0.7780,0.7895,2026-09-29T08:42:01.471Z
733210,Neversong,8,Very Positive,840,143,983,0.8545,0.8373,2026-09-29T08:42:02.964Z
57650,Dungeons,5,Mixed,400,490,890,0.4494,0.5768,2026-09-29T08:42:04.460Z
792710,Levelhead,8,Very Positive,1071,70,1141,0.9387,0.8974,2026-09-29T08:42:05.961Z
1061880,Conan Chop Chop,5,Mixed,468,311,779,0.6008,0.6800,2026-09-29T08:42:07.448Z
7800,Stubbs the Zombie in Rebel Without a Pulse,8,Very Positive,2308,332,2640,0.8742,0.8630,2026-09-29T08:42:08.944Z
760810,Retimed,8,Very Positive,307,60,367,0.8365,0.8174,2026-09-29T08:42:10.454Z
1037020,ScourgeBringer,8,Very Positive,2837,447,3284,0.8639,0.8559,2026-09-29T08:42:11.964Z
43160,Metro: Last Light Complete Edition,8,Very Positive,15382,1025,16407,0.9375,0.9336,2026-09-29T08:42:13.475Z
248550,Megabyte Punch,8,Very Positive,1018,114,1132,0.8993,0.8699,2026-09-29T08:42:15.004Z
1172650,INDUSTRIA,6,Mostly Positive,3112,1261,4373,0.7116,0.7211,2026-09-29T08:42:16.549Z
1116580,Shady Part of Me,8,Very Positive,3280,203,3483,0.9417,0.9243,2026-09-29T08:42:18.050Z
332530,Shutshimi,5,Mixed,120,56,176,0.6818,0.7717,2026-09-29T08:42:19.549Z
350970,Planet of the Eyes,8,Very Positive,498,95,593,0.8398,0.8231,2026-09-29T08:42:21.073Z
46570,Grotesque Tactics 2 - Dungeons and Donuts,5,Mixed,140,121,261,0.5364,0.7118,2026-09-29T08:42:22.607Z
21000,LEGO Batman: The Videogame,8,Very Positive,14809,1746,16555,0.8945,0.8919,2026-09-29T08:42:24.155Z
1557740,ROUNDS,9,Overwhelmingly Positive,42594,2114,44708,0.9527,0.9511,2026-09-29T08:42:25.650Z
748300,Treasure Hunter Simulator,5,Mixed,895,772,1667,0.5369,0.5984,2026-09-29T08:42:27.206Z
269610,Arcane Worlds,5,Mixed,108,131,239,0.4519,0.6897,2026-09-29T08:42:28.724Z
603090,Dream Stone,5,Mixed,82,57,139,0.5899,0.7569,2026-09-29T08:42:30.217Z
1369410,Dream Stone 2,5,Mixed,14,9,23,0.6087,0.7948,2026-09-29T08:42:31.725Z
910490,Killsquad,6,Mostly Positive,2451,1043,3494,0.7015,0.7142,2026-09-29T08:42:33.230Z
1465560,Against All Odds,5,Mixed,161,90,251,0.6414,0.7492,2026-09-29T08:42:34.725Z
2417620,Pogglewash,8,Very Positive,66,11,77,0.8571,0.8105,2026-09-29T08:42:36.241Z
496390,Shiny,5,Mixed,41,43,84,0.4881,0.7580,2026-09-29T08:42:37.736Z
249130,LEGO MARVEL Super Heroes,9,Overwhelmingly Positive,30154,1364,31518,0.9567,0.9543,2026-09-29T08:42:39.234Z
657590,Grav Blazer,5,Mixed,76,84,160,0.4750,0.7238,2026-09-29T08:42:40.718Z
982720,Paradise Lost,5,Mixed,1598,917,2515,0.6354,0.6632,2026-09-29T08:42:42.213Z
235210,Strider,8,Very Positive,3425,827,4252,0.8055,0.8053,2026-09-29T08:42:43.790Z
363440,Mega Man Legacy Collection,8,Very Positive,4690,732,5422,0.8650,0.8598,2026-09-29T08:42:45.288Z
495050,Mega Man Legacy Collection 2,8,Very Positive,1581,287,1868,0.8464,0.8373,2026-09-29T08:42:46.811Z
742300,Mega Man 11,8,Very Positive,4907,595,5502,0.8919,0.8845,2026-09-29T08:42:48.328Z
21680,Bionic Commando Rearmed,5,Mixed,705,463,1168,0.6036,0.6635,2026-09-29T08:42:49.823Z
367500,Dragon's Dogma: Dark Arisen,8,Very Positive,43471,5697,49168,0.8841,0.8833,2026-09-29T08:42:51.323Z
226720,Lost Planet 3,5,Mixed,2458,1459,3917,0.6275,0.6474,2026-09-29T08:42:52.820Z
394310,Punch Club,8,Very Positive,12686,3128,15814,0.8022,0.8022,2026-09-29T08:42:54.325Z
1205170,Super Magbot,8,Very Positive,357,68,425,0.8400,0.8202,2026-09-29T08:42:56.052Z
261030,The Walking Dead: Season Two,9,Overwhelmingly Positive,32877,1161,34038,0.9659,0.9635,2026-09-29T08:42:57.549Z
96200,Steel Storm: Burning Retribution,5,Mixed,223,149,372,0.5995,0.7164,2026-09-29T08:42:59.060Z
200260,Batman: Arkham City GOTY,9,Overwhelmingly Positive,75480,2988,78468,0.9619,0.9609,2026-09-29T08:43:00.560Z
320040,Moon Hunters,6,Mostly Positive,4082,1154,5236,0.7796,0.7817,2026-09-29T08:43:02.116Z
443910,TGV Voyages Train Simulator,4,Mostly Negative,325,550,875,0.3714,0.5285,2026-09-29T08:43:03.607Z
429570,The Walking Dead: Michonne,8,Very Positive,6655,1602,8257,0.8060,0.8058,2026-09-29T08:43:05.103Z
299480,Rogue Stormers,5,Mixed,680,313,993,0.6848,0.7245,2026-09-29T08:43:06.604Z
2286690,Pick Up The Waste,0,3 user reviews,3,0,3,1.0000,0.8045,2026-09-29T08:43:08.098Z
1938800,Alone in the Dark Prologue,6,Mostly Positive,1245,400,1645,0.7568,0.7677,2026-09-29T08:43:09.682Z
1311070,Greak: Memories of Azur,6,Mostly Positive,1216,341,1557,0.7810,0.7864,2026-09-29T08:43:11.233Z
1307580,TOEM,9,Overwhelmingly Positive,12190,112,12302,0.9909,0.9836,2026-09-29T08:43:12.767Z
751820,Black Future '88,6,Mostly Positive,539,211,750,0.7187,0.7525,2026-09-29T08:43:14.287Z
46360,Theatre of War 2: Kursk 1943,5,Mixed,157,76,233,0.6738,0.7622,2026-09-29T08:43:15.790Z
213330,LEGO Batman 2: DC Super Heroes,8,Very Positive,9146,503,9649,0.9479,0.9408,2026-09-29T08:43:17.282Z
1634150,Behind the Frame: The Finest Scenery,8,Very Positive,7265,466,7731,0.9397,0.9314,2026-09-29T08:43:18.767Z
628200,The Invisible Hand,8,Very Positive,558,135,693,0.8052,0.8044,2026-09-29T08:43:20.258Z
1120320,Builder Simulator,6,Mostly Positive,1619,642,2261,0.7161,0.7319,2026-09-29T08:43:21.766Z
1335790,Operation Tango,8,Very Positive,7709,1225,8934,0.8629,0.8597,2026-09-29T08:43:23.266Z
1114290,Windjammers 2,8,Very Positive,676,90,766,0.8825,0.8513,2026-09-29T08:43:24.755Z
1611910,"Warhammer 40,000: Chaos Gate - Daemonhunters",6,Mostly Positive,11347,3472,14819,0.7657,0.7669,2026-09-29T08:43:26.253Z
1063660,Bendy and the Dark Revival,8,Very Positive,15036,1330,16366,0.9187,0.9153,2026-09-29T08:43:27.745Z
33570,Patrician III,8,Very Positive,839,186,1025,0.8185,0.8136,2026-09-29T08:43:29.234Z
974950,DAMNOSAUR,8,Very Positive,291,27,318,0.9151,0.8468,2026-09-29T08:43:30.771Z
1860570,With You,8,Very Positive,2575,319,2894,0.8898,0.8770,2026-09-29T08:43:32.259Z
398710,Timberman,8,Very Positive,10393,766,11159,0.9314,0.9259,2026-09-29T08:43:33.757Z
37000,The Void,8,Very Positive,961,232,1193,0.8055,0.8049,2026-09-29T08:43:35.252Z
258220,Blood Knights,5,Mixed,685,384,1069,0.6408,0.6926,2026-09-29T08:43:36.750Z
683320,GRIS,9,Overwhelmingly Positive,92681,3814,96495,0.9605,0.9597,2026-09-29T08:43:38.240Z
640590,The LEGO NINJAGO Movie Video Game,8,Very Positive,6938,1219,8157,0.8506,0.8478,2026-09-29T08:43:39.735Z
1180660,Tell Me Why,8,Very Positive,13207,2919,16126,0.8190,0.8185,2026-09-29T08:43:41.238Z
12320,Sacred Gold,8,Very Positive,3954,678,4632,0.8536,0.8487,2026-09-29T08:43:42.738Z
45760,Ultra Street Fighter IV,8,Very Positive,15447,1616,17063,0.9053,0.9024,2026-09-29T08:43:44.224Z
1190170,OlliOlli World,8,Very Positive,1667,187,1854,0.8991,0.8788,2026-09-29T08:43:45.728Z
261530,Lifeless Planet,6,Mostly Positive,2789,847,3636,0.7671,0.7714,2026-09-29T08:43:47.239Z
40500,Sacraboar,4,Mostly Negative,16,49,65,0.2462,0.7393,2026-09-29T08:43:48.737Z
405310,LEGO MARVEL's Avengers,8,Very Positive,8052,1065,9117,0.8832,0.8790,2026-09-29T08:43:50.224Z
2435930,Eventide,7,Positive,19,4,23,0.8261,0.8044,2026-09-29T08:43:51.724Z
640160,Galactic Glitch: Prologue,8,Very Positive,178,6,184,0.9674,0.8475,2026-09-29T08:43:53.205Z
620620,Pirate101,8,Very Positive,378,84,462,0.8182,0.8105,2026-09-29T08:43:54.692Z
2347110,Quasimorph: End of Dream,8,Very Positive,1268,134,1402,0.9044,0.8779,2026-09-29T08:43:56.183Z
2190950,WORDKOUR,5,Mixed,6,4,10,0.6000,0.7994,2026-09-29T08:43:57.681Z
660160,Field of Glory II,8,Very Positive,1025,215,1240,0.8266,0.8199,2026-09-29T08:43:59.170Z
305620,The Long Dark,8,Very Positive,110168,13776,123944,0.8889,0.8885,2026-09-29T08:44:00.659Z
277490,Battle Group 2,8,Very Positive,441,88,529,0.8336,0.8189,2026-09-29T08:44:02.154Z
208650,Batman: Arkham Knight,8,Very Positive,143857,16476,160333,0.8972,0.8969,2026-09-29T08:44:03.646Z
265690,NaissanceE,8,Very Positive,3755,702,4457,0.8425,0.8385,2026-09-29T08:44:05.146Z
24670,Trainz Simulator 12,6,Mostly Positive,1522,522,2044,0.7446,0.7562,2026-09-29T08:44:06.632Z
1220150,Blue Fire,8,Very Positive,2536,577,3113,0.8146,0.8131,2026-09-29T08:44:08.122Z
1793350,Blue Fire: Void Maker,6,Mostly Positive,76,26,102,0.7451,0.7935,2026-09-29T08:44:09.613Z
866800,The Walking Dead: The Final Season,9,Overwhelmingly Positive,20480,1066,21546,0.9505,0.9472,2026-09-29T08:44:11.193Z
23460,Ceville,6,Mostly Positive,169,44,213,0.7934,0.8004,2026-09-29T08:44:12.683Z
35140,Batman: Arkham Asylum GOTY Edition,9,Overwhelmingly Positive,84679,3194,87873,0.9637,0.9627,2026-09-29T08:44:14.183Z
261640,Borderlands: The Pre-Sequel,6,Mostly Positive,34166,9126,43292,0.7892,0.7894,2026-09-29T08:44:15.673Z
348440,Quell Memento,8,Very Positive,218,9,227,0.9604,0.8524,2026-09-29T08:44:17.170Z
325090,Deep Dungeons of Doom,6,Mostly Positive,593,168,761,0.7792,0.7888,2026-09-29T08:44:18.664Z
911130,Puzzle Monarch: Vampires,5,Mixed,19,27,46,0.4130,0.7705,2026-09-29T08:44:20.159Z
788100,Neon Abyss,8,Very Positive,20295,3334,23629,0.8589,0.8578,2026-09-29T08:44:21.687Z
267530,The LEGO Movie - Videogame,8,Very Positive,5313,788,6101,0.8708,0.8657,2026-09-29T08:44:23.228Z
1490130,CrashMetal Cyberpunk,5,Mixed,493,269,762,0.6470,0.7089,2026-09-29T08:44:24.721Z
387290,Ori and the Blind Forest: Definitive Edition,9,Overwhelmingly Positive,68091,3539,71630,0.9506,0.9496,2026-09-29T08:44:26.210Z
207020,Bang Bang Racing,8,Very Positive,550,114,664,0.8283,0.8176,2026-09-29T08:44:27.697Z
935400,Alchemy Garden,5,Mixed,738,336,1074,0.6872,0.7241,2026-09-29T08:44:29.192Z
209000,Batman: Arkham Origins,8,Very Positive,58983,6666,65649,0.8985,0.8977,2026-09-29T08:44:30.676Z
2244800,Force of Nature 2: Prologue,6,Mostly Positive,64,18,82,0.7805,0.8001,2026-09-29T08:44:32.174Z
2424880,Cosmic Coliseum: Prologue,6,Mostly Positive,54,14,68,0.7941,0.8023,2026-09-29T08:44:33.671Z
2431320,CatAclism,8,Very Positive,108,12,120,0.9000,0.8221,2026-09-29T08:44:35.159Z
272040,KAMI,9,Overwhelmingly Positive,1216,56,1272,0.9560,0.9129,2026-09-29T08:44:36.654Z
34900,Bad Rats,6,Mostly Positive,11716,3109,14825,0.7903,0.7907,2026-09-29T08:44:38.139Z
233720,Surgeon Simulator,8,Very Positive,13861,3060,16921,0.8192,0.8187,2026-09-29T08:44:39.630Z
289050,Shannon Tweed's Attack Of The Groupies,5,Mixed,25,25,50,0.5000,0.7758,2026-09-29T08:44:41.126Z
2210800,Monster Racing League,8,Very Positive,66,16,82,0.8049,0.8036,2026-09-29T08:44:42.615Z
223430,Miner Wars 2081,4,Mostly Negative,139,253,392,0.3546,0.6061,2026-09-29T08:44:44.095Z
516110,ToeJam,8,Very Positive,994,137,1131,0.8789,0.8557,2026-09-29T08:44:45.583Z
1063310,Vane,5,Mixed,343,285,628,0.5462,0.6602,2026-09-29T08:44:47.075Z
393190,TSIOQUE,8,Very Positive,1814,102,1916,0.9468,0.9171,2026-09-29T08:44:48.562Z
532920,The Artifact,5,Mixed,136,79,215,0.6326,0.7520,2026-09-29T08:44:50.046Z
528720,Shu,6,Mostly Positive,176,55,231,0.7619,0.7903,2026-09-29T08:44:51.529Z
57740,Jagged Alliance - Back in Action,6,Mostly Positive,1292,483,1775,0.7279,0.7445,2026-09-29T08:44:53.017Z
25980,Majesty 2,5,Mixed,895,412,1307,0.6848,0.7176,2026-09-29T08:44:54.506Z
572890,Pikuniku,9,Overwhelmingly Positive,11389,491,11880,0.9587,0.9524,2026-09-29T08:44:55.998Z
1252330,DEATHLOOP,6,Mostly Positive,23198,7304,30502,0.7605,0.7612,2026-09-29T08:44:57.489Z
822900,Trivia Vault: Golf Trivia,5,Mixed,65,41,106,0.6132,0.7701,2026-09-29T08:44:58.969Z
315540,The Joylancer: Legendary Motor Knight,4,Mostly Negative,65,104,169,0.3846,0.6976,2026-09-29T08:45:00.456Z
349730,Popup Dungeon,6,Mostly Positive,783,267,1050,0.7457,0.7643,2026-09-29T08:45:01.960Z
337000,Deus Ex: Mankind Divided,6,Mostly Positive,32379,9964,42343,0.7647,0.7651,2026-09-29T08:45:03.452Z
25900,King's Bounty: The Legend,8,Very Positive,3655,380,4035,0.9058,0.8945,2026-09-29T08:45:04.954Z
1123050,GRIME,8,Very Positive,5764,1034,6798,0.8479,0.8448,2026-09-29T08:45:06.449Z
818320,LEGO The Incredibles,8,Very Positive,2362,261,2623,0.9005,0.8849,2026-09-29T08:45:07.932Z
46340,Theatre of War 2: Africa 1943,5,Mixed,195,89,284,0.6866,0.7611,2026-09-29T08:45:09.433Z
1104660,MO:Astray,8,Very Positive,4644,420,5064,0.9171,0.9068,2026-09-29T08:45:10.926Z
204060,Superbrothers: Sword,6,Mostly Positive,2055,600,2655,0.7740,0.7787,2026-09-29T08:45:12.414Z
861740,Trivia Vault: Literature Trivia,5,Mixed,71,41,112,0.6339,0.7724,2026-09-29T08:45:13.916Z
290710,Cloud Chamber,5,Mixed,85,52,137,0.6204,0.7640,2026-09-29T08:45:15.416Z
297570,Warrior Kings,6,Mostly Positive,104,41,145,0.7172,0.7840,2026-09-29T08:45:16.915Z
617290,Remnant: From the Ashes,8,Very Positive,48504,9074,57578,0.8424,0.8421,2026-09-29T08:45:18.406Z
841190,"Honey, I Joined a Cult",6,Mostly Positive,1403,535,1938,0.7239,0.7402,2026-09-29T08:45:19.904Z
900010,Meeple Station,5,Mixed,545,411,956,0.5701,0.6502,2026-09-29T08:45:21.421Z
1475810,Ghostwire: Tokyo,8,Very Positive,17580,3636,21216,0.8286,0.8280,2026-09-29T08:45:22.921Z
845970,Trivia Vault: Movie Trivia,5,Mixed,69,36,105,0.6571,0.7780,2026-09-29T08:45:24.446Z
299170,Vault Cracker,5,Mixed,27,28,55,0.4909,0.7724,2026-09-29T08:45:25.969Z
1674780,Lone Fungus,8,Very Positive,991,200,1191,0.8321,0.8236,2026-09-29T08:45:27.485Z
369180,SoulCraft,5,Mixed,71,83,154,0.4610,0.7228,2026-09-29T08:45:29.071Z
312050,Red Johnson's Chronicles - 1 2 - Steam Special Edition,4,Mostly Negative,28,43,71,0.3944,0.7525,2026-09-29T08:45:30.561Z
57690,Tropico 4,8,Very Positive,11701,1061,12762,0.9169,0.9126,2026-09-29T08:45:32.049Z
278570,Labyrinthine Dreams,6,Mostly Positive,294,84,378,0.7778,0.7924,2026-09-29T08:45:33.550Z
1920490,The Outer Worlds: Spacer's Choice Edition,6,Mostly Positive,4192,1321,5513,0.7604,0.7640,2026-09-29T08:45:35.044Z
745920,Temtem,8,Very Positive,31979,7345,39324,0.8132,0.8131,2026-09-29T08:45:36.530Z
1105500,Yakuza 4 Remastered,8,Very Positive,6809,732,7541,0.9029,0.8967,2026-09-29T08:45:38.021Z
1155970,Roadwarden,8,Very Positive,4899,305,5204,0.9414,0.9293,2026-09-29T08:45:39.523Z
1158220,Kraken Academy!!,8,Very Positive,974,102,1076,0.9052,0.8729,2026-09-29T08:45:41.017Z
1040070,Merchant of the Skies,8,Very Positive,1967,320,2287,0.8601,0.8499,2026-09-29T08:45:42.515Z
1768280,Ozymandias,8,Very Positive,1479,202,1681,0.8798,0.8623,2026-09-29T08:45:44.010Z
1972440,Shotgun King: The Final Checkmate,8,Very Positive,6784,671,7455,0.9100,0.9033,2026-09-29T08:45:45.497Z
1593500,God of War,9,Overwhelmingly Positive,177620,7526,185146,0.9594,0.9589,2026-09-29T08:45:46.986Z
234140,Mad Max,8,Very Positive,83714,6931,90645,0.9235,0.9229,2026-09-29T08:45:48.481Z
271900,Hexcells Plus,8,Very Positive,2681,154,2835,0.9457,0.9243,2026-09-29T08:45:49.965Z
2456230,Night Terrors,0,8 user reviews,2,6,8,0.2500,0.7947,2026-09-29T08:45:51.453Z
753590,Hellbound,5,Mixed,981,545,1526,0.6429,0.6825,2026-09-29T08:45:52.938Z
369070,Slain: Back from Hell,6,Mostly Positive,1736,685,2421,0.7171,0.7318,2026-09-29T08:45:54.420Z
22130,Hearts of Iron II: Complete,8,Very Positive,578,127,705,0.8199,0.8130,2026-09-29T08:45:55.917Z
687490,Trivia Vault: Super Heroes Trivia,5,Mixed,85,72,157,0.5414,0.7408,2026-09-29T08:45:57.414Z
474960,Quantum Break,8,Very Positive,26648,4450,31098,0.8569,0.8561,2026-09-29T08:45:58.921Z
214320,Dollar Dash,5,Mixed,56,66,122,0.4590,0.7358,2026-09-29T08:46:00.414Z
1085510,Garfield Kart - Furious Racing,8,Very Positive,13205,1898,15103,0.8743,0.8721,2026-09-29T08:46:01.909Z
2410180,Portal: Prelude RTX,5,Mixed,741,1096,1837,0.4034,0.4890,2026-09-29T08:46:03.390Z
1222140,Detroit: Become Human,9,Overwhelmingly Positive,254317,9603,263920,0.9636,0.9633,2026-09-29T08:46:04.888Z
246740,Huntsman - The Orphanage Halloween Edition,4,Mostly Negative,79,193,272,0.2904,0.6226,2026-09-29T08:46:06.376Z
231910,Leisure Suit Larry in the Land of the Lounge Lizards: Reloaded,8,Very Positive,413,91,504,0.8194,0.8114,2026-09-29T08:46:07.875Z
202270,Leviathan: Warships,5,Mixed,193,189,382,0.5052,0.6742,2026-09-29T08:46:09.364Z
311690,Enter the Gungeon,9,Overwhelmingly Positive,85502,4413,89915,0.9509,0.9501,2026-09-29T08:46:10.859Z
252410,SteamWorld Dig,8,Very Positive,10316,715,11031,0.9352,0.9295,2026-09-29T08:46:12.358Z
299150,Empress Of The Deep,5,Mixed,113,53,166,0.6807,0.7728,2026-09-29T08:46:13.858Z
851710,Trivia Vault: Art Trivia,5,Mixed,73,43,116,0.6293,0.7706,2026-09-29T08:46:15.349Z
289380,Konung 3: Ties of the Dynasty,6,Mostly Positive,100,37,137,0.7299,0.7876,2026-09-29T08:46:16.855Z
214340,Deponia,8,Very Positive,12669,2036,14705,0.8615,0.8596,2026-09-29T08:46:18.348Z
65500,Aura: Fate of the Ages,5,Mixed,134,88,222,0.6036,0.7419,2026-09-29T08:46:19.855Z
346560,Hero of the Kingdom II,8,Very Positive,2436,144,2580,0.9442,0.9213,2026-09-29T08:46:21.358Z
632470,Disco Elysium,8,Very Positive,121743,9792,131535,0.9256,0.9251,2026-09-29T08:46:22.854Z
1466640,Road 96,8,Very Positive,24160,2208,26368,0.9163,0.9142,2026-09-29T08:46:24.347Z
1370050,Trek to Yomi,6,Mostly Positive,2206,892,3098,0.7121,0.7248,2026-09-29T08:46:25.836Z
1824220,Chivalry 2,6,Mostly Positive,46997,12253,59250,0.7932,0.7933,2026-09-29T08:46:27.335Z
1315980,Tin Can,8,Very Positive,1149,213,1362,0.8436,0.8328,2026-09-29T08:46:28.833Z
1293180,SuchArt!,9,Overwhelmingly Positive,4458,135,4593,0.9706,0.9542,2026-09-29T08:46:30.318Z
892860,Hot Brass,6,Mostly Positive,540,176,716,0.7542,0.7744,2026-09-29T08:46:31.818Z
1388870,Arcade Paradise,8,Very Positive,1674,403,2077,0.8060,0.8055,2026-09-29T08:46:33.318Z
313340,Mountain,8,Very Positive,14361,1931,16292,0.8815,0.8791,2026-09-29T08:46:34.807Z
20500,Red Faction: Guerrilla Steam Edition,8,Very Positive,6933,777,7710,0.8992,0.8934,2026-09-29T08:46:36.304Z
55110,Red Faction: Armageddon,6,Mostly Positive,3656,1382,5038,0.7257,0.7327,2026-09-29T08:46:37.795Z
667720,Red Faction Guerrilla Re-Mars-tered,6,Mostly Positive,3540,914,4454,0.7948,0.7957,2026-09-29T08:46:39.292Z
1020470,Evoland Legendary Edition,8,Very Positive,2178,521,2699,0.8070,0.8064,2026-09-29T08:46:40.804Z
2353730,Space Expedition,8,Very Positive,179,14,193,0.9275,0.8379,2026-09-29T08:46:42.288Z
2476960,Death Slayer,5,Mixed,26,19,45,0.5778,0.7847,2026-09-29T08:46:43.784Z
3170,King's Bounty: Armored Princess,8,Very Positive,1310,130,1440,0.9097,0.8823,2026-09-29T08:46:45.263Z
218090,Unity of Command,6,Mostly Positive,796,224,1020,0.7804,0.7879,2026-09-29T08:46:46.759Z
71240,SEGA Bass Fishing,8,Very Positive,1029,127,1156,0.8901,0.8639,2026-09-29T08:46:48.252Z
588650,Dead Cells,9,Overwhelmingly Positive,178354,5477,183831,0.9702,0.9698,2026-09-29T08:46:49.737Z
244050,Rise of Flight United,5,Mixed,1547,1192,2739,0.5648,0.6016,2026-09-29T08:46:51.227Z
1205450,Turnip Boy Commits Tax Evasion,8,Very Positive,13299,753,14052,0.9464,0.9415,2026-09-29T08:46:52.713Z
23490,Tropico 3 - Steam Special Edition,8,Very Positive,1738,213,1951,0.8908,0.8730,2026-09-29T08:46:54.203Z
46510,Syberia 2,8,Very Positive,2644,437,3081,0.8582,0.8505,2026-09-29T08:46:55.694Z
41740,Cargo! - The quest for gravity,8,Very Positive,364,86,450,0.8089,0.8060,2026-09-29T08:46:57.177Z
6220,FlatOut,8,Very Positive,6103,598,6701,0.9108,0.9033,2026-09-29T08:46:58.672Z
237590,R.I.P.D.: The Game,4,Mostly Negative,85,145,230,0.3696,0.6667,2026-09-29T08:47:00.164Z
57700,Who's That Flying?!,5,Mixed,121,53,174,0.6954,0.7755,2026-09-29T08:47:01.659Z
1630,Disciples II: Rise of the Elves,8,Very Positive,1267,178,1445,0.8768,0.8579,2026-09-29T08:47:03.147Z
2426410,Boti: Byteland Overclocked - Prologue,6,Mostly Positive,99,32,131,0.7557,0.7935,2026-09-29T08:47:04.640Z
1075740,Banners of Ruin,6,Mostly Positive,2554,687,3241,0.7880,0.7901,2026-09-29T08:47:06.130Z
220440,DmC Devil May Cry,8,Very Positive,30865,2258,33123,0.9318,0.9299,2026-09-29T08:47:07.620Z
1306630,Lost Ruins,8,Very Positive,4942,874,5816,0.8497,0.8461,2026-09-29T08:47:09.108Z
1286680,Tiny Tina's Wonderlands,6,Mostly Positive,17499,7291,24790,0.7059,0.7078,2026-09-29T08:47:10.608Z
1347970,Patch Quest,8,Very Positive,2610,181,2791,0.9351,0.9151,2026-09-29T08:47:12.091Z
1628130,Who Pressed Mute on Uncle Marcus?,5,Mixed,796,411,1207,0.6595,0.7016,2026-09-29T08:47:13.576Z
820520,Deceive Inc.,8,Very Positive,6398,1492,7890,0.8109,0.8105,2026-09-29T08:47:15.069Z
1815570,Aces and Adventures,8,Very Positive,3095,391,3486,0.8878,0.8772,2026-09-29T08:47:16.560Z
1170080,Foretales,8,Very Positive,1013,179,1192,0.8498,0.8361,2026-09-29T08:47:18.041Z
874260,The Forgotten City,9,Overwhelmingly Positive,13163,574,13737,0.9582,0.9528,2026-09-29T08:47:19.526Z
327010,Motorama,4,Mostly Negative,142,254,396,0.3586,0.6068,2026-09-29T08:47:21.020Z
1231880,"Haiku, the Robot",8,Very Positive,3211,372,3583,0.8962,0.8848,2026-09-29T08:47:22.507Z
301640,Zombie Army Trilogy,8,Very Positive,16116,2706,18822,0.8562,0.8549,2026-09-29T08:47:23.996Z
1061180,Crumble,8,Very Positive,967,139,1106,0.8743,0.8522,2026-09-29T08:47:25.490Z
1220370,Ever Forward,8,Very Positive,238,51,289,0.8235,0.8108,2026-09-29T08:47:26.978Z
1730590,The Entropy Centre,8,Very Positive,3978,491,4469,0.8901,0.8814,2026-09-29T08:47:28.472Z
973810,Journey To The Savage Planet,8,Very Positive,6015,910,6925,0.8686,0.8642,2026-09-29T08:47:29.987Z
2012840,Portal with RTX,5,Mixed,11665,7548,19213,0.6071,0.6121,2026-09-29T08:47:31.496Z
574980,Them's Fightin' Herds,8,Very Positive,3661,844,4505,0.8127,0.8117,2026-09-29T08:47:32.989Z
2296990,We Were Here Expeditions: The FriendShip,8,Very Positive,21731,2412,24143,0.9001,0.8981,2026-09-29T08:47:34.479Z
1353270,Five Dates,8,Very Positive,2414,423,2837,0.8509,0.8438,2026-09-29T08:47:35.965Z
727130,Between the Stars,6,Mostly Positive,1854,648,2502,0.7410,0.7514,2026-09-29T08:47:37.465Z
1383960,Nickelodeon Kart Racers 2: Grand Prix,6,Mostly Positive,667,180,847,0.7875,0.7934,2026-09-29T08:47:38.963Z
1873030,Wolfenstein: Enemy Territory,8,Very Positive,1872,355,2227,0.8406,0.8338,2026-09-29T08:47:40.448Z
976700,Size Matters,8,Very Positive,445,66,511,0.8708,0.8375,2026-09-29T08:47:41.944Z
1747890,Demon Turf: Neon Splash,8,Very Positive,211,10,221,0.9548,0.8498,2026-09-29T08:47:43.437Z
1239690,Retrowave,9,Overwhelmingly Positive,14684,749,15433,0.9515,0.9468,2026-09-29T08:47:44.929Z
1577120,The Quarry,8,Very Positive,20744,4549,25293,0.8201,0.8198,2026-09-29T08:47:46.427Z
1061910,Metal: Hellsinger,9,Overwhelmingly Positive,16339,717,17056,0.9580,0.9536,2026-09-29T08:47:47.915Z
1281590,The Dark Pictures Anthology: House of Ashes,8,Very Positive,9820,1222,11042,0.8893,0.8856,2026-09-29T08:47:49.403Z
1252830,A Juggler's Tale,8,Very Positive,2152,188,2340,0.9197,0.8992,2026-09-29T08:47:50.902Z
1287530,Lords and Villeins,6,Mostly Positive,689,286,975,0.7067,0.7394,2026-09-29T08:47:52.400Z
761830,Mr. Prepper,6,Mostly Positive,4378,1101,5479,0.7991,0.7994,2026-09-29T08:47:53.893Z
1576370,REPLIKATOR,8,Very Positive,114,19,133,0.8571,0.8147,2026-09-29T08:47:55.379Z
268910,Cuphead,9,Overwhelmingly Positive,213391,8546,221937,0.9615,0.9611,2026-09-29T08:47:56.865Z
2204860,Dungeons and Myths,4,Mostly Negative,9,16,25,0.3600,0.7823,2026-09-29T08:47:58.353Z
1051200,Trover Saves the Universe,8,Very Positive,2939,302,3241,0.9068,0.8930,2026-09-29T08:47:59.833Z
857770,The Risers,6,Mostly Positive,15,6,21,0.7143,0.7998,2026-09-29T08:48:01.324Z
1440440,Sam,8,Very Positive,1966,119,2085,0.9429,0.9159,2026-09-29T08:48:02.815Z
963000,Frog Detective 1: The Haunted Island,8,Very Positive,5102,452,5554,0.9186,0.9091,2026-09-29T08:48:04.312Z
344740,CRYPTARK,8,Very Positive,1607,347,1954,0.8224,0.8185,2026-09-29T08:48:05.807Z
1636310,Portal: Forbidden Testing Tracks,4,Mostly Negative,569,984,1553,0.3664,0.4728,2026-09-29T08:48:07.295Z
848350,Katamari Damacy REROLL,8,Very Positive,6240,449,6689,0.9329,0.9239,2026-09-29T08:48:08.794Z
393520,Iconoclasts,8,Very Positive,4329,692,5021,0.8622,0.8569,2026-09-29T08:48:10.284Z
366760,Adorables,6,Mostly Positive,1046,314,1360,0.7691,0.7783,2026-09-29T08:48:11.790Z
434610,Forbidden Planet,5,Mixed,188,173,361,0.5208,0.6849,2026-09-29T08:48:13.284Z
27900,Twin Sector,4,Mostly Negative,107,180,287,0.3728,0.6464,2026-09-29T08:48:14.794Z
1194250,Screaming Chicken: Ultimate Showdown,5,Mixed,170,84,254,0.6693,0.7582,2026-09-29T08:48:16.289Z
1071870,Biped,8,Very Positive,9846,1713,11559,0.8518,0.8498,2026-09-29T08:48:17.782Z
290990,Flower Shop: Summer In Fairbrook,5,Mixed,95,42,137,0.6934,0.7797,2026-09-29T08:48:19.267Z
375460,16bit Trader,5,Mixed,768,1018,1786,0.4300,0.5117,2026-09-29T08:48:20.755Z
297720,Corpse of Discovery,5,Mixed,121,67,188,0.6436,0.7597,2026-09-29T08:48:22.254Z
1191900,Say No! More,8,Very Positive,2608,312,2920,0.8932,0.8800,2026-09-29T08:48:23.747Z
223220,Giana Sisters: Twisted Dreams,6,Mostly Positive,1491,433,1924,0.7749,0.7808,2026-09-29T08:48:25.256Z
7500,UFO: Afterlight - Old Version,7,Positive,35,1,36,0.9722,0.8147,2026-09-29T08:48:26.752Z
237950,UFO: Afterlight,5,Mixed,353,185,538,0.6561,0.7271,2026-09-29T08:48:28.249Z
259600,Finding Teddy,8,Very Positive,815,183,998,0.8166,0.8122,2026-09-29T08:48:29.739Z
1135690,Unpacking,8,Very Positive,38172,2767,40939,0.9324,0.9309,2026-09-29T08:48:31.236Z
1138850,Heavenly Bodies,9,Overwhelmingly Positive,4312,222,4534,0.9510,0.9364,2026-09-29T08:48:32.729Z
1510630,Everybody Wham Wham,8,Very Positive,196,10,206,0.9515,0.8466,2026-09-29T08:48:34.219Z
374240,Eternal Step,5,Mixed,48,27,75,0.6400,0.7821,2026-09-29T08:48:35.701Z
710120,Trivia Vault: Mini Mixed Trivia 4,5,Mixed,82,62,144,0.5694,0.7511,2026-09-29T08:48:37.192Z
1419160,Souldiers,5,Mixed,2187,968,3155,0.6932,0.7083,2026-09-29T08:48:38.684Z
105300,Critical Mass,5,Mixed,303,138,441,0.6871,0.7489,2026-09-29T08:48:40.188Z
70,Half-Life,9,Overwhelmingly Positive,158628,5765,164393,0.9649,0.9644,2026-09-29T08:48:41.682Z
1349830,RONIN: Two Souls CHAPTER 1,6,Mostly Positive,246,65,311,0.7910,0.7986,2026-09-29T08:48:43.170Z
2120510,Simple Builder,0,8 user reviews,5,3,8,0.6250,0.8006,2026-09-29T08:48:44.681Z
1761270,Half-Life: MMod,9,Overwhelmingly Positive,5373,199,5572,0.9643,0.9510,2026-09-29T08:48:46.192Z
233610,Distance,8,Very Positive,7022,575,7597,0.9243,0.9168,2026-09-29T08:48:47.675Z
1301950,Time Loader,8,Very Positive,476,100,576,0.8264,0.8157,2026-09-29T08:48:49.171Z
207610,The Walking Dead,9,Overwhelmingly Positive,78535,2154,80689,0.9733,0.9723,2026-09-29T08:48:50.656Z
536220,The Walking Dead: A New Frontier,8,Very Positive,15543,3073,18616,0.8349,0.8341,2026-09-29T08:48:52.149Z
602430,Yono and the Celestial Elephants,8,Very Positive,300,64,364,0.8242,0.8121,2026-09-29T08:48:53.639Z
33620,Crash Time III,8,Very Positive,564,100,664,0.8494,0.8296,2026-09-29T08:48:55.134Z
6210,Vegas: Make It Big,6,Mostly Positive,122,44,166,0.7349,0.7863,2026-09-29T08:48:56.623Z
1718130,SCP : Secret Files,8,Very Positive,4495,603,5098,0.8817,0.8747,2026-09-29T08:48:58.116Z
1403830,Paper Beast - Folded Edition,8,Very Positive,195,38,233,0.8369,0.8140,2026-09-29T08:48:59.601Z
261720,Holy Avatar vs. Maidens of the Dead,5,Mixed,97,69,166,0.5843,0.7488,2026-09-29T08:49:01.102Z
3270,Painkiller Overdose,6,Mostly Positive,858,350,1208,0.7103,0.7375,2026-09-29T08:49:02.596Z
1271700,HOT WHEELS UNLEASHED,6,Mostly Positive,6005,1615,7620,0.7881,0.7890,2026-09-29T08:49:04.089Z
1057090,Ori and the Will of the Wisps,9,Overwhelmingly Positive,141832,5188,147020,0.9647,0.9642,2026-09-29T08:49:05.579Z
263380,Driftmoon,8,Very Positive,245,31,276,0.8877,0.8334,2026-09-29T08:49:07.065Z
2260090,SpaceDog,4,Mostly Negative,8,13,21,0.3810,0.7863,2026-09-29T08:49:08.572Z
221910,The Stanley Parable,8,Very Positive,42380,3457,45837,0.9246,0.9233,2026-09-29T08:49:10.065Z
250030,Lilly Looking Through,6,Mostly Positive,529,182,711,0.7440,0.7685,2026-09-29T08:49:11.549Z
938560,INMOST,8,Very Positive,6692,681,7373,0.9076,0.9010,2026-09-29T08:49:13.045Z
322500,SUPERHOT,8,Very Positive,37344,3446,40790,0.9155,0.9142,2026-09-29T08:49:14.536Z
883360,Beyond Blue,8,Very Positive,1345,176,1521,0.8843,0.8643,2026-09-29T08:49:16.025Z
928960,Godfall,5,Mixed,1622,954,2576,0.6297,0.6579,2026-09-29T08:49:17.548Z
750290,Slice of Sea,8,Very Positive,563,61,624,0.9022,0.8583,2026-09-29T08:49:19.051Z
58400,Turba,4,Mostly Negative,51,94,145,0.3517,0.7018,2026-09-29T08:49:20.546Z
1303950,Toodee and Topdee,8,Very Positive,815,58,873,0.9336,0.8861,2026-09-29T08:49:22.043Z
1304420,Super Cable Boy,8,Very Positive,125,3,128,0.9766,0.8387,2026-09-29T08:49:23.535Z
2187290,Wall World,8,Very Positive,11523,1208,12731,0.9051,0.9013,2026-09-29T08:49:25.019Z
1665130,PAC-MAN MUSEUM,8,Very Positive,549,83,632,0.8687,0.8398,2026-09-29T08:49:26.527Z
449960,Book of Demons,8,Very Positive,8549,895,9444,0.9052,0.9001,2026-09-29T08:49:33.732Z
286140,Eidolon,5,Mixed,267,172,439,0.6082,0.7121,2026-09-29T08:49:35.236Z
312520,Rain World,8,Very Positive,54006,3636,57642,0.9369,0.9358,2026-09-29T08:49:36.744Z
1406850,The Legend of Tianding,8,Very Positive,4121,286,4407,0.9351,0.9217,2026-09-29T08:49:38.236Z
900040,ELEX II,6,Mostly Positive,5073,1876,6949,0.7300,0.7350,2026-09-29T08:49:39.761Z
987840,Expeditions: Rome,8,Very Positive,5946,858,6804,0.8739,0.8691,2026-09-29T08:49:41.259Z
1390410,Midnight Fight Express,8,Very Positive,2509,308,2817,0.8907,0.8775,2026-09-29T08:49:42.762Z
1432050,Nobody Saves the World,8,Very Positive,6290,621,6911,0.9101,0.9029,2026-09-29T08:49:44.251Z
1087760,The Gunk,8,Very Positive,5250,829,6079,0.8636,0.8590,2026-09-29T08:49:45.744Z
1511780,Last Call BBS,8,Very Positive,1466,130,1596,0.9185,0.8911,2026-09-29T08:49:47.259Z
1266030,The Pale Beyond,8,Very Positive,2001,251,2252,0.8885,0.8731,2026-09-29T08:49:48.755Z
214550,Eets Munchies,6,Mostly Positive,625,161,786,0.7952,0.7984,2026-09-29T08:49:50.250Z
313690,LEGO Batman 3: Beyond Gotham,8,Very Positive,9340,1229,10569,0.8837,0.8801,2026-09-29T08:49:51.748Z
302710,BlazeRush,8,Very Positive,1523,210,1733,0.8788,0.8619,2026-09-29T08:49:53.253Z
1019310,VirtuaVerse,8,Very Positive,917,197,1114,0.8232,0.8170,2026-09-29T08:49:54.738Z
924070,Arboria,6,Mostly Positive,601,181,782,0.7685,0.7821,2026-09-29T08:49:56.230Z
367520,Hollow Knight,9,Overwhelmingly Positive,545691,17367,563058,0.9692,0.9690,2026-09-29T08:49:57.711Z
466630,The Pedestrian,9,Overwhelmingly Positive,5912,209,6121,0.9659,0.9536,2026-09-29T08:49:59.204Z
295790,Never Alone (Kisima Ingitchuna),8,Very Positive,6993,1688,8681,0.8056,0.8054,2026-09-29T08:50:00.695Z
25850,Elven Legacy,6,Mostly Positive,145,49,194,0.7474,0.7877,2026-09-29T08:50:02.194Z
223830,Xenonauts,8,Very Positive,4401,675,5076,0.8670,0.8613,2026-09-29T08:50:03.679Z
1060230,Sapiens,8,Very Positive,1767,433,2200,0.8032,0.8032,2026-09-29T08:50:05.172Z
19980,Prince of Persia,6,Mostly Positive,3093,834,3927,0.7876,0.7894,2026-09-29T08:50:06.667Z
13600,Prince of Persia: The Sands of Time,8,Very Positive,4561,767,5328,0.8560,0.8515,2026-09-29T08:50:08.159Z
33320,Prince of Persia: The Forgotten Sands,6,Mostly Positive,2172,896,3068,0.7080,0.7213,2026-09-29T08:50:09.647Z
13500,Prince of Persia: Warrior Within,8,Very Positive,3460,707,4167,0.8303,0.8274,2026-09-29T08:50:11.136Z
13530,Prince of Persia: The Two Thrones,8,Very Positive,2282,552,2834,0.8052,0.8049,2026-09-29T08:50:12.628Z
1597720,Feed All Monsters,8,Very Positive,486,12,498,0.9759,0.8895,2026-09-29T08:50:14.118Z
613100,House Flipper,8,Very Positive,105382,6764,112146,0.9397,0.9391,2026-09-29T08:50:15.636Z
1573390,Lilas Sky Ark,8,Very Positive,147,20,167,0.8802,0.8226,2026-09-29T08:50:17.136Z
838010,Double Cross,6,Mostly Positive,105,29,134,0.7836,0.7992,2026-09-29T08:50:18.637Z
498660,Mind Spheres,6,Mostly Positive,638,194,832,0.7668,0.7805,2026-09-29T08:50:20.129Z
601360,Portal: Revolution,9,Overwhelmingly Positive,29396,1155,30551,0.9622,0.9596,2026-09-29T08:50:21.621Z
214150,Galactic Civilizations I: Ultimate Edition,5,Mixed,153,154,307,0.4984,0.6873,2026-09-29T08:50:23.134Z
23400,Imperium Romanum: Gold Edition,8,Very Positive,410,73,483,0.8489,0.8257,2026-09-29T08:50:24.629Z
1258190,Cyber Lady,8,Very Positive,155,35,190,0.8158,0.8068,2026-09-29T08:50:26.117Z
2684200,Splat Arena,5,Mixed,19,16,35,0.5429,0.7863,2026-09-29T08:50:27.650Z
368260,Marvel's Midnight Suns,8,Very Positive,20019,4518,24537,0.8159,0.8156,2026-09-29T08:50:29.163Z
1158370,Aragami 2,6,Mostly Positive,3520,1120,4640,0.7586,0.7630,2026-09-29T08:50:30.655Z
1608640,OTXO,8,Very Positive,3702,283,3985,0.9290,0.9150,2026-09-29T08:50:32.150Z
889910,Hell Pie,8,Very Positive,1605,189,1794,0.8946,0.8748,2026-09-29T08:50:33.663Z
1552810,Twin Mirror,6,Mostly Positive,1344,393,1737,0.7737,0.7804,2026-09-29T08:50:35.160Z
1053710,The Red Lantern,8,Very Positive,1872,454,2326,0.8048,0.8046,2026-09-29T08:50:36.679Z
1076200,Roguebook,8,Very Positive,3850,743,4593,0.8382,0.8348,2026-09-29T08:50:38.186Z
1649080,Two Point Campus,8,Very Positive,7221,999,8220,0.8785,0.8742,2026-09-29T08:50:39.704Z
383870,Firewatch,8,Very Positive,90150,9406,99556,0.9055,0.9050,2026-09-29T08:50:41.207Z
692850,Bloodstained: Ritual of the Night,8,Very Positive,38870,2895,41765,0.9307,0.9292,2026-09-29T08:50:42.722Z
504230,Celeste,9,Overwhelmingly Positive,144052,3843,147895,0.9740,0.9734,2026-09-29T08:50:44.259Z
460790,Bayonetta,8,Very Positive,30237,2475,32712,0.9243,0.9225,2026-09-29T08:50:45.747Z
1046400,Astalon: Tears of the Earth,8,Very Positive,1423,150,1573,0.9046,0.8802,2026-09-29T08:50:47.245Z
1549690,SPRAWL,8,Very Positive,2547,394,2941,0.8660,0.8569,2026-09-29T08:50:48.746Z
49520,Borderlands 2,8,Very Positive,279912,32728,312640,0.8953,0.8952,2026-09-29T08:50:50.231Z
213610,Sonic Adventure 2,8,Very Positive,25554,3076,28630,0.8926,0.8910,2026-09-29T08:50:51.741Z
344480,Quell,8,Very Positive,441,11,452,0.9757,0.8852,2026-09-29T08:50:53.256Z
899440,GOD EATER 3,6,Mostly Positive,7914,2066,9980,0.7930,0.7935,2026-09-29T08:50:54.777Z
956560,StarCrossed,6,Mostly Positive,58,18,76,0.7632,0.7981,2026-09-29T08:50:56.266Z
299460,Woodle Tree Adventures,5,Mixed,3573,1800,5373,0.6650,0.6768,2026-09-29T08:50:57.774Z
2667690,TEST TEST TEST,8,Very Positive,939,87,1026,0.9152,0.8786,2026-09-29T08:50:59.275Z
1035510,Ultimate Zombie Defense,8,Very Positive,4090,717,4807,0.8508,0.8464,2026-09-29T08:51:00.769Z
209520,Mini Motor Racing EVO,5,Mixed,441,236,677,0.6514,0.7160,2026-09-29T08:51:02.282Z
1303990,Mini Motor Racing X,8,Very Positive,318,52,370,0.8595,0.8272,2026-09-29T08:51:03.777Z
964800,Prodeus,8,Very Positive,7614,634,8248,0.9231,0.9163,2026-09-29T08:51:05.263Z
253230,A Hat in Time,9,Overwhelmingly Positive,52346,1175,53521,0.9780,0.9764,2026-09-29T08:51:06.766Z
46320,Space Rangers,0,9 user reviews,9,0,9,1.0000,0.8068,2026-09-29T08:51:08.268Z
2002550,Chloe Puzzle Game,5,Mixed,15,7,22,0.6818,0.7982,2026-09-29T08:51:09.780Z
860950,Mark of the Ninja: Remastered,9,Overwhelmingly Positive,6675,273,6948,0.9607,0.9501,2026-09-29T08:51:11.279Z
1000030,"Cook, Serve, Delicious! 3?!",8,Very Positive,2091,219,2310,0.9052,0.8871,2026-09-29T08:51:12.836Z
2471690,Stress Chess,6,Mostly Positive,41,14,55,0.7455,0.7976,2026-09-29T08:51:14.341Z
1045580,Deleveled,8,Very Positive,320,78,398,0.8040,0.8037,2026-09-29T08:51:15.869Z
568070,Mable,5,Mixed,51,39,90,0.5667,0.7673,2026-09-29T08:51:17.364Z
1165610,Titeuf: Mega Party,5,Mixed,25,28,53,0.4717,0.7716,2026-09-29T08:51:18.875Z
936790,Life is Strange: True Colors,8,Very Positive,15003,1898,16901,0.8877,0.8853,2026-09-29T08:51:20.365Z
698670,Scorn,6,Mostly Positive,15252,4647,19899,0.7665,0.7674,2026-09-29T08:51:21.916Z
1266700,Destroy All Humans! 2 - Reprobed,6,Mostly Positive,2513,695,3208,0.7834,0.7861,2026-09-29T08:51:23.412Z
1269640,Beacon Pines,9,Overwhelmingly Positive,4408,110,4518,0.9757,0.9585,2026-09-29T08:51:24.911Z
1132980,There Is No Light,6,Mostly Positive,746,299,1045,0.7139,0.7428,2026-09-29T08:51:26.402Z
1108000,Children of Silentown,8,Very Positive,1374,212,1586,0.8663,0.8512,2026-09-29T08:51:27.898Z
1348690,Oaken,6,Mostly Positive,292,102,394,0.7411,0.7759,2026-09-29T08:51:29.384Z
1124260,Snowtopia,5,Mixed,793,484,1277,0.6210,0.6723,2026-09-29T08:51:30.877Z
1227690,Severed Steel,9,Overwhelmingly Positive,9816,480,10296,0.9534,0.9464,2026-09-29T08:51:32.368Z
453910,Love is Dead,5,Mixed,180,96,276,0.6522,0.7496,2026-09-29T08:51:33.857Z
390710,Acceleration of SUGURI 2,6,Mostly Positive,978,276,1254,0.7799,0.7866,2026-09-29T08:51:35.350Z
383180,Dead Island Riptide Definitive Edition,6,Mostly Positive,9295,3777,13072,0.7111,0.7145,2026-09-29T08:51:36.853Z
718650,Driftland: The Magic Revival,6,Mostly Positive,1458,557,2015,0.7236,0.7394,2026-09-29T08:51:38.334Z
235900,RPG Maker XP,8,Very Positive,1846,133,1979,0.9328,0.9067,2026-09-29T08:51:39.834Z
814680,Unbound: Worlds Apart,8,Very Positive,1117,221,1338,0.8348,0.8263,2026-09-29T08:51:41.331Z
1332010,Stray,9,Overwhelmingly Positive,173717,4980,178697,0.9721,0.9717,2026-09-29T08:51:42.815Z
1091500,Cyberpunk 2077,8,Very Positive,853981,128483,982464,0.8692,0.8692,2026-09-29T08:51:44.421Z
95400,ibb,8,Very Positive,6127,721,6848,0.8947,0.8885,2026-09-29T08:51:45.929Z
2675290,LASERS,5,Mixed,1488,720,2208,0.6739,0.6978,2026-09-29T08:51:47.434Z
266210,One Way Heroics,8,Very Positive,3910,250,4160,0.9399,0.9253,2026-09-29T08:51:48.939Z
307780,Mortal Kombat X,8,Very Positive,52611,8313,60924,0.8636,0.8631,2026-09-29T08:51:50.453Z
976310,Mortal Kombat 11,8,Very Positive,102593,13869,116462,0.8809,0.8806,2026-09-29T08:51:51.948Z
2709290,The Iceman,7,Positive,8,2,10,0.8000,0.8033,2026-09-29T08:51:53.472Z
1602080,Soulstice,6,Mostly Positive,2048,764,2812,0.7283,0.7396,2026-09-29T08:51:55.008Z
247020,"Cook, Serve, Delicious!",8,Very Positive,5390,327,5717,0.9428,0.9316,2026-09-29T08:51:56.511Z
1143810,Black Skylands,8,Very Positive,3779,740,4519,0.8362,0.8330,2026-09-29T08:51:58.022Z
1701520,Afterimage,6,Mostly Positive,8114,2382,10496,0.7731,0.7744,2026-09-29T08:51:59.517Z
798460,Ni no Kuni Wrath of the White Witch Remastered,8,Very Positive,4313,855,5168,0.8346,0.8318,2026-09-29T08:52:01.010Z
1021770,Wanba Warriors,8,Very Positive,2443,308,2751,0.8880,0.8750,2026-09-29T08:52:02.496Z
320240,We Happy Few,6,Mostly Positive,10582,3196,13778,0.7680,0.7693,2026-09-29T08:52:03.990Z
1049410,Superliminal,8,Very Positive,32356,1850,34206,0.9459,0.9439,2026-09-29T08:52:05.501Z
224760,FEZ,8,Very Positive,15074,1199,16273,0.9263,0.9227,2026-09-29T08:52:07.028Z
1145360,Hades,9,Overwhelmingly Positive,302760,6172,308932,0.9800,0.9797,2026-09-29T08:52:08.526Z
461730,Blaite,6,Mostly Positive,413,148,561,0.7362,0.7678,2026-09-29T08:52:10.044Z
1127610,Iris and the giant,8,Very Positive,1170,161,1331,0.8790,0.8584,2026-09-29T08:52:11.537Z
1892900,WarBots,5,Mixed,19,19,38,0.5000,0.7819,2026-09-29T08:52:13.069Z
1272010,Destroyer: The U-Boat Hunter,6,Mostly Positive,914,317,1231,0.7425,0.7601,2026-09-29T08:52:14.561Z
609490,Minit,8,Very Positive,2597,310,2907,0.8934,0.8802,2026-09-29T08:52:16.055Z
621060,PC Building Simulator,8,Very Positive,49335,3431,52766,0.9350,0.9337,2026-09-29T08:52:17.548Z
2710420,BUMS,5,Mixed,30,28,58,0.5172,0.7736,2026-09-29T08:52:19.039Z
1533070,Oracle Trials,6,Mostly Positive,13,5,18,0.7222,0.8005,2026-09-29T08:52:20.525Z
2846660,Strange,0,5 user reviews,5,0,5,1.0000,0.8053,2026-09-29T08:52:22.037Z
1016790,West of Dead,6,Mostly Positive,1594,636,2230,0.7148,0.7310,2026-09-29T08:52:23.536Z
2510760,Gods Wars : infinity Epic,6,Mostly Positive,85,24,109,0.7798,0.7992,2026-09-29T08:52:25.057Z
2512820,BOOMEROAD,9,Overwhelmingly Positive,562,29,591,0.9509,0.8833,2026-09-29T08:52:26.542Z
2512840,DoronkoWanko,9,Overwhelmingly Positive,4301,92,4393,0.9791,0.9611,2026-09-29T08:52:28.033Z
2512830,NOTTOLOT,8,Very Positive,172,16,188,0.9149,0.8338,2026-09-29T08:52:29.544Z
360740,Downwell,9,Overwhelmingly Positive,8340,299,8639,0.9654,0.9565,2026-09-29T08:52:31.053Z
632360,Risk of Rain 2,8,Very Positive,331461,21790,353251,0.9383,0.9381,2026-09-29T08:52:32.546Z
2811970,Meta-Ghost: Prologue,8,Very Positive,813,127,940,0.8649,0.8435,2026-09-29T08:52:34.049Z
306130,The Elder Scrolls Online,8,Very Positive,130834,30917,161751,0.8089,0.8088,2026-09-29T08:52:35.564Z
1319460,Fashion Police Squad,8,Very Positive,1395,207,1602,0.8708,0.8547,2026-09-29T08:52:37.075Z
368390,The Darkside Detective,8,Very Positive,4959,303,5262,0.9424,0.9304,2026-09-29T08:52:38.608Z
1218210,Coromon,8,Very Positive,6827,1264,8091,0.8438,0.8414,2026-09-29T08:52:40.116Z
1053870,Ruins to Rumble,4,Mostly Negative,9,17,26,0.3462,0.7808,2026-09-29T08:52:41.642Z
1182310,The Excavation of Hob's Barrow,8,Very Positive,3066,267,3333,0.9199,0.9047,2026-09-29T08:52:43.143Z
1676130,Deadlink,8,Very Positive,3262,410,3672,0.8883,0.8782,2026-09-29T08:52:44.634Z
249990,FORCED,6,Mostly Positive,2073,722,2795,0.7417,0.7510,2026-09-29T08:52:46.135Z
1505980,Cat Go! Ultimate Challenge,5,Mixed,30,14,44,0.6818,0.7935,2026-09-29T08:52:47.628Z
1261040,Streamer Life Simulator,6,Mostly Positive,6018,1898,7916,0.7602,0.7628,2026-09-29T08:52:49.233Z
638230,Journey,8,Very Positive,36336,2292,38628,0.9407,0.9389,2026-09-29T08:52:50.801Z
738540,Tales of Vesperia: Definitive Edition,8,Very Positive,4003,924,4927,0.8125,0.8116,2026-09-29T08:52:52.307Z
1224020,Creepy Tale,8,Very Positive,2580,404,2984,0.8646,0.8558,2026-09-29T08:52:53.831Z
291550,Brawlhalla,6,Mostly Positive,329089,84275,413364,0.7961,0.7961,2026-09-29T08:52:55.317Z
265000,FORCED SHOWDOWN,8,Very Positive,568,112,680,0.8353,0.8218,2026-09-29T08:52:56.811Z
203160,Tomb Raider,9,Overwhelmingly Positive,259938,10784,270722,0.9602,0.9599,2026-09-29T08:52:58.296Z
2325290,Sky: Children of the Light,8,Very Positive,22077,3297,25374,0.8701,0.8688,2026-09-29T08:52:59.790Z
21980,Call of Juarez: Bound in Blood,8,Very Positive,4456,665,5121,0.8701,0.8642,2026-09-29T08:53:01.287Z
386180,Crossout,6,Mostly Positive,52571,17475,70046,0.7505,0.7509,2026-09-29T08:53:02.773Z
675010,MudRunner,8,Very Positive,40576,3719,44295,0.9160,0.9148,2026-09-29T08:53:04.270Z
1242980,KeyWe,8,Very Positive,2265,247,2512,0.9017,0.8854,2026-09-29T08:53:05.754Z
1172470,Apex Legends,5,Mixed,725938,345014,1070952,0.6778,0.6779,2026-09-29T08:53:07.241Z
1235140,Yakuza: Like a Dragon,8,Very Positive,35390,2266,37656,0.9398,0.9380,2026-09-29T08:53:08.735Z
1817230,Hi-Fi RUSH,9,Overwhelmingly Positive,34887,1103,35990,0.9694,0.9671,2026-09-29T08:53:10.225Z
943370,Bravery and Greed,6,Mostly Positive,822,243,1065,0.7718,0.7819,2026-09-29T08:53:11.734Z
1644940,Loddlenaut,9,Overwhelmingly Positive,6179,128,6307,0.9797,0.9668,2026-09-29T08:53:13.232Z
2103680,Mediterranea Inferno,8,Very Positive,473,100,573,0.8255,0.8152,2026-09-29T08:53:14.730Z
1283400,Steelrising,6,Mostly Positive,5333,2110,7443,0.7165,0.7220,2026-09-29T08:53:16.225Z
2166060,Amanda the Adventurer,8,Very Positive,6826,471,7297,0.9355,0.9270,2026-09-29T08:53:17.719Z
1839880,King Of The Castle,8,Very Positive,1527,211,1738,0.8786,0.8618,2026-09-29T08:53:19.218Z
2320,Quake II,9,Overwhelmingly Positive,9953,482,10435,0.9538,0.9469,2026-09-29T08:53:20.708Z
304930,Unturned,8,Very Positive,513969,50770,564739,0.9101,0.9100,2026-09-29T08:53:22.201Z
1507190,Machinika Museum,8,Very Positive,5855,463,6318,0.9267,0.9177,2026-09-29T08:53:23.699Z
477160,Human Fall Flat,8,Very Positive,215043,12241,227284,0.9461,0.9458,2026-09-29T08:53:25.193Z
282800,100% Orange Juice,8,Very Positive,27510,2724,30234,0.9099,0.9082,2026-09-29T08:53:26.692Z
289130,ENDLESS Legend,8,Very Positive,15936,3152,19088,0.8349,0.8341,2026-09-29T08:53:28.193Z
537340,Guts and Glory,8,Very Positive,2270,561,2831,0.8018,0.8021,2026-09-29T08:53:29.687Z
1578650,Citizen Sleeper,8,Very Positive,9820,812,10632,0.9236,0.9182,2026-09-29T08:53:31.179Z
549100,GravNewton,6,Mostly Positive,369,102,471,0.7834,0.7937,2026-09-29T08:53:32.660Z
2630820,3D PUZZLE - Harbor,5,Mixed,16,16,32,0.5000,0.7851,2026-09-29T08:53:34.158Z
761890,Albion Online,6,Mostly Positive,73744,20303,94047,0.7841,0.7842,2026-09-29T08:53:35.647Z
588430,Fallout Shelter,8,Very Positive,72783,10118,82901,0.8780,0.8775,2026-09-29T08:53:37.136Z
452060,Caveblazers,8,Very Positive,3876,674,4550,0.8519,0.8471,2026-09-29T08:53:38.622Z
1424330,Wobbledogs,9,Overwhelmingly Positive,15115,271,15386,0.9824,0.9768,2026-09-29T08:53:40.111Z
835960,The Talos Principle 2,8,Very Positive,12747,685,13432,0.9490,0.9438,2026-09-29T08:53:41.605Z
962580,Summer in Mara,6,Mostly Positive,1648,555,2203,0.7481,0.7583,2026-09-29T08:53:43.096Z
714010,Aimlabs,8,Very Positive,125417,12718,138135,0.9079,0.9076,2026-09-29T08:53:44.594Z
1016180,Terror of Hemasaurus,8,Very Positive,954,95,1049,0.9094,0.8752,2026-09-29T08:53:46.088Z
1599020,Tinykin,9,Overwhelmingly Positive,4262,95,4357,0.9782,0.9602,2026-09-29T08:53:47.593Z
1146310,Beyond a Steel Sky,8,Very Positive,1467,202,1669,0.8790,0.8615,2026-09-29T08:53:49.102Z
1477790,Luna's Fishing Garden,8,Very Positive,2101,133,2234,0.9405,0.9154,2026-09-29T08:53:50.666Z
1219520,CORVUS,4,Mostly Negative,5,15,20,0.2500,0.7821,2026-09-29T08:53:52.205Z
2920510,Werewolf Party,8,Very Positive,131,18,149,0.8792,0.8208,2026-09-29T08:53:53.739Z
383120,Empyrion - Galactic Survival,6,Mostly Positive,26989,7449,34438,0.7837,0.7840,2026-09-29T08:53:55.228Z
1409160,Plasma,8,Very Positive,1046,114,1160,0.9017,0.8721,2026-09-29T08:53:56.734Z
1451810,LEGO 2K Drive,5,Mixed,1161,703,1864,0.6229,0.6610,2026-09-29T08:53:58.238Z
7530,Two Worlds II Castle Defense,5,Mixed,457,335,792,0.5770,0.6646,2026-09-29T08:53:59.801Z
396900,GRIP: Combat Racing,8,Very Positive,4373,793,5166,0.8465,0.8427,2026-09-29T08:54:01.332Z
1307710,GRID Legends,6,Mostly Positive,2939,958,3897,0.7542,0.7598,2026-09-29T08:54:02.838Z
1818750,MultiVersus,6,Mostly Positive,88282,27719,116001,0.7610,0.7612,2026-09-29T08:54:04.325Z
552990,World of Warships,6,Mostly Positive,119633,37075,156708,0.7634,0.7635,2026-09-29T08:54:05.825Z
2280,DOOM (1993),9,Overwhelmingly Positive,28180,979,29159,0.9664,0.9637,2026-09-29T08:54:07.316Z
2153350,Brothers: A Tale of Two Sons Remake,6,Mostly Positive,976,401,1377,0.7088,0.7340,2026-09-29T08:54:08.806Z
2696080,Dream of the Star Haven,7,Positive,25,3,28,0.8929,0.8081,2026-09-29T08:54:10.295Z
293180,Overcast - Walden and the Werewolf,5,Mixed,1814,1158,2972,0.6104,0.6382,2026-09-29T08:54:11.777Z
367540,Starbound - Unstable,0,No user reviews,0,0,0,0.0000,0.0000,2026-09-29T08:54:13.270Z
211820,Starbound,8,Very Positive,110900,12418,123318,0.8993,0.8989,2026-09-29T08:54:14.766Z
589360,Ni no Kuni II: Revenant Kingdom,8,Very Positive,9326,1843,11169,0.8350,0.8336,2026-09-29T08:54:16.261Z
1293830,Forza Horizon 4,8,Very Positive,275609,27704,303313,0.9087,0.9085,2026-09-29T08:54:17.758Z
473950,Manifold Garden,9,Overwhelmingly Positive,8170,414,8584,0.9518,0.9436,2026-09-29T08:54:19.243Z
1736290,Crime O'Clock,5,Mixed,358,162,520,0.6885,0.7448,2026-09-29T08:54:20.736Z
1276660,Tinkertown,5,Mixed,904,441,1345,0.6721,0.7077,2026-09-29T08:54:22.229Z
645320,SCARF,6,Mostly Positive,260,75,335,0.7761,0.7924,2026-09-29T08:54:23.714Z
1932570,Jaded,8,Very Positive,1993,118,2111,0.9441,0.9172,2026-09-29T08:54:25.210Z
211500,RaceRoom Racing Experience,6,Mostly Positive,21474,6731,28205,0.7614,0.7621,2026-09-29T08:54:26.700Z
1029550,Torque Drift,6,Mostly Positive,9760,3014,12774,0.7641,0.7655,2026-09-29T08:54:28.192Z
1537830,Disney Speedstorm,5,Mixed,5547,2791,8338,0.6653,0.6731,2026-09-29T08:54:29.677Z
1265860,NASCAR Heat 5,8,Very Positive,3187,756,3943,0.8083,0.8077,2026-09-29T08:54:31.168Z
1815780,Asphalt 9: Legends,8,Very Positive,15876,3359,19235,0.8254,0.8248,2026-09-29T08:54:32.656Z
1085220,Figment 2: Creed Valley,8,Very Positive,1358,85,1443,0.9411,0.9057,2026-09-29T08:54:34.154Z
512900,Streets of Rogue,9,Overwhelmingly Positive,22185,916,23101,0.9603,0.9570,2026-09-29T08:54:35.648Z
1147550,Not For Broadcast,8,Very Positive,11924,787,12711,0.9381,0.9330,2026-09-29T08:54:37.137Z
3025220,AnimalLaboratory,5,Mixed,33,44,77,0.4286,0.7534,2026-09-29T08:54:38.636Z
22380,Fallout: New Vegas,9,Overwhelmingly Positive,251461,10524,261985,0.9598,0.9595,2026-09-29T08:54:40.132Z
2144740,Ghostrunner 2,6,Mostly Positive,9294,2331,11625,0.7995,0.7996,2026-09-29T08:54:41.623Z
1731070,Asterigos: Curse of the Stars,6,Mostly Positive,2743,779,3522,0.7788,0.7819,2026-09-29T08:54:43.107Z
1486630,Intravenous,8,Very Positive,5051,564,5615,0.8996,0.8917,2026-09-29T08:54:44.595Z
730580,MegaRace 1,6,Mostly Positive,33,11,44,0.7500,0.7991,2026-09-29T08:54:46.081Z
1254120,Bless Unleashed,5,Mixed,16439,14677,31116,0.5283,0.5327,2026-09-29T08:54:47.576Z
990080,Hogwarts Legacy,8,Very Positive,335880,38401,374281,0.8974,0.8973,2026-09-29T08:54:49.090Z
40800,Super Meat Boy,8,Very Positive,36912,2297,39209,0.9414,0.9397,2026-09-29T08:54:50.591Z
381210,Dead by Daylight,6,Mostly Positive,733186,203346,936532,0.7829,0.7829,2026-09-29T08:54:52.080Z
1085660,Destiny 2,6,Mostly Positive,521018,141680,662698,0.7862,0.7862,2026-09-29T08:54:53.565Z
1434540,Zoeti,5,Mixed,337,188,525,0.6419,0.7207,2026-09-29T08:54:55.083Z
668210,Super Fancy Pants Adventure,8,Very Positive,2111,156,2267,0.9312,0.9081,2026-09-29T08:54:56.621Z
1462810,WRC 10 FIA World Rally Championship,6,Mostly Positive,2912,1097,4009,0.7264,0.7349,2026-09-29T08:54:58.107Z
1409200,HYPERVIOLENT,5,Mixed,302,220,522,0.5785,0.6885,2026-09-29T08:54:59.628Z
20820,Shatter,8,Very Positive,1253,90,1343,0.9330,0.8978,2026-09-29T08:55:01.223Z
508980,Crashday Redline Edition,8,Very Positive,1649,220,1869,0.8823,0.8656,2026-09-29T08:55:02.796Z
837880,You Suck at Parking - Complete Edition,8,Very Positive,788,138,926,0.8510,0.8343,2026-09-29T08:55:04.292Z
1730700,We Love Katamari REROLL  Royal Reverie,9,Overwhelmingly Positive,2571,118,2689,0.9561,0.9322,2026-09-29T08:55:05.827Z
2138710,Sifu,8,Very Positive,26577,2357,28934,0.9185,0.9166,2026-09-29T08:55:07.327Z
1583230,High On Life,8,Very Positive,22941,2841,25782,0.8898,0.8882,2026-09-29T08:55:08.821Z
1532690,BLACKTAIL,8,Very Positive,2309,549,2858,0.8079,0.8072,2026-09-29T08:55:10.331Z
1280930,Astral Ascent,8,Very Positive,8129,465,8594,0.9459,0.9381,2026-09-29T08:55:11.820Z
1269300,This Means Warp,5,Mixed,464,212,676,0.6864,0.7361,2026-09-29T08:55:13.332Z
1627840,Universe For Sale,6,Mostly Positive,321,85,406,0.7906,0.7977,2026-09-29T08:55:14.833Z
1306970,Diluvian Ultra,5,Mixed,247,175,422,0.5853,0.7036,2026-09-29T08:55:16.331Z
238960,Path of Exile,8,Very Positive,222621,27339,249960,0.8906,0.8905,2026-09-29T08:55:17.813Z
275850,No Man's Sky,8,Very Positive,359118,62115,421233,0.8525,0.8525,2026-09-29T08:55:19.319Z
244210,Assetto Corsa,8,Very Positive,162135,12459,174594,0.9286,0.9283,2026-09-29T08:55:20.810Z
2181610,Heretic's Fork,8,Very Positive,3501,624,4125,0.8487,0.8438,2026-09-29T08:55:22.306Z
462960,Caveman World: Mountains of Unga Boonga,6,Mostly Positive,1209,426,1635,0.7394,0.7544,2026-09-29T08:55:23.802Z
1141580,Taiji,8,Very Positive,1346,133,1479,0.9101,0.8831,2026-09-29T08:55:25.308Z
543460,Dead Rising 4,5,Mixed,4779,3659,8438,0.5664,0.5796,2026-09-29T08:55:26.829Z
228380,Wreckfest,8,Very Positive,36599,5007,41606,0.8797,0.8788,2026-09-29T08:55:28.319Z
272860,Wreckfest Throw-A-Santa   Sneak Peek 2.0,8,Very Positive,85,10,95,0.8947,0.8180,2026-09-29T08:55:29.814Z
2012510,Stormgate,5,Mixed,4348,4918,9266,0.4692,0.4863,2026-09-29T08:55:31.309Z
409730,Death by Game Show,6,Mostly Positive,98,30,128,0.7656,0.7957,2026-09-29T08:55:32.799Z
352400,LEGO Jurassic World,8,Very Positive,10601,847,11448,0.9260,0.9209,2026-09-29T08:55:34.291Z
2398520,Classic Marathon Infinity,8,Very Positive,252,31,283,0.8905,0.8348,2026-09-29T08:55:35.801Z
373600,Weapon of Choice,6,Mostly Positive,387,115,502,0.7709,0.7871,2026-09-29T08:55:37.294Z
32330,LEGO Indiana Jones: The Original Adventures,8,Very Positive,3903,531,4434,0.8802,0.8725,2026-09-29T08:55:38.789Z
311770,LEGO Pirates of the Caribbean The Video Game,8,Very Positive,5230,525,5755,0.9088,0.9003,2026-09-29T08:55:40.283Z
332310,LEGO Worlds,6,Mostly Positive,12262,3398,15660,0.7830,0.7836,2026-09-29T08:55:41.779Z
599140,Graveyard Keeper,8,Very Positive,47899,8270,56169,0.8528,0.8523,2026-09-29T08:55:43.270Z
2960090,Squared Adventure,8,Very Positive,73,5,78,0.9359,0.8213,2026-09-29T08:55:44.787Z
21130,LEGO Harry Potter: Years 1-4,8,Very Positive,8291,1245,9536,0.8694,0.8662,2026-09-29T08:55:46.304Z
204120,LEGO Harry Potter: Years 5-7,8,Very Positive,2987,363,3350,0.8916,0.8802,2026-09-29T08:55:47.815Z
3029960,Frame Breaker,6,Mostly Positive,31,12,43,0.7209,0.7968,2026-09-29T08:55:49.328Z
829110,LEGO DC Super-Villains,8,Very Positive,7521,725,8246,0.9121,0.9059,2026-09-29T08:55:50.822Z
1599880,Cats in Time,9,Overwhelmingly Positive,1363,59,1422,0.9585,0.9181,2026-09-29T08:55:52.322Z
1647920,Valfaris: Mecha Therion,8,Very Positive,437,37,474,0.9219,0.8611,2026-09-29T08:55:53.816Z
1449850,Yu-Gi-Oh!  Master Duel,6,Mostly Positive,72663,29281,101944,0.7128,0.7132,2026-09-29T08:55:55.489Z
248820,Risk of Rain (2013),8,Very Positive,27758,2073,29831,0.9305,0.9284,2026-09-29T08:55:56.986Z
382560,Hot Lava,8,Very Positive,5749,421,6170,0.9318,0.9221,2026-09-29T08:55:58.496Z
2317300,Access Denied: Escape,8,Very Positive,267,27,294,0.9082,0.8422,2026-09-29T08:55:59.989Z
643880,Strikey Sisters,8,Very Positive,852,110,962,0.8857,0.8575,2026-09-29T08:56:01.555Z
784080,MechWarrior 5: Mercenaries,8,Very Positive,13579,2431,16010,0.8482,0.8468,2026-09-29T08:56:03.160Z
1812090,Escape Academy,8,Very Positive,1246,186,1432,0.8701,0.8528,2026-09-29T08:56:04.644Z
1062830,Embr,8,Very Positive,1931,304,2235,0.8640,0.8529,2026-09-29T08:56:06.152Z
1580520,Lost Eidolons,5,Mixed,1645,765,2410,0.6826,0.7033,2026-09-29T08:56:07.643Z
678850,Uurnog Uurnlimited,6,Mostly Positive,105,28,133,0.7895,0.8004,2026-09-29T08:56:09.123Z
1568590,Goose Goose Duck,8,Very Positive,71494,11133,82627,0.8653,0.8649,2026-09-29T08:56:10.617Z
1234940,Astronarch,8,Very Positive,1016,130,1146,0.8866,0.8613,2026-09-29T08:56:12.107Z
1448030,Press Any Button,8,Very Positive,3456,392,3848,0.8981,0.8872,2026-09-29T08:56:13.604Z
625940,Tomato Jones 2,8,Very Positive,143,35,178,0.8034,0.8034,2026-09-29T08:56:15.107Z
881320,The LEGO Movie 2 - Videogame,5,Mixed,1007,658,1665,0.6048,0.6507,2026-09-29T08:56:16.630Z
1622770,Doors: Paradox,8,Very Positive,1939,194,2133,0.9090,0.8890,2026-09-29T08:56:18.140Z
2292650,Escape From Mystwood Mansion,8,Very Positive,1347,105,1452,0.9277,0.8958,2026-09-29T08:56:19.631Z
399810,Call of Cthulhu,6,Mostly Positive,11058,2901,13959,0.7922,0.7926,2026-09-29T08:56:21.140Z
2094320,Escape First Alchemist,8,Very Positive,925,193,1118,0.8274,0.8200,2026-09-29T08:56:22.635Z
434650,Lost Castle,8,Very Positive,20737,3248,23985,0.8646,0.8633,2026-09-29T08:56:24.133Z
1341290,We Were Here Forever,8,Very Positive,17146,1809,18955,0.9046,0.9020,2026-09-29T08:56:25.620Z
1088850,Marvel's Guardians of the Galaxy,8,Very Positive,42644,2832,45476,0.9377,0.9363,2026-09-29T08:56:27.184Z
1184480,Inertial Drift,8,Very Positive,1433,263,1696,0.8449,0.8355,2026-09-29T08:56:28.696Z
421120,Samorost 3,8,Very Positive,5222,355,5577,0.9363,0.9254,2026-09-29T08:56:30.241Z
1446780,MONSTER HUNTER RISE,8,Very Positive,105785,20935,126720,0.8348,0.8347,2026-09-29T08:56:31.734Z
857980,Void Bastards,8,Very Positive,4667,769,5436,0.8585,0.8539,2026-09-29T08:56:33.280Z
2828500,The Jackbox Megapicker,6,Mostly Positive,931,241,1172,0.7944,0.7971,2026-09-29T08:56:34.826Z
2303350,Sticky Business,8,Very Positive,7238,493,7731,0.9362,0.9282,2026-09-29T08:56:36.323Z
1908720,Half-Life: VR Mod,5,Mixed,449,217,666,0.6742,0.7296,2026-09-29T08:56:37.814Z
359350,Defunct,6,Mostly Positive,586,151,737,0.7951,0.7985,2026-09-29T08:56:39.351Z
2008410,Garfield Lasagna Party,6,Mostly Positive,206,70,276,0.7464,0.7831,2026-09-29T08:56:40.839Z
720660,Overloop,8,Very Positive,244,16,260,0.9385,0.8496,2026-09-29T08:56:42.338Z
380600,Fishing Planet,8,Very Positive,67471,10223,77694,0.8684,0.8680,2026-09-29T08:56:43.841Z
440540,Ara Fell: Enhanced Edition,8,Very Positive,2194,133,2327,0.9428,0.9182,2026-09-29T08:56:45.344Z
1338580,McPixel 3,8,Very Positive,1764,129,1893,0.9319,0.9050,2026-09-29T08:56:46.851Z
1328350,Turbo Overkill,8,Very Positive,7096,463,7559,0.9387,0.9303,2026-09-29T08:56:48.417Z
1390350,Webbed,9,Overwhelmingly Positive,14949,370,15319,0.9758,0.9704,2026-09-29T08:56:50.026Z
2073850,THE FINALS,6,Mostly Positive,216703,60332,277035,0.7822,0.7823,2026-09-29T08:56:51.516Z
1328840,Lost in Play,9,Overwhelmingly Positive,9196,186,9382,0.9802,0.9712,2026-09-29T08:56:53.030Z
1018130,Castle Break,8,Very Positive,635,114,749,0.8478,0.8300,2026-09-29T08:56:54.522Z
3062930,Unplagued,4,Mostly Negative,1576,3374,4950,0.3184,0.3629,2026-09-29T08:56:56.017Z
1099640,Jack Move,6,Mostly Positive,1068,278,1346,0.7935,0.7961,2026-09-29T08:56:57.516Z
1282100,Remnant II,8,Very Positive,56783,12211,68994,0.8230,0.8229,2026-09-29T08:56:59.010Z
1637320,Dome Keeper,8,Very Positive,20774,1722,22496,0.9235,0.9208,2026-09-29T08:57:00.500Z
1977170,Jusant,8,Very Positive,6442,505,6947,0.9273,0.9190,2026-09-29T08:57:01.998Z
2429640,THRONE AND LIBERTY,5,Mixed,46178,22726,68904,0.6702,0.6711,2026-09-29T08:57:03.488Z
1852830,SPACE ACCIDENT,6,Mostly Positive,284,81,365,0.7781,0.7927,2026-09-29T08:57:04.977Z
1454640,A Tale of Paper,6,Mostly Positive,165,56,221,0.7466,0.7860,2026-09-29T08:57:06.475Z
3126470,Ice World,5,Mixed,763,501,1264,0.6036,0.6603,2026-09-29T08:57:07.971Z
3800,Advent Rising,6,Mostly Positive,457,134,591,0.7733,0.7871,2026-09-29T08:57:09.482Z
1269950,Buddy Simulator 1984,8,Very Positive,4066,299,4365,0.9315,0.9183,2026-09-29T08:57:10.975Z
1646730,POLE,5,Mixed,200,199,399,0.5013,0.6693,2026-09-29T08:57:12.472Z
2272400,Station to Station,8,Very Positive,1748,216,1964,0.8900,0.8724,2026-09-29T08:57:13.966Z
1047220,Frog Detective 2: The Case of the Invisible Wizard,9,Overwhelmingly Positive,2091,110,2201,0.9500,0.9229,2026-09-29T08:57:15.465Z
1213700,Spirit of the North,8,Very Positive,5597,1041,6638,0.8432,0.8404,2026-09-29T08:57:16.979Z
690790,DiRT Rally 2.0,8,Very Positive,43136,5413,48549,0.8885,0.8876,2026-09-29T08:57:18.488Z
1794680,Vampire Survivors,9,Overwhelmingly Positive,261556,4497,266053,0.9831,0.9828,2026-09-29T08:57:19.974Z
321270,UNLOVED,6,Mostly Positive,1575,582,2157,0.7302,0.7440,2026-09-29T08:57:21.464Z
218680,Scribblenauts Unlimited,8,Very Positive,11655,748,12403,0.9397,0.9344,2026-09-29T08:57:22.946Z
249870,Scribblenauts Unmasked,8,Very Positive,1996,486,2482,0.8042,0.8041,2026-09-29T08:57:24.430Z
2816570,The Land of the Magnates,6,Mostly Positive,34,14,48,0.7083,0.7950,2026-09-29T08:57:25.927Z
457210,SEUM: Speedrunners from Hell,8,Very Positive,2894,168,3062,0.9451,0.9252,2026-09-29T08:57:27.462Z
3483,Peggle Extreme,8,Very Positive,2785,151,2936,0.9486,0.9274,2026-09-29T08:57:28.953Z
202750,Alan Wake's American Nightmare,6,Mostly Positive,8112,2780,10892,0.7448,0.7473,2026-09-29T08:57:30.465Z
1920100,Backfirewall_,8,Very Positive,448,43,491,0.9124,0.8574,2026-09-29T08:57:31.962Z
288160,The Room,9,Overwhelmingly Positive,31107,720,31827,0.9774,0.9747,2026-09-29T08:57:33.455Z
425580,The Room Two,9,Overwhelmingly Positive,21286,539,21825,0.9753,0.9715,2026-09-29T08:57:34.962Z
456750,The Room Three,9,Overwhelmingly Positive,12831,628,13459,0.9533,0.9480,2026-09-29T08:57:36.459Z
1361320,The Room 4: Old Sins,9,Overwhelmingly Positive,18107,283,18390,0.9846,0.9798,2026-09-29T08:57:37.975Z
388880,Oxenfree,8,Very Positive,11082,1042,12124,0.9141,0.9097,2026-09-29T08:57:39.470Z
1574310,OXENFREE II: Lost Signals,8,Very Positive,1836,244,2080,0.8827,0.8673,2026-09-29T08:57:40.958Z
1730080,Beyond the Long Night,6,Mostly Positive,135,53,188,0.7181,0.7801,2026-09-29T08:57:42.527Z
3184160,Spellchanted,6,Mostly Positive,135,54,189,0.7143,0.7789,2026-09-29T08:57:44.028Z
581970,Zombie Ballz,5,Mixed,106,48,154,0.6883,0.7763,2026-09-29T08:57:45.523Z
1983260,Dungeons of Hinterberg,8,Very Positive,3187,224,3411,0.9343,0.9176,2026-09-29T08:57:47.029Z
827610,Dead End Job,6,Mostly Positive,101,38,139,0.7266,0.7867,2026-09-29T08:57:48.524Z
2264140,How 2 Escape,6,Mostly Positive,592,245,837,0.7073,0.7432,2026-09-29T08:57:50.011Z
979690,The Ascent,6,Mostly Positive,18391,6590,24981,0.7362,0.7375,2026-09-29T08:57:51.508Z
236390,War Thunder,6,Mostly Positive,560491,226804,787295,0.7119,0.7120,2026-09-29T08:57:53.004Z
1137450,Encodya,6,Mostly Positive,373,125,498,0.7490,0.7762,2026-09-29T08:57:54.501Z
1604030,V Rising,8,Very Positive,122214,15172,137386,0.8896,0.8893,2026-09-29T08:57:56.020Z
3056590,Swap Fire,5,Mixed,14,16,30,0.4667,0.7843,2026-09-29T08:57:57.532Z
2513440,eWorlds,8,Very Positive,366,67,433,0.8453,0.8228,2026-09-29T08:57:59.046Z
887450,Tunche,6,Mostly Positive,568,216,784,0.7245,0.7552,2026-09-29T08:58:00.533Z
1167750,The Lamplighters League,5,Mixed,861,395,1256,0.6855,0.7191,2026-09-29T08:58:02.053Z
1915380,Garden Life: A Cozy Simulator,6,Mostly Positive,1302,412,1714,0.7596,0.7695,2026-09-29T08:58:03.550Z
1661630,KarmaZoo,8,Very Positive,1228,192,1420,0.8648,0.8488,2026-09-29T08:58:05.052Z
220,Half-Life 2,9,Overwhelmingly Positive,273217,6728,279945,0.9760,0.9757,2026-09-29T08:58:06.576Z
320,Half-Life 2: Deathmatch,8,Very Positive,13954,1433,15387,0.9069,0.9036,2026-09-29T08:58:08.087Z
1119980,In Sound Mind,8,Very Positive,6652,364,7016,0.9481,0.9385,2026-09-29T08:58:09.619Z
1286580,Ship of Fools,8,Very Positive,5155,1129,6284,0.8203,0.8191,2026-09-29T08:58:11.127Z
1559570,Hellstuck: Rage With Your Friends,8,Very Positive,160,20,180,0.8889,0.8260,2026-09-29T08:58:12.628Z
360,Half-Life Deathmatch: Source,6,Mostly Positive,4225,1368,5593,0.7554,0.7593,2026-09-29T08:58:14.122Z
658920,Half-Life 2: VR Mod,9,Overwhelmingly Positive,7792,166,7958,0.9791,0.9687,2026-09-29T08:58:15.601Z
218230,PlanetSide 2,8,Very Positive,60183,14717,74900,0.8035,0.8035,2026-09-29T08:58:17.086Z
1083500,PlanetSide 2 - Test,8,Very Positive,123,25,148,0.8311,0.8097,2026-09-29T08:58:18.572Z
2504540,CUBE ROYALE,8,Very Positive,50,4,54,0.9259,0.8153,2026-09-29T08:58:20.107Z
1442840,DIG - Deep In Galaxies,8,Very Positive,163,8,171,0.9532,0.8416,2026-09-29T08:58:21.600Z
2955590,Creepy Shift: Roadside Diner,8,Very Positive,254,32,286,0.8881,0.8342,2026-09-29T08:58:23.101Z
1676910,Onde,8,Very Positive,323,36,359,0.8997,0.8436,2026-09-29T08:58:24.633Z
29900,Dark Sector,6,Mostly Positive,2680,902,3582,0.7482,0.7549,2026-09-29T08:58:26.154Z
1591690,DEATHRUN TV,6,Mostly Positive,65,25,90,0.7222,0.7910,2026-09-29T08:58:27.642Z
1167300,Battle Axe,5,Mixed,95,62,157,0.6051,0.7560,2026-09-29T08:58:29.168Z
2181720,Scarlet Tower,8,Very Positive,1947,448,2395,0.8129,0.8113,2026-09-29T08:58:30.701Z
1766740,Choo-Choo Charles,8,Very Positive,16326,1673,17999,0.9071,0.9042,2026-09-29T08:58:32.200Z
1503530,Minit Fun Racer,8,Very Positive,279,10,289,0.9654,0.8627,2026-09-29T08:58:33.696Z
1491670,Venba,8,Very Positive,3507,284,3791,0.9251,0.9109,2026-09-29T08:58:35.186Z
957960,Inkulinati,8,Very Positive,1051,180,1231,0.8538,0.8392,2026-09-29T08:58:36.714Z
302160,The Egyptian Prophecy: The Fate of Ramses,5,Mixed,81,55,136,0.5956,0.7589,2026-09-29T08:58:38.208Z
1573720,Agatha Christie - Hercule Poirot: The First Cases,6,Mostly Positive,1090,353,1443,0.7554,0.7677,2026-09-29T08:58:39.708Z
418670,Pankapu,5,Mixed,949,528,1477,0.6425,0.6832,2026-09-29T08:58:41.212Z
2507950,Delta Force,5,Mixed,113511,83231,196742,0.5770,0.5775,2026-09-29T08:58:42.736Z
1196090,Scars Above,6,Mostly Positive,2808,829,3637,0.7721,0.7758,2026-09-29T08:58:44.225Z
809880,Degrees of Separation,8,Very Positive,1083,264,1347,0.8040,0.8038,2026-09-29T08:58:45.737Z
481870,Mini Thief,5,Mixed,785,504,1289,0.6090,0.6633,2026-09-29T08:58:47.222Z
286690,Metro 2033 Redux,8,Very Positive,131355,10963,142318,0.9230,0.9225,2026-09-29T08:58:48.705Z
1107790,The Complex,6,Mostly Positive,2786,787,3573,0.7797,0.7826,2026-09-29T08:58:50.242Z
342310,RIOT - Civil Unrest,5,Mixed,1324,626,1950,0.6790,0.7044,2026-09-29T08:58:51.750Z
1561890,Recursive Ruin,6,Mostly Positive,259,68,327,0.7920,0.7989,2026-09-29T08:58:53.312Z
524220,NieR:Automata,8,Very Positive,134394,19323,153717,0.8743,0.8741,2026-09-29T08:58:54.828Z
32360,The Secret of Monkey Island: Special Edition,9,Overwhelmingly Positive,5956,293,6249,0.9531,0.9420,2026-09-29T08:58:56.362Z
32460,Monkey Island 2: Special Edition,9,Overwhelmingly Positive,2872,149,3021,0.9507,0.9298,2026-09-29T08:58:57.878Z
444000,Super Night Riders,8,Very Positive,216,34,250,0.8640,0.8236,2026-09-29T08:58:59.379Z
560430,Indiana Jones and the Emperor's Tomb,8,Very Positive,1088,99,1187,0.9166,0.8830,2026-09-29T08:59:00.872Z
1345890,Deliver Us Mars,6,Mostly Positive,2278,757,3035,0.7506,0.7580,2026-09-29T08:59:02.378Z
2158860,JBMod,5,Mixed,2371,2367,4738,0.5004,0.5293,2026-09-29T08:59:03.919Z
2177760,Half-Life 2: VR Mod - Episode Two,9,Overwhelmingly Positive,668,19,687,0.9723,0.9012,2026-09-29T08:59:05.413Z
2177750,Half-Life 2: VR Mod - Episode One,9,Overwhelmingly Positive,721,10,731,0.9863,0.9120,2026-09-29T08:59:06.927Z
2215490,Project Borealis: Prologue,6,Mostly Positive,3824,1474,5298,0.7218,0.7288,2026-09-29T08:59:08.519Z
2224920,Evacuation,8,Very Positive,2045,179,2224,0.9195,0.8982,2026-09-29T08:59:10.004Z
1583720,Entropy : Zero 2,9,Overwhelmingly Positive,31552,554,32106,0.9827,0.9800,2026-09-29T08:59:11.498Z
2083240,Asterogues,8,Very Positive,98,14,112,0.8750,0.8165,2026-09-29T08:59:12.998Z
896440,Eternal Edge,5,Mixed,536,242,778,0.6889,0.7337,2026-09-29T08:59:14.510Z
1124160,VR Giants,8,Very Positive,178,41,219,0.8128,0.8062,2026-09-29T08:59:16.033Z
1237970,Titanfall 2,9,Overwhelmingly Positive,274653,12487,287140,0.9565,0.9562,2026-09-29T08:59:17.537Z
374040,Portal Knights,8,Very Positive,18667,3727,22394,0.8336,0.8329,2026-09-29T08:59:19.038Z
448850,Overload,8,Very Positive,2033,127,2160,0.9412,0.9153,2026-09-29T08:59:20.557Z
396750,EVERSPACE,6,Mostly Positive,8996,2493,11489,0.7830,0.7839,2026-09-29T08:59:22.054Z
1252240,Aeon Drive,6,Mostly Positive,140,41,181,0.7735,0.7954,2026-09-29T08:59:23.554Z
496300,Kingdom: New Lands,8,Very Positive,10583,1820,12403,0.8533,0.8513,2026-09-29T08:59:25.048Z
2796510,Beef Cat Ultra,7,Positive,16,0,16,1.0000,0.8095,2026-09-29T08:59:26.552Z
1562420,FOREWARNED,8,Very Positive,6013,655,6668,0.9018,0.8949,2026-09-29T08:59:28.077Z
673450,Time Lock VR 1,6,Mostly Positive,541,216,757,0.7147,0.7499,2026-09-29T08:59:29.563Z
1579280,The Last Worker,5,Mixed,51,24,75,0.6800,0.7873,2026-09-29T08:59:31.086Z
327140,Tilt Brush,8,Very Positive,1128,82,1210,0.9322,0.8946,2026-09-29T08:59:32.602Z
751630,After The Fall,6,Mostly Positive,2417,718,3135,0.7710,0.7754,2026-09-29T08:59:34.119Z
1458140,Pacific Drive,8,Very Positive,22434,4541,26975,0.8317,0.8311,2026-09-29T08:59:35.614Z
881100,Noita,9,Overwhelmingly Positive,84678,4345,89023,0.9512,0.9504,2026-09-29T08:59:37.116Z
731040,The Invincible,8,Very Positive,12037,1717,13754,0.8752,0.8726,2026-09-29T08:59:38.616Z
2609610,CONVRGENCE,8,Very Positive,1634,216,1850,0.8832,0.8662,2026-09-29T08:59:40.109Z
2019810,Boxes,8,Very Positive,5173,388,5561,0.9302,0.9198,2026-09-29T08:59:41.627Z
364360,Total War: WARHAMMER,6,Mostly Positive,41106,11241,52347,0.7853,0.7854,2026-09-29T08:59:43.131Z
1622800,Super Dungeon Maker,8,Very Positive,425,79,504,0.8433,0.8234,2026-09-29T08:59:44.634Z
794240,Spinch,5,Mixed,164,84,248,0.6613,0.7563,2026-09-29T08:59:46.131Z
1931730,Fort Solis,5,Mixed,2826,1425,4251,0.6648,0.6794,2026-09-29T08:59:47.644Z
2513280,SONIC X SHADOW GENERATIONS,9,Overwhelmingly Positive,15142,556,15698,0.9646,0.9596,2026-09-29T08:59:49.169Z
3275720,Drinking Song,0,2 user reviews,1,1,2,0.5000,0.8022,2026-09-29T08:59:50.661Z
2437170,SMITE 2,5,Mixed,13137,10860,23997,0.5474,0.5527,2026-09-29T08:59:52.162Z
788690,Psychonauts in the Rhombus of Ruin,8,Very Positive,561,85,646,0.8684,0.8400,2026-09-29T08:59:53.700Z
314410,Rampage Knights,8,Very Positive,3353,261,3614,0.9278,0.9127,2026-09-29T08:59:55.193Z
330020,Children of Morta,8,Very Positive,20717,2723,23440,0.8838,0.8822,2026-09-29T08:59:56.680Z
220700,RPG Maker VX Ace,8,Very Positive,4864,325,5189,0.9374,0.9256,2026-09-29T08:59:58.169Z
1247360,Grand Mountain Adventure,8,Very Positive,477,43,520,0.9173,0.8615,2026-09-29T08:59:59.660Z
2707930,Palia,8,Very Positive,38313,6190,44503,0.8609,0.8603,2026-09-29T09:00:01.160Z
1283410,Tails of Iron,8,Very Positive,13317,1856,15173,0.8777,0.8753,2026-09-29T09:00:02.658Z
2767030,Marvel Rivals,6,Mostly Positive,316231,103149,419380,0.7540,0.7541,2026-09-29T09:00:04.152Z
2139020,What the Fog,6,Mostly Positive,1783,606,2389,0.7463,0.7562,2026-09-29T09:00:05.688Z
2114740,Blasphemous 2,8,Very Positive,19753,2025,21778,0.9070,0.9047,2026-09-29T09:00:07.198Z
2051620,Enlisted,8,Very Positive,38666,9516,48182,0.8025,0.8025,2026-09-29T09:00:08.732Z
1230530,Atlas Fallen,6,Mostly Positive,3369,1243,4612,0.7305,0.7376,2026-09-29T09:00:10.225Z
1956770,M.O.O.D.S.,8,Very Positive,58,10,68,0.8529,0.8093,2026-09-29T09:00:11.725Z
1430190,Killing Floor 3,5,Mixed,10483,13331,23814,0.4402,0.4477,2026-09-29T09:00:13.230Z
323060,Tharsis,6,Mostly Positive,1761,752,2513,0.7008,0.7178,2026-09-29T09:00:14.744Z
1232010,Radical Rabbit Stew,8,Very Positive,198,8,206,0.9612,0.8494,2026-09-29T09:00:16.240Z
522240,Pool Panic,6,Mostly Positive,312,93,405,0.7704,0.7886,2026-09-29T09:00:17.742Z
674520,Fight'N Rage,8,Very Positive,2949,284,3233,0.9122,0.8976,2026-09-29T09:00:19.241Z
1703140,Isle of Jura,5,Mixed,962,563,1525,0.6308,0.6734,2026-09-29T09:00:20.736Z
216150,MapleStory,5,Mixed,9468,6077,15545,0.6091,0.6151,2026-09-29T09:00:22.223Z
1480560,Lawn Mowing Simulator,6,Mostly Positive,2146,898,3044,0.7050,0.7189,2026-09-29T09:00:23.716Z
1240590,Sir Whoopass: Immortal Death,8,Very Positive,1568,356,1924,0.8150,0.8126,2026-09-29T09:00:25.218Z
1681870,Cobra Kai 2: Dojos Rising,5,Mixed,44,61,105,0.4190,0.7367,2026-09-29T09:00:26.710Z
858710,Gravity Circuit,8,Very Positive,5789,550,6339,0.9132,0.9052,2026-09-29T09:00:28.200Z
690640,Trine 4: The Nightmare Prince,8,Very Positive,12712,1638,14350,0.8859,0.8831,2026-09-29T09:00:29.696Z
471550,Nine Parchments,6,Mostly Positive,3664,1092,4756,0.7704,0.7735,2026-09-29T09:00:31.188Z
313780,Conarium,6,Mostly Positive,1757,525,2282,0.7699,0.7759,2026-09-29T09:00:32.682Z
1282150,SpongeBob SquarePants: The Cosmic Shake,8,Very Positive,4644,399,5043,0.9209,0.9103,2026-09-29T09:00:34.169Z
506900,Downward: Enhanced Edition,6,Mostly Positive,402,165,567,0.7090,0.7532,2026-09-29T09:00:35.662Z
642600,Burst Fighter,7,Positive,24,3,27,0.8889,0.8077,2026-09-29T09:00:37.174Z
582500,We Were Here,8,Very Positive,29732,3575,33307,0.8927,0.8913,2026-09-29T09:00:38.664Z
2796010,Party Club,6,Mostly Positive,2441,972,3413,0.7152,0.7265,2026-09-29T09:00:40.165Z
1262890,Tidal Shock,8,Very Positive,84,21,105,0.8000,0.8028,2026-09-29T09:00:41.653Z
1999360,Placid Plastic Duck Simulator,9,Overwhelmingly Positive,19793,492,20285,0.9757,0.9716,2026-09-29T09:00:43.149Z
3027930,Karate Survivor,8,Very Positive,2898,511,3409,0.8501,0.8441,2026-09-29T09:00:44.657Z
613830,CHRONO TRIGGER,8,Very Positive,11999,1605,13604,0.8820,0.8792,2026-09-29T09:00:46.178Z
976730,Halo: The Master Chief Collection,8,Very Positive,241831,21087,262918,0.9198,0.9196,2026-09-29T09:00:47.719Z
1681430,RoboCop: Rogue City,8,Very Positive,32706,4886,37592,0.8700,0.8692,2026-09-29T09:00:49.210Z
815370,Green Hell,8,Very Positive,87089,15840,102929,0.8461,0.8459,2026-09-29T09:00:50.710Z
2477290,Half-Life 2 RTX,5,Mixed,5087,3929,9016,0.5642,0.5768,2026-09-29T09:00:52.208Z
247080,Crypt of the NecroDancer,9,Overwhelmingly Positive,25322,1201,26523,0.9547,0.9519,2026-09-29T09:00:53.704Z
302190,Amerzone: The Explorers Legacy (1999),6,Mostly Positive,553,197,750,0.7373,0.7637,2026-09-29T09:00:55.223Z
1740720,Have a Nice Death,8,Very Positive,9284,1531,10815,0.8584,0.8560,2026-09-29T09:00:56.708Z
1720090,Aspire: Ina's Tale,8,Very Positive,390,80,470,0.8298,0.8162,2026-09-29T09:00:58.240Z
1337520,Risk of Rain Returns,8,Very Positive,25873,2863,28736,0.9004,0.8987,2026-09-29T09:00:59.729Z
1554600,Wife Quest,8,Very Positive,352,78,430,0.8186,0.8104,2026-09-29T09:01:01.239Z
1407200,World of Tanks,6,Mostly Positive,80769,20659,101428,0.7963,0.7964,2026-09-29T09:01:02.738Z
3463050,Dreams of Aether,9,Overwhelmingly Positive,1857,59,1916,0.9692,0.9349,2026-09-29T09:01:04.228Z
1214670,Mr. Sun's Hatbox,8,Very Positive,445,77,522,0.8525,0.8285,2026-09-29T09:01:05.723Z
2478970,Tomb Raider I-III Remastered Starring Lara Croft,8,Very Positive,7321,1331,8652,0.8462,0.8438,2026-09-29T09:01:07.213Z
1562430,DREDGE,9,Overwhelmingly Positive,54811,2382,57193,0.9584,0.9570,2026-09-29T09:01:08.709Z
1675830,1000xRESIST,8,Very Positive,6665,396,7061,0.9439,0.9346,2026-09-29T09:01:10.207Z
1501610,Nova Lands,8,Very Positive,3158,386,3544,0.8911,0.8802,2026-09-29T09:01:11.694Z
448510,Overcooked,8,Very Positive,15023,1741,16764,0.8961,0.8935,2026-09-29T09:01:13.183Z
498240,Batman - The Telltale Series,8,Very Positive,16038,2241,18279,0.8774,0.8754,2026-09-29T09:01:14.677Z
1136370,Bear and Breakfast,8,Very Positive,4804,568,5372,0.8943,0.8865,2026-09-29T09:01:16.167Z
1173200,Metal Unit,8,Very Positive,2408,497,2905,0.8289,0.8252,2026-09-29T09:01:17.655Z
424840,Little Nightmares,8,Very Positive,110557,6113,116670,0.9476,0.9470,2026-09-29T09:01:19.169Z
860510,Little Nightmares II,8,Very Positive,54639,4126,58765,0.9298,0.9287,2026-09-29T09:01:20.662Z
2059660,Cavern of Dreams,8,Very Positive,1447,118,1565,0.9246,0.8952,2026-09-29T09:01:22.151Z
1184790,SCP: Fragmented Minds,8,Very Positive,1283,127,1410,0.9099,0.8820,2026-09-29T09:01:23.652Z
606280,Darksiders III,6,Mostly Positive,13314,4222,17536,0.7592,0.7605,2026-09-29T09:01:25.142Z
1237510,"Dr Livingstone, I presume? - Reversed Escape Room",6,Mostly Positive,124,52,176,0.7045,0.7776,2026-09-29T09:01:26.634Z
916730,Gato Roboto,8,Very Positive,4965,302,5267,0.9427,0.9306,2026-09-29T09:01:28.127Z
342260,Nevermind,6,Mostly Positive,343,97,440,0.7795,0.7922,2026-09-29T09:01:29.620Z
210970,The Witness,8,Very Positive,18088,3341,21429,0.8441,0.8432,2026-09-29T09:01:31.114Z
1209490,Exit the Gungeon,6,Mostly Positive,2781,982,3763,0.7390,0.7466,2026-09-29T09:01:32.604Z
3032020,Cast,5,Mixed,339,179,518,0.6544,0.7276,2026-09-29T09:01:34.095Z
1244950,Battletoads,5,Mixed,1626,776,2402,0.6769,0.6987,2026-09-29T09:01:35.590Z
1158890,White Shadows,8,Very Positive,1705,387,2092,0.8150,0.8128,2026-09-29T09:01:37.080Z
292030,The Witcher 3: Wild Hunt,9,Overwhelmingly Positive,861346,28794,890140,0.9677,0.9676,2026-09-29T09:01:38.576Z
2709570,Supermarket Together,8,Very Positive,94079,5647,99726,0.9434,0.9427,2026-09-29T09:01:40.070Z
1432100,The Bookwalker,8,Very Positive,2601,244,2845,0.9142,0.8977,2026-09-29T09:01:41.602Z
1601740,Corpse Keeper,6,Mostly Positive,1054,366,1420,0.7423,0.7582,2026-09-29T09:01:43.131Z
1659040,HITMAN World of Assassination,8,Very Positive,60783,8826,69609,0.8732,0.8727,2026-09-29T09:01:44.634Z
2386310,Ultros,6,Mostly Positive,983,287,1270,0.7740,0.7823,2026-09-29T09:01:46.140Z
2441270,Kill The Crows,9,Overwhelmingly Positive,3022,156,3178,0.9509,0.9309,2026-09-29T09:01:47.630Z
2020710,Havendock,6,Mostly Positive,1555,409,1964,0.7918,0.7941,2026-09-29T09:01:49.123Z
1492070,Sker Ritual,8,Very Positive,4901,1110,6011,0.8153,0.8144,2026-09-29T09:01:50.637Z
1939970,Nobody Wants to Die,8,Very Positive,6242,1278,7520,0.8301,0.8284,2026-09-29T09:01:52.131Z
2521380,Legacy of Kain Soul Reaver 1,8,Very Positive,3386,420,3806,0.8896,0.8796,2026-09-29T09:01:53.624Z
1496590,Tchia,8,Very Positive,793,112,905,0.8762,0.8503,2026-09-29T09:01:55.130Z
2005010,"Warhammer 40,000: Boltgun",8,Very Positive,16385,1928,18313,0.8947,0.8923,2026-09-29T09:01:56.641Z
2918300,Splitgate 2,5,Mixed,14158,8064,22222,0.6371,0.6408,2026-09-29T09:01:58.135Z
578080,PUBG: BATTLEGROUNDS,5,Mixed,1667784,1115703,2783487,0.5992,0.5992,2026-09-29T09:01:59.650Z
1543240,Gigapocalypse,8,Very Positive,286,31,317,0.9022,0.8417,2026-09-29T09:02:01.147Z
407530,ARK: Survival Of The Fittest,5,Mixed,7804,3999,11803,0.6612,0.6670,2026-09-29T09:02:02.639Z
346110,ARK: Survival Evolved,8,Very Positive,648673,129700,778373,0.8334,0.8334,2026-09-29T09:02:04.132Z
610570,Paradox Soul,5,Mixed,289,371,660,0.4379,0.5954,2026-09-29T09:02:05.700Z
1577250,The Chant,6,Mostly Positive,959,313,1272,0.7539,0.7679,2026-09-29T09:02:07.198Z
1944430,Amnesia: The Bunker,8,Very Positive,11818,851,12669,0.9328,0.9279,2026-09-29T09:02:08.697Z
1708010,The Expanse: A Telltale Series,6,Mostly Positive,2217,712,2929,0.7569,0.7637,2026-09-29T09:02:10.188Z
431710,Space Pilgrim Episode II: Epsilon Indi,8,Very Positive,805,176,981,0.8206,0.8148,2026-09-29T09:02:11.685Z
1993830,ROTA,8,Very Positive,86,11,97,0.8866,0.8169,2026-09-29T09:02:13.185Z
3399980,Down the Rabbit Hole Flattened,8,Very Positive,305,31,336,0.9077,0.8453,2026-09-29T09:02:14.676Z
1037130,Dandy Ace,8,Very Positive,1153,168,1321,0.8728,0.8538,2026-09-29T09:02:16.176Z
1918040,Army of Ruin,8,Very Positive,2481,336,2817,0.8807,0.8691,2026-09-29T09:02:17.678Z
251230,Livelock,6,Mostly Positive,738,186,924,0.7987,0.8003,2026-09-29T09:02:19.175Z
1684080,Toroom,6,Mostly Positive,160,43,203,0.7882,0.7990,2026-09-29T09:02:20.669Z
820540,Bloodroots,8,Very Positive,281,30,311,0.9035,0.8418,2026-09-29T09:02:22.162Z
1657630,Slime Rancher 2,8,Very Positive,47531,2759,50290,0.9451,0.9437,2026-09-29T09:02:23.670Z
258970,Gauntlet,8,Very Positive,8462,1839,10301,0.8215,0.8206,2026-09-29T09:02:25.172Z
624690,NEXT JUMP: Shmup Tactics,6,Mostly Positive,263,90,353,0.7450,0.7792,2026-09-29T09:02:26.672Z
792120,FIGHT KNIGHT,8,Very Positive,1578,142,1720,0.9174,0.8917,2026-09-29T09:02:28.162Z
1356040,Ampersat,8,Very Positive,718,146,864,0.8310,0.8209,2026-09-29T09:02:29.664Z
2186680,"Warhammer 40,000: Rogue Trader",8,Very Positive,42547,5890,48437,0.8784,0.8776,2026-09-29T09:02:31.156Z
2305840,Cat Quest III,9,Overwhelmingly Positive,4090,207,4297,0.9518,0.9364,2026-09-29T09:02:32.647Z
894020,Death's Door,8,Very Positive,20724,1527,22251,0.9314,0.9286,2026-09-29T09:02:34.151Z
1167450,DAEMON X MACHINA,8,Very Positive,5779,1089,6868,0.8414,0.8389,2026-09-29T09:02:35.645Z
1150530,Wizard with a Gun,8,Very Positive,3224,787,4011,0.8038,0.8037,2026-09-29T09:02:37.132Z
794540,Neo Cab,6,Mostly Positive,2283,618,2901,0.7870,0.7894,2026-09-29T09:02:38.637Z
1416960,Everafter Falls,8,Very Positive,619,120,739,0.8376,0.8238,2026-09-29T09:02:40.135Z
1982340,Blanc,6,Mostly Positive,1221,334,1555,0.7852,0.7896,2026-09-29T09:02:41.626Z
1341820,As Dusk Falls,8,Very Positive,4043,436,4479,0.9027,0.8927,2026-09-29T09:02:43.117Z
1025440,Fantasy General II,8,Very Positive,1598,385,1983,0.8058,0.8053,2026-09-29T09:02:44.613Z
347000,InnerSpace,5,Mixed,220,136,356,0.6180,0.7263,2026-09-29T09:02:46.113Z
2423470,Suicide Guy: The Lost Dreams,6,Mostly Positive,180,46,226,0.7965,0.8012,2026-09-29T09:02:47.604Z
2365810,Pseudoregalia,9,Overwhelmingly Positive,18448,620,19068,0.9675,0.9633,2026-09-29T09:02:49.099Z
1990740,Barro GT,6,Mostly Positive,1819,750,2569,0.7081,0.7236,2026-09-29T09:02:50.588Z
2325720,Cyber mission,7,Positive,30,3,33,0.9091,0.8099,2026-09-29T09:02:52.084Z
814360,Mythic Ocean,8,Very Positive,156,13,169,0.9231,0.8336,2026-09-29T09:02:53.579Z
2955840,Kitchen Wars,6,Mostly Positive,416,162,578,0.7197,0.7585,2026-09-29T09:02:55.072Z
2457890,DRACOMATON,8,Very Positive,1045,114,1159,0.9016,0.8720,2026-09-29T09:02:56.569Z
437630,State of Mind,6,Mostly Positive,1796,506,2302,0.7802,0.7843,2026-09-29T09:02:58.058Z
730220,Trivia Vault: Video Game Trivia Deluxe,5,Mixed,72,56,128,0.5625,0.7543,2026-09-29T09:02:59.551Z
1343240,Thymesia,8,Very Positive,8343,1828,10171,0.8203,0.8195,2026-09-29T09:03:01.044Z
1220100,Tentacular,8,Very Positive,94,8,102,0.9216,0.8234,2026-09-29T09:03:02.541Z
1356280,Kitaria Fables,6,Mostly Positive,1243,492,1735,0.7164,0.7359,2026-09-29T09:03:04.039Z
675260,Batman: The Enemy Within - The Telltale Series,8,Very Positive,9909,831,10740,0.9226,0.9173,2026-09-29T09:03:05.528Z
2939970,An Amazing Wizard: Prologue Playtest,0,3 user reviews,3,0,3,1.0000,0.8045,2026-09-29T09:03:07.023Z
3015240,Phantom Line Playtest,5,Mixed,48,31,79,0.6076,0.7767,2026-09-29T09:03:08.510Z
548430,Deep Rock Galactic,9,Overwhelmingly Positive,369429,10999,380428,0.9711,0.9709,2026-09-29T09:03:09.998Z
763250,The Spectrum Retreat,6,Mostly Positive,234,75,309,0.7573,0.7858,2026-09-29T09:03:11.496Z
2543510,GUNTOUCHABLES,8,Very Positive,3530,647,4177,0.8451,0.8406,2026-09-29T09:03:12.983Z
2963880,Murky Divers,8,Very Positive,4669,672,5341,0.8742,0.8681,2026-09-29T09:03:14.493Z
2905180,Shade Silver,5,Mixed,102,92,194,0.5258,0.7258,2026-09-29T09:03:15.985Z
1726190,No Straight Roads: Encore Edition,8,Very Positive,1862,229,2091,0.8905,0.8737,2026-09-29T09:03:17.474Z
1381520,Cricket: Jae's Really Peculiar Game,7,Positive,29,4,33,0.8788,0.8080,2026-09-29T09:03:18.958Z
717310,Aggelos,6,Mostly Positive,547,161,708,0.7726,0.7853,2026-09-29T09:03:20.447Z
384310,Dead In Bermuda,6,Mostly Positive,718,294,1012,0.7095,0.7405,2026-09-29T09:03:21.946Z
3506800,Walking Survival,4,Mostly Negative,153,232,385,0.3974,0.6268,2026-09-29T09:03:23.434Z
746940,Nippon Marathon,8,Very Positive,324,33,357,0.9076,0.8468,2026-09-29T09:03:24.928Z
1493640,Banishers: Ghosts of New Eden,8,Very Positive,7852,1467,9319,0.8426,0.8406,2026-09-29T09:03:26.426Z
2175090,Knights,7,Positive,19,2,21,0.9048,0.8075,2026-09-29T09:03:27.932Z
1291010,Warpips,8,Very Positive,4549,673,5222,0.8711,0.8652,2026-09-29T09:03:29.424Z
1599330,Wildmender,8,Very Positive,1896,349,2245,0.8445,0.8370,2026-09-29T09:03:30.931Z
1803400,Beneath Oresa,6,Mostly Positive,1315,407,1722,0.7636,0.7726,2026-09-29T09:03:32.439Z
606150,Moonlighter,8,Very Positive,20025,4582,24607,0.8138,0.8136,2026-09-29T09:03:33.926Z
1597580,Clid the Snail,6,Mostly Positive,144,55,199,0.7236,0.7807,2026-09-29T09:03:35.421Z
1586800,Lil Gator Game,9,Overwhelmingly Positive,6061,90,6151,0.9854,0.9717,2026-09-29T09:03:36.935Z
2238040,Tiny Terry's Turbo Trip,8,Very Positive,2141,128,2269,0.9436,0.9183,2026-09-29T09:03:38.439Z
1084600,My Time at Sandrock,8,Very Positive,25655,3448,29103,0.8815,0.8802,2026-09-29T09:03:39.960Z
1687950,Persona 5 Royal,9,Overwhelmingly Positive,135478,5123,140601,0.9636,0.9630,2026-09-29T09:03:41.470Z
1898290,LEGO Bricktales,8,Very Positive,1735,357,2092,0.8293,0.8243,2026-09-29T09:03:43.003Z
1562780,Broilers,5,Mixed,190,163,353,0.5382,0.6937,2026-09-29T09:03:44.501Z
461040,PICO PARK:Classic Edition,8,Very Positive,3266,694,3960,0.8247,0.8224,2026-09-29T09:03:45.994Z
740410,Puzzle Chambers,6,Mostly Positive,403,112,515,0.7825,0.7928,2026-09-29T09:03:47.525Z
1030300,Hollow Knight: Silksong,8,Very Positive,379444,44534,423978,0.8950,0.8949,2026-09-29T09:03:49.039Z
1089130,Quake II RTX,8,Very Positive,4165,624,4789,0.8697,0.8634,2026-09-29T09:03:50.556Z
928840,Cybarian: The Time Travelling Warrior,5,Mixed,292,195,487,0.5996,0.7028,2026-09-29T09:03:52.056Z
1120810,Eastern Exorcist,8,Very Positive,5696,1093,6789,0.8390,0.8366,2026-09-29T09:03:53.592Z
960910,Heavy Rain,8,Very Positive,27139,4544,31683,0.8566,0.8558,2026-09-29T09:03:55.111Z
757910,Away,5,Mixed,665,698,1363,0.4879,0.5726,2026-09-29T09:03:56.620Z
420740,The Deed,8,Very Positive,3393,388,3781,0.8974,0.8864,2026-09-29T09:03:58.128Z
1952590,Future Racer 2000,8,Very Positive,121,11,132,0.9167,0.8270,2026-09-29T09:03:59.618Z
1952540,Voltaire - The Vegan Vampire,5,Mixed,118,60,178,0.6629,0.7665,2026-09-29T09:04:01.190Z
491040,Bot Vice,8,Very Positive,1382,108,1490,0.9275,0.8963,2026-09-29T09:04:02.692Z
584980,Late Shift,8,Very Positive,7947,1328,9275,0.8568,0.8541,2026-09-29T09:04:04.176Z
729720,Zomborg,5,Mixed,675,635,1310,0.5153,0.5949,2026-09-29T09:04:05.687Z
1284130,Sclash,8,Very Positive,498,106,604,0.8245,0.8149,2026-09-29T09:04:07.191Z
58570,The Next BIG Thing,8,Very Positive,603,122,725,0.8317,0.8202,2026-09-29T09:04:08.693Z
21090,F.E.A.R.,8,Very Positive,18349,1242,19591,0.9366,0.9333,2026-09-29T09:04:10.199Z
21110,F.E.A.R.: Extraction Point,8,Very Positive,1641,242,1883,0.8715,0.8572,2026-09-29T09:04:11.692Z
21120,F.E.A.R.: Perseus Mandate,8,Very Positive,1206,190,1396,0.8639,0.8479,2026-09-29T09:04:13.186Z
2149010,Little Nightmares Enhanced Edition,8,Very Positive,4398,334,4732,0.9294,0.9174,2026-09-29T09:04:14.670Z
3499550,Mai: Child of Ages,8,Very Positive,256,27,283,0.9046,0.8400,2026-09-29T09:04:16.164Z
242640,Styx: Master of Shadows,8,Very Positive,9768,1961,11729,0.8328,0.8316,2026-09-29T09:04:17.658Z
1316530,Buster's Tower Defense,7,Positive,31,2,33,0.9394,0.8118,2026-09-29T09:04:19.149Z
787810,Rogue Heroes: Ruins of Tasos,6,Mostly Positive,2907,815,3722,0.7810,0.7837,2026-09-29T09:04:20.650Z
1316760,Suicide Guy VR,5,Mixed,133,75,208,0.6394,0.7552,2026-09-29T09:04:22.145Z
3017860,DOOM: The Dark Ages,8,Very Positive,40944,5330,46274,0.8848,0.8839,2026-09-29T09:04:23.634Z
1392960,STORY OF SEASONS: Pioneers of Olive Town,6,Mostly Positive,1314,333,1647,0.7978,0.7991,2026-09-29T09:04:25.127Z
924970,Back 4 Blood,5,Mixed,50491,22880,73371,0.6882,0.6889,2026-09-29T09:04:26.618Z
341940,Hatred,8,Very Positive,25377,4659,30036,0.8449,0.8442,2026-09-29T09:04:28.104Z
1214470,Hotel Renovator,6,Mostly Positive,2158,651,2809,0.7682,0.7736,2026-09-29T09:04:29.590Z
1885110,Cryptmaster,8,Very Positive,2132,165,2297,0.9282,0.9059,2026-09-29T09:04:31.084Z
2084000,Shogun Showdown,9,Overwhelmingly Positive,6758,344,7102,0.9516,0.9418,2026-09-29T09:04:32.580Z
1582650,Caravan Sandwitch,8,Very Positive,3387,569,3956,0.8562,0.8502,2026-09-29T09:04:34.080Z
482400,System Shock,8,Very Positive,11760,1258,13018,0.9034,0.8997,2026-09-29T09:04:35.566Z
668580,Atomic Heart,8,Very Positive,45626,10658,56284,0.8106,0.8106,2026-09-29T09:04:37.055Z
439250,Space Pilgrim Episode III: Delta Pavonis,8,Very Positive,505,107,612,0.8252,0.8154,2026-09-29T09:04:38.547Z
897630,Death Fungeon,6,Mostly Positive,529,183,712,0.7430,0.7679,2026-09-29T09:04:40.038Z
658570,FURIDASHI: Drift Cyber Sport,8,Very Positive,969,213,1182,0.8198,0.8149,2026-09-29T09:04:41.529Z
3265330,Tsunagari Chess School,5,Mixed,107,50,157,0.6815,0.7743,2026-09-29T09:04:43.027Z
862740,OneShift,6,Mostly Positive,850,279,1129,0.7529,0.7684,2026-09-29T09:04:44.520Z
390290,Bulb Boy,8,Very Positive,1966,315,2281,0.8619,0.8514,2026-09-29T09:04:46.016Z
205930,Hitman: Sniper Challenge,8,Very Positive,767,112,879,0.8726,0.8475,2026-09-29T09:04:47.510Z
203140,Hitman: Absolution,8,Very Positive,59550,4340,63890,0.9321,0.9311,2026-09-29T09:04:48.997Z
323190,Frostpunk,8,Very Positive,127674,9990,137664,0.9274,0.9270,2026-09-29T09:04:50.495Z
4126810,HYPERWIRED Playtest,0,No user reviews,0,0,0,0.0000,0.0000,2026-09-29T09:04:51.988Z
2216420,Friendship Dungeon: Party Puzzler,0,No user reviews,0,0,0,0.0000,0.0000,2026-09-29T09:04:53.476Z
1906740,Spikeball Smash,0,5 user reviews,4,1,5,0.8000,0.8033,2026-09-29T09:04:54.960Z
3898920,Starforged Legacy Playtest,0,1 user reviews,1,0,1,1.0000,0.8038,2026-09-29T09:04:56.460Z
1840140,Venture's Gauntlet VR,5,Mixed,28,13,41,0.6829,0.7942,2026-09-29T09:04:57.952Z
3744510,Golftacular!,7,Positive,27,2,29,0.9310,0.8104,2026-09-29T09:04:59.456Z
2995560,Wildkeepers Rising,8,Very Positive,100,25,125,0.8000,0.8027,2026-09-29T09:05:00.950Z
2747770,Wednesdays,9,Overwhelmingly Positive,2008,73,2081,0.9649,0.9336,2026-09-29T09:05:02.453Z
3467710,Wall World 2,6,Mostly Positive,1450,547,1997,0.7261,0.7416,2026-09-29T09:05:03.946Z
552500,Warhammer: Vermintide 2,8,Very Positive,125637,22107,147744,0.8504,0.8502,2026-09-29T09:05:05.439Z
3938040,Digging Together,5,Mixed,28,18,46,0.6087,0.7870,2026-09-29T09:05:06.935Z
499890,Aaero,8,Very Positive,869,187,1056,0.8229,0.8166,2026-09-29T09:05:08.435Z
2918130,Deepest Trench,6,Mostly Positive,33,12,45,0.7333,0.7976,2026-09-29T09:05:09.936Z
1424600,Verne: The Shape of Fantasy,8,Very Positive,270,58,328,0.8232,0.8112,2026-09-29T09:05:11.426Z
1972820,Suicide Guy Deluxe Plus,8,Very Positive,447,107,554,0.8069,0.8052,2026-09-29T09:05:12.921Z
1142710,Total War: WARHAMMER III,6,Mostly Positive,107500,41921,149421,0.7194,0.7197,2026-09-29T09:05:14.411Z
513320,ALICE VR,4,Mostly Negative,135,225,360,0.3750,0.6241,2026-09-29T09:05:15.913Z
1462030,Duil,7,Positive,20,2,22,0.9091,0.8078,2026-09-29T09:05:17.401Z
1173740,Woodle Tree 2: Deluxe+,8,Very Positive,122,19,141,0.8652,0.8170,2026-09-29T09:05:18.890Z
256070,Truck Racer,6,Mostly Positive,315,103,418,0.7536,0.7807,2026-09-29T09:05:20.387Z
350640,Sherlock Holmes: The Devil's Daughter,6,Mostly Positive,11582,2939,14521,0.7976,0.7978,2026-09-29T09:05:21.873Z
669950,BDSM: Big Drunk Satanic Massacre,8,Very Positive,1061,152,1213,0.8747,0.8539,2026-09-29T09:05:23.355Z
3755720,MIX IT! RELOADED,7,Positive,24,4,28,0.8571,0.8062,2026-09-29T09:05:24.844Z
3771610,Flee the fallen,7,Positive,24,5,29,0.8276,0.8047,2026-09-29T09:05:26.335Z
3047370,Net.Attack(),8,Very Positive,447,111,558,0.8011,0.8022,2026-09-29T09:05:27.832Z
461950,Beat Cop,8,Very Positive,5078,1129,6207,0.8181,0.8170,2026-09-29T09:05:29.322Z
561770,Just Ignore Them,6,Mostly Positive,1195,441,1636,0.7304,0.7475,2026-09-29T09:05:30.819Z
3717700,Off World Racing,0,5 user reviews,4,1,5,0.8000,0.8033,2026-09-29T09:05:32.306Z
3656840,RollBot,7,Positive,13,0,13,1.0000,0.8084,2026-09-29T09:05:33.791Z
3448760,TRACE Definitive Edition,8,Very Positive,121,4,125,0.9680,0.8363,2026-09-29T09:05:35.278Z
1227650,Bang-On Balls: Chronicles,9,Overwhelmingly Positive,4961,229,5190,0.9559,0.9425,2026-09-29T09:05:36.786Z
428660,Deliver Us The Moon,8,Very Positive,8452,1130,9582,0.8821,0.8782,2026-09-29T09:05:38.281Z
2106670,Gatekeeper,8,Very Positive,2803,575,3378,0.8298,0.8264,2026-09-29T09:05:39.764Z
1623940,Bramble: The Mountain King,8,Very Positive,7530,429,7959,0.9461,0.9377,2026-09-29T09:05:41.262Z
1200580,One Gun Guy,5,Mixed,754,337,1091,0.6911,0.7264,2026-09-29T09:05:42.757Z
1134700,Wild Terra 2: New Lands,5,Mixed,2197,2023,4220,0.5206,0.5506,2026-09-29T09:05:44.268Z
2402630,Egypt Frontiers,8,Very Positive,72,17,89,0.8090,0.8042,2026-09-29T09:05:45.763Z
960090,Bloons TD 6,9,Overwhelmingly Positive,384533,11154,395687,0.9718,0.9716,2026-09-29T09:05:47.252Z
1510580,Toy Tinker Simulator,5,Mixed,520,652,1172,0.4437,0.5512,2026-09-29T09:05:48.741Z
3033560,Bajka,7,Positive,12,0,12,1.0000,0.8080,2026-09-29T09:05:50.234Z
3527290,PEAK,8,Very Positive,354718,20868,375586,0.9444,0.9443,2026-09-29T09:05:51.724Z
985890,Streets of Rage 4,8,Very Positive,18272,1494,19766,0.9244,0.9214,2026-09-29T09:05:53.220Z
2375550,Like a Dragon Gaiden: The Man Who Erased His Name,9,Overwhelmingly Positive,12147,609,12756,0.9523,0.9466,2026-09-29T09:05:54.704Z
1809540,Nine Sols,8,Very Positive,43309,2546,45855,0.9445,0.9430,2026-09-29T09:05:56.195Z
4168040,17 MPH,0,2 user reviews,1,1,2,0.5000,0.8022,2026-09-29T09:05:57.684Z
2547140,Undercroft warriors,6,Mostly Positive,454,130,584,0.7774,0.7894,2026-09-29T09:05:59.175Z
460960,The Deed: Dynasty,8,Very Positive,837,193,1030,0.8126,0.8096,2026-09-29T09:06:00.663Z
1079260,Fireworks Mania,9,Overwhelmingly Positive,7710,246,7956,0.9691,0.9593,2026-09-29T09:06:02.156Z
3247750,Mycopunk,8,Very Positive,4183,545,4728,0.8847,0.8769,2026-09-29T09:06:03.652Z
546560,Half-Life: Alyx,9,Overwhelmingly Positive,103727,1838,105565,0.9826,0.9817,2026-09-29T09:06:05.140Z
1724770,Castle Of Alchemists,8,Very Positive,630,144,774,0.8140,0.8098,2026-09-29T09:06:06.622Z
914750,Bee Simulator,6,Mostly Positive,1101,372,1473,0.7475,0.7616,2026-09-29T09:06:08.115Z
485310,Head Shot,5,Mixed,889,853,1742,0.5103,0.5757,2026-09-29T09:06:09.614Z
4138160,Kawaii Survivors,0,7 user reviews,5,2,7,0.7143,0.8021,2026-09-29T09:06:11.103Z
4000,Garry's Mod,9,Overwhelmingly Positive,1227932,39568,1267500,0.9688,0.9687,2026-09-29T09:06:12.595Z
418180,Tempest,5,Mixed,1810,814,2624,0.6898,0.7080,2026-09-29T09:06:14.080Z
1658150,Moonstone Island,8,Very Positive,4248,838,5086,0.8352,0.8324,2026-09-29T09:06:15.574Z
2933080,Crime Boss: Rockay City,5,Mixed,7262,3374,10636,0.6828,0.6882,2026-09-29T09:06:17.068Z
1084640,Chicken Police,8,Very Positive,2407,143,2550,0.9439,0.9209,2026-09-29T09:06:18.552Z
1605250,Moros Protocol,8,Very Positive,779,188,967,0.8056,0.8048,2026-09-29T09:06:20.038Z
1452070,Lone Ruin,5,Mixed,128,70,198,0.6465,0.7589,2026-09-29T09:06:21.526Z
282070,This War of Mine,8,Very Positive,91788,6037,97825,0.9383,0.9376,2026-09-29T09:06:23.023Z
2954500,The Artifact of Ancients,0,2 user reviews,0,2,2,0.0000,0.8002,2026-09-29T09:06:24.516Z
544330,Snake Pass,6,Mostly Positive,2671,675,3346,0.7983,0.7989,2026-09-29T09:06:26.005Z
1454970,New Tales from the Borderlands,4,Mostly Negative,672,1486,2158,0.3114,0.4039,2026-09-29T09:06:27.495Z
2133590,fig.,5,Mixed,5,6,11,0.4545,0.7959,2026-09-29T09:06:28.980Z
3256020,Electrician Simulator VR,6,Mostly Positive,32,12,44,0.7273,0.7972,2026-09-29T09:06:30.468Z
1456200,Initial Drift Online,5,Mixed,3616,2212,5828,0.6205,0.6349,2026-09-29T09:06:31.955Z
250260,Jazzpunk: Director's Cut,8,Very Positive,7789,520,8309,0.9374,0.9298,2026-09-29T09:06:33.443Z
353640,Train Valley,8,Very Positive,3108,360,3468,0.8962,0.8845,2026-09-29T09:06:35.003Z
232970,Thunder Wolves,8,Very Positive,693,128,821,0.8441,0.8287,2026-09-29T09:06:36.527Z
214910,Air Conflicts: Pacific Carriers,5,Mixed,306,258,564,0.5426,0.6651,2026-09-29T09:06:38.038Z
212010,Galaxy on Fire 2™ Full HD,6,Mostly Positive,1731,528,2259,0.7663,0.7730,2026-09-29T09:06:39.522Z
2099680,Rent A Car Simulator 24,5,Mixed,100,79,179,0.5587,0.7389,2026-09-29T09:06:41.042Z
1911610,Windblown,8,Very Positive,9230,1171,10401,0.8874,0.8836,2026-09-29T09:06:42.537Z
2142680,Kiki,4,Mostly Negative,645,1087,1732,0.3724,0.4689,2026-09-29T09:06:44.047Z
1367710,Dixotomia,5,Mixed,9,8,17,0.5294,0.7944,2026-09-29T09:06:45.536Z
2525380,Tomb Raider IV-VI Remastered,8,Very Positive,1581,235,1816,0.8706,0.8561,2026-09-29T09:06:47.041Z
2000090,The Isle Tide Hotel,5,Mixed,181,98,279,0.6487,0.7480,2026-09-29T09:06:48.534Z
1837580,Mia and the Dragon Princess,5,Mixed,192,102,294,0.6531,0.7477,2026-09-29T09:06:50.024Z
645820,Odysseus Kosmos and his Robot Quest: Adventure Game,6,Mostly Positive,139,39,178,0.7809,0.7975,2026-09-29T09:06:51.555Z
1452250,Underground Garage,5,Mixed,465,275,740,0.6284,0.6989,2026-09-29T09:06:53.050Z
504390,Along the Edge,8,Very Positive,893,195,1088,0.8208,0.8153,2026-09-29T09:06:54.622Z
3866300,Running Fable Petite Party,8,Very Positive,57,1,58,0.9828,0.8220,2026-09-29T09:06:56.120Z
1477920,Night Book,5,Mixed,409,197,606,0.6749,0.7330,2026-09-29T09:06:57.611Z
2168150,Teslagrad Remastered,6,Mostly Positive,216,64,280,0.7714,0.7919,2026-09-29T09:06:59.188Z
3629200,Synthesis of Corruption,8,Very Positive,56,9,65,0.8615,0.8101,2026-09-29T09:07:00.680Z
1164940,Trepang2,8,Very Positive,18269,1435,19704,0.9272,0.9241,2026-09-29T09:07:02.227Z
458580,Windlands 2,6,Mostly Positive,343,88,431,0.7958,0.7999,2026-09-29T09:07:03.731Z
1796470,Haste,8,Very Positive,13149,1116,14265,0.9218,0.9178,2026-09-29T09:07:05.243Z
1434050,SELINI,8,Very Positive,71,5,76,0.9342,0.8206,2026-09-29T09:07:06.789Z
3453450,Manairons,8,Very Positive,104,7,111,0.9369,0.8276,2026-09-29T09:07:08.281Z
1691750,Sky Oceans: Wings for Hire,5,Mixed,48,22,70,0.6857,0.7889,2026-09-29T09:07:09.827Z
3337130,Ragdoll Physics Experiments,0,No user reviews,0,0,0,0.0000,0.0000,2026-09-29T09:07:11.311Z
2674650,FUR Squadron Phoenix,6,Mostly Positive,46,12,58,0.7931,0.8023,2026-09-29T09:07:12.802Z
2590920,Pixi Poxi Autorunner Lab,7,Positive,10,1,11,0.9091,0.8056,2026-09-29T09:07:14.420Z
1286560,BROTHER!!! - Hardcore Platformer,5,Mixed,550,273,823,0.6683,0.7193,2026-09-29T09:07:15.934Z
3017580,Paragnosia,8,Very Positive,2084,228,2312,0.9014,0.8840,2026-09-29T09:07:17.435Z
1490840,Bloodshore,5,Mixed,667,302,969,0.6883,0.7275,2026-09-29T09:07:18.935Z
2437570,Golden Chambers,6,Mostly Positive,215,61,276,0.7790,0.7947,2026-09-29T09:07:20.449Z
4054940,Return to Dark Castle,8,Very Positive,91,6,97,0.9381,0.8253,2026-09-29T09:07:21.933Z
493900,Dungeons 3,8,Very Positive,17633,1098,18731,0.9414,0.9378,2026-09-29T09:07:23.491Z
2193540,Wizard of Legend 2,5,Mixed,1338,1237,2575,0.5196,0.5658,2026-09-29T09:07:25.011Z
493340,Planet Coaster,8,Very Positive,65959,6267,72226,0.9132,0.9125,2026-09-29T09:07:26.502Z
1953520,WRC Generations - The FIA WRC Official Game,5,Mixed,3558,1676,5234,0.6798,0.6906,2026-09-29T09:07:28.090Z
960990,Beyond: Two Souls,8,Very Positive,38265,5413,43678,0.8761,0.8752,2026-09-29T09:07:29.583Z
3353390,Starforged Legacy,8,Very Positive,168,22,190,0.8842,0.8256,2026-09-29T09:07:31.100Z
2137880,Ink Inside,8,Very Positive,69,2,71,0.9718,0.8243,2026-09-29T09:07:32.612Z
334940,Yoku's Island Express,9,Overwhelmingly Positive,5108,228,5336,0.9573,0.9441,2026-09-29T09:07:34.126Z
3144950,Pet Lands,4,Mostly Negative,291,448,739,0.3938,0.5591,2026-09-29T09:07:35.676Z
3520580,Sheep for the Stars,7,Positive,20,0,20,1.0000,0.8109,2026-09-29T09:07:37.192Z
3435260,Dice With Death,8,Very Positive,770,69,839,0.9178,0.8750,2026-09-29T09:07:38.687Z
2870580,Cubed and Dangerous,7,Positive,42,1,43,0.9767,0.8171,2026-09-29T09:07:40.190Z
2721530,Afterplace,8,Very Positive,242,8,250,0.9680,0.8582,2026-09-29T09:07:41.679Z
1562140,Sophie: Starlight Whispers,8,Very Positive,48,3,51,0.9412,0.8161,2026-09-29T09:07:43.192Z
3763820,Shooty Shooty Robot Invasion,8,Very Positive,445,56,501,0.8882,0.8458,2026-09-29T09:07:44.713Z
690810,Killing Floor: Incursion,5,Mixed,533,535,1068,0.4991,0.5961,2026-09-29T09:07:46.257Z
2865670,JETRUNNER,8,Very Positive,136,6,142,0.9577,0.8375,2026-09-29T09:07:47.756Z
640700,Narvas,5,Mixed,173,225,398,0.4347,0.6400,2026-09-29T09:07:49.291Z
3994330,Gorilla Attack,0,2 user reviews,2,0,2,1.0000,0.8042,2026-09-29T09:07:50.785Z
2930270,Tackle for Loss,8,Very Positive,93,0,93,1.0000,0.8342,2026-09-29T09:07:52.281Z
3054690,NORSE: Oath of Blood,5,Mixed,1701,1252,2953,0.5760,0.6089,2026-09-29T09:07:53.776Z
629820,Maneater,8,Very Positive,23540,3428,26968,0.8729,0.8716,2026-09-29T09:07:55.335Z
1192900,Iron Rebellion,8,Very Positive,728,132,860,0.8465,0.8306,2026-09-29T09:07:56.829Z
3139060,Chico's Rebound,7,Positive,20,1,21,0.9524,0.8094,2026-09-29T09:07:58.314Z
2406680,Kromlech,5,Mixed,109,51,160,0.6813,0.7738,2026-09-29T09:07:59.803Z
3391510,Island Market Simulator,6,Mostly Positive,181,50,231,0.7835,0.7971,2026-09-29T09:08:01.298Z
1903560,Atomic Picnic,6,Mostly Positive,420,144,564,0.7447,0.7723,2026-09-29T09:08:02.794Z
98100,TRAUMA,5,Mixed,476,215,691,0.6889,0.7369,2026-09-29T09:08:04.284Z
303210,The Beginner's Guide,8,Very Positive,20826,2756,23582,0.8831,0.8815,2026-09-29T09:08:05.785Z
67370,The Darkness II,8,Very Positive,19383,1784,21167,0.9157,0.9131,2026-09-29T09:08:07.314Z
2886320,Infinicrypt,7,Positive,27,2,29,0.9310,0.8104,2026-09-29T09:08:08.802Z
4508990,Brick Survivors: Roguelite,0,4 user reviews,3,1,4,0.7500,0.8029,2026-09-29T09:08:10.293Z
3082840,Try to survive Today,5,Mixed,56,26,82,0.6829,0.7864,2026-09-29T09:08:11.816Z
4408150,Financial Freedom Playtest,0,4 user reviews,4,0,4,1.0000,0.8049,2026-09-29T09:08:13.300Z
2425130,Hacked: The Streamer,6,Mostly Positive,257,84,341,0.7537,0.7832,2026-09-29T09:08:14.798Z
2906070,Blood Reaver,8,Very Positive,165,31,196,0.8418,0.8142,2026-09-29T09:08:16.343Z
3448430,Origament: A Paper Adventure,8,Very Positive,123,13,136,0.9044,0.8250,2026-09-29T09:08:17.849Z
2377450,Mayor May Knott,8,Very Positive,234,1,235,0.9957,0.8649,2026-09-29T09:08:19.368Z
2349350,Knockout 2: Wrath of the Karen,7,Positive,19,3,22,0.8636,0.8059,2026-09-29T09:08:20.914Z
3986690,Ariana and the Elder Codex,6,Mostly Positive,109,29,138,0.7899,0.8004,2026-09-29T09:08:22.423Z
3835650,Cleaning Up!,8,Very Positive,135,13,148,0.9122,0.8282,2026-09-29T09:08:23.981Z
4309840,Love-Love Street Racer,0,5 user reviews,4,1,5,0.8000,0.8033,2026-09-29T09:08:25.490Z
2955630,Catjinni,7,Positive,27,0,27,1.0000,0.8134,2026-09-29T09:08:27.016Z
2354930,Counterclocking,7,Positive,24,6,30,0.8000,0.8032,2026-09-29T09:08:28.509Z
1231990,Gestalt: Steam & Cinder,8,Very Positive,1853,451,2304,0.8043,0.8041,2026-09-29T09:08:30.064Z
4144220,Trees Adventure,0,2 user reviews,2,0,2,1.0000,0.8042,2026-09-29T09:08:31.565Z
1933840,Moon Mystery,5,Mixed,467,254,721,0.6477,0.7115,2026-09-29T09:08:33.067Z
2416450,MOUSE: P.I. For Hire,8,Very Positive,14874,980,15854,0.9382,0.9341,2026-09-29T09:08:34.598Z
3534240,Uncanny Tales: Cold Road,6,Mostly Positive,1092,358,1450,0.7531,0.7660,2026-09-29T09:08:36.105Z
978520,Legend of Keepers,6,Mostly Positive,4319,1183,5502,0.7850,0.7865,2026-09-29T09:08:37.651Z
4281660,Gnomads Playtest,0,No user reviews,0,0,0,0.0000,0.0000,2026-09-29T09:08:39.174Z
3764200,Resident Evil Requiem,9,Overwhelmingly Positive,178010,7550,185560,0.9593,0.9589,2026-09-29T09:08:40.712Z
4424100,Together We Move,7,Positive,18,0,18,1.0000,0.8102,2026-09-29T09:08:42.187Z
4262310,All Hail the Orb,8,Very Positive,1484,87,1571,0.9446,0.9105,2026-09-29T09:08:43.674Z
858260,Until You Fall,8,Very Positive,3122,192,3314,0.9421,0.9239,2026-09-29T09:08:45.168Z
221810,The Cave,8,Very Positive,2556,376,2932,0.8718,0.8618,2026-09-29T09:08:46.697Z
1608230,Planet of Lana,8,Very Positive,9976,749,10725,0.9302,0.9245,2026-09-29T09:08:48.195Z
2561580,Horizon Zero Dawn™ Remastered,8,Very Positive,6725,1205,7930,0.8480,0.8454,2026-09-29T09:08:49.685Z
3699800,Akiiwan: Relaxing Survival Playtest,0,3 user reviews,3,0,3,1.0000,0.8045,2026-09-29T09:08:51.184Z
1898300,ASKA,8,Very Positive,9817,2448,12265,0.8004,0.8005,2026-09-29T09:08:52.677Z
1290760,Gecko Gods,9,Overwhelmingly Positive,730,29,759,0.9618,0.8989,2026-09-29T09:08:54.185Z
3728540,the high tower,6,Mostly Positive,9,3,12,0.7500,0.8021,2026-09-29T09:08:55.673Z
427005,hyperdevotion noire ultimate party member “tiara”,7,Positive,11,1,12,0.9167,0.8060,2026-09-29T09:08:57.222Z
3874620,Party Me,0,No user reviews,0,0,0,0.0000,0.0000,2026-09-29T09:08:58.709Z
3864060,gates of eden,0,6 user reviews,5,1,6,0.8333,0.8037,2026-09-29T09:09:00.196Z
2240920,Vaudeville,5,Mixed,170,167,337,0.5045,0.6830,2026-09-29T09:09:01.688Z
3253920,tentacle tango,7,Positive,38,0,38,1.0000,0.8173,2026-09-29T09:09:03.188Z
2808530,killbeat,7,Positive,31,0,31,1.0000,0.8148,2026-09-29T09:09:04.699Z
480490,Prey,8,Very Positive,49734,5022,54756,0.9083,0.9073,2026-09-29T09:09:06.235Z
1356360,exploaris vermis story,7,Positive,28,6,34,0.8235,0.8047,2026-09-29T09:09:07.736Z
2199080,starbites,5,Mixed,34,16,50,0.6800,0.7922,2026-09-29T09:09:09.229Z
669040,whispered secrets into the beyond collectors edition,0,7 user reviews,7,0,7,1.0000,0.8061,2026-09-29T09:09:10.742Z
3003120,zombiehood,8,Very Positive,128,19,147,0.8707,0.8187,2026-09-29T09:09:12.259Z
4105730,Floor13,6,Mostly Positive,12,5,17,0.7059,0.8002,2026-09-29T09:09:13.744Z
1401730,crashlands 2,8,Very Positive,2170,296,2466,0.8800,0.8671,2026-09-29T09:09:15.235Z
3877870,The Third,5,Mixed,14,17,31,0.4516,0.7828,2026-09-29T09:09:16.739Z
3771950,wandfall,0,6 user reviews,2,4,6,0.3333,0.7978,2026-09-29T09:09:18.229Z
3951350,Ashes,7,Positive,9,1,10,0.9000,0.8053,2026-09-29T09:09:19.740Z
2875530,wrong elevator,0,No user reviews,0,0,0,0.0000,0.0000,2026-09-29T09:09:21.229Z
2384130,shell of a king,8,Very Positive,65,0,65,1.0000,0.8260,2026-09-29T09:09:22.728Z
2841390,ava hunt and thieves of the lost,0,No user reviews,0,0,0,0.0000,0.0000,2026-09-29T09:09:24.234Z
3515480,etrange overlord,7,Positive,29,4,33,0.8788,0.8080,2026-09-29T09:09:25.725Z
651670,Star Renegades,8,Very Positive,2548,535,3083,0.8265,0.8232,2026-09-29T09:09:27.224Z
508440,Totally Accurate Battle Simulator,9,Overwhelmingly Positive,150949,3360,154309,0.9782,0.9777,2026-09-29T09:09:28.710Z
1763250,SWORN,8,Very Positive,4148,1033,5181,0.8006,0.8009,2026-09-29T09:09:30.207Z
2255370,Directive 8020,5,Mixed,1429,858,2287,0.6248,0.6569,2026-09-29T09:09:31.695Z
2241380,Ancient Kingdoms,8,Very Positive,441,67,508,0.8681,0.8360,2026-09-29T09:09:33.189Z
4141430,delivered by friday,7,Positive,17,0,17,1.0000,0.8098,2026-09-29T09:09:34.676Z
1785150,Friends vs Friends,8,Very Positive,12314,2577,14891,0.8269,0.8262,2026-09-29T09:09:36.164Z
3343840,Dino running from a FURRY: GAMESFORFARM,6,Mostly Positive,963,403,1366,0.7050,0.7313,2026-09-29T09:09:37.663Z
1070580,Drift86,8,Very Positive,6494,945,7439,0.8730,0.8686,2026-09-29T09:09:39.161Z
329460,JumpJet Rex,8,Very Positive,464,69,533,0.8705,0.8380,2026-09-29T09:09:40.653Z
3771740,IQ Under Construction,4,Mostly Negative,490,782,1272,0.3852,0.5032,2026-09-29T09:09:42.139Z
1035110,Moonrise Fall,8,Very Positive,601,125,726,0.8278,0.8178,2026-09-29T09:09:43.629Z
1271400,Adios,8,Very Positive,1230,127,1357,0.9064,0.8787,2026-09-29T09:09:45.122Z
242680,Nuclear Throne,9,Overwhelmingly Positive,19026,791,19817,0.9601,0.9562,2026-09-29T09:09:46.632Z
617480,Tower of Time,8,Very Positive,2194,471,2665,0.8233,0.8201,2026-09-29T09:09:48.115Z
435300,We Know the Devil,8,Very Positive,1121,69,1190,0.9420,0.9010,2026-09-29T09:09:49.597Z
451600,CounterAttack: Uprising,8,Very Positive,332,34,366,0.9071,0.8472,2026-09-29T09:09:51.089Z
2397250,Big Helmet Heroes,6,Mostly Positive,867,280,1147,0.7559,0.7703,2026-09-29T09:09:52.580Z
633360,Remothered: Tormented Fathers,6,Mostly Positive,2131,827,2958,0.7204,0.7324,2026-09-29T09:09:54.072Z
2191500,Vampires: Bloodlord Rising,6,Mostly Positive,1331,537,1868,0.7125,0.7317,2026-09-29T09:09:55.567Z
2238260,Gigantosaurus: Dino Sports,4,Mostly Negative,9,15,24,0.3750,0.7837,2026-09-29T09:09:57.058Z
1433340,Happy's Humble Burger Farm,8,Very Positive,2641,376,3017,0.8754,0.8651,2026-09-29T09:09:58.539Z
6100,Eets,6,Mostly Positive,586,156,742,0.7898,0.7952,2026-09-29T09:10:00.033Z
958520,33 Immortals,6,Mostly Positive,1714,661,2375,0.7217,0.7359,2026-09-29T09:10:01.519Z
314790,Silence,8,Very Positive,2319,452,2771,0.8369,0.8318,2026-09-29T09:10:03.019Z
589290,Holdfast: Nations At War,8,Very Positive,26598,3007,29605,0.8984,0.8969,2026-09-29T09:10:04.538Z
2615540,VOID/BREAKER,8,Very Positive,2519,233,2752,0.9153,0.8981,2026-09-29T09:10:06.024Z
1631270,StarRupture,8,Very Positive,10978,2626,13604,0.8070,0.8068,2026-09-29T09:10:07.591Z
1658280,Eiyuden Chronicle: Hundred Heroes,6,Mostly Positive,3513,1151,4664,0.7532,0.7581,2026-09-29T09:10:09.094Z
4337210,Berserker Onslaught,5,Mixed,253,140,393,0.6438,0.7331,2026-09-29T09:10:10.610Z
1570010,FAR: Changing Tides,8,Very Positive,5282,427,5709,0.9252,0.9154,2026-09-29T09:10:12.101Z
1716740,Starfield,5,Mixed,99865,75645,175510,0.5690,0.5697,2026-09-29T09:10:13.602Z
1361510,Teenage Mutant Ninja Turtles: Shredder's Revenge,8,Very Positive,14122,852,14974,0.9431,0.9386,2026-09-29T09:10:15.089Z
2051120,HOT WHEELS UNLEASHED™ 2 - Turbocharged,6,Mostly Positive,822,253,1075,0.7647,0.7769,2026-09-29T09:10:16.579Z
1056970,Wolfenstein: Cyberpilot,5,Mixed,226,217,443,0.5102,0.6656,2026-09-29T09:10:18.139Z
1649240,Returnal™,8,Very Positive,9000,2129,11129,0.8087,0.8085,2026-09-29T09:10:19.624Z
1986840,POPGOES Arcade,8,Very Positive,1774,136,1910,0.9288,0.9028,2026-09-29T09:10:21.205Z
1347030,THE CORRIDOR,8,Very Positive,3424,228,3652,0.9376,0.9214,2026-09-29T09:10:22.728Z
1544360,LEGO® Builder's Journey,8,Very Positive,3565,754,4319,0.8254,0.8231,2026-09-29T09:10:24.243Z
1089980,The Henry Stickmin Collection,9,Overwhelmingly Positive,59017,784,59801,0.9869,0.9854,2026-09-29T09:10:25.731Z
394510,HELLDIVERS™,8,Very Positive,30229,3214,33443,0.9039,0.9024,2026-09-29T09:10:27.227Z
1807810,The Axis Unseen,6,Mostly Positive,267,96,363,0.7355,0.7748,2026-09-29T09:10:28.713Z
1082180,TT Isle of Man: Ride on the Edge 2,8,Very Positive,1459,315,1774,0.8224,0.8182,2026-09-29T09:10:30.200Z
1432850,Farewell North,8,Very Positive,631,36,667,0.9460,0.8849,2026-09-29T09:10:31.686Z
774241,Warhammer: Chaosbane,5,Mixed,3798,2705,6503,0.5840,0.5997,2026-09-29T09:10:33.175Z
865680,The Eternal Cylinder,8,Very Positive,1186,135,1321,0.8978,0.8719,2026-09-29T09:10:34.664Z
46490,Still Life 2,5,Mixed,254,323,577,0.4402,0.6088,2026-09-29T09:10:36.150Z
1462040,FINAL FANTASY VII REMAKE INTERGRADE,8,Very Positive,46287,7186,53473,0.8656,0.8650,2026-09-29T09:10:37.645Z
1071130,The Procession to Calvary,9,Overwhelmingly Positive,1511,51,1562,0.9673,0.9276,2026-09-29T09:10:39.156Z
363860,MythForce,5,Mixed,532,248,780,0.6821,0.7294,2026-09-29T09:10:40.650Z
1741160,Catch Me!,5,Mixed,258,235,493,0.5233,0.6643,2026-09-29T09:10:42.141Z
2321350,StormEdge,6,Mostly Positive,164,68,232,0.7069,0.7728,2026-09-29T09:10:43.628Z
1664220,TRAIL OUT,6,Mostly Positive,3156,802,3958,0.7974,0.7980,2026-09-29T09:10:45.115Z
243160,Mushroom 11,8,Very Positive,579,107,686,0.8440,0.8269,2026-09-29T09:10:46.606Z
407810,Hard Reset Redux,8,Very Positive,1929,463,2392,0.8064,0.8059,2026-09-29T09:10:48.096Z
310560,DiRT Rally,8,Very Positive,35350,4830,40180,0.8798,0.8789,2026-09-29T09:10:49.593Z
2154240,Odinfall,8,Very Positive,188,36,224,0.8393,0.8145,2026-09-29T09:10:51.079Z
1981610,Wanted: Dead,5,Mixed,1401,754,2155,0.6501,0.6790,2026-09-29T09:10:52.565Z
696480,The Norwood Suite,8,Very Positive,1129,164,1293,0.8732,0.8537,2026-09-29T09:10:54.057Z
2909400,FINAL FANTASY VII REBIRTH,6,Mostly Positive,26911,9133,36044,0.7466,0.7474,2026-09-29T09:10:55.552Z
1622350,Copycat,8,Very Positive,5344,642,5986,0.8927,0.8859,2026-09-29T09:10:57.054Z
1722800,Colossus - Eternal Blight,8,Very Positive,98,4,102,0.9608,0.8300,2026-09-29T09:10:58.554Z
1843310,FUNKO FUSION,5,Mixed,562,345,907,0.6196,0.6849,2026-09-29T09:11:00.044Z
1067360,Pax Autocratica,8,Very Positive,3205,283,3488,0.9189,0.9044,2026-09-29T09:11:01.538Z
758870,Kynseed,8,Very Positive,3244,660,3904,0.8309,0.8278,2026-09-29T09:11:03.030Z
1748230,RESTLESS SOUL,8,Very Positive,295,28,323,0.9133,0.8465,2026-09-29T09:11:04.519Z
4836540,Company of Heroes 3: Final Stand,5,Mixed,533,560,1093,0.4876,0.5867,2026-09-29T09:11:06.025Z
4302830,DreamForge Playtest,0,No user reviews,0,0,0,0.0000,0.0000,2026-09-29T09:11:07.510Z
287390,Metro: Last Light Redux,8,Very Positive,74964,7131,82095,0.9131,0.9125,2026-09-29T09:11:09.003Z
2000970,Beacon of Neyda,8,Very Positive,51,5,56,0.9107,0.8142,2026-09-29T09:11:10.499Z
1203620,Enshrouded,8,Very Positive,90980,15063,106043,0.8580,0.8577,2026-09-29T09:11:11.990Z
1851280,Samurai Bringer,8,Very Positive,946,139,1085,0.8719,0.8503,2026-09-29T09:11:13.484Z
2640950,Scott Pilgrim EX,8,Very Positive,460,77,537,0.8566,0.8309,2026-09-29T09:11:14.987Z
283640,Salt and Sanctuary,8,Very Positive,19597,2334,21931,0.8936,0.8916,2026-09-29T09:11:16.485Z
1437400,Salt and Sacrifice,5,Mixed,1220,741,1961,0.6221,0.6590,2026-09-29T09:11:17.993Z
449610,Monster Boy And The Cursed Kingdom,8,Very Positive,2353,311,2664,0.8833,0.8706,2026-09-29T09:11:19.493Z
1352930,HAAK,8,Very Positive,3162,368,3530,0.8958,0.8843,2026-09-29T09:11:20.998Z
1522870,Supraland Six Inches Under,9,Overwhelmingly Positive,4138,166,4304,0.9614,0.9450,2026-09-29T09:11:22.496Z
1918450,HunterX,8,Very Positive,534,131,665,0.8030,0.8032,2026-09-29T09:11:23.996Z
1898500,Worldless,8,Very Positive,1637,94,1731,0.9457,0.9138,2026-09-29T09:11:25.513Z
2996040,Teenage Mutant Ninja Turtles: Splintered Fate,8,Very Positive,3860,759,4619,0.8357,0.8325,2026-09-29T09:11:27.016Z
3806420,I Eat Paintings When Guards Aren't Looking,8,Very Positive,61,1,62,0.9839,0.8233,2026-09-29T09:11:28.557Z
1428100,Instruments of Destruction,8,Very Positive,1435,139,1574,0.9117,0.8856,2026-09-29T09:11:30.071Z
217270,Karateka,6,Mostly Positive,283,113,396,0.7146,0.7642,2026-09-29T09:11:31.638Z
2790700,SWAPMEAT,8,Very Positive,336,48,384,0.8750,0.8345,2026-09-29T09:11:33.128Z
2572040,Woodo,9,Overwhelmingly Positive,1051,14,1065,0.9869,0.9282,2026-09-29T09:11:34.625Z
595140,Immortal Redneck,8,Very Positive,2984,356,3340,0.8934,0.8817,2026-09-29T09:11:36.114Z
4838660,Crazy Pocket,7,Positive,24,2,26,0.9231,0.8093,2026-09-29T09:11:37.616Z
4843710,Dealer's Dice,8,Very Positive,53,12,65,0.8154,0.8048,2026-09-29T09:11:39.100Z
4838680,Who Am I Next? : Animals,0,4 user reviews,4,0,4,1.0000,0.8049,2026-09-29T09:11:40.622Z
1082430,Before Your Eyes,9,Overwhelmingly Positive,23507,493,24000,0.9795,0.9759,2026-09-29T09:11:42.184Z
2206270,Vampire Hunters,8,Very Positive,1973,224,2197,0.8980,0.8805,2026-09-29T09:11:43.688Z
2254990,Permafrost,0,No user reviews,0,0,0,0.0000,0.0000,2026-09-29T09:11:45.201Z
3742030,Snogbert,0,No user reviews,0,0,0,0.0000,0.0000,2026-09-29T09:11:46.695Z